cliente_id,nombre,email,telefono,edad,genero,ciudad,categoria_producto,monto_compra,salario_mensual,score_satisfaccion,metodo_pago,fecha_registro,fecha_ultima_compra,estado_cliente,num_compras,region
1,Sergio Gómez,usuario1@empresa.co,,22,F,CALI,Tecnología,47123.36,3348625.06,9.5,Tarjeta Débito,2020-03-04,06-01-2023,Pendiente,16.0,Oriente
2,Carlos González,usuario2@hotmail.com,,35,Femenino,  Cartagena  ,Ropa,41641.38,2807157.91,6.6,PSE,17/01/2022,28/06/2020,Cancelado,23.0,
3,Juan Gómez,usuario3gmail.com,3012512204,31,Femenino,Cali,ROPA,133145.84,3586614.16,7.9,Tarjeta Crédito,01-11-2020,30-06-2024,Inactivo,34.0,Sur
4,Paola López,usuario4@outlook.com,3153714180,64,M,Bucaramanga,Electrónica,357533.52,2657708.2,,Nequi,2022-03-10,19-01-2023,Pendiente,29.0,Sur
5,Sandra González,,3158003954,54,Male,Bogotá,Alimentos,5327.67,3991891.3,2.2,Efectivo,22/05/2023,09-19-2022,Inactivo,33.0,Sur
6,Sergio López,usuario6@hotmail.com,3014718745,33,F,Manizales,Alimentos,264243.24,3130730.16,-1.0,Nequi,2023/01/26,23-09-2024,Activo,43.0,Oriente
7,Jorge Gómez,usuario7@yahoo.com,3015983987,69,f,CALI,Alimentos,,3419605.98,5.1,Tarjeta Crédito,05-24-2021,15/06/2023,pendiente,10.0,Centro
8,Natalia López,usuario8@hotmail.com,3207022967,24,,Santa Marta,alimentos,320785.08,2983715.22,3.1,efectivo,2022-12-14,09 Oct 2023,activo,19.0,Oriente
9,Jorge Ramírez,usuario9@gmail.com,3019450043,45,F,CALI,Deportes,,5361136.2,7.2,PSE,2024/01/10,2020/06/12,Inactivo,10.0,Centro
10,Diana Pérez,usuario10@outlook.com,3016110677,44,F,Bucaramanga,Tecnología,297774.54,2649507.27,9.3,efectivo,2020/01/01,19/05/2023,Activo,37.0,Sur
11,María Gómez,usuario11@gmail.com,3155697820,64,,Barranquilla,Alimentos,96181.96,2134001.88,7.0,Nequi,31-03-2022,2023-03-31,Activo,42.0,Centro
12,,usuario12@yahoo.com,3126379268,desconocido,Femenino,Manizales,Ropa,460215.27,4831918.31,9.1,pse,16 Apr 2020,03-08-2020,Pendiente,5.0,
13,Ana García,usuario13@gmail.com,3013537599,24,M,Barranquilla,alimentos,223447.52,2533049.35,1.4,Tarjeta Crédito,16-06-2024,16-01-2021,Activo,36.0,
14,Paola González,usuario14@empresa.co,3018934503,desconocido,M,medellin,HOGAR,52850.72,2299211.36,3.6,PSE,11-11-2024,2020/06/26,activo,41.0,Oriente
15,Sandra Pérez,usuario15@empresa.co,3104030470,73,F,CALI,Tecnología,208345.78,3598434.46,,tarjeta débito,2022/09/19,02/06/2023,Pendiente,21.0,Sur
16,Carlos Torres,usuario16@gmail.com,3118417179,30,M,BOGOTA,Alimentos,283877.06,-1000.0,3.0,Efectivo,21/08/2020,25-12-2021,ACTIVO,36.0,Occidente
17,Juan Pérez,usuario17@outlook.com,,46,f,Barranquilla,alimentos,397317.94,4086855.71,1.9,Tarjeta Débito,,2024/05/03,activo,50.0,Centro
18,Sandra Martínez,usuario18@hotmail.com,3105048415,29,Male,Bucaramanga,alimentos,949199.54,4584960.98,6.6,TARJETA CREDITO,07-09-2021,22 Aug 2023,pendiente,7.0,Occidente
19,Paola Gómez,usuario19@yahoo.com,3005809541,33,,Bogotá,Ropa,9979.4,6150188.71,2.6,pse,25-11-2022,,Pendiente,39.0,
20,Carlos García,usuario20@yahoo.com,3107787866,22,Female,CALI,Electrónica,1826626.5,3044895.26,9.0,,2020-09-07,27-02-2022,Activo,30.0,Oriente
21,Jorge Sánchez,usuario21@gmail.com,3006416616,73,Female,  Cartagena  ,electronica,326775.82,4581909.99,5.4,Tarjeta Débito,2024-11-04,29/03/2024,ACTIVO,13.0,Sur
22,María Torres,usuario22@empresa.co,3127094446,24,F,Cali,Electrónica,32111.24,2842680.31,2.3,Efectivo,12 Aug 2023,22-01-2022,pendiente,31.0,Centro
23,Natalia González,usuario23@yahoo.com,3109391443,N/A,F,CALI,Tecnología,266645.59,3082505.81,4.5,Efectivo,2022/01/19,2024/03/17,Pendiente,23.0,Sur
24,Pedro Sánchez,usuario24@yahoo.com,3122647239,23,m,Bogotá,Ropa,443630.7,3785915.69,3.0,efectivo,09-10-2022,2021-09-02,activo,40.0,Occidente
25,Pedro Ramírez,usuario25@yahoo.com,3209882026,72,m,Pereira,Tecnología,143193.67,1374461.35,2.5,pse,2024-12-24,2023/02/26,pendiente,35.0,Sur
26,Miguel Pérez,usuario26@yahoo.com,3004686482,44,Femenino,Manizales,HOGAR,151133.55,2672545.9,3.6,Tarjeta Débito,31 May 2020,20-11-2023,Activo,9.0,Norte
27,Diana Rodríguez,usuario27@hotmail.com,3118704462,31,m,medellin,Hogar,266113.93,2125744.46,4.4,Efectivo,09-11-2023,01-03-2022,Pendiente,9.0,Oriente
28,Ana Gómez,usuario28@gmail.com,3105588662,75,,medellin,Alimentos,18801.17,,3.9,,2023-08-17,29-01-2020,pendiente,36.0,Sur
29,Andrés Sánchez,usuario29@gmail.com,3126862340,999,Masculino,BOGOTA,electronica,657185.55,2611103.18,6.3,PSE,24-05-2021,06/06/2022,inactivo,,Oriente
30,Carlos Torres,usuario30@gmail.com,3126609836,,m,Cali,electronica,,5521756.54,8.6,efectivo,09 Mar 2020,09 Aug 2021,inactivo,6.0,Centro
31,Luis Flores,usuario31@yahoo.com,3122760200,68,Female,barranquilla,Ropa,18085.64,3211354.85,2.8,tarjeta débito,,06-18-2024,Pendiente,14.0,Oriente
32,Natalia Martínez,usuario32@gmail.com,3202179009,36,,Barranquilla,Alimentos,117401.53,2886788.63,7.2,Nequi,01/07/2020,2023-08-24,Inactivo,41.0,Centro
33,,usuario33@yahoo.com,3009940779,64,m,BOGOTA,Ropa,,4812892.23,2.8,Nequi,31 Jul 2024,2021/08/12,activo,19.0,Sur
34,Juan Pérez,usuario34@yahoo.com,3012375428,53,F,Santa Marta,Hogar,,,3.7,Tarjeta Crédito,2020-10-20,02 Aug 2022,Activo,25.0,
35,Andrés Rivera,usuario35@gmail.com,3008160223,49,f,CALI,Tecnología,90291.77,1671967.26,8.5,pse,05-06-2020,28-04-2024,Cancelado,36.0,Sur
36,Miguel Rivera,usuario36@outlook.com,3208590674,36,MASCULINO,Cali,HOGAR,670853.66,3139072.33,8.6,Tarjeta Crédito,13/05/2023,2023/08/11,Activo,42.0,Oriente
37,Pedro Rivera,usuario37@hotmail.com,3102534857,21,F,  Cartagena  ,Hogar,53282.49,2611320.38,6.4,Nequi,2023-12-17,15/12/2022,Inactivo,37.0,Sur
38,María Gómez,usuario38@empresa.co,3128643524,52,Femenino,Manizales,Electrónica,52230.41,2931507.26,1.1,TARJETA CREDITO,2020-12-28,05-21-2024,pendiente,15.0,Sur
39,Sergio Pérez,usuario39@empresa.co,3152676111,150,f,Santa Marta,HOGAR,592071.27,2886347.01,8.2,,2021/08/23,20 Dec 2023,inactivo,3.0,Centro
40,Luis Martínez,usuario40@yahoo.com,3019679086,N/A,m,Medellín,Hogar,266331.08,5540037.08,,efectivo,01-12-2023,17/12/2023,Cancelado,14.0,Oriente
41,María Martínez,usuario41@empresa.co,3014665631,72,MASCULINO,Cartagena,Hogar,496698.94,4290153.29,7.1,Efectivo,26-11-2021,,ACTIVO,50.0,
42,Luis Ramírez,usuario42@yahoo.com,3018332793,21,MASCULINO,Pereira,deportes,233539.56,5118938.75,7.2,tarjeta débito,12-09-2024,28-10-2021,ACTIVO,3.0,Occidente
43,,usuario43@outlook.com,3203370407,23,Femenino,Cúcuta,Hogar,1105845.13,1213929.22,,Tarjeta Crédito,07-12-2021,09 Feb 2024,ACTIVO,49.0,
44,Andrés Flores,usuario44@hotmail.com,3001028566,22,Female,Pereira,Hogar,361866.58,5338593.96,3.8,Nequi,09/09/2022,05-09-2021,activo,16.0,Occidente
45,Carlos Gómez,usuario45@hotmail.com,3115755210,61,M,CALI,Deportes,288457.29,2536223.61,5.0,Tarjeta Crédito,2020-06-20,18-09-2023,pendiente,16.0,
46,Luis González,usuario46@empresa.co,3209039184,43,FEMENINO,Manizales,ROPA,281370.75,2830609.95,7.3,efectivo,04 Jan 2021,19/07/2023,inactivo,49.0,
47,Ana López,usuario47@empresa.co,N/A,74,Femenino,Pereira,Alimentos,134573.17,5600432.51,4.8,pse,2020-11-28,2021/09/03,pendiente,35.0,Sur
48,Pedro Martínez,usuario48@yahoo.com,3125894181,55,Male,Manizales,Alimentos,64307.19,4686679.78,2.4,Efectivo,2024-07-09,,activo,13.0,Sur
49,Natalia Pérez,usuario49@empresa.co,,57,FEMENINO,Medellín,ROPA,391503.89,3661788.95,7.7,Nequi,20/12/2023,2021/09/17,Inactivo,44.0,Occidente
50,,usuario50@gmail.com,3201890425,60,f,Cartagena,Deportes,575870.48,2807437.29,3.4,TARJETA CREDITO,18-01-2020,09 Oct 2023,activo,21.0,Occidente
51,Laura González,,,51,MASCULINO,Cúcuta,Alimentos,384644.28,99999999.0,5.5,efectivo,03-28-2023,2020-10-27,ACTIVO,32.0,Centro
52,Paola López,,3117888373,34,f,Santa Marta,Deportes,151809.05,4474869.88,2.5,tarjeta débito,05-08-2020,01/10/2023,pendiente,30.0,Sur
53,Luis Rivera,usuario53@hotmail.com,3152296344,63,,Barranquilla,Electrónica,343271.58,4299332.57,6.1,Tarjeta Débito,20-04-2021,06-29-2024,Inactivo,10.0,Occidente
54,Ana González,usuario54@yahoo.com,3015162905,34,MASCULINO,Santa Marta,Electrónica,153229.86,5724272.73,,Tarjeta Crédito,08-01-2020,12 May 2021,Inactivo,19.0,Oriente
55,Paola Rivera,usuario55@empresa.co,3113611476,60,F,Pereira,Ropa,581923.53,3522520.44,100.0,Tarjeta Crédito,10/11/2023,2022-01-18,Pendiente,37.0,Oriente
56,Natalia López,usuario56@hotmail.com,3015041651,47,Female,Cartagena,alimentos,,1918694.65,1.8,pse,2021-08-14,,inactivo,30.0,Occidente
57,Laura Martínez,usuario57yahoo.com,3017458788,66,F,Santa Marta,Deportes,110210.07,3166605.88,2.2,tarjeta débito,,10-29-2020,Activo,40.0,
58,Paola González,usuario58@hotmail.com,3116863572,18,F,Santa Marta,Alimentos,158032.43,2215346.58,6.2,Tarjeta Débito,29 Apr 2020,16/07/2020,pendiente,10.0,
59,María García,usuario59@yahoo.com,3156216033,54,Masculino,barranquilla,electronica,,3168458.93,2.4,pse,2024/01/17,14 Jun 2024,pendiente,13.0,Centro
60,Laura Rivera,usuario60@gmail.com,3103408334,22,Female,CALI,deportes,93553.3,2561467.55,1.6,pse,2021/06/16,23 Mar 2024,Activo,37.0,Occidente
61,Luis Torres,usuario61@yahoo.com,,50,m,Manizales,Ropa,25530.6,3480115.8,9.6,Nequi,08 Nov 2023,2022/09/15,Pendiente,18.0,Norte
62,Sergio García,usuario62@empresa.co,3129791997,40,,Santa Marta,Deportes,186163.62,,3.0,PSE,12-10-2021,2022/09/20,Inactivo,24.0,Norte
63,Sergio Gómez,usuario63@outlook.com,3114562924,74,,medellin,Deportes,107899.42,1543527.22,3.9,efectivo,17 May 2024,2020/01/08,ACTIVO,22.0,Norte
64,Paola Rodríguez,,3112469445,36,Female,barranquilla,alimentos,16545.74,1939127.04,7.3,,10-05-2021,15 Nov 2022,Activo,6.0,Sur
65,Juan Martínez,,3151955367,71,M,BOGOTA,Hogar,105381.1,271982.94,4.9,tarjeta débito,07-07-2023,2024/09/05,Cancelado,19.0,Centro
66,Juan Gómez,usuario66@outlook.com,3113778833,37,m,Santa Marta,HOGAR,148498.91,1433533.5,7.5,,2021/01/02,18/12/2021,Cancelado,1.0,Sur
67,Luis González,usuario67@empresa.co,3017114465,69,M,BOGOTA,Hogar,74758.73,4518620.91,4.7,Efectivo,2021-08-15,30 Jul 2021,inactivo,,
68,Pedro Ramírez,,3011667603,18,F,BOGOTA,Hogar,228609.35,4245216.77,7.5,PSE,12-04-2020,26-03-2022,activo,32.0,Oriente
69,Carlos Sánchez,usuario69@outlook.com,3157791323,53,Masculino,Manizales,Hogar,298987.65,,9.6,efectivo,17 Jul 2020,2020-12-28,pendiente,15.0,Norte
70,Andrés Rivera,usuario70@gmail.com,3113236952,60,FEMENINO,medellin,ROPA,121281.81,3377928.06,,TARJETA CREDITO,2024-02-16,,Activo,10.0,Oriente
71,Pedro Martínez,usuario71@outlook.com,3009168597,74,Masculino,CALI,alimentos,196016.97,857154.24,4.0,efectivo,24-11-2023,08-03-2020,pendiente,,Occidente
72,,usuario72@gmail.com,,25,m,CALI,Electrónica,184195.37,1742683.57,5.6,Tarjeta Crédito,20 Jun 2022,2022/04/01,Inactivo,9.0,Sur
73,,usuario73@empresa.co,3001209732,65,,Barranquilla,alimentos,101970.29,4370612.1,6.0,Tarjeta Crédito,27-10-2024,2020-02-10,pendiente,14.0,Oriente
74,Jorge Rodríguez,usuario74@hotmail.com,3101767428,35,F,Santa Marta,ROPA,74519.71,3688828.23,0.0,TARJETA CREDITO,2021-07-11,2024/06/27,Inactivo,30.0,Sur
75,Paola Rodríguez,usuario75@outlook.com,3129586346,31,Female,Medellín,Alimentos,178326.85,5174777.49,3.0,,,11-18-2022,ACTIVO,33.0,Norte
76,María Martínez,usuario76@yahoo.com,3019035902,31,FEMENINO,barranquilla,HOGAR,156265.66,3008354.22,8.7,,24/07/2021,11-01-2023,Activo,19.0,Oriente
77,Natalia González,usuario77@empresa.co,3109600012,72,f,Cali,Electrónica,300373.48,3994225.57,,pse,04-17-2024,03-18-2024,Activo,48.0,
78,Carlos Pérez,usuario78@hotmail.com,3124755261,49,M,Cúcuta,Tecnología,,1811748.25,8.7,TARJETA CREDITO,2024/10/14,30-06-2020,Pendiente,35.0,Oriente
79,Andrés González,usuario79@yahoo.com,3119624057,72,Masculino,Cartagena,deportes,545162.34,2935592.44,8.7,Efectivo,02 Feb 2023,2023-02-14,Activo,44.0,Oriente
80,María Rodríguez,usuario80@hotmail.com,3128897282,desconocido,Male,Pereira,Tecnología,81868.23,2719959.44,,tarjeta débito,2024-01-18,04/12/2023,ACTIVO,43.0,Norte
81,Sandra González,usuario81@outlook.com,3159111044,35,Male,Bucaramanga,deportes,175967.63,3863319.52,2.6,tarjeta débito,2023-06-17,09 Aug 2022,pendiente,3.0,Norte
82,,usuario82@yahoo.com,3006892819,,,  Cartagena  ,electronica,,3841181.39,9.5,pse,,06-04-2024,Cancelado,45.0,Sur
83,Pedro Flores,usuario83@outlook.com,3119042500,26,FEMENINO,Manizales,ROPA,92924.23,3241463.48,1.7,Nequi,08-12-2024,09 Sep 2020,Inactivo,50.0,
84,Carlos Rivera,usuario84@hotmail.com,3118368771,34,Femenino,barranquilla,Electrónica,186956.22,3484144.39,5.6,Efectivo,2021/07/20,01 Feb 2022,Pendiente,2.0,Norte
85,Paola García,usuario85@empresa.co,3004162086,46,Femenino,Pereira,electronica,397175.81,3205220.93,2.0,PSE,15-05-2021,11-23-2021,ACTIVO,2.0,
86,Paola López,usuario86@hotmail.com,3154184513,45,Male,  Cartagena  ,Alimentos,42969.33,5462819.98,2.4,Tarjeta Crédito,2023/08/12,17/03/2022,Activo,20.0,Norte
87,Paola González,usuario87@hotmail.com,3207792839,25,F,BOGOTA,Deportes,87792.1,1782423.91,4.8,Efectivo,05-06-2022,2024-11-07,Inactivo,11.0,Norte
88,Juan García,usuario88@gmail.com,3203375327,desconocido,FEMENINO,Bogotá,Tecnología,331265.17,3671166.47,4.6,efectivo,04-12-2021,06/06/2023,Pendiente,42.0,
89,,,3004404045,52,m,BOGOTA,Deportes,6233.0,3852551.46,1.9,,,,activo,6.0,Occidente
90,Luis González,usuario90@yahoo.com,3005208672,,f,barranquilla,Electrónica,157048.62,3754257.39,5.8,efectivo,2023-02-05,04-05-2021,pendiente,46.0,Sur
91,Pedro Rodríguez,usuario91@outlook.com,3157193852,53,m,Cali,HOGAR,632866.79,4373920.16,5.8,PSE,11-10-2021,06-04-2020,Inactivo,39.0,Centro
92,Carlos Ramírez,usuario92@yahoo.com,3004125616,26,Female,Cartagena,Tecnología,534190.37,,9.9,Tarjeta Débito,2021-03-01,18-03-2024,Pendiente,11.0,
93,Natalia González,usuario93@gmail.com,3109105592,,Male,Cúcuta,Deportes,158127.49,5515681.71,8.5,efectivo,07-07-2022,13 Apr 2024,Inactivo,47.0,Occidente
94,,,3014304688,68,f,Medellín,alimentos,418441.74,4029345.29,1.4,Efectivo,08-03-2022,2022-10-08,pendiente,23.0,Norte
95,Laura Pérez,usuario95@gmail.com,3108733752,20,MASCULINO,Cali,alimentos,451215.46,2215117.15,6.1,pse,23 Feb 2024,01/06/2021,activo,34.0,Oriente
96,Ana Rodríguez,usuario96@empresa.co,3124693726,31,Masculino,  Cartagena  ,Ropa,720036.32,3021226.37,9.4,efectivo,04-13-2024,12/05/2021,Pendiente,47.0,
97,Jorge Torres,,3113545879,60,FEMENINO,Cartagena,Electrónica,187696.68,1434480.74,5.7,pse,,,activo,41.0,
98,Laura García,usuario98@empresa.co,3127183858,67,f,Pereira,Electrónica,200089.56,6002545.76,3.8,Efectivo,09-10-2024,,activo,38.0,Norte
99,Carlos Sánchez,usuario99@yahoo.com,3116241750,73,FEMENINO,Cúcuta,Alimentos,91749.78,2951847.82,7.6,Nequi,07 Oct 2021,,Pendiente,29.0,
100,Miguel Pérez,usuario100@outlook.com,3108946989,57,FEMENINO,Bogotá,alimentos,155333.09,4150477.05,4.6,Tarjeta Débito,2020-05-25,08/08/2021,Activo,41.0,Oriente
101,Pedro Rodríguez,usuario101@empresa.co,3115920645,33,FEMENINO,Cali,electronica,86306.15,4880927.5,4.6,TARJETA CREDITO,,2022-04-04,ACTIVO,31.0,
102,Ana Pérez,usuario102@hotmail.com,3155623643,69,,Bucaramanga,alimentos,1335415.85,4062709.58,7.7,tarjeta débito,03-10-2023,04-06-2021,pendiente,7.0,
103,,sin_email,3124815586,74,FEMENINO,Cúcuta,HOGAR,299349.53,4090361.57,7.5,Tarjeta Débito,12-13-2021,28-05-2020,Activo,29.0,Occidente
104,Laura Rodríguez,usuario104@empresa.co,3201088151,29,Male,BOGOTA,deportes,627045.67,3690648.57,6.9,TARJETA CREDITO,31-03-2022,17-01-2023,Pendiente,50.0,Sur
105,Juan Ramírez,usuario105@gmail.com,3209822394,39,Femenino,Pereira,HOGAR,147716.55,3242560.39,2.3,,2021/08/24,01-23-2024,Cancelado,2.0,Occidente
106,Andrés Martínez,usuario106@hotmail.com,3122037751,44,Masculino,CALI,ROPA,1183923.42,2515150.46,8.3,TARJETA CREDITO,09/09/2022,25-08-2023,pendiente,14.0,Occidente
107,Miguel López,usuario107@yahoo.com,3013788283,73,F,Santa Marta,HOGAR,77310.12,4637684.65,2.7,TARJETA CREDITO,2020-01-12,2021-02-19,ACTIVO,28.0,Centro
108,María Rodríguez,usuario108@yahoo.com,,33,,Medellín,alimentos,11898.14,4514737.94,,pse,2024-04-05,10 Oct 2021,inactivo,8.0,Norte
109,María Rodríguez,usuario109@empresa.co,3105905299,68,Male,Pereira,Tecnología,953049.02,3500545.54,1.4,Tarjeta Débito,17 Jun 2023,2021-01-25,Pendiente,23.0,Oriente
110,Paola Sánchez,sin_email,3202091183,42,MASCULINO,Pereira,alimentos,236612.3,3860303.83,3.3,Nequi,14 Jan 2022,2024/05/16,Activo,26.0,Centro
111,Paola Ramírez,usuario111@hotmail.com,3106954696,72,FEMENINO,Cartagena,HOGAR,112492.99,1776623.66,9.8,,05/03/2022,2024-05-09,Inactivo,11.0,Sur
112,Pedro López,usuario112@yahoo.com,3206631198,30,Femenino,Bogotá,Ropa,998320.15,3006518.73,5.4,Nequi,2022/08/31,04 Sep 2023,Activo,8.0,Oriente
113,Diana López,usuario113@outlook.com,3012112692,47,Femenino,Medellín,Ropa,41575.47,2126555.56,8.9,tarjeta débito,03/01/2022,16-02-2022,Cancelado,16.0,Sur
114,Carlos Sánchez,usuario114@empresa.co,3206893912,70,FEMENINO,Manizales,ROPA,510881.35,2700033.96,7.3,Nequi,2024-04-19,2020/05/05,ACTIVO,34.0,Occidente
115,Natalia Sánchez,usuario115@outlook.com,3101472831,32,Masculino,Cartagena,Deportes,161528.24,3304169.42,5.2,TARJETA CREDITO,18-03-2023,2021-11-18,Inactivo,17.0,Oriente
116,Carlos Rivera,usuario116@outlook.com,3204228878,60,MASCULINO,Santa Marta,deportes,77696.12,3562714.86,2.4,,2020/09/02,2024/06/25,Cancelado,25.0,Oriente
117,Paola Ramírez,usuario117@hotmail.com,,39,f,Cúcuta,Electrónica,71012.74,4272076.62,6.3,Tarjeta Débito,13 Dec 2021,2022-07-14,pendiente,3.0,Norte
118,Laura Pérez,,3208818534,22,MASCULINO,Bogotá,Alimentos,39969.68,5071279.89,6.5,efectivo,12-12-2022,,Inactivo,8.0,
119,,usuario119@yahoo.com,3158979240,35,,  Cartagena  ,Deportes,76279.93,3069328.51,5.7,,2023/12/14,17-10-2024,inactivo,48.0,Oriente
120,Ana Ramírez,usuario120@yahoo.com,3003927175,50,Male,Cúcuta,HOGAR,286126.62,4657843.87,5.6,tarjeta débito,02/10/2024,28 Jun 2021,ACTIVO,48.0,Sur
121,,,3128951821,71,Femenino,medellin,Hogar,319232.03,0.0,7.6,TARJETA CREDITO,04 Sep 2020,2023-03-05,ACTIVO,9.0,Oriente
122,Juan Pérez,usuario122@yahoo.com,,19,FEMENINO,Bogotá,HOGAR,138547.6,4709802.16,,,23/03/2021,03-31-2023,Inactivo,11.0,Norte
123,Jorge Rivera,usuario123@hotmail.com,3205192734,34,Masculino,Medellín,deportes,157462.79,4186112.65,4.9,Tarjeta Débito,16-04-2023,17-02-2024,inactivo,48.0,
124,Laura Gómez,,3202906592,34,M,medellin,ROPA,499361.04,4632682.43,7.6,Nequi,23-03-2024,2021-12-17,activo,1.0,Oriente
125,Pedro García,usuario125@hotmail.com,3109403831,,M,Barranquilla,ROPA,250569.8,4120722.37,7.4,TARJETA CREDITO,2020/04/13,01 Dec 2024,activo,35.0,Occidente
126,Luis Gómez,usuario126@yahoo.com,3157780983,40,m,Bogotá,electronica,174093.53,3255137.45,,efectivo,,24 Aug 2024,Cancelado,20.0,Centro
127,Paola Flores,usuario127@yahoo.com,3013107098,38,f,BOGOTA,Hogar,172489.55,3293374.11,2.8,pse,,08-11-2021,activo,5.0,Sur
128,Diana Martínez,usuario128@empresa.co,3109804178,50,F,Cali,Tecnología,,5186754.11,4.0,Nequi,26 Mar 2022,2020/11/26,pendiente,40.0,Occidente
129,Ana López,usuario129@hotmail.com,3118808554,75,MASCULINO,  Cartagena  ,ROPA,25187.1,1903208.08,2.7,Efectivo,16-01-2022,05-28-2021,activo,13.0,Oriente
130,,usuario130@empresa.co,3017452247,34,f,Santa Marta,Tecnología,248601.08,2825121.6,11.0,PSE,02-08-2024,15/04/2022,activo,2.0,Centro
131,Sergio Flores,usuario131@yahoo.com,,,f,Manizales,alimentos,123185.44,3954919.68,3.9,efectivo,2022-04-25,30 Apr 2022,Inactivo,13.0,Oriente
132,Diana Flores,usuario132@outlook.com,3129906766,51,Female,medellin,ROPA,453010.93,2557459.76,3.2,Tarjeta Débito,,04-14-2022,ACTIVO,11.0,Oriente
133,María Flores,usuario133@hotmail.com,3017579571,52,F,  Cartagena  ,Hogar,50154.96,4381919.03,3.1,TARJETA CREDITO,20 Oct 2020,07-06-2024,inactivo,50.0,Occidente
134,Miguel Gómez,usuario134@yahoo.com,3122915297,65,f,Santa Marta,Electrónica,53402.43,3297144.64,9.4,Tarjeta Débito,,2020-01-24,pendiente,1.0,Norte
135,,usuario135@gmail.com,3116312160,30,F,  Cartagena  ,alimentos,620894.53,3005752.81,2.5,Tarjeta Crédito,03-18-2022,2020-12-05,Cancelado,12.0,Sur
136,Diana Flores,usuario136@gmail.com,,22,FEMENINO,Barranquilla,Alimentos,146756.98,2377666.31,8.3,Tarjeta Débito,2022/05/26,2021-08-06,activo,26.0,Occidente
137,María Martínez,usuario137gmail.com,3005924694,39,,  Cartagena  ,HOGAR,454214.77,0.0,8.0,Efectivo,17/01/2024,2020-11-02,activo,5.0,Oriente
138,Natalia Flores,usuario138@gmail.com,3112092334,60,Male,Barranquilla,alimentos,643861.69,4801453.36,1.6,Nequi,29/06/2020,2021/12/27,Pendiente,,
139,Paola Rodríguez,usuario139@gmail.com,3129674953,64,Masculino,Cali,Alimentos,53275.8,5207082.87,5.8,Efectivo,08-13-2022,2020-10-08,pendiente,9.0,Norte
140,Diana Martínez,sin_email,,50,FEMENINO,BOGOTA,alimentos,299965.66,4343705.33,8.4,tarjeta débito,15/04/2023,22-01-2020,pendiente,22.0,Sur
141,Natalia Rivera,,3156794684,44,Femenino,Bogotá,electronica,542312.25,3390641.57,9.4,pse,11 Aug 2023,2024/02/06,Cancelado,8.0,Occidente
142,Jorge Ramírez,usuario142@yahoo.com,no tiene,62,Femenino,CALI,alimentos,,4547242.81,2.6,Nequi,2021-06-22,08/04/2021,Cancelado,49.0,Occidente
143,Pedro Gómez,usuario143@empresa.co,N/A,26,f,Pereira,Tecnología,67185.64,4527731.6,9.0,Nequi,2022/06/18,2021-03-31,Pendiente,32.0,Occidente
144,Paola Flores,usuario144@outlook.com,3103740755,60,M,barranquilla,Hogar,199346.44,3687870.16,5.5,PSE,2023-09-09,2024-05-18,ACTIVO,43.0,Norte
145,Pedro Flores,usuario145@outlook.com,3114363111,61,Masculino,barranquilla,Ropa,398360.14,2996107.05,7.1,tarjeta débito,27/01/2021,15 Mar 2022,Cancelado,45.0,
146,Laura González,usuario146@yahoo.com,3115242818,29,F,BOGOTA,HOGAR,347400.76,3309452.8,2.8,Tarjeta Crédito,2023-09-21,19/08/2024,Pendiente,42.0,Norte
147,Pedro Gómez,usuario147@yahoo.com,3207527289,37,m,BOGOTA,Alimentos,146668.62,4434997.24,4.7,Efectivo,24-10-2024,15/07/2020,Activo,43.0,Occidente
148,Carlos Martínez,usuario148@gmail.com,3127333286,71,Masculino,Manizales,Tecnología,91674.04,,5.6,Efectivo,05-05-2022,01-29-2020,Cancelado,30.0,
149,Pedro Rivera,usuario149@yahoo.com,3202284457,,F,medellin,deportes,350547.78,3508914.7,8.9,PSE,24 Jan 2020,12-06-2020,pendiente,48.0,Occidente
150,Ana Torres,usuario150@outlook.com,,45,FEMENINO,  Cartagena  ,Ropa,728931.35,2742489.54,9.2,Tarjeta Crédito,2020-12-23,05-25-2020,Pendiente,8.0,Norte
151,Luis Rivera,,3112658893,56,Masculino,Medellín,Hogar,56495.6,3866411.62,7.9,efectivo,05 Feb 2021,2022-07-16,activo,31.0,
152,Luis Sánchez,usuario152@empresa.co,3115312487,47,F,Cartagena,Ropa,123992.97,2024817.48,5.1,PSE,2022-08-02,15 Jan 2021,activo,19.0,Oriente
153,Jorge Rodríguez,usuario153@hotmail.com,3118122921,61,Female,Pereira,Hogar,6578.01,2722706.63,6.0,,,2023/08/25,Inactivo,43.0,
154,Carlos Pérez,usuario154@empresa.co,3206367417,48,Female,barranquilla,Hogar,210835.68,2990740.11,2.0,Tarjeta Crédito,2021/04/23,2023/06/13,activo,37.0,
155,Miguel Martínez,usuario155@empresa.co,3129537019,68,Male,CALI,HOGAR,25843.65,3134665.83,2.7,Tarjeta Débito,2024-01-14,06-10-2024,inactivo,6.0,Occidente
156,Paola Martínez,sin_email,3122091960,60,Female,medellin,ROPA,279032.4,2943352.31,8.1,Efectivo,11/11/2021,2024/03/29,activo,49.0,Occidente
157,Sandra Martínez,usuario157@outlook.com,3019096291,50,Male,Manizales,Electrónica,258839.15,4993353.34,3.0,Nequi,10-15-2024,2020/07/18,inactivo,27.0,Oriente
158,Ana García,usuario158@empresa.co,,57,Masculino,BOGOTA,alimentos,358411.98,2659877.07,1.9,Efectivo,2022-07-13,2024-09-20,Pendiente,15.0,Centro
159,Sandra Ramírez,usuario159@empresa.co,3102995822,70,Femenino,barranquilla,deportes,168644.49,2955543.57,5.6,pse,,05-08-2022,inactivo,43.0,Norte
160,Jorge López,usuario160@gmail.com,3207092269,33,FEMENINO,Bogotá,Alimentos,58570.06,2375867.47,4.1,Efectivo,26/12/2022,2021-07-15,activo,42.0,Sur
161,Sandra Ramírez,usuario161@hotmail.com,3014985420,32,Masculino,Barranquilla,alimentos,481572.93,2679575.37,7.6,TARJETA CREDITO,28 Dec 2021,25-04-2020,Pendiente,14.0,Sur
162,,usuario162@gmail.com,3019923561,27,Masculino,CALI,Deportes,369290.23,4571499.92,1.6,PSE,24/06/2020,2022/12/04,inactivo,,
163,Paola Martínez,usuario163@hotmail.com,3154970302,,m,Medellín,ROPA,108748.93,1605367.93,7.4,tarjeta débito,07-03-2023,2023-09-18,Pendiente,23.0,Sur
164,Carlos Torres,usuario164@yahoo.com,3114013401,48,Masculino,Cali,Alimentos,66578.74,3253456.84,9.5,TARJETA CREDITO,11-08-2020,12/05/2024,activo,3.0,Centro
165,Ana Rivera,usuario165@yahoo.com,3004936499,67,Male,Santa Marta,Alimentos,67316.18,3163066.23,,PSE,08 Jun 2022,2024-07-25,Cancelado,28.0,Norte
166,Paola Gómez,usuario166@empresa.co,3206146912,999,Masculino,Pereira,Alimentos,51647.24,3114734.58,5.3,Tarjeta Crédito,2021-10-30,07/10/2023,Pendiente,48.0,Sur
167,Ana López,usuario167@hotmail.com,3201990925,54,Femenino,CALI,Alimentos,153625.29,4459379.28,6.9,efectivo,24 Mar 2020,02 Dec 2020,Activo,8.0,Centro
168,María Pérez,usuario168@empresa.co,3125263959,62,m,Cúcuta,electronica,49547.63,-1000.0,6.7,pse,2021/07/23,2024-01-09,Cancelado,19.0,Norte
169,Juan García,usuario169@gmail.com,3127002379,43,m,CALI,Deportes,889758.4,2092991.74,6.2,TARJETA CREDITO,17/11/2020,2023/01/18,Pendiente,25.0,Norte
170,Andrés López,usuario170@hotmail.com,3011879176,59,Masculino,Medellín,Deportes,602149.62,5351903.5,,,26-07-2021,2023-10-16,Pendiente,18.0,Norte
171,Luis Rodríguez,usuario171@hotmail.com,3107159460,75,Female,BOGOTA,ROPA,306291.63,4198599.76,5.8,Efectivo,2024/11/30,28-10-2020,activo,34.0,Oriente
172,Luis Rivera,usuario172@hotmail.com,3121579917,67,,Barranquilla,Tecnología,154399.33,5662642.05,6.9,Nequi,2024-11-02,12 Sep 2021,Cancelado,48.0,Sur
173,María Ramírez,usuario173@yahoo.com,3016883913,67,M,medellin,Hogar,14861.34,1319701.8,7.9,efectivo,08-16-2024,23-08-2024,activo,37.0,Norte
174,Sergio Martínez,usuario174@hotmail.com,3011338001,29,FEMENINO,Cali,deportes,890684.37,3334907.47,5.2,Tarjeta Crédito,2022/07/02,2021-10-03,Cancelado,3.0,Norte
175,Laura Gómez,usuario175@hotmail.com,3111572138,62,F,Medellín,ROPA,116448.8,2138329.04,4.7,PSE,15/09/2023,23/03/2020,ACTIVO,37.0,Occidente
176,Juan Sánchez,,3013205357,21,Masculino,Cartagena,Tecnología,504192.52,4916202.9,5.5,Tarjeta Débito,08-20-2023,2020/04/26,Inactivo,48.0,Occidente
177,Natalia Sánchez,usuario177@outlook.com,3017972427,72,Masculino,  Cartagena  ,Hogar,71267.15,2299354.67,9.7,,2021-09-08,05-09-2024,inactivo,34.0,Occidente
178,Andrés Torres,usuario178@empresa.co,3151036614,26,Femenino,Manizales,Tecnología,522379.82,5183093.99,8.7,PSE,09-06-2022,09-17-2021,ACTIVO,26.0,Occidente
179,Luis Flores,usuario179@hotmail.com,3011906311,60,M,medellin,deportes,,2444979.07,5.9,Tarjeta Crédito,20/11/2022,29-01-2022,Pendiente,,Oriente
180,María Rodríguez,usuario180@empresa.co,3204927184,53,Masculino,Bucaramanga,Alimentos,86618.71,3498126.45,6.9,Tarjeta Crédito,2023/05/28,,Pendiente,42.0,Norte
181,Carlos Torres,usuario181@hotmail.com,3007869578,66,f,barranquilla,ROPA,347731.17,2601982.99,7.1,PSE,01-12-2020,11-22-2022,activo,42.0,
182,Andrés López,usuario182@hotmail.com,3015620995,57,Femenino,Cali,ROPA,63055.25,4599875.83,8.4,tarjeta débito,2022/04/14,17 Mar 2021,Pendiente,5.0,
183,Paola Flores,usuario183@empresa.co,3112694380,75,,Bucaramanga,deportes,23291.4,1285364.89,4.5,Tarjeta Crédito,24 Feb 2023,2021-07-02,pendiente,15.0,Norte
184,Andrés Rivera,usuario184@yahoo.com,3109195048,71,M,Cali,Ropa,235506.57,1077104.15,9.6,pse,2023/01/28,12/07/2021,Pendiente,47.0,Sur
185,Sandra Sánchez,usuario185@empresa.co,3123060525,46,M,medellin,deportes,297370.13,1562053.04,4.5,PSE,23-01-2020,01-07-2020,Cancelado,39.0,
186,,usuario186@yahoo.com,3014167806,65,FEMENINO,Santa Marta,alimentos,142582.53,2652398.47,8.8,Nequi,24-12-2023,2023/01/22,inactivo,32.0,Centro
187,Jorge Sánchez,usuario187@gmail.com,3202969175,46,Masculino,Cartagena,ROPA,80875.09,-1000.0,1.8,pse,2024-09-13,,pendiente,37.0,Oriente
188,Miguel López,usuario188@empresa.co,3004341606,33,Femenino,barranquilla,deportes,287904.64,3373840.63,2.8,PSE,2021/12/12,2022-09-20,Pendiente,35.0,
189,Diana Flores,usuario189@hotmail.com,,35,Masculino,Barranquilla,ROPA,85253.5,2463855.33,6.3,Efectivo,14 Jan 2021,2024/01/19,activo,22.0,Centro
190,Laura García,usuario190@outlook.com,3124103627,51,m,medellin,Hogar,,4046759.03,2.5,pse,2024/07/01,,activo,3.0,Occidente
191,Paola Sánchez,usuario191@yahoo.com,3157238186,33,Male,Santa Marta,Hogar,102532.43,4280257.27,6.4,TARJETA CREDITO,2021-05-01,2022-07-13,inactivo,6.0,Oriente
192,,usuario192@gmail.com,3152339219,22,,Pereira,Electrónica,321826.51,3032216.33,6.7,PSE,11 Aug 2022,2023-06-26,Activo,43.0,Centro
193,Paola Pérez,usuario193@yahoo.com,3101360948,33,m,Barranquilla,Alimentos,219458.66,4246831.54,,tarjeta débito,,2024/03/11,Activo,39.0,Centro
194,,usuario194@outlook.com,3152581189,38,m,barranquilla,Deportes,324441.32,4182705.29,3.7,Efectivo,2022-02-09,2021/02/27,activo,36.0,Oriente
195,Carlos Pérez,usuario195@empresa.co,3009537378,23,m,barranquilla,Ropa,360954.2,3382999.95,8.8,Tarjeta Crédito,27-12-2020,21 Mar 2020,Activo,4.0,Norte
196,Carlos Rivera,usuario196@gmail.com,3205744401,32,m,Cali,electronica,114957.35,1947840.56,,Tarjeta Débito,12-09-2024,,activo,38.0,Norte
197,Jorge López,usuario197@hotmail.com,,27,M,barranquilla,deportes,559314.15,5072401.6,5.3,TARJETA CREDITO,2023-11-28,22 May 2020,ACTIVO,1.0,Oriente
198,Andrés Flores,usuario198@gmail.com,3112209692,22,f,  Cartagena  ,HOGAR,14734.83,2797293.31,4.7,tarjeta débito,11-04-2024,16-02-2020,inactivo,46.0,Sur
199,Carlos Gómez,usuario199@gmail.com,3112700412,39,F,Cali,Deportes,118916.85,,10.0,tarjeta débito,,2024/04/26,activo,30.0,Occidente
200,Miguel Torres,usuario200@outlook.com,3159603212,44,Femenino,  Cartagena  ,Deportes,459585.2,2474077.55,,Efectivo,2023/10/05,11-09-2021,pendiente,46.0,
201,Laura Pérez,usuario201@hotmail.com,3013215835,999,,Cali,deportes,10350.82,2563547.84,6.6,tarjeta débito,10-06-2023,24/06/2024,Activo,31.0,Centro
202,Sergio González,usuario202@outlook.com,3105304604,67,FEMENINO,Medellín,ROPA,50290.79,2968637.48,6.1,,13 Apr 2023,01-05-2020,Inactivo,19.0,Sur
203,María Flores,usuario203@hotmail.com,3014448540,62,m,Manizales,alimentos,100963.87,,6.4,Nequi,09-21-2021,2021/09/08,pendiente,,Oriente
204,Pedro Rodríguez,usuario204@hotmail.com,3009010499,,,Bogotá,deportes,274739.36,4487728.9,7.1,Tarjeta Crédito,,2024/09/22,Activo,24.0,Oriente
205,Pedro López,usuario205@yahoo.com,3122842157,54,Male,BOGOTA,Deportes,222689.59,3161293.2,4.2,Nequi,,23 Oct 2022,Cancelado,28.0,Occidente
206,Luis García,usuario206@outlook.com,3012875377,18,Male,Bucaramanga,HOGAR,175619.78,3939317.73,6.1,Tarjeta Débito,03-04-2022,2021-04-06,pendiente,8.0,Norte
207,Paola Martínez,usuario207@empresa.co,3018971204,37,FEMENINO,  Cartagena  ,Tecnología,120847.81,99999999.0,1.7,pse,2021-07-18,19 Jul 2022,activo,3.0,Centro
208,Miguel Flores,usuario208@yahoo.com,3158244240,72,M,Bogotá,Deportes,102968.28,1253961.49,8.2,Tarjeta Débito,09-11-2022,2021/02/19,Activo,3.0,Norte
209,Carlos Ramírez,usuario209@yahoo.com,3201361289,71,f,Manizales,alimentos,127234.52,,8.6,Nequi,25 Feb 2024,2020-10-13,Inactivo,12.0,Oriente
210,Diana Rodríguez,usuario210@outlook.com,3012133448,65,f,Bucaramanga,Ropa,151347.09,4911185.7,5.2,pse,2021/05/04,,ACTIVO,43.0,
211,Jorge Rodríguez,usuario211empresa.co,3007856188,69,m,Manizales,ROPA,557027.03,2357558.59,5.1,pse,21-06-2022,07-04-2022,Activo,16.0,Centro
212,Sergio González,usuario212@outlook.com,3101923073,32,Male,medellin,alimentos,209763.09,3712738.92,4.1,PSE,2021-05-16,08-09-2021,inactivo,41.0,
213,Jorge López,usuario213@empresa.co,3005761431,35,M,Santa Marta,electronica,297536.85,2573841.08,6.2,Tarjeta Crédito,2022/09/14,15 May 2021,Pendiente,3.0,
214,Jorge González,usuario214@hotmail.com,3007329227,19,M,Bogotá,ROPA,572976.6,3284239.91,2.0,Nequi,2023-01-06,15-07-2022,Inactivo,42.0,Oriente
215,Ana Martínez,usuario215@outlook.com,3005421157,60,f,Cartagena,deportes,718576.47,2888496.49,8.0,Nequi,30/08/2024,11-12-2021,inactivo,13.0,Norte
216,María Ramírez,usuario216@hotmail.com,3007538552,43,FEMENINO,Manizales,Tecnología,264076.84,3744975.1,3.4,TARJETA CREDITO,2022/06/17,2022/01/13,Inactivo,50.0,Oriente
217,Diana Gómez,usuario217@yahoo.com,3106660728,71,Masculino,barranquilla,Deportes,24302.86,,8.1,pse,09-09-2023,2020-10-15,Inactivo,10.0,Norte
218,María Ramírez,usuario218@yahoo.com,3011109669,26,f,Cúcuta,HOGAR,22364.61,3352706.92,6.8,Tarjeta Débito,11/10/2023,2024-03-23,pendiente,20.0,Sur
219,,usuario219@gmail.com,,52,Masculino,BOGOTA,electronica,93943.63,2937792.8,8.9,Efectivo,18/05/2022,14-09-2022,ACTIVO,27.0,Oriente
220,Paola Rivera,usuario220@hotmail.com,3202079131,,Female,  Cartagena  ,Tecnología,314928.1,2553340.92,2.5,Nequi,07/07/2024,15-10-2023,Inactivo,11.0,Norte
221,Pedro López,usuario221@outlook.com,3205537323,54,,Cúcuta,ROPA,62199.09,,9.9,Efectivo,2021-08-01,17 Apr 2022,inactivo,20.0,Sur
222,Laura Rivera,usuario222@outlook.com,3007296879,23,m,Cartagena,Deportes,165416.01,4012282.14,2.3,Tarjeta Crédito,03/07/2023,10-08-2020,Cancelado,19.0,Sur
223,Paola Rodríguez,usuario223@outlook.com,000,26,m,Medellín,Tecnología,80978.97,6814649.23,4.6,pse,2024-08-12,19/09/2022,Cancelado,50.0,Occidente
224,Sandra Pérez,usuario224@empresa.co,3105151164,29,Female,Cali,HOGAR,377480.98,2642254.16,6.4,Efectivo,28 May 2024,2021/11/14,Activo,26.0,Norte
225,Andrés Martínez,usuario225@empresa.co,3003553491,999,Femenino,CALI,Hogar,57234.0,1684873.3,,tarjeta débito,11/03/2024,,pendiente,24.0,Centro
226,Diana Pérez,,3128901324,47,M,Pereira,Electrónica,74258.87,3550563.65,2.6,,13 Jun 2023,19-09-2020,Cancelado,,
227,Jorge López,usuario227@outlook.com,3124934240,66,Female,Cartagena,deportes,51140.42,3729758.28,3.3,Nequi,27-05-2024,07-21-2020,activo,37.0,
228,Luis García,usuario228@hotmail.com,3014741605,35,Female,Cali,HOGAR,89123.87,2309288.49,7.9,,10-14-2020,2020-03-10,Pendiente,32.0,Norte
229,Diana García,usuario229@hotmail.com,3155090937,71,Male,Santa Marta,HOGAR,60871.85,3791470.43,,pse,,07-14-2024,Pendiente,3.0,Centro
230,Sandra González,usuario230@hotmail.com,3118372919,71,Masculino,barranquilla,deportes,263196.13,2933593.3,6.2,Efectivo,05-30-2023,12/04/2024,ACTIVO,49.0,Centro
231,Sandra Pérez,usuario231@hotmail.com,3127217994,19,Femenino,Santa Marta,Electrónica,,4273812.31,7.0,Efectivo,2020-10-16,03/10/2021,Cancelado,31.0,Oriente
232,Sandra Pérez,usuario232@hotmail.com,3103459107,21,Femenino,Manizales,HOGAR,53404.51,,,TARJETA CREDITO,2021-03-02,2023/07/08,inactivo,41.0,Oriente
233,Miguel Pérez,usuario233@outlook.com,3202113249,40,Masculino,Cúcuta,Ropa,583609.35,4284815.86,7.0,efectivo,2021-09-11,11-11-2022,activo,43.0,Occidente
234,Sergio Pérez,usuario234outlook.com,3004223744,22,F,Manizales,electronica,50010.83,,3.1,,10/07/2024,21 Sep 2021,Pendiente,41.0,Centro
235,Andrés Gómez,usuario235@gmail.com,3109398566,59,f,Bogotá,electronica,214938.4,2037416.53,5.3,efectivo,04/03/2020,14 Feb 2022,Activo,43.0,Norte
236,Sandra González,usuario236@yahoo.com,3003635195,,Femenino,Bucaramanga,Electrónica,429976.69,,7.7,PSE,2022-10-09,02/11/2023,pendiente,20.0,
237,Sergio Martínez,usuario237@gmail.com,3106873883,,,medellin,Tecnología,41631.14,4192002.92,4.1,Nequi,2021/09/10,17 Jul 2021,Cancelado,43.0,Norte
238,Jorge Rodríguez,usuario238@empresa.co,3105189435,71,Masculino,  Cartagena  ,ROPA,46768.58,4602950.8,3.1,tarjeta débito,04-07-2024,2021-01-13,inactivo,31.0,
239,Sandra Torres,usuario239@outlook.com,3209474404,,Male,Barranquilla,Deportes,,4130167.76,9.6,,10-13-2022,2021/11/16,Cancelado,27.0,Oriente
240,,usuario240hotmail.com,3011220303,26,Masculino,Cali,Electrónica,230562.11,3876739.34,9.2,efectivo,19 Jun 2021,28/05/2023,ACTIVO,10.0,Sur
241,Sandra Torres,usuario241@hotmail.com,3112538664,25,Femenino,Pereira,Hogar,62022.18,4399287.57,,tarjeta débito,10-01-2024,,inactivo,37.0,Sur
242,,usuario242@yahoo.com,3121448134,31,Femenino,CALI,Hogar,952386.56,2960748.08,7.1,TARJETA CREDITO,04-29-2024,09-02-2023,inactivo,32.0,Occidente
243,Andrés Martínez,usuario243@outlook.com,3202153909,34,Masculino,Santa Marta,Tecnología,119277.68,1805801.87,7.8,efectivo,,01-12-2020,pendiente,5.0,Norte
244,Carlos Torres,usuario244@yahoo.com,3012098850,28,M,CALI,electronica,369326.37,3614246.68,6.3,Tarjeta Crédito,2023-09-18,15 May 2023,activo,11.0,Oriente
245,Ana González,usuario245@empresa.co,3113056884,65,F,barranquilla,Tecnología,562551.64,2952085.43,6.4,PSE,28-08-2022,31-03-2023,Cancelado,43.0,Norte
246,,usuario246@outlook.com,,67,Male,Pereira,ROPA,56338.03,4386233.37,1.2,,21/05/2024,16-03-2021,inactivo,28.0,Sur
247,,usuario247@yahoo.com,3151075943,37,MASCULINO,Pereira,Tecnología,35817.35,5684808.82,4.2,TARJETA CREDITO,05-03-2022,2022-07-15,Cancelado,2.0,Oriente
248,Sandra Pérez,usuario248@gmail.com,3001814144,19,F,Manizales,Alimentos,,4383617.62,6.0,Efectivo,05-12-2021,26/05/2020,Activo,14.0,
249,Jorge Torres,usuario249@empresa.co,3017541109,54,MASCULINO,Cúcuta,ROPA,27566.64,4334603.77,2.7,Tarjeta Crédito,2021-01-07,07-28-2020,Activo,3.0,
250,Laura Rodríguez,usuario250@gmail.com,3118879438,42,Masculino,Bogotá,Deportes,26820.95,3637482.49,5.9,PSE,15/07/2020,2024-01-11,Activo,,Centro
251,Luis Rodríguez,usuario251@empresa.co,3004250700,63,MASCULINO,Medellín,Tecnología,229160.65,3680049.35,9.9,Tarjeta Crédito,,14/02/2021,ACTIVO,18.0,Oriente
252,Sandra Sánchez,usuario252@yahoo.com,3204261199,55,,Pereira,Tecnología,,2430442.78,6.1,PSE,11-15-2020,2023/04/02,Inactivo,18.0,Centro
253,Pedro Flores,usuario253@empresa.co,3204906684,58,m,Santa Marta,Electrónica,757904.35,4499930.6,5.3,Tarjeta Débito,04 Jul 2023,2021-08-06,inactivo,44.0,Centro
254,Ana Flores,usuario254@empresa.co,3016099135,62,f,  Cartagena  ,HOGAR,192848.68,3723087.4,1.2,Tarjeta Crédito,,09 Oct 2024,Activo,10.0,
255,Andrés Gómez,usuario255@empresa.co,3107094735,72,MASCULINO,medellin,electronica,137828.77,0.0,5.2,Efectivo,2024-07-11,2020-12-13,ACTIVO,8.0,Norte
256,Luis Gómez,usuario256@outlook.com,3121495334,69,M,Pereira,deportes,36112.39,4744739.0,6.8,tarjeta débito,2020-05-22,26-09-2023,inactivo,15.0,
257,Andrés Martínez,usuario257@empresa.co,3116029053,54,Female,medellin,electronica,512871.74,3382526.48,,Efectivo,30 May 2022,,inactivo,17.0,Occidente
258,Juan Ramírez,usuario258@yahoo.com,3112398845,40,Male,Medellín,electronica,282697.39,4466703.84,7.8,PSE,20-06-2020,02-15-2023,inactivo,3.0,Norte
259,Sergio Ramírez,usuario259@yahoo.com,3006364830,60,M,Santa Marta,Ropa,211148.98,3340841.42,9.0,Tarjeta Débito,2021-07-24,2020/06/19,Pendiente,27.0,Oriente
260,María García,usuario260@hotmail.com,3109752109,50,FEMENINO,Medellín,Deportes,150969.48,,3.1,Nequi,2024/07/28,01-07-2024,Inactivo,41.0,Centro
261,Miguel Rivera,usuario261@yahoo.com,3115239882,18,Male,medellin,deportes,537161.16,,3.7,tarjeta débito,06 Jul 2020,11-17-2023,Inactivo,20.0,Sur
262,Carlos Martínez,usuario262@outlook.com,3015392166,70,FEMENINO,Cartagena,electronica,1202911.4,3839108.78,2.2,Tarjeta Débito,2021/07/27,03-04-2022,pendiente,39.0,
263,Carlos Gómez,usuario263@outlook.com,3127482587,45,Masculino,Manizales,alimentos,302494.95,916084.93,1.4,tarjeta débito,2021-02-20,2024-03-29,Pendiente,44.0,Centro
264,Jorge Rivera,usuario264@gmail.com,3209961692,58,,  Cartagena  ,Alimentos,7852.51,3958360.77,7.0,Tarjeta Crédito,13-08-2024,,ACTIVO,41.0,Norte
265,Miguel Sánchez,usuario265@empresa.co,3006457450,47,F,Pereira,Tecnología,585475.22,4581220.32,6.0,Tarjeta Débito,2020-08-29,04-10-2020,Inactivo,37.0,Oriente
266,Laura Flores,usuario266@hotmail.com,3128054188,45,F,barranquilla,Tecnología,181394.86,3136090.23,8.4,Tarjeta Débito,16-01-2022,2022/02/20,ACTIVO,35.0,Sur
267,María Gómez,usuario267outlook.com,,51,Femenino,Cali,Alimentos,101805.42,5014613.7,3.7,Nequi,2021-02-01,19-11-2021,pendiente,20.0,Norte
268,Laura Sánchez,usuario268@hotmail.com,3153676249,35,,Cali,HOGAR,325192.73,3630332.07,,TARJETA CREDITO,08/08/2023,22/03/2024,inactivo,15.0,Occidente
269,Miguel Sánchez,usuario269@empresa.co,3104293123,52,Male,Cali,Ropa,,3437851.39,8.0,PSE,2023-09-14,19 Jul 2022,activo,8.0,Sur
270,Natalia Flores,usuario270@outlook.com,,47,m,Medellín,ROPA,76592.53,2365238.57,9.2,,2022-08-19,10/11/2021,Cancelado,7.0,Occidente
271,Ana López,usuario271@hotmail.com,3011326939,64,FEMENINO,Cartagena,Electrónica,119668.94,2296669.13,4.9,Nequi,03-14-2022,25 Feb 2021,ACTIVO,37.0,Centro
272,Sandra González,usuario272@gmail.com,3123265137,38,,CALI,electronica,78962.77,4755996.32,3.8,pse,12-18-2022,04 Aug 2021,ACTIVO,45.0,Occidente
273,Sergio Flores,usuario273@outlook.com,3006827112,71,M,  Cartagena  ,deportes,110758.02,3981738.82,2.6,Nequi,07-07-2022,2024/05/17,activo,34.0,
274,Jorge García,usuario274@outlook.com,3114478886,35,m,  Cartagena  ,ROPA,111449.78,3086950.64,2.6,Tarjeta Crédito,23/01/2023,22-02-2022,pendiente,,Centro
275,Jorge González,usuario275@empresa.co,3002131602,33,M,Manizales,Electrónica,495927.73,1235140.56,4.0,pse,08-03-2023,2020/03/07,inactivo,5.0,
276,Luis Rodríguez,usuario276@gmail.com,3208460662,54,Masculino,BOGOTA,electronica,441471.36,2130397.89,6.7,Nequi,2021/11/27,29-07-2020,activo,47.0,Norte
277,Pedro González,usuario277@outlook.com,3014066271,42,Masculino,Medellín,Alimentos,130373.14,2731400.88,5.0,,01-22-2022,14-12-2021,Activo,13.0,Centro
278,Paola Gómez,,3112652614,49,FEMENINO,Medellín,ROPA,807733.26,99999999.0,,pse,01 Oct 2020,,Inactivo,17.0,Oriente
279,Andrés Rivera,usuario279@yahoo.com,3016731197,29,m,medellin,alimentos,269120.38,875402.16,5.3,TARJETA CREDITO,01-13-2024,,Inactivo,11.0,Occidente
280,Sergio López,usuario280@hotmail.com,3207686365,40,Female,  Cartagena  ,Ropa,371521.78,1496355.81,5.9,,2021/07/23,2020/04/03,inactivo,3.0,Occidente
281,,usuario281@outlook.com,3204925352,39,Femenino,Cúcuta,ROPA,356668.28,3827697.57,3.9,PSE,2022-10-01,07-20-2021,Cancelado,32.0,Norte
282,Natalia García,usuario282@outlook.com,3012730528,56,M,Bucaramanga,deportes,775357.15,4367308.95,6.4,efectivo,2023/12/05,15-02-2022,Activo,18.0,Sur
283,Sandra Pérez,usuario283@outlook.com,3128475469,35,,Cali,alimentos,124152.63,4398736.63,1.9,Efectivo,07-04-2022,09/04/2023,Pendiente,8.0,Norte
284,Paola Ramírez,usuario284@outlook.com,3209726921,51,M,Pereira,alimentos,132264.04,3636382.11,3.1,Tarjeta Débito,02-10-2024,23-03-2022,Cancelado,24.0,Sur
285,Sandra Sánchez,usuario285@outlook.com,3129557535,23,Femenino,CALI,HOGAR,,1182467.15,1.1,pse,02 Aug 2021,07 Jul 2021,activo,27.0,Sur
286,María Torres,usuario286@yahoo.com,3209961517,44,Male,Pereira,Ropa,87451.02,2373105.25,9.7,efectivo,2023-05-03,13/03/2022,ACTIVO,47.0,Norte
287,Andrés González,usuario287@outlook.com,3115056729,66,,Bucaramanga,deportes,864320.66,4761943.47,7.6,Efectivo,26-08-2023,2022/06/09,Inactivo,44.0,Norte
288,,usuario288@gmail.com,3104839764,48,Masculino,Barranquilla,alimentos,498854.76,2046830.95,2.5,Tarjeta Crédito,03-03-2022,09-11-2021,Cancelado,37.0,Sur
289,Pedro Flores,,N/A,49,Female,Barranquilla,ROPA,66539.09,3657468.92,9.1,Nequi,15-01-2022,03-08-2023,activo,21.0,Occidente
290,Sandra Torres,usuario290@outlook.com,3206949694,19,f,Bogotá,alimentos,,3978903.47,,TARJETA CREDITO,02-05-2020,28 Sep 2020,Cancelado,13.0,
291,Laura Martínez,usuario291@hotmail.com,3154559824,32,f,Pereira,Tecnología,290787.83,4332725.85,4.5,pse,23-01-2023,30-09-2023,Inactivo,36.0,Sur
292,Pedro Sánchez,usuario292@hotmail.com,3129651607,33,Femenino,barranquilla,Hogar,,3908726.86,9.5,,2024-04-08,03-12-2024,Inactivo,,Norte
293,Andrés Rodríguez,usuario293@empresa.co,3118738976,55,MASCULINO,Manizales,Ropa,,3383486.65,1.6,tarjeta débito,18-01-2021,2022/10/07,ACTIVO,45.0,Sur
294,Miguel Martínez,usuario294@gmail.com,3128948248,53,,barranquilla,Deportes,615667.33,4053330.03,5.3,tarjeta débito,22-05-2020,09-03-2024,Activo,14.0,Sur
295,Natalia Sánchez,usuario295@outlook.com,,45,Femenino,Manizales,HOGAR,,2210976.91,6.8,PSE,29-07-2020,24-07-2023,Activo,16.0,Sur
296,Paola García,usuario296@yahoo.com,3155811784,53,F,CALI,Ropa,76802.94,4647447.87,5.2,efectivo,2023/08/04,2021-02-23,Inactivo,27.0,Centro
297,Sergio Flores,usuario297@hotmail.com,3153234942,62,f,Barranquilla,Alimentos,12774.85,4084522.47,8.0,PSE,30/10/2024,,Inactivo,16.0,Oriente
298,María García,usuario298@gmail.com,3159273027,37,FEMENINO,Cúcuta,Deportes,196169.79,2234323.17,5.9,TARJETA CREDITO,2023-02-28,16-01-2021,Activo,38.0,
299,Sergio Sánchez,usuario299@outlook.com,,25,,barranquilla,alimentos,302554.24,4543755.94,4.1,pse,05-11-2023,2022-01-08,ACTIVO,46.0,Oriente
300,Jorge Flores,usuario300@gmail.com,3157169934,38,Femenino,medellin,deportes,248911.49,,7.1,TARJETA CREDITO,27-10-2021,2020/03/18,Inactivo,12.0,
301,Andrés Martínez,usuario301@hotmail.com,3113628387,52,FEMENINO,Bucaramanga,electronica,107012.27,3365967.62,2.5,TARJETA CREDITO,,2023-03-04,Activo,31.0,Oriente
302,Juan Gómez,usuario302@empresa.co,,62,M,  Cartagena  ,ROPA,174755.6,3412423.27,3.7,TARJETA CREDITO,11 Jul 2022,2021/10/08,pendiente,31.0,
303,Luis Pérez,usuario303@outlook.com,3006387886,31,Femenino,Cartagena,Electrónica,103268.98,1584277.71,4.1,,21/08/2024,05-13-2023,Activo,38.0,Occidente
304,Miguel Flores,usuario304@gmail.com,3119804372,35,Male,Cartagena,electronica,294508.38,3454037.37,3.8,TARJETA CREDITO,2022-10-28,05/05/2022,Pendiente,42.0,Occidente
305,Natalia Pérez,usuario305@yahoo.com,3121875649,66,Male,Manizales,Tecnología,85171.06,3227452.14,9.8,Tarjeta Crédito,07/11/2023,01-03-2022,Cancelado,13.0,Norte
306,Andrés García,usuario306@empresa.co,3115586805,36,f,medellin,Electrónica,64428.85,4408972.25,4.3,tarjeta débito,30/07/2024,12-12-2022,pendiente,36.0,Centro
307,Pedro Gómez,usuario307@yahoo.com,3155128067,71,FEMENINO,Bucaramanga,Alimentos,779249.48,2525164.28,-1.0,Efectivo,,07-14-2020,ACTIVO,39.0,Norte
308,Laura García,usuario308@outlook.com,3011533547,32,FEMENINO,Bucaramanga,Electrónica,634371.64,3291303.66,,Tarjeta Débito,14 Jul 2020,2020-02-04,activo,39.0,Occidente
309,Sergio Flores,,3119205192,37,Masculino,Pereira,ROPA,352566.57,3388769.55,5.8,tarjeta débito,2021/09/23,23 Oct 2024,activo,20.0,Norte
310,Ana Torres,usuario310@yahoo.com,3152327639,,,Santa Marta,electronica,603882.56,4131312.69,4.3,tarjeta débito,29 Apr 2024,2020/10/02,Cancelado,11.0,Norte
311,Ana Gómez,usuario311@yahoo.com,3205510722,35,MASCULINO,BOGOTA,Ropa,131202.3,,3.3,efectivo,2022-12-11,16/04/2022,pendiente,24.0,Oriente
312,Luis Flores,usuario312@empresa.co,3102292516,,M,Cali,electronica,44271.7,4322100.89,3.4,,2024-07-17,2020-02-16,ACTIVO,,Occidente
313,Jorge Rodríguez,usuario313@hotmail.com,3104702995,150,Femenino,  Cartagena  ,alimentos,,3445872.51,4.3,Tarjeta Crédito,01-10-2022,19 Apr 2022,Pendiente,18.0,Norte
314,Pedro Flores,usuario314@outlook.com,3122806675,26,Femenino,Bucaramanga,Alimentos,72095.93,1340678.39,8.0,Tarjeta Crédito,08-26-2022,03-06-2021,inactivo,28.0,Oriente
315,Carlos Martínez,usuario315@gmail.com,3111945973,66,Femenino,barranquilla,Electrónica,98201.42,1121451.69,8.9,Efectivo,2022-07-14,06/11/2022,Inactivo,43.0,Occidente
316,Luis Pérez,usuario316@outlook.com,3017471109,73,MASCULINO,  Cartagena  ,Alimentos,187069.61,4200869.97,8.7,tarjeta débito,09 Jan 2024,14/12/2024,Inactivo,27.0,Centro
317,Juan Rivera,usuario317@empresa.co,3007869010,,M,Cartagena,Deportes,82226.07,2874122.09,8.5,Tarjeta Débito,2022-10-14,2023/08/27,Inactivo,49.0,Centro
318,Sergio López,usuario318@empresa.co,3203539194,48,MASCULINO,Cali,Tecnología,28121.09,2529895.64,2.1,Nequi,2024-10-09,05-17-2022,Activo,24.0,Centro
319,Laura Rivera,usuario319@hotmail.com,3105672999,29,Femenino,Manizales,Tecnología,157831.18,6847335.77,7.3,pse,,2021-02-28,Cancelado,2.0,Occidente
320,,usuario320@empresa.co,3008196256,34,f,BOGOTA,Ropa,150967.82,,5.1,PSE,2020/03/19,,Activo,18.0,Oriente
321,Sergio Flores,usuario321@outlook.com,3101226813,48,Female,barranquilla,deportes,115928.17,3381060.64,8.6,efectivo,23-08-2020,2023/10/30,Activo,2.0,Occidente
322,María Flores,usuario322@outlook.com,3113435087,22,Female,Manizales,Electrónica,34388.68,2535269.66,1.3,Tarjeta Crédito,08-02-2021,04-23-2021,Pendiente,10.0,Occidente
323,Pedro Gómez,usuario323@outlook.com,3016983131,22,,barranquilla,electronica,25701.74,,5.6,TARJETA CREDITO,11-04-2021,08-23-2022,Inactivo,7.0,Norte
324,Sandra Torres,usuario324@outlook.com,3156826342,61,Female,  Cartagena  ,Hogar,311668.48,5416544.07,,tarjeta débito,2020/12/20,06-07-2022,pendiente,13.0,Sur
325,Carlos Rodríguez,usuario325@outlook.com,3106578822,0,Female,Medellín,ROPA,560556.69,1406515.91,5.8,Efectivo,21-03-2020,,pendiente,48.0,
326,Jorge Gómez,usuario326@yahoo.com,3116684892,37,M,  Cartagena  ,Alimentos,36465.29,2402038.71,8.9,Tarjeta Crédito,14/09/2023,2024-05-04,ACTIVO,1.0,Centro
327,Miguel López,usuario327@hotmail.com,3119621816,33,MASCULINO,Santa Marta,ROPA,496078.01,820024.29,,Efectivo,22 Dec 2023,13-12-2021,Pendiente,40.0,Occidente
328,Ana González,usuario328@gmail.com,3011130075,66,FEMENINO,CALI,Hogar,186622.75,2853629.19,8.4,PSE,2021/02/26,24/03/2021,Cancelado,21.0,Sur
329,María Martínez,usuario329@outlook.com,,56,,Bucaramanga,deportes,10595.99,3002891.94,6.4,tarjeta débito,01-10-2022,02-24-2022,Activo,9.0,
330,Juan Flores,usuario330@gmail.com,3206379424,32,M,BOGOTA,ROPA,253963.77,3982999.94,9.4,tarjeta débito,05-11-2023,,Cancelado,30.0,Centro
331,Paola González,usuario331@empresa.co,3105090716,42,Masculino,Bucaramanga,Hogar,79670.38,5121297.75,5.6,efectivo,2023/05/30,2024-10-31,Activo,17.0,Oriente
332,Miguel Rodríguez,usuario332@hotmail.com,,46,Femenino,Medellín,HOGAR,75855.65,1669090.1,8.3,TARJETA CREDITO,,03-13-2024,Inactivo,7.0,Norte
333,Ana Ramírez,usuario333@hotmail.com,3009089499,55,F,Pereira,electronica,478105.35,4145479.08,4.2,efectivo,2023-09-14,07-31-2020,Pendiente,37.0,Norte
334,María González,usuario334empresa.co,3104342184,37,FEMENINO,Santa Marta,ROPA,70820.26,2107533.36,5.9,pse,2023/12/13,23/03/2024,ACTIVO,46.0,
335,Miguel Gómez,usuario335@gmail.com,3124421900,21,f,BOGOTA,deportes,416207.7,3684744.06,3.6,TARJETA CREDITO,2023/02/11,06/10/2020,Pendiente,48.0,Centro
336,,usuario336@hotmail.com,3018539399,65,M,Manizales,Electrónica,287261.59,4197754.36,2.7,,08/06/2022,18-11-2022,inactivo,,Sur
337,Miguel González,,3117064205,66,Male,Manizales,electronica,1208354.28,4893371.04,3.8,efectivo,2020/11/10,05-03-2024,activo,4.0,Centro
338,Natalia Martínez,usuario338@outlook.com,3014812285,31,F,Bogotá,Tecnología,137023.22,3293201.17,7.2,,10 Dec 2022,23/11/2024,activo,28.0,Centro
339,Ana Flores,usuario339@outlook.com,3153954586,23,M,Bogotá,Hogar,,4513196.17,8.5,Nequi,08 Jun 2024,2023-04-02,inactivo,31.0,Norte
340,Andrés García,usuario340@empresa.co,3016027652,29,f,Medellín,ROPA,481333.11,3203165.34,3.9,TARJETA CREDITO,07-24-2020,09 Jun 2024,activo,13.0,
341,Miguel García,usuario341@empresa.co,3015142398,28,Femenino,CALI,Alimentos,262875.49,2785070.35,8.3,tarjeta débito,2024-02-07,05 Jun 2022,Inactivo,16.0,Occidente
342,Luis Ramírez,usuario342@gmail.com,3121211146,,f,Santa Marta,electronica,45581.45,1841202.05,1.5,PSE,2022/03/08,,ACTIVO,50.0,
343,,usuario343@hotmail.com,---,56,Masculino,Cartagena,ROPA,407186.8,3981652.31,8.8,pse,18-12-2021,03/09/2021,pendiente,28.0,
344,Miguel Pérez,usuario344@gmail.com,,20,F,Santa Marta,Tecnología,38585.12,4800507.0,7.2,efectivo,2021-01-16,2021/06/17,pendiente,41.0,Oriente
345,Paola Pérez,,3119809643,63,MASCULINO,Cartagena,ROPA,849653.55,,3.5,Tarjeta Débito,20-05-2022,27/12/2020,Cancelado,43.0,Oriente
346,Sergio Rivera,usuario346@hotmail.com,3153050044,73,Masculino,Bucaramanga,electronica,63190.97,5018660.95,1.8,Tarjeta Débito,2022-07-07,11-06-2021,Pendiente,11.0,
347,Natalia Sánchez,usuario347@gmail.com,3125072469,61,Masculino,Pereira,Deportes,119578.26,3652713.91,7.7,Tarjeta Crédito,22 Jan 2022,2021/04/09,Activo,3.0,Occidente
348,Andrés López,,3126763874,34,Female,Cartagena,HOGAR,222429.21,3626393.34,6.3,,2021-11-27,12-01-2020,activo,11.0,Sur
349,Sandra López,usuario349@hotmail.com,3015648504,58,MASCULINO,BOGOTA,Ropa,10427.51,4887925.96,9.4,tarjeta débito,23-09-2023,20-04-2022,Cancelado,41.0,Sur
350,Luis Rodríguez,usuario350@hotmail.com,3209374728,69,f,Santa Marta,deportes,12454.2,5019145.02,3.0,TARJETA CREDITO,,2023-10-02,Inactivo,50.0,Sur
351,Pedro Ramírez,usuario351@yahoo.com,3003242125,45,Masculino,medellin,Electrónica,135382.15,1775680.79,2.2,TARJETA CREDITO,,28 Nov 2021,activo,26.0,Oriente
352,Laura Rodríguez,sin_email,3101929622,32,Masculino,Bogotá,Ropa,201094.11,,3.3,Nequi,08-12-2023,2024/03/28,pendiente,37.0,
353,Paola López,usuario353@outlook.com,3209510415,35,F,Barranquilla,Tecnología,300368.13,2253204.66,8.1,efectivo,12 Feb 2022,2022/04/10,Activo,35.0,Norte
354,Laura Sánchez,usuario354@outlook.com,3007175825,22,F,Bucaramanga,Ropa,18820597.0,4476674.23,9.2,pse,09-06-2022,18/11/2024,activo,21.0,Occidente
355,María Rivera,usuario355@yahoo.com,3128783267,150,Female,Pereira,alimentos,192530.02,-1000.0,,Efectivo,2020/01/03,2021/12/05,Pendiente,,
356,Sergio Gómez,usuario356@outlook.com,3102553937,70,Male,Manizales,Electrónica,518161.14,1363994.27,6.3,tarjeta débito,23-01-2020,2021-11-19,Pendiente,34.0,Oriente
357,Paola González,usuario357@hotmail.com,3202911580,36,MASCULINO,medellin,alimentos,13628.75,2827176.63,,Tarjeta Crédito,2022-09-12,12-05-2020,ACTIVO,,
358,Luis González,usuario358@yahoo.com,3114677004,47,m,Pereira,HOGAR,171876.77,3745453.94,,,28 Nov 2023,08/03/2020,pendiente,34.0,Occidente
359,María Ramírez,usuario359@gmail.com,3154223143,62,m,Medellín,Alimentos,219742.37,5229406.52,,Efectivo,02-12-2021,2022-05-27,Inactivo,47.0,
360,Paola Ramírez,usuario360@hotmail.com,3126513297,35,FEMENINO,Medellín,Tecnología,421900.59,4133392.6,4.1,TARJETA CREDITO,06 Aug 2023,23/10/2023,ACTIVO,32.0,Occidente
361,Paola Ramírez,usuario361@empresa.co,,49,F,Bucaramanga,Ropa,88897.5,3753537.69,1.2,Nequi,19 Nov 2020,30 Oct 2022,Activo,46.0,Oriente
362,Carlos Sánchez,usuario362@empresa.co,3014170968,56,Femenino,Pereira,Ropa,104859.49,3001823.28,8.5,efectivo,12-15-2020,2022/04/18,Pendiente,23.0,Centro
363,,usuario363@empresa.co,3105586119,,Femenino,Cartagena,alimentos,343581.46,3843169.88,4.1,tarjeta débito,02-01-2023,04/01/2023,Inactivo,46.0,Sur
364,Sandra Rivera,usuario364@empresa.co,,38,m,  Cartagena  ,ROPA,304467.69,2931883.7,-1.0,Efectivo,2022-12-30,15/06/2021,Pendiente,7.0,Centro
365,María Flores,usuario365@gmail.com,3205099102,19,F,Bogotá,Deportes,165922.96,,4.7,Efectivo,15 Oct 2021,,Inactivo,1.0,Norte
366,Carlos Gómez,usuario366@outlook.com,3124934245,61,Male,Bucaramanga,Hogar,,4552760.27,9.1,Tarjeta Débito,04-01-2021,12/12/2020,inactivo,14.0,Norte
367,Natalia Gómez,usuario367@gmail.com,3014523878,54,F,Santa Marta,Tecnología,,4899881.53,3.7,Nequi,2024-09-27,2020-09-19,Pendiente,44.0,Centro
368,Laura Sánchez,usuario368@yahoo.com,3129164719,19,Masculino,Manizales,deportes,670596.27,1633454.15,9.4,TARJETA CREDITO,06-03-2020,02 Oct 2023,Activo,42.0,Norte
369,Miguel López,usuario369@yahoo.com,3154854715,61,Female,Barranquilla,deportes,321861.24,5150929.03,3.7,Tarjeta Débito,08-07-2022,19-12-2020,Inactivo,26.0,Sur
370,Andrés Pérez,usuario370@yahoo.com,3121989800,54,F,Cartagena,ROPA,62256.98,3780680.73,9.1,,25/01/2023,03-07-2022,inactivo,33.0,
371,Andrés Sánchez,usuario371@hotmail.com,3123711161,,MASCULINO,Cali,Electrónica,387144.18,4007222.56,7.5,efectivo,01-01-2022,22/11/2020,inactivo,5.0,Norte
372,Sandra Torres,usuario372@empresa.co,3209907653,48,Male,Cali,ROPA,55873.4,2463922.76,4.9,TARJETA CREDITO,29/12/2021,09/02/2021,pendiente,23.0,Oriente
373,Miguel Torres,usuario373@yahoo.com,3109451997,46,MASCULINO,medellin,alimentos,136611.46,4796439.46,8.9,TARJETA CREDITO,2021/12/21,21/05/2023,ACTIVO,42.0,Occidente
374,Sandra Sánchez,,,29,M,Cali,electronica,49275.66,5734388.94,9.0,pse,2021-12-19,13/01/2023,Cancelado,40.0,Sur
375,Carlos Martínez,usuario375@yahoo.com,3121202294,45,MASCULINO,Bucaramanga,Alimentos,237876.11,2269322.48,7.4,Efectivo,,28/12/2022,activo,26.0,Occidente
376,Sandra Rodríguez,,3126608364,49,Masculino,  Cartagena  ,Deportes,292620.66,1906071.04,5.7,efectivo,2022-10-28,19 Oct 2021,activo,7.0,Norte
377,María López,usuario377@empresa.co,,48,f,Barranquilla,alimentos,8210.33,3190950.14,7.7,Tarjeta Crédito,06 Jan 2024,30-08-2022,pendiente,27.0,Sur
378,Andrés García,usuario378@yahoo.com,3115599997,39,Femenino,Santa Marta,electronica,38511.44,2995013.65,1.5,Tarjeta Crédito,15-02-2023,20/08/2024,ACTIVO,48.0,Oriente
379,Jorge Rivera,usuario379@outlook.com,3014069168,24,MASCULINO,Pereira,Electrónica,271860.67,2617586.49,5.0,,08 May 2020,2024/11/10,inactivo,3.0,Occidente
380,Luis Pérez,usuario380@hotmail.com,3001624075,39,F,  Cartagena  ,alimentos,339535.1,5622636.39,7.6,Nequi,13/01/2022,11-26-2024,Inactivo,13.0,Sur
381,Andrés Sánchez,usuario381@outlook.com,3115916335,49,Femenino,  Cartagena  ,Tecnología,522782.61,5123589.81,9.1,tarjeta débito,2024/06/30,08/04/2020,ACTIVO,41.0,Occidente
382,Juan Flores,usuario382@empresa.co,3109790306,43,,Medellín,Ropa,94789.35,4204280.73,8.5,Tarjeta Débito,18/11/2022,24/07/2021,Cancelado,26.0,Occidente
383,Andrés Sánchez,usuario383@outlook.com,3103357717,53,Male,BOGOTA,Alimentos,484649.47,-1000.0,3.7,efectivo,02-07-2024,23 Feb 2021,Inactivo,31.0,Centro
384,Luis Martínez,usuario384@empresa.co,3151752504,,F,Santa Marta,deportes,258406.86,1744416.67,6.8,,2022-08-04,15/10/2021,pendiente,20.0,Centro
385,Miguel González,usuario385@gmail.com,3152824608,34,Male,Medellín,alimentos,317620.28,3617353.85,5.1,Nequi,07-11-2022,17-02-2022,Pendiente,29.0,
386,,usuario386@outlook.com,3125890949,67,m,Manizales,Tecnología,550088.65,2834606.32,-1.0,pse,22-10-2024,06-11-2023,Cancelado,26.0,Norte
387,Miguel González,usuario387@outlook.com,3108430904,50,Male,CALI,Alimentos,64966.73,4452722.36,7.8,tarjeta débito,22/03/2021,12 Dec 2022,inactivo,,Oriente
388,Jorge Flores,usuario388@gmail.com,3018639062,18,FEMENINO,Barranquilla,electronica,164604.13,357570.95,9.2,tarjeta débito,2023/08/31,10-30-2020,Inactivo,28.0,Norte
389,Sandra Pérez,,3125018825,52,Male,Medellín,HOGAR,174290.26,1764482.48,4.0,TARJETA CREDITO,02-19-2022,09/04/2021,activo,3.0,Occidente
390,Laura López,usuario390@gmail.com,3108522917,21,MASCULINO,Cartagena,HOGAR,63335.94,4350854.7,11.0,Tarjeta Crédito,2021-04-11,03-10-2022,inactivo,8.0,Centro
391,Pedro Rivera,usuario391@empresa.co,3005089243,41,FEMENINO,  Cartagena  ,alimentos,103524.3,4926200.61,2.9,Tarjeta Débito,2023-04-04,25 Mar 2022,ACTIVO,9.0,Centro
392,Juan Rivera,usuario392@outlook.com,3018611643,49,FEMENINO,Barranquilla,Ropa,315310.8,4972386.45,8.9,TARJETA CREDITO,13-05-2020,18 Mar 2020,Cancelado,1.0,Oriente
393,Diana González,usuario393gmail.com,3005535809,66,FEMENINO,Bogotá,Hogar,187272.64,299476.73,4.5,pse,07-18-2024,22/09/2022,Pendiente,49.0,Centro
394,Laura González,,3122645723,150,F,Cúcuta,Alimentos,1048321.07,3878020.83,1.7,efectivo,14/10/2024,2022/08/02,Activo,36.0,Sur
395,Sandra Sánchez,usuario395@hotmail.com,3128850794,36,F,barranquilla,Tecnología,810557.32,5361417.18,6.7,PSE,31-12-2023,27 Feb 2024,Cancelado,27.0,Occidente
396,Sergio Gómez,usuario396@outlook.com,,62,M,CALI,Alimentos,189400.5,5699546.65,5.5,Tarjeta Crédito,2022-10-24,04 Nov 2024,Pendiente,38.0,Centro
397,Diana Rivera,usuario397@hotmail.com,3128512913,19,Female,Bogotá,HOGAR,16230691.5,2078322.21,8.6,Nequi,30/12/2024,,Cancelado,3.0,Sur
398,Paola García,usuario398@hotmail.com,3009458607,56,M,medellin,alimentos,37191.75,3044585.4,1.7,Efectivo,04-16-2022,2023/08/22,inactivo,30.0,Occidente
399,Jorge Gómez,usuario399@yahoo.com,,63,,Cali,electronica,94417.71,3562494.64,9.9,Efectivo,2022/03/06,10 Mar 2023,Inactivo,22.0,Centro
400,Luis Gómez,,3152168064,53,Female,Bogotá,Deportes,316688.75,3997574.94,5.8,Efectivo,03-07-2020,01/07/2024,activo,34.0,
401,Juan Ramírez,usuario401@yahoo.com,3113787201,,Femenino,Pereira,Alimentos,223381.81,3864463.18,9.2,Tarjeta Débito,2024/09/25,03/04/2020,Activo,26.0,Sur
402,Natalia López,usuario402@yahoo.com,3016328307,32,Femenino,Santa Marta,Tecnología,219837.26,1339045.42,9.0,PSE,2020-03-13,2023/01/18,activo,8.0,Sur
403,Laura Gómez,usuario403@outlook.com,3125736335,25,,Medellín,HOGAR,333683.71,0.0,,tarjeta débito,02-03-2022,11-06-2021,Inactivo,16.0,
404,Natalia Torres,usuario404@gmail.com,N/A,25,Masculino,Santa Marta,deportes,64845.45,,6.9,TARJETA CREDITO,24-04-2020,16-07-2022,inactivo,22.0,Norte
405,Natalia Pérez,usuario405@gmail.com,3013245320,27,M,Barranquilla,Electrónica,186510.74,5025307.67,8.6,tarjeta débito,16/01/2024,2024/12/23,Cancelado,20.0,Oriente
406,Jorge López,usuario406@yahoo.com,no tiene,63,FEMENINO,Pereira,Electrónica,107549.79,3665046.24,8.6,PSE,2024-06-22,24/02/2022,Cancelado,34.0,
407,Andrés González,usuario407@gmail.com,3129525435,63,,Cúcuta,electronica,2856226.55,4535505.78,5.0,TARJETA CREDITO,2022-04-10,18-05-2021,Activo,15.0,
408,Juan Flores,sin_email,3152141084,71,MASCULINO,Medellín,ROPA,209999.72,3906808.43,4.3,Efectivo,08-28-2022,,Activo,8.0,Sur
409,Andrés Ramírez,usuario409@hotmail.com,3111507082,48,Masculino,Cali,alimentos,158348.99,3921296.88,8.8,efectivo,29 Jul 2021,2024/06/12,Cancelado,50.0,Norte
410,Ana Torres,usuario410@outlook.com,3006175905,53,f,Cartagena,Deportes,550880.95,2590055.98,6.3,Tarjeta Crédito,12-07-2021,06-08-2022,ACTIVO,,Norte
411,Pedro Martínez,usuario411@yahoo.com,000,30,FEMENINO,Santa Marta,Ropa,52361.28,6110145.28,8.1,tarjeta débito,20/12/2021,01 May 2021,pendiente,,Occidente
412,Carlos Martínez,usuario412@yahoo.com,3113675517,50,Femenino,Cúcuta,HOGAR,352539.8,3032949.62,11.0,Tarjeta Crédito,02 Aug 2023,04-12-2022,ACTIVO,23.0,Oriente
413,Miguel González,usuario413@outlook.com,3007895887,26,F,BOGOTA,Alimentos,12819.59,4113619.42,5.8,PSE,,02-19-2023,pendiente,7.0,Centro
414,Jorge García,usuario414@empresa.co,3159516068,35,MASCULINO,Manizales,Tecnología,135294.31,3724694.18,,TARJETA CREDITO,,07 Jul 2022,ACTIVO,23.0,Occidente
415,Luis Torres,usuario415@outlook.com,3155293117,72,Female,CALI,deportes,243306.58,3300909.54,9.7,Nequi,14 Dec 2024,2023/06/11,Pendiente,46.0,Occidente
416,Paola Gómez,usuario416@empresa.co,3204500276,68,f,Medellín,Deportes,9930.48,3693027.23,,Nequi,2023-10-08,24 Oct 2022,pendiente,29.0,Norte
417,Diana Gómez,usuario417@gmail.com,3129532366,70,MASCULINO,BOGOTA,Tecnología,322282.96,2968104.93,3.9,efectivo,03-10-2021,25/04/2020,inactivo,50.0,Norte
418,Andrés Flores,usuario418@hotmail.com,3001650548,,Masculino,Barranquilla,Hogar,446442.16,99999999.0,4.6,,2023/07/16,10 Nov 2024,Cancelado,30.0,Oriente
419,Paola Ramírez,usuario419@empresa.co,3104349272,71,Male,CALI,Electrónica,21315.31,1812568.4,2.1,Tarjeta Débito,2021-03-06,2023-06-18,activo,43.0,Centro
420,Sergio González,usuario420@outlook.com,3101156747,60,f,Manizales,electronica,281134.81,,8.1,PSE,08-12-2021,05-02-2024,inactivo,38.0,Occidente
421,Juan Ramírez,usuario421@outlook.com,3109336540,27,Female,Barranquilla,Electrónica,320823.84,3922600.28,,TARJETA CREDITO,2023/09/27,10-23-2023,pendiente,34.0,Occidente
422,Sandra Ramírez,usuario422@hotmail.com,3124065117,48,,Santa Marta,Deportes,1246325.94,3728857.51,8.7,Nequi,07 Apr 2020,16-06-2021,Activo,16.0,Centro
423,Laura Ramírez,usuario423@gmail.com,3154559362,53,F,Santa Marta,Deportes,350837.91,3948763.69,6.2,,2021-12-19,2020/01/21,Cancelado,37.0,Sur
424,Ana Ramírez,usuario424@hotmail.com,,42,MASCULINO,medellin,HOGAR,,4115368.04,2.2,,25/10/2023,2021/06/05,Pendiente,10.0,Oriente
425,Jorge Rodríguez,usuario425@outlook.com,3201842162,38,Female,Manizales,Hogar,,3178437.66,4.1,tarjeta débito,01/04/2022,08-08-2024,pendiente,49.0,Oriente
426,Luis Rodríguez,usuario426@hotmail.com,3124897763,62,F,medellin,deportes,188589.77,2539897.54,4.8,,2022-06-15,03-24-2024,inactivo,32.0,Norte
427,Luis Martínez,usuario427@empresa.co,3117000597,42,f,Cali,Ropa,353394.46,3862574.33,7.2,pse,2023-01-04,06-02-2022,pendiente,11.0,Oriente
428,Sandra López,usuario428@yahoo.com,no tiene,67,Male,Cartagena,alimentos,365677.56,1685968.4,5.8,efectivo,13/05/2023,2024-12-09,activo,33.0,Sur
429,Sandra Rodríguez,usuario429@empresa.co,3008874781,38,,BOGOTA,Hogar,68657.34,3725042.91,5.5,Tarjeta Crédito,30-08-2020,2020/04/29,activo,3.0,Sur
430,Jorge Gómez,,3017512742,63,Masculino,Bogotá,Electrónica,400547.14,3291728.85,3.6,Tarjeta Débito,30-08-2024,04 Dec 2023,activo,11.0,Sur
431,,usuario431@empresa.co,3106408143,42,M,CALI,Electrónica,555237.29,5763853.15,,Nequi,14/11/2021,08 Oct 2021,pendiente,18.0,Norte
432,Andrés López,usuario432@gmail.com,3154777001,60,Female,medellin,HOGAR,84130.12,3654823.37,2.9,TARJETA CREDITO,09-02-2023,31 Jul 2022,ACTIVO,13.0,
433,Diana Gómez,usuario433@empresa.co,3016317434,59,F,CALI,ROPA,147818.26,1372190.85,4.6,Tarjeta Crédito,30-07-2021,12/04/2023,Pendiente,28.0,Sur
434,Luis Sánchez,usuario434@empresa.co,3122311812,49,M,Bogotá,electronica,506049.86,2746664.93,9.4,Tarjeta Débito,09-16-2024,2024-06-07,pendiente,44.0,Norte
435,Miguel Gómez,usuario435@empresa.co,3121491858,26,M,CALI,Tecnología,136842.87,3181741.11,5.8,efectivo,04-01-2022,10-06-2024,Inactivo,7.0,Sur
436,Juan González,sin_email,3019067579,55,Femenino,Cali,alimentos,89357.14,2281062.68,7.8,efectivo,2024/12/28,04-02-2023,Inactivo,46.0,
437,Andrés Sánchez,usuario437@yahoo.com,no tiene,24,MASCULINO,Cartagena,HOGAR,130618.31,216209.91,5.0,,22-10-2022,,Cancelado,48.0,Sur
438,Jorge Torres,usuario438@gmail.com,3114938222,46,MASCULINO,Barranquilla,alimentos,130700.82,3053657.56,4.1,efectivo,19-06-2020,01-03-2021,Activo,28.0,Sur
439,Andrés Gómez,usuario439@gmail.com,3203706235,47,FEMENINO,Cali,deportes,232877.26,2881638.83,4.6,TARJETA CREDITO,19 Dec 2022,16/04/2022,Cancelado,13.0,Norte
440,Sergio Sánchez,usuario440@outlook.com,3114348469,,f,Cartagena,alimentos,1550735.83,2926272.58,4.2,,09-27-2023,,pendiente,23.0,Occidente
441,Paola Rodríguez,usuario441@empresa.co,3128082909,73,Male,Bogotá,Electrónica,112705.34,1353970.59,1.5,Tarjeta Débito,04-10-2021,03-13-2020,Inactivo,35.0,Occidente
442,Juan González,usuario442@gmail.com,3112849216,27,M,  Cartagena  ,Deportes,58865.47,2661315.06,,PSE,2020-09-06,28-05-2023,ACTIVO,15.0,Norte
443,Andrés Rivera,usuario443@outlook.com,3004235498,150,,Bucaramanga,Ropa,45384.4,2835003.51,3.9,Tarjeta Crédito,06-24-2022,21/01/2023,activo,6.0,
444,Pedro Ramírez,usuario444@empresa.co,3124178993,62,Male,Bogotá,electronica,131543.25,5085970.3,7.8,pse,22-07-2020,03-01-2024,Cancelado,28.0,
445,Sergio Torres,usuario445@yahoo.com,3009257704,23,Masculino,medellin,alimentos,66062.0,4069297.62,1.8,PSE,12-12-2021,03-16-2024,Inactivo,16.0,Norte
446,Carlos Rivera,usuario446@gmail.com,3007021660,72,FEMENINO,CALI,Deportes,764322.25,1865395.93,3.6,Tarjeta Crédito,29/02/2020,20/06/2024,Inactivo,46.0,Norte
447,Luis Ramírez,usuario447@gmail.com,3156380143,52,Femenino,Cartagena,Alimentos,657295.0,4940431.17,1.8,Nequi,2020-04-25,14-06-2022,ACTIVO,40.0,
448,Pedro Torres,usuario448@outlook.com,,38,Femenino,Cúcuta,deportes,7540.14,4266248.42,4.5,Tarjeta Débito,01/03/2021,04 Mar 2023,Activo,31.0,Sur
449,Laura Ramírez,usuario449@outlook.com,3159978990,74,FEMENINO,Medellín,deportes,1756811.67,,6.3,efectivo,,26-06-2020,pendiente,44.0,Occidente
450,Laura Ramírez,usuario450@gmail.com,3103985388,73,FEMENINO,Medellín,Deportes,79571.33,3073886.46,4.2,TARJETA CREDITO,15-04-2020,01/07/2022,activo,12.0,Occidente
451,Paola Martínez,usuario451@empresa.co,N/A,57,Female,Barranquilla,Hogar,69401.5,3386106.55,2.0,Efectivo,21-12-2023,22/07/2021,Inactivo,19.0,Oriente
452,Laura Martínez,sin_email,3204357169,desconocido,Female,CALI,Alimentos,44642.81,2948254.8,3.2,PSE,2023-02-27,19/04/2022,Inactivo,32.0,Sur
453,Carlos García,usuario453@empresa.co,3156672261,36,FEMENINO,Santa Marta,Ropa,346262.06,4916377.28,6.5,efectivo,06-07-2022,2021/05/01,inactivo,,Centro
454,Ana González,usuario454@empresa.co,3207625935,65,,Bogotá,electronica,312827.61,,8.5,Tarjeta Crédito,,2021-05-17,Inactivo,33.0,
455,Ana Ramírez,usuario455@yahoo.com,000,24,,medellin,deportes,218772.97,5031289.42,5.2,pse,23-07-2020,2020-05-30,Cancelado,27.0,Oriente
456,Laura González,usuario456@empresa.co,3006516830,63,Female,  Cartagena  ,ROPA,405557.81,3273844.25,1.3,PSE,09 May 2023,07/02/2020,activo,33.0,Norte
457,Pedro Ramírez,usuario457@gmail.com,3129181291,46,Femenino,Santa Marta,ROPA,132473.37,4500330.88,6.4,tarjeta débito,2024/10/27,2020/06/13,ACTIVO,12.0,Norte
458,Natalia Rodríguez,usuario458@outlook.com,3104700831,37,F,Medellín,Tecnología,672340.54,3795267.69,6.9,PSE,07-04-2023,04-12-2023,inactivo,32.0,
459,Laura Pérez,usuario459@outlook.com,000,20,f,BOGOTA,HOGAR,70519.23,,4.1,PSE,,19/01/2022,Activo,6.0,Oriente
460,Juan Martínez,,3112414452,21,Male,Santa Marta,Alimentos,195244.23,3255510.58,2.6,,2024/08/25,2024-06-15,Cancelado,48.0,Centro
461,Jorge Rodríguez,usuario461@gmail.com,3158822983,41,Female,Medellín,deportes,376065.64,4684259.79,11.0,Tarjeta Crédito,23-04-2020,2020-04-25,Inactivo,24.0,Centro
462,Laura Rodríguez,usuario462@gmail.com,3106720892,33,Femenino,Barranquilla,Alimentos,42651.32,3007065.14,8.4,pse,10 Jul 2022,10 Dec 2020,pendiente,27.0,Occidente
463,Miguel Flores,usuario463@hotmail.com,3117198992,54,MASCULINO,Manizales,alimentos,66832.21,298196.35,1.7,Nequi,02-21-2020,03-04-2020,Inactivo,39.0,Sur
464,Sandra García,usuario464@outlook.com,3011162793,29,f,Cúcuta,Hogar,352490.47,1851778.99,6.6,pse,07-07-2024,18-07-2023,Cancelado,18.0,Centro
465,Sandra Rivera,usuario465@empresa.co,3201113572,23,FEMENINO,Manizales,Electrónica,,4585845.77,9.6,TARJETA CREDITO,08 Aug 2022,04-07-2021,pendiente,16.0,
466,Andrés Flores,usuario466@yahoo.com,,42,m,BOGOTA,Tecnología,320984.45,4436739.99,9.0,Efectivo,2022/02/04,13 Oct 2024,inactivo,38.0,Norte
467,Natalia Rodríguez,usuario467@gmail.com,3116821448,33,,BOGOTA,alimentos,318274.02,4792496.99,8.8,TARJETA CREDITO,04-28-2024,2023/09/14,Activo,,Norte
468,Miguel Sánchez,usuario468@hotmail.com,3013625209,55,Male,barranquilla,Hogar,224308.0,4094098.23,3.7,Tarjeta Crédito,07-31-2024,17 Jan 2023,Pendiente,14.0,Norte
469,Pedro Pérez,usuario469@hotmail.com,,47,f,Cali,deportes,690682.32,2703819.32,1.4,efectivo,2020-09-09,19-05-2020,Pendiente,47.0,Occidente
470,Ana López,usuario470@gmail.com,3005849422,47,Male,Cartagena,Hogar,7800.77,3898820.47,2.1,Efectivo,07-31-2021,2023-02-11,Inactivo,27.0,Sur
471,Pedro Martínez,usuario471@empresa.co,3108800091,18,MASCULINO,barranquilla,alimentos,363517.71,3149299.39,6.0,Nequi,02 Feb 2021,05/08/2020,Pendiente,23.0,Oriente
472,Carlos López,usuario472@yahoo.com,3005389078,47,Male,BOGOTA,Electrónica,197726.46,4117922.9,,pse,2020/02/12,20-02-2021,activo,,Norte
473,Ana López,usuario473@hotmail.com,3109406574,61,f,CALI,alimentos,87449.41,1863969.48,2.9,efectivo,2021-06-18,,Activo,27.0,Occidente
474,Paola Gómez,usuario474@hotmail.com,3002263590,22,Male,  Cartagena  ,Hogar,26522.82,4908756.13,5.4,Nequi,2020/06/22,19/06/2021,ACTIVO,41.0,Oriente
475,Juan Gómez,usuario475@yahoo.com,3113311969,40,FEMENINO,Medellín,Deportes,203200.55,3172696.98,2.2,pse,11-02-2023,,inactivo,11.0,Centro
476,María Martínez,usuario476empresa.co,3004976966,37,Femenino,  Cartagena  ,HOGAR,66833.61,4493037.31,8.9,tarjeta débito,10/09/2021,09-19-2023,activo,35.0,Sur
477,Pedro Gómez,usuario477@hotmail.com,3001368947,45,,Manizales,electronica,315214.6,3034442.48,3.3,Nequi,2022/01/24,11-24-2021,inactivo,14.0,Oriente
478,Laura Flores,usuario478@hotmail.com,3158427453,47,Masculino,Cartagena,ROPA,295454.54,1990616.82,2.0,PSE,02-25-2020,17/11/2021,activo,33.0,Sur
479,Diana Flores,usuario479@gmail.com,3004794811,30,f,Cali,alimentos,216788.46,5317164.42,3.1,,22 Nov 2023,2021/10/18,Cancelado,21.0,Sur
480,Laura Flores,usuario480@outlook.com,3125993101,72,FEMENINO,Cali,electronica,,3679828.22,2.9,Efectivo,27-02-2023,15 Aug 2021,Cancelado,33.0,Centro
481,Miguel Ramírez,usuario481@outlook.com,3116140622,33,m,BOGOTA,HOGAR,252103.55,2325228.75,,Efectivo,03/08/2024,05 Dec 2023,Cancelado,46.0,Sur
482,Ana Rodríguez,usuario482@outlook.com,3003112631,40,m,barranquilla,Deportes,115224.72,4114864.09,8.2,Tarjeta Débito,2022/11/14,2021/06/27,activo,26.0,Sur
483,Sandra García,sin_email,3153259080,62,Femenino,Pereira,Tecnología,43894.43,3813280.57,4.6,Efectivo,10-23-2021,2023/11/02,ACTIVO,20.0,Occidente
484,Jorge Rivera,usuario484@yahoo.com,,71,Femenino,  Cartagena  ,deportes,198795.12,3724423.28,8.7,pse,2020/12/04,2020/09/21,ACTIVO,43.0,Sur
485,Laura Torres,usuario485outlook.com,3156730134,35,Male,  Cartagena  ,deportes,47798.51,2873262.47,6.5,,22-08-2024,08-19-2022,Cancelado,46.0,Norte
486,Carlos Rodríguez,usuario486@hotmail.com,3017021864,,FEMENINO,Bucaramanga,Electrónica,317319.67,5553059.1,9.3,Tarjeta Crédito,01/05/2022,23-10-2024,pendiente,4.0,
487,Miguel López,usuario487@hotmail.com,3158888414,67,Masculino,Cartagena,Tecnología,265813.06,-1000.0,2.6,Nequi,31/07/2021,23 Jan 2024,Cancelado,39.0,Norte
488,Laura Sánchez,usuario488@hotmail.com,3208103798,21,Femenino,Santa Marta,Electrónica,189742.68,3094263.89,8.7,Efectivo,27/07/2022,17 Jul 2024,Inactivo,20.0,Occidente
489,Natalia López,usuario489@empresa.co,3123885556,65,m,Santa Marta,Tecnología,328499.64,3372547.33,5.6,,2022-09-04,08 Feb 2021,Activo,32.0,
490,Natalia Ramírez,usuario490@hotmail.com,3129302080,75,F,Bucaramanga,deportes,65003.99,3932518.97,8.8,TARJETA CREDITO,2020/03/04,03-13-2023,Pendiente,2.0,Centro
491,Jorge Rivera,usuario491@outlook.com,3104574785,67,m,Medellín,alimentos,,5204224.9,4.2,Nequi,12 Feb 2023,2021-06-16,Inactivo,7.0,Occidente
492,Ana Sánchez,usuario492@outlook.com,3109718155,56,Masculino,barranquilla,Deportes,242726.46,4316828.09,3.1,TARJETA CREDITO,30/03/2022,08-19-2022,activo,9.0,
493,Ana Sánchez,usuario493@outlook.com,,32,Female,Bogotá,deportes,287478.16,5518105.37,4.0,TARJETA CREDITO,2023/02/04,04-09-2023,ACTIVO,36.0,Centro
494,Natalia González,usuario494@hotmail.com,3119435423,57,Femenino,Medellín,deportes,64319.14,3225496.93,5.1,Nequi,2023-04-09,2021/10/04,Inactivo,34.0,Norte
495,Pedro Gómez,usuario495@hotmail.com,3008505694,66,Female,Bogotá,Hogar,,6477638.05,2.1,Tarjeta Débito,05-11-2024,2021-12-12,inactivo,15.0,Oriente
496,Diana Torres,usuario496@gmail.com,3008819719,60,Female,  Cartagena  ,alimentos,230266.12,2317377.54,2.8,Nequi,,,ACTIVO,30.0,Oriente
497,Carlos Rivera,usuario497@outlook.com,3108573866,26,,Cali,electronica,285362.26,3219259.11,4.8,,2021-09-04,11 Jul 2020,inactivo,44.0,Occidente
498,Ana Martínez,usuario498@yahoo.com,3004698255,75,F,Medellín,alimentos,382825.44,4698353.69,6.0,Nequi,14 Oct 2020,2024-01-23,Cancelado,39.0,Oriente
499,Natalia Ramírez,usuario499@outlook.com,3119642403,20,F,CALI,deportes,1958730.5,2159853.81,2.0,Tarjeta Crédito,,2021/03/07,ACTIVO,36.0,Norte
500,Diana Martínez,usuario500@hotmail.com,3114209124,46,Female,BOGOTA,Alimentos,528793.04,4022556.02,8.5,pse,28 Mar 2020,,Pendiente,4.0,Sur
501,Luis Gómez,usuario501@outlook.com,3101235148,,MASCULINO,CALI,alimentos,258956.28,4572426.49,7.5,Tarjeta Débito,27-01-2024,01-16-2023,Activo,44.0,
502,Pedro Martínez,usuario502@outlook.com,3128001145,26,Male,Medellín,Electrónica,158003.64,4120579.0,2.8,tarjeta débito,26-06-2021,08-27-2022,activo,22.0,Centro
503,Diana González,usuario503@yahoo.com,3003945933,36,MASCULINO,CALI,HOGAR,164206.48,3853872.64,6.3,efectivo,2023-11-30,07-10-2022,inactivo,6.0,Occidente
504,Diana Martínez,usuario504@hotmail.com,,44,Masculino,Barranquilla,electronica,220099.35,3480521.09,9.1,Nequi,2021-05-23,2020/09/06,Pendiente,11.0,
505,María Flores,usuario505@gmail.com,3009893455,26,F,BOGOTA,electronica,209969.09,,2.8,PSE,,21-06-2021,Cancelado,2.0,Occidente
506,Pedro Ramírez,usuario506@gmail.com,3008727795,74,F,Barranquilla,Hogar,27906737.0,3021965.38,6.9,Efectivo,06-05-2023,,Cancelado,21.0,Oriente
507,Ana Rivera,usuario507@yahoo.com,3156152971,51,Femenino,Cartagena,Ropa,56202.69,2036732.88,5.6,tarjeta débito,11-14-2023,2020/06/06,Activo,29.0,Occidente
508,Andrés Pérez,usuario508@empresa.co,3106574307,35,FEMENINO,Bogotá,ROPA,51250.18,2391704.86,2.9,Tarjeta Crédito,11-12-2024,23/10/2020,inactivo,34.0,Norte
509,Diana Rivera,usuario509@empresa.co,3101632848,34,f,Manizales,ROPA,361126.28,4596909.96,5.3,Nequi,01 Dec 2020,17/12/2020,activo,43.0,Centro
510,Sergio Martínez,usuario510@empresa.co,3129399557,48,Female,Santa Marta,electronica,92373.9,4755363.45,,Tarjeta Crédito,2020-06-18,2020/05/06,Pendiente,50.0,Occidente
511,Diana Gómez,usuario511@gmail.com,3004307983,36,MASCULINO,Medellín,Electrónica,69644.8,2231297.04,3.1,tarjeta débito,02-22-2020,2022-01-29,Pendiente,13.0,Centro
512,Sandra Martínez,sin_email,3012132375,39,m,Cartagena,Deportes,627089.66,1337560.21,,Nequi,30 Nov 2021,2022-07-11,Activo,25.0,Centro
513,María Martínez,usuario513@hotmail.com,3124438669,47,Male,Cali,Hogar,211888.14,3014985.82,,tarjeta débito,,10-02-2022,pendiente,30.0,Centro
514,Ana Torres,,,27,Male,Pereira,Deportes,138932.52,5861884.69,9.5,Tarjeta Crédito,21 Jun 2021,2023-08-11,ACTIVO,45.0,Centro
515,Diana Flores,usuario515@yahoo.com,3121285985,32,FEMENINO,BOGOTA,Deportes,119716.94,5412985.07,5.6,efectivo,23 Dec 2021,03-02-2021,activo,19.0,Norte
516,Diana Flores,usuario516@gmail.com,3103223340,64,Masculino,CALI,HOGAR,173630.58,3143123.69,4.8,tarjeta débito,2024-02-07,2020/12/22,activo,20.0,Sur
517,Sergio García,usuario517@empresa.co,3111287448,43,M,Pereira,Deportes,24146360.0,3754112.49,,Nequi,,2022/06/19,Cancelado,50.0,Oriente
518,Sergio García,usuario518@gmail.com,3108044419,69,MASCULINO,Barranquilla,ROPA,415832.86,3959023.37,4.6,,2023-05-13,08/02/2022,pendiente,6.0,Centro
519,Miguel Rivera,usuario519@empresa.co,3209377405,23,FEMENINO,Cali,ROPA,283290.13,5419149.85,8.1,,2021/09/14,17 Feb 2024,ACTIVO,13.0,Norte
520,Diana Pérez,usuario520@gmail.com,3126114979,18,Female,  Cartagena  ,Ropa,50904.05,693390.28,9.3,TARJETA CREDITO,2021/03/14,27/05/2020,pendiente,22.0,Oriente
521,Sandra Sánchez,usuario521@empresa.co,3012672899,25,FEMENINO,Manizales,Tecnología,159604.7,2683051.07,,Nequi,11/05/2020,02-11-2020,Pendiente,20.0,Occidente
522,Jorge García,usuario522@yahoo.com,3114869258,61,,Bucaramanga,Ropa,51585.97,259496.37,8.8,tarjeta débito,04-02-2023,12-03-2021,inactivo,16.0,Occidente
523,,usuario523@hotmail.com,3104340443,34,Masculino,Cúcuta,alimentos,180795.4,2019502.43,1.8,Tarjeta Débito,2022-06-19,02/05/2021,Pendiente,37.0,Norte
524,Ana García,usuario524@gmail.com,3159156889,70,Femenino,Barranquilla,alimentos,979142.33,0.0,,PSE,2023/08/28,21/08/2022,Cancelado,27.0,Norte
525,,usuario525@hotmail.com,3123392964,41,Male,  Cartagena  ,Ropa,403573.64,4323958.96,5.1,TARJETA CREDITO,30-04-2021,2022-08-22,activo,38.0,Norte
526,Laura Rivera,usuario526@yahoo.com,3015093130,32,m,  Cartagena  ,ROPA,,3388331.27,3.4,TARJETA CREDITO,28/03/2021,26-12-2022,ACTIVO,33.0,Occidente
527,Pedro Sánchez,usuario527@outlook.com,3105725443,57,Masculino,Cartagena,Alimentos,,,1.2,Tarjeta Crédito,27/06/2022,19/08/2020,ACTIVO,19.0,
528,María Gómez,usuario528@hotmail.com,3013868777,53,Male,Santa Marta,Hogar,145877.07,2690582.41,5.5,Tarjeta Crédito,2023-05-13,2021-04-15,pendiente,2.0,Sur
529,María González,usuario529@gmail.com,3126977683,57,F,Manizales,Electrónica,349373.19,3925831.29,7.3,tarjeta débito,01-07-2021,2022-03-21,ACTIVO,1.0,
530,,usuario530@hotmail.com,3208511101,22,Male,Bucaramanga,Alimentos,46883.44,3425858.59,0.0,TARJETA CREDITO,12/07/2023,08-14-2021,activo,46.0,Centro
531,Laura Ramírez,usuario531@outlook.com,3019878978,47,Masculino,Bucaramanga,Deportes,153223.24,3989895.22,4.3,Tarjeta Crédito,10-11-2020,12 Jan 2024,Inactivo,29.0,Occidente
532,Juan Rodríguez,usuario532@yahoo.com,3008307826,37,MASCULINO,BOGOTA,HOGAR,252181.59,2770741.57,8.6,Nequi,2020/10/16,24-08-2023,pendiente,9.0,Sur
533,María Rodríguez,usuario533@outlook.com,3155235733,25,,Barranquilla,Alimentos,115559.74,3902574.44,1.5,tarjeta débito,17/05/2024,08-13-2020,ACTIVO,8.0,Norte
534,Laura González,usuario534@yahoo.com,N/A,20,Female,Bucaramanga,deportes,28953.15,5903634.95,6.5,Efectivo,2021/08/07,2023/06/13,inactivo,,Norte
535,Diana Rivera,usuario535@gmail.com,3115599364,49,,BOGOTA,HOGAR,391489.07,4343965.6,0.0,Tarjeta Débito,2023-09-10,09-15-2024,Inactivo,49.0,Sur
536,Andrés Flores,usuario536@gmail.com,3013139190,33,f,Bucaramanga,Ropa,,3268057.44,3.5,tarjeta débito,10-29-2020,14/04/2020,Cancelado,18.0,Occidente
537,María Rivera,usuario537@outlook.com,3123217265,26,,  Cartagena  ,Hogar,30432.75,4264093.95,1.3,,21 Mar 2024,23/02/2024,Activo,4.0,Oriente
538,Paola Rodríguez,usuario538@yahoo.com,3004116618,41,m,Cúcuta,Alimentos,373686.99,1451663.4,6.0,Nequi,05 Dec 2023,2023-10-24,Activo,37.0,Norte
539,Natalia Flores,usuario539@hotmail.com,3014113226,65,Female,  Cartagena  ,Electrónica,751876.84,3035296.06,4.5,Efectivo,02-10-2021,05-17-2022,Activo,24.0,Norte
540,Carlos Flores,,3014941723,52,M,Manizales,Alimentos,352803.76,4830388.85,9.4,Nequi,31 Aug 2021,08-02-2021,pendiente,15.0,
541,Ana Sánchez,usuario541@empresa.co,3111138336,65,M,Santa Marta,alimentos,140521.85,2685860.96,2.6,,2023-12-25,25/09/2022,pendiente,4.0,
542,Sandra Rivera,sin_email,3013315209,74,F,CALI,Alimentos,78573.17,4127103.46,9.9,pse,24/09/2020,,activo,45.0,
543,Paola Flores,usuario543@gmail.com,3128950885,24,M,Manizales,electronica,812240.99,3005818.6,8.1,TARJETA CREDITO,26-04-2020,11 Mar 2020,Activo,36.0,Oriente
544,Sergio Pérez,usuario544@outlook.com,3154036324,57,Femenino,BOGOTA,alimentos,204128.71,4589714.83,1.1,Tarjeta Crédito,01-15-2023,02 Jan 2020,Pendiente,37.0,Centro
545,Pedro Torres,usuario545@empresa.co,3158278412,35,Male,medellin,electronica,561082.72,4897897.06,7.2,Tarjeta Crédito,02-17-2022,2021-12-19,Inactivo,43.0,Centro
546,,usuario546@empresa.co,,,M,medellin,Alimentos,722869.35,4388069.95,2.6,Tarjeta Crédito,2020/11/12,06-12-2021,Cancelado,50.0,
547,Diana García,usuario547@gmail.com,3012025587,46,F,Cúcuta,Alimentos,148504.89,,-1.0,tarjeta débito,2022/10/26,14-07-2024,ACTIVO,50.0,Oriente
548,María Sánchez,usuario548@gmail.com,3202923322,33,Masculino,Cúcuta,ROPA,58107.32,1763406.51,,Tarjeta Débito,09-25-2024,2023/01/18,ACTIVO,44.0,Sur
549,Carlos Rodríguez,usuario549@hotmail.com,,24,F,Pereira,Alimentos,341912.77,2453328.69,5.7,Nequi,26-08-2024,2020/08/05,Inactivo,48.0,Sur
550,Laura Rivera,usuario550@empresa.co,3102832811,41,Female,Barranquilla,electronica,643928.07,3503645.54,100.0,tarjeta débito,31/03/2023,06-14-2023,Activo,4.0,Sur
551,,usuario551empresa.co,3207473225,59,Masculino,Cali,electronica,152224.08,3345648.34,5.3,pse,13/11/2020,2020-07-14,Cancelado,20.0,
552,Luis González,usuario552@yahoo.com,3159316051,43,m,  Cartagena  ,Deportes,16091.46,5414661.0,4.6,,13/06/2021,07-05-2020,Pendiente,6.0,Occidente
553,Pedro Pérez,usuario553@hotmail.com,3158750752,25,,Barranquilla,HOGAR,246219.06,4562264.42,2.5,Tarjeta Crédito,11-28-2022,2022-06-06,Pendiente,30.0,Oriente
554,Ana Rivera,usuario554@yahoo.com,3015063889,70,m,Santa Marta,Hogar,348499.02,2170093.08,2.4,Nequi,09-11-2023,11 Jul 2024,pendiente,45.0,Norte
555,Diana Ramírez,usuario555@yahoo.com,3019126076,60,MASCULINO,barranquilla,Ropa,184106.0,5433870.28,,TARJETA CREDITO,11/08/2022,2021-11-09,ACTIVO,4.0,Occidente
556,Carlos García,usuario556@outlook.com,3115958204,58,Femenino,Pereira,electronica,284499.5,3951269.41,8.0,efectivo,2021-07-09,2023/12/21,Pendiente,34.0,Norte
557,Luis García,usuario557@yahoo.com,3116614103,19,Femenino,Pereira,Alimentos,765715.78,3748235.09,9.0,PSE,04 Nov 2022,,Pendiente,15.0,Norte
558,Laura López,,3208907240,150,M,barranquilla,Alimentos,93516.11,1892487.37,2.2,Nequi,19-08-2023,2022-04-28,Pendiente,32.0,Centro
559,Miguel Rivera,usuario559@empresa.co,3019637178,26,Masculino,Cartagena,deportes,192900.57,4154244.92,2.8,TARJETA CREDITO,19-09-2021,2021/08/19,activo,30.0,Occidente
560,Miguel García,usuario560@yahoo.com,3005478026,31,Female,Cali,Hogar,34723.47,5188250.7,6.3,Tarjeta Crédito,2023/02/07,18/11/2022,Activo,29.0,Sur
561,Juan Pérez,usuario561@yahoo.com,3017643772,N/A,FEMENINO,Cúcuta,Electrónica,128113.81,2832938.63,,,01-09-2021,10-11-2020,activo,,Norte
562,Paola Martínez,usuario562@gmail.com,3115945151,31,Femenino,Manizales,Ropa,21400.83,4268286.54,6.4,Tarjeta Débito,30 Oct 2023,05-31-2021,inactivo,19.0,Norte
563,Andrés Torres,usuario563@gmail.com,3014556135,32,Female,BOGOTA,Ropa,,4499408.05,,Nequi,10-21-2020,2024-08-01,Cancelado,,Occidente
564,Natalia Torres,usuario564@empresa.co,3009978990,27,Female,  Cartagena  ,alimentos,97889.63,4496215.04,0.0,Efectivo,27-08-2024,05-06-2021,Inactivo,15.0,Oriente
565,,usuario565@outlook.com,3002386282,56,f,Cartagena,deportes,5173.0,2156440.1,9.6,Efectivo,13-06-2020,11/11/2020,activo,19.0,
566,Miguel González,usuario566@empresa.co,3122744174,,Female,BOGOTA,ROPA,64544.49,5307625.98,1.1,Tarjeta Crédito,2020/04/22,2024-11-18,pendiente,40.0,Centro
567,Sandra García,usuario567@empresa.co,3106353865,27,Female,Cali,HOGAR,158841.0,2092561.78,2.9,Tarjeta Débito,2022/08/04,,ACTIVO,15.0,Occidente
568,Pedro Torres,usuario568@empresa.co,3018540786,52,,Cali,electronica,272559.73,5851883.23,2.7,Efectivo,2020-01-18,03 Mar 2023,activo,27.0,
569,Laura Pérez,usuario569@empresa.co,3154337569,29,Masculino,Cartagena,Ropa,56529.42,2823894.1,6.9,Tarjeta Débito,2023-11-10,07/05/2023,Cancelado,7.0,Sur
570,María Rivera,usuario570@yahoo.com,3001404935,73,FEMENINO,Cartagena,Deportes,1055142.39,3267313.08,1.8,,13/11/2021,,inactivo,29.0,
571,Paola López,usuario571@gmail.com,3001568199,,m,Medellín,electronica,290311.69,2525180.15,8.3,pse,24-02-2024,2023/10/14,pendiente,23.0,Norte
572,Pedro García,usuario572@hotmail.com,3014677815,,M,barranquilla,Electrónica,205321.85,1972310.69,7.7,,2022-01-02,12-11-2021,Inactivo,9.0,Sur
573,Sergio Rivera,usuario573@empresa.co,3203686610,33,Femenino,  Cartagena  ,HOGAR,656579.38,5912766.84,1.7,efectivo,04-11-2023,08-07-2020,Inactivo,15.0,
574,Miguel Rivera,usuario574@gmail.com,3102321160,19,Femenino,medellin,electronica,259601.98,2507723.41,2.3,efectivo,,,Inactivo,22.0,Norte
575,Pedro Rodríguez,usuario575@yahoo.com,,21,Female,Manizales,Deportes,37704.69,-1000.0,8.2,Nequi,06 Apr 2022,,pendiente,28.0,Occidente
576,Andrés Flores,usuario576@gmail.com,3019233470,44,Masculino,Bucaramanga,deportes,66051.9,-1000.0,8.8,pse,20/10/2020,25/03/2024,inactivo,23.0,Sur
577,Ana Flores,usuario577@hotmail.com,3005093050,65,F,Barranquilla,Tecnología,318508.63,2307219.88,3.5,Tarjeta Crédito,12-18-2024,27 Feb 2023,Activo,37.0,Norte
578,Carlos López,usuario578@empresa.co,3124906903,999,Femenino,  Cartagena  ,Ropa,,4243576.45,2.0,tarjeta débito,02-07-2022,2022-09-26,Pendiente,12.0,Oriente
579,Miguel Flores,,3004757576,50,Masculino,medellin,Alimentos,186223.93,4553480.22,6.1,Tarjeta Débito,2020-08-18,2021-11-04,Inactivo,20.0,
580,Luis Sánchez,usuario580@gmail.com,3158170059,46,Male,barranquilla,Deportes,,4262389.25,9.9,TARJETA CREDITO,01-16-2021,02-03-2022,pendiente,10.0,Oriente
581,Andrés García,usuario581@outlook.com,3121346741,57,Femenino,medellin,HOGAR,50785.56,,,tarjeta débito,30-08-2021,06-15-2024,Activo,,
582,Andrés Pérez,usuario582hotmail.com,3116492362,,Female,Cúcuta,ROPA,58614.99,2751577.22,5.1,PSE,2021-08-31,17-06-2024,inactivo,9.0,
583,Jorge Pérez,usuario583@empresa.co,3119853196,73,,medellin,ROPA,526810.36,3907533.13,4.7,Tarjeta Crédito,06/03/2024,2020-11-04,Activo,32.0,Centro
584,Natalia Sánchez,usuario584@yahoo.com,3113477943,37,M,CALI,HOGAR,92142.44,3953273.78,2.3,Tarjeta Débito,,22-10-2023,Activo,22.0,
585,Paola García,usuario585@hotmail.com,3012209199,19,MASCULINO,Pereira,Electrónica,829943.27,4773059.18,3.7,,28 Aug 2024,13 Aug 2020,pendiente,34.0,Sur
586,Ana Flores,usuario586@hotmail.com,3001654195,999,Male,barranquilla,Electrónica,19089.42,4562185.34,9.4,PSE,31/10/2024,08-10-2021,activo,22.0,
587,,usuario587@outlook.com,3126849647,45,m,Manizales,Ropa,28747.07,2863049.56,4.2,Nequi,01-07-2023,2023/04/02,Pendiente,41.0,Norte
588,Miguel Torres,usuario588@outlook.com,3101189255,49,M,Manizales,electronica,220923.62,3491761.89,100.0,Efectivo,13/07/2021,06-21-2020,ACTIVO,50.0,Occidente
589,Jorge Flores,usuario589@yahoo.com,3115352422,46,M,Bucaramanga,ROPA,388594.54,3351950.57,,Nequi,17 May 2020,2020/03/11,activo,25.0,Norte
590,Laura Torres,usuario590@outlook.com,3111383305,-5,f,Barranquilla,Hogar,107384.45,2982511.41,2.9,tarjeta débito,03-10-2024,2021-06-12,Inactivo,21.0,Oriente
591,Laura Ramírez,usuario591@yahoo.com,3122440098,27,F,Pereira,Ropa,341475.33,5914363.64,7.8,Tarjeta Débito,14-08-2020,2022/05/08,ACTIVO,2.0,Centro
592,Ana Flores,usuario592@yahoo.com,3112635860,150,f,Cali,Deportes,219734.53,3847557.62,7.6,Tarjeta Crédito,05-23-2023,2024-01-02,activo,34.0,Oriente
593,Jorge García,usuario593@hotmail.com,3109112893,55,MASCULINO,barranquilla,Hogar,146892.87,2307564.87,7.6,Tarjeta Crédito,15-03-2022,24-08-2024,pendiente,28.0,Centro
594,Carlos López,usuario594@outlook.com,3008955755,38,Femenino,Medellín,alimentos,347716.0,3317553.59,3.7,tarjeta débito,2020-07-27,06-15-2022,Inactivo,,Sur
595,Ana Rodríguez,usuario595@gmail.com,3013391702,56,Female,CALI,alimentos,743746.3,3608585.61,8.2,Nequi,23/09/2023,06-10-2024,inactivo,45.0,Norte
596,Laura Torres,usuario596@hotmail.com,3014937784,47,Femenino,Bogotá,Electrónica,49463.74,4404456.04,2.6,efectivo,,25 Oct 2022,activo,42.0,Occidente
597,Luis Flores,usuario597@hotmail.com,3017653732,45,f,Cali,Tecnología,209394.11,1469943.58,2.9,TARJETA CREDITO,16-12-2022,2023-09-22,pendiente,22.0,Occidente
598,Pedro Torres,usuario598@yahoo.com,3006549850,62,F,  Cartagena  ,Ropa,691291.9,7147557.67,6.8,Efectivo,29/03/2022,08 May 2022,Inactivo,45.0,Occidente
599,Paola García,usuario599@empresa.co,3113532262,59,Femenino,Manizales,Deportes,611975.77,2542932.38,1.8,Tarjeta Débito,29 Sep 2020,,Activo,37.0,Sur
600,Jorge Ramírez,usuario600@yahoo.com,3201841715,67,M,Barranquilla,Hogar,46719.82,4108365.32,5.2,TARJETA CREDITO,11/12/2024,2022/08/15,inactivo,27.0,Occidente
601,María López,usuario601@gmail.com,3113795210,73,Femenino,medellin,HOGAR,42850.29,5114912.5,,tarjeta débito,2024/12/20,12-16-2024,Inactivo,29.0,Occidente
602,Carlos Gómez,usuario602@gmail.com,3115069072,46,Female,Bucaramanga,deportes,113857.8,2943577.23,8.4,Tarjeta Crédito,10-22-2024,2023-09-06,Pendiente,31.0,Norte
603,Paola Rivera,usuario603@outlook.com,3127132051,44,Female,Santa Marta,Alimentos,,3203804.58,1.2,Nequi,02-28-2023,2020-01-13,ACTIVO,23.0,Oriente
604,Pedro García,usuario604@hotmail.com,3206697241,47,m,medellin,Electrónica,495823.65,4698489.64,2.2,Efectivo,29-01-2022,2023/10/21,Pendiente,36.0,
605,Paola Rodríguez,sin_email,3152699533,64,Female,Medellín,Deportes,,5806031.39,8.4,TARJETA CREDITO,25-04-2024,09/07/2022,activo,33.0,
606,Ana Gómez,usuario606@yahoo.com,3113382780,45,Masculino,Bogotá,Deportes,1212899.96,5248304.05,5.9,Tarjeta Débito,2022-03-27,03-02-2020,Inactivo,45.0,Centro
607,Luis Rodríguez,usuario607@yahoo.com,3127008264,34,M,Manizales,ROPA,23961.69,4763146.95,1.3,Efectivo,05/11/2024,17 Aug 2022,pendiente,6.0,Sur
608,,usuario608@empresa.co,3015426684,27,F,CALI,Hogar,189614.76,3993578.04,6.2,,23-03-2020,21-10-2022,activo,41.0,Oriente
609,Pedro Torres,usuario609@gmail.com,3129254374,48,Femenino,medellin,electronica,153989.62,1244054.14,9.6,TARJETA CREDITO,09/10/2024,2021/07/31,ACTIVO,40.0,Oriente
610,Pedro Gómez,usuario610@yahoo.com,3015266396,-5,Femenino,Cúcuta,HOGAR,33073.01,735417.76,9.3,PSE,,23 Jul 2023,Activo,14.0,Oriente
611,Paola Gómez,,3101962432,24,,Bogotá,electronica,1004415.48,2545595.52,100.0,Tarjeta Crédito,08/11/2024,2024-04-11,activo,24.0,Sur
612,Ana Rivera,usuario612@gmail.com,3204370657,41,M,Cali,Alimentos,342400.42,1939305.87,4.6,tarjeta débito,,24 Dec 2022,Cancelado,36.0,Norte
613,,usuario613@empresa.co,3017478712,53,Femenino,Cartagena,Ropa,626777.36,4147368.01,3.6,pse,02-13-2021,27-05-2021,activo,1.0,
614,Paola Flores,usuario614@gmail.com,3123622255,N/A,m,Manizales,Ropa,448235.11,,5.8,TARJETA CREDITO,12 Jan 2020,,Inactivo,11.0,Centro
615,Laura Martínez,usuario615@hotmail.com,3105272735,60,Masculino,barranquilla,Electrónica,173525.74,3926849.52,5.3,Nequi,28/05/2022,10-13-2021,activo,48.0,Sur
616,Sergio López,usuario616@outlook.com,3011107396,40,Masculino,Bucaramanga,Ropa,207065.06,3267409.19,8.9,pse,15-06-2023,2020-02-28,Pendiente,14.0,Occidente
617,Luis Martínez,usuario617@outlook.com,3007216832,66,Male,Pereira,alimentos,200244.68,4399984.77,7.1,,2022-09-28,2020/12/19,Inactivo,34.0,
618,Laura Sánchez,usuario618@empresa.co,3109888404,64,Female,Manizales,deportes,40321.68,4465023.83,5.2,tarjeta débito,27 Nov 2022,2023/03/12,inactivo,32.0,Oriente
619,Pedro Rodríguez,usuario619@yahoo.com,3002177221,150,Female,barranquilla,deportes,70348.44,3665438.03,9.2,Tarjeta Crédito,04-20-2023,04-12-2021,pendiente,6.0,Centro
620,Andrés Gómez,usuario620@yahoo.com,3158607998,40,f,barranquilla,Alimentos,656481.14,6058218.58,3.4,Nequi,2020-12-08,08/12/2023,Cancelado,31.0,Occidente
621,Miguel Gómez,,3017534265,50,F,BOGOTA,Electrónica,115471.56,3562258.89,1.2,PSE,07/05/2024,07/07/2024,Pendiente,10.0,Oriente
622,Jorge Ramírez,usuario622@hotmail.com,3108281246,60,Male,CALI,alimentos,175958.35,5587388.5,4.9,,20/10/2021,2021/04/15,activo,43.0,Centro
623,Sergio García,usuario623hotmail.com,3121395840,72,,Bogotá,alimentos,145175.17,2980590.03,9.8,TARJETA CREDITO,14-08-2020,2021/03/27,activo,13.0,Occidente
624,Andrés Martínez,usuario624@gmail.com,3016194120,72,Masculino,  Cartagena  ,Electrónica,88689.55,2689917.04,2.0,TARJETA CREDITO,2021/05/08,02-23-2020,activo,7.0,Sur
625,Juan Flores,usuario625@hotmail.com,3158705079,25,m,medellin,electronica,207404.24,2481074.96,,Efectivo,,07-21-2021,Pendiente,6.0,Norte
626,Sandra Sánchez,,3008786695,54,Femenino,Manizales,alimentos,1414699.13,2293446.63,8.6,Efectivo,28/11/2020,11/07/2020,ACTIVO,6.0,Occidente
627,María González,usuario627@yahoo.com,3121372562,45,Masculino,barranquilla,alimentos,538153.94,3029452.88,4.9,,07 May 2024,2021/10/30,Activo,30.0,Sur
628,Ana Martínez,usuario628@gmail.com,3106430853,67,f,BOGOTA,Alimentos,216411.79,3176335.85,,pse,04-18-2022,2020-04-08,ACTIVO,5.0,Sur
629,Paola García,usuario629@outlook.com,3018170621,57,MASCULINO,Manizales,deportes,856953.73,4669775.01,7.6,TARJETA CREDITO,2021/02/18,29 May 2023,inactivo,22.0,Oriente
630,Paola Pérez,usuario630@outlook.com,3013240120,53,f,Bogotá,alimentos,28317.84,4271317.79,9.4,tarjeta débito,2024-06-09,,inactivo,45.0,Norte
631,Juan Rivera,usuario631@hotmail.com,3107914388,,M,Cali,electronica,,2420935.03,9.5,pse,2024/01/19,03/02/2022,Inactivo,8.0,
632,María Martínez,usuario632@yahoo.com,3203587987,71,Female,CALI,Hogar,142128.64,,6.5,Efectivo,10/10/2024,2024/01/27,inactivo,26.0,Sur
633,Natalia Sánchez,usuario633@gmail.com,,19,m,Medellín,Hogar,85080.66,99999999.0,2.2,Efectivo,2022-07-09,21-04-2023,Activo,38.0,Norte
634,Diana González,usuario634@yahoo.com,,62,Male,Cartagena,Hogar,10421605.5,99999999.0,3.9,Efectivo,06/04/2020,2022-04-26,activo,25.0,Sur
635,Sergio Gómez,usuario635@gmail.com,3109177113,39,m,Manizales,Tecnología,402711.01,4383579.55,5.9,Tarjeta Crédito,2022-11-20,01-28-2023,inactivo,26.0,Sur
636,Carlos García,usuario636@gmail.com,3118636068,29,MASCULINO,  Cartagena  ,electronica,,2622159.9,3.4,PSE,2023/04/03,13-10-2023,pendiente,16.0,
637,Juan Gómez,usuario637@gmail.com,3004466850,54,,barranquilla,ROPA,24592.22,2522364.43,1.4,PSE,2020/09/06,04-26-2023,Inactivo,,
638,Paola García,usuario638@empresa.co,3205970703,22,m,Cartagena,electronica,79148.54,4948672.44,3.0,Efectivo,2021-06-09,09-21-2023,Pendiente,43.0,Centro
639,Sandra Flores,usuario639@empresa.co,3118412762,58,f,CALI,alimentos,72324.94,2497256.0,4.7,PSE,2020-02-29,17 Sep 2022,activo,12.0,Norte
640,Laura Pérez,usuario640@outlook.com,3113824870,23,f,Bucaramanga,Hogar,87296.02,4314609.64,2.7,Nequi,2020-03-22,2023/10/19,activo,12.0,Norte
641,Luis Rivera,usuario641@yahoo.com,3157455823,31,MASCULINO,barranquilla,Alimentos,,4238502.26,1.1,,01 Apr 2024,22/03/2021,inactivo,21.0,Sur
642,Ana Martínez,usuario642@outlook.com,3018490319,47,Female,Bucaramanga,deportes,228279.43,3402651.38,,Efectivo,2021/03/24,2023/04/26,Inactivo,30.0,Centro
643,Paola Rivera,usuario643@empresa.co,3113008071,41,Female,barranquilla,Deportes,445988.96,3429278.75,7.7,Tarjeta Débito,2021/01/06,2023-08-20,Activo,6.0,Occidente
644,Ana Sánchez,usuario644@hotmail.com,3005378035,38,M,Bogotá,ROPA,,4682809.92,9.4,efectivo,06-27-2020,2024-09-03,inactivo,15.0,
645,María González,usuario645@hotmail.com,3129281401,54,Femenino,  Cartagena  ,Electrónica,299666.29,4633232.16,1.1,tarjeta débito,02/03/2021,21/08/2024,Activo,22.0,
646,Pedro Sánchez,,3119085317,74,Femenino,Medellín,Ropa,146495.8,3557655.79,1.0,efectivo,,2022-01-11,ACTIVO,7.0,Centro
647,,usuario647@yahoo.com,3155237689,0,MASCULINO,BOGOTA,Alimentos,258805.59,2664153.56,3.0,Tarjeta Crédito,2021/05/17,14 Apr 2024,Pendiente,38.0,Centro
648,Sandra González,usuario648@gmail.com,,21,f,Cartagena,HOGAR,270228.89,4144189.95,,Efectivo,2023/04/11,06-05-2021,inactivo,32.0,Oriente
649,Andrés García,usuario649@yahoo.com,3201511440,35,m,medellin,HOGAR,1020740.74,99999999.0,,pse,20/03/2020,14 Jun 2024,Pendiente,40.0,
650,Ana Torres,usuario650@empresa.co,3153795663,45,f,Santa Marta,Deportes,12300889.5,3620779.65,3.2,Tarjeta Crédito,2024-03-27,2022/05/06,Activo,25.0,Centro
651,Natalia Gómez,,3003085220,46,Femenino,BOGOTA,electronica,156421.88,550030.94,7.4,,03/07/2023,05/03/2020,inactivo,,Norte
652,Andrés García,usuario652@empresa.co,000,31,F,CALI,Alimentos,600680.64,3843047.39,3.2,PSE,2022/08/23,30-05-2020,ACTIVO,21.0,Oriente
653,,usuario653gmail.com,3203977565,25,,Cali,deportes,285585.09,2954516.79,1.0,,01/07/2020,15 Nov 2021,Inactivo,18.0,Norte
654,Miguel Gómez,usuario654@yahoo.com,3018635843,25,f,Barranquilla,ROPA,135318.5,5407915.43,6.1,Efectivo,13-01-2022,2024-02-14,Pendiente,4.0,Oriente
655,Juan Torres,usuario655@empresa.co,3004180424,61,FEMENINO,CALI,deportes,234429.33,2864300.88,10.0,Tarjeta Crédito,09-11-2023,2020-10-27,activo,24.0,
656,Luis Torres,usuario656@gmail.com,3101180623,51,m,Cartagena,Tecnología,,3962215.57,2.1,efectivo,07-04-2023,19 Nov 2023,inactivo,28.0,Sur
657,Juan Pérez,usuario657@hotmail.com,3108272288,20,Femenino,BOGOTA,Hogar,490669.84,4240581.33,1.2,Nequi,11 Mar 2021,,activo,32.0,Sur
658,Sandra Martínez,usuario658@hotmail.com,3124670272,56,m,Manizales,Hogar,988184.38,2865992.65,8.7,Efectivo,10 Jan 2021,28-08-2024,pendiente,40.0,Oriente
659,Paola Torres,usuario659@hotmail.com,3124971263,0,FEMENINO,CALI,HOGAR,91855.58,3606980.51,7.8,efectivo,2022/05/15,24/05/2022,Cancelado,24.0,Norte
660,Sandra González,usuario660@outlook.com,3201902313,31,Female,Cúcuta,deportes,101477.68,2468572.65,8.4,TARJETA CREDITO,2021/01/09,07-09-2022,pendiente,27.0,Sur
661,María García,sin_email,3117482899,66,FEMENINO,Cúcuta,Deportes,386179.96,1022151.1,5.5,Tarjeta Débito,16-11-2021,07 Oct 2020,Activo,14.0,Norte
662,Laura Flores,usuario662@outlook.com,3017464136,38,f,Barranquilla,alimentos,415797.9,3689814.23,7.7,TARJETA CREDITO,2024/03/16,04/09/2020,ACTIVO,47.0,Sur
663,Sergio Pérez,usuario663@yahoo.com,3152815126,49,MASCULINO,Medellín,Alimentos,360278.36,4174209.6,5.8,,05-08-2021,2021/04/26,Inactivo,38.0,
664,Sergio Flores,usuario664@empresa.co,3004833796,29,m,Santa Marta,ROPA,199210.08,1965649.85,7.5,efectivo,07-27-2023,2021-02-24,pendiente,3.0,Oriente
665,Natalia Gómez,usuario665@hotmail.com,3004237672,52,,Cartagena,deportes,97201.89,2440434.02,6.6,,2021/06/05,,Cancelado,24.0,Oriente
666,Laura Pérez,usuario666@yahoo.com,3128562050,50,Femenino,Bucaramanga,alimentos,713527.05,3024453.69,5.9,efectivo,27-03-2024,2020-09-24,Inactivo,17.0,Oriente
667,Jorge González,usuario667@empresa.co,3206257967,60,Masculino,BOGOTA,Electrónica,254461.03,-1000.0,3.7,Tarjeta Crédito,03/03/2024,10 Feb 2024,Cancelado,17.0,Oriente
668,Paola Pérez,usuario668@empresa.co,N/A,22,FEMENINO,medellin,alimentos,267789.26,4385097.9,9.6,,17-08-2024,2022/01/26,Pendiente,23.0,Oriente
669,Luis González,usuario669@yahoo.com,3202122045,65,Femenino,Manizales,Alimentos,47816.12,3261432.12,8.8,tarjeta débito,2022-03-24,14 Oct 2023,Cancelado,22.0,Centro
670,Laura Martínez,usuario670@outlook.com,N/A,,Femenino,Bucaramanga,alimentos,292857.56,5608829.62,5.3,efectivo,06-11-2023,03/05/2023,inactivo,4.0,Sur
671,Sandra López,usuario671@outlook.com,3114860743,,Masculino,Cartagena,deportes,118108.88,1450022.71,3.2,PSE,29/07/2024,26/10/2023,Activo,8.0,Sur
672,Pedro Martínez,usuario672@hotmail.com,3126356605,73,Female,Barranquilla,Electrónica,62756.68,5141164.34,,,2022/10/09,14/08/2023,Pendiente,27.0,Occidente
673,Jorge Ramírez,usuario673@hotmail.com,3018629866,45,Female,Medellín,HOGAR,45030.19,4940478.24,8.3,pse,01-31-2020,2024/05/23,Inactivo,,Norte
674,Andrés Martínez,usuario674@empresa.co,3156202094,63,Female,Manizales,alimentos,46033.46,3524570.48,5.6,,04-01-2020,2022-05-18,Inactivo,24.0,Centro
675,Carlos Rivera,usuario675@hotmail.com,3117973464,36,MASCULINO,Bogotá,Hogar,13608.13,4335007.86,3.2,efectivo,2020/10/21,16-08-2022,Activo,6.0,
676,Sergio Martínez,usuario676@gmail.com,3106742222,19,M,Pereira,Hogar,189787.57,3434217.09,1.9,Nequi,19/01/2024,12/10/2022,Inactivo,16.0,Centro
677,Andrés Ramírez,usuario677@hotmail.com,3109014545,28,m,Manizales,Tecnología,532104.51,3653460.53,9.6,tarjeta débito,28/10/2020,29 Aug 2022,Pendiente,46.0,Norte
678,Luis Pérez,usuario678@gmail.com,3126090741,57,Femenino,CALI,Hogar,784700.76,3850595.96,-1.0,TARJETA CREDITO,2022/02/24,27 Jan 2023,Activo,17.0,Sur
679,Andrés Rivera,usuario679@gmail.com,,62,Masculino,Santa Marta,HOGAR,7072.24,5013544.13,1.8,,03/07/2020,2023-05-26,pendiente,45.0,
680,,usuario680@empresa.co,3002042343,23,M,Barranquilla,Tecnología,69583.19,4396438.39,11.0,Efectivo,08-13-2023,28 Nov 2022,activo,12.0,Sur
681,Andrés Pérez,,3012527989,24,,Pereira,Ropa,322343.06,3896211.23,4.0,,04 Jun 2024,05-07-2024,Inactivo,40.0,
682,Jorge Rodríguez,usuario682@outlook.com,3009028497,55,MASCULINO,Manizales,ROPA,138484.72,1733285.56,6.2,Nequi,13/05/2022,2024-05-28,inactivo,,
683,Ana Rodríguez,usuario683@hotmail.com,3119084073,23,F,barranquilla,deportes,249326.39,2788168.29,2.4,Tarjeta Crédito,2021-01-27,04/03/2020,pendiente,,Norte
684,Miguel Sánchez,usuario684@yahoo.com,3152701582,37,F,  Cartagena  ,alimentos,45460.09,2756463.97,,efectivo,12-12-2023,11/02/2023,inactivo,,
685,Laura López,usuario685@gmail.com,3117396940,32,Masculino,Pereira,Tecnología,6662.7,2120016.23,8.2,pse,2023-04-13,03/07/2022,Cancelado,27.0,Oriente
686,Carlos Martínez,usuario686@outlook.com,3015084770,28,F,  Cartagena  ,electronica,531304.12,1480893.47,1.6,TARJETA CREDITO,2022/08/02,2021-08-09,Inactivo,24.0,Occidente
687,,usuario687@empresa.co,3114809165,desconocido,FEMENINO,Bogotá,Electrónica,345810.81,4370650.88,7.9,PSE,28-09-2023,10-14-2022,Pendiente,27.0,
688,María Rodríguez,usuario688@gmail.com,3008364577,50,M,BOGOTA,alimentos,86143.13,,4.7,Tarjeta Crédito,,08/02/2022,Inactivo,16.0,Centro
689,Pedro Sánchez,usuario689@outlook.com,3206060547,67,m,Pereira,HOGAR,87486.49,4419923.98,4.4,,20 Mar 2022,2020-02-14,Pendiente,11.0,Sur
690,Pedro Martínez,usuario690@gmail.com,3004239815,64,Femenino,Cúcuta,Hogar,656727.67,3778531.1,6.4,efectivo,19/09/2023,08/02/2020,Activo,42.0,Norte
691,Ana Ramírez,usuario691@hotmail.com,---,59,FEMENINO,Pereira,HOGAR,301587.9,2210056.56,9.0,,,05-07-2023,Inactivo,15.0,
692,Jorge Rivera,usuario692@empresa.co,3017165197,33,Female,Santa Marta,HOGAR,467607.31,2544967.8,4.6,Efectivo,22-11-2023,10-30-2022,inactivo,5.0,Occidente
693,Carlos Pérez,usuario693@gmail.com,3127869497,34,MASCULINO,  Cartagena  ,ROPA,228963.3,,7.4,PSE,2021/11/11,2022/12/29,Cancelado,39.0,Centro
694,Sergio Flores,usuario694@yahoo.com,3106180743,56,f,medellin,electronica,95506.91,,0.0,efectivo,26-04-2024,20 Jun 2021,inactivo,35.0,Sur
695,Juan Ramírez,usuario695@gmail.com,---,66,M,medellin,electronica,35473.34,3397054.21,6.8,tarjeta débito,08-09-2020,2020/06/13,pendiente,43.0,Occidente
696,Carlos Rivera,usuario696@outlook.com,3109050689,29,Male,Manizales,HOGAR,29328.67,3446926.81,,,2022-02-28,09-11-2022,Activo,,
697,Carlos Gómez,usuario697@empresa.co,3129990857,58,m,Cúcuta,deportes,506536.39,3822432.76,7.9,Efectivo,03/08/2021,22/10/2021,Pendiente,19.0,Centro
698,Sandra Sánchez,usuario698@outlook.com,3018676831,66,Femenino,Cúcuta,deportes,179413.46,3431860.43,7.2,TARJETA CREDITO,05-20-2023,06-12-2021,Activo,8.0,Centro
699,Andrés Ramírez,usuario699@yahoo.com,3004309426,55,Femenino,medellin,Ropa,412433.71,3386552.8,2.2,Tarjeta Débito,23 Apr 2022,12/01/2021,Cancelado,40.0,Oriente
700,Paola Torres,usuario700@gmail.com,3102205226,74,FEMENINO,CALI,Tecnología,98031.38,3685416.87,5.0,Tarjeta Débito,07-12-2024,01 Jun 2020,ACTIVO,4.0,
701,Paola Martínez,usuario701@yahoo.com,3129900483,58,Masculino,CALI,Hogar,160515.71,2625620.69,3.6,Nequi,2023/10/21,09-09-2022,inactivo,49.0,Norte
702,Andrés Flores,usuario702@hotmail.com,3207011618,38,m,Cali,electronica,147829.41,4016521.81,,pse,24/02/2021,12-11-2023,Cancelado,35.0,Occidente
703,Miguel González,usuario703@outlook.com,3157714423,58,F,CALI,Deportes,180261.97,5316707.97,4.5,Tarjeta Crédito,2020/06/23,2023/08/18,pendiente,50.0,Occidente
704,,usuario704@hotmail.com,3151944652,46,,Santa Marta,ROPA,726316.6,4495286.09,,PSE,25/05/2021,25/09/2023,Activo,37.0,
705,Sandra Gómez,usuario705outlook.com,,999,FEMENINO,Pereira,ROPA,64947.5,,9.0,,13/01/2023,08-03-2020,ACTIVO,13.0,Oriente
706,Pedro Flores,usuario706@outlook.com,3158710204,68,m,Barranquilla,Tecnología,755690.34,4892239.74,7.2,Tarjeta Débito,09-28-2023,2024-01-15,Pendiente,28.0,
707,Sandra Martínez,usuario707@gmail.com,,21,Female,medellin,electronica,1216509.19,3359270.32,5.2,,2020/02/27,22/03/2024,inactivo,27.0,Centro
708,Paola Sánchez,usuario708@gmail.com,3019704346,22,M,Bogotá,Alimentos,98061.89,5060870.48,4.2,Nequi,28-01-2021,15 Sep 2021,pendiente,8.0,Oriente
709,Diana Sánchez,usuario709@yahoo.com,,46,Female,Santa Marta,Alimentos,102126.1,1142428.52,4.7,Tarjeta Débito,18/05/2024,03-11-2022,pendiente,34.0,
710,Carlos Ramírez,usuario710@outlook.com,3004214803,,FEMENINO,Cali,HOGAR,161812.28,3799423.15,9.4,pse,05/02/2023,2023/02/08,Activo,12.0,
711,María Flores,usuario711@gmail.com,3007574779,36,Male,Bucaramanga,deportes,56622.69,2916492.84,5.1,tarjeta débito,01 May 2020,10-23-2023,Inactivo,8.0,Centro
712,Sandra Pérez,usuario712@yahoo.com,3112239878,-5,Masculino,CALI,alimentos,,3361531.89,,Tarjeta Débito,08-22-2020,16-11-2022,pendiente,46.0,Centro
713,Miguel Pérez,sin_email,,50,FEMENINO,barranquilla,electronica,107522.49,99999999.0,-1.0,tarjeta débito,2023-11-14,21/06/2021,Cancelado,1.0,Occidente
714,Juan García,usuario714@hotmail.com,,55,MASCULINO,  Cartagena  ,Hogar,56660.09,2651527.93,6.0,TARJETA CREDITO,25 Dec 2021,20 Nov 2022,Inactivo,15.0,Oriente
715,Juan Ramírez,usuario715@outlook.com,3007232395,68,Female,Barranquilla,Hogar,1090920.9,6470728.1,7.3,efectivo,2020-02-09,2022-05-05,activo,37.0,Sur
716,Carlos Gómez,usuario716@hotmail.com,3203315597,20,Male,BOGOTA,deportes,124384.35,1422732.26,2.0,Tarjeta Crédito,,07 Dec 2023,inactivo,31.0,Oriente
717,Juan Gómez,usuario717@outlook.com,3111367561,69,F,Cúcuta,Tecnología,,3372019.18,1.6,Tarjeta Crédito,05/09/2023,28/05/2024,Pendiente,29.0,Sur
718,Diana Gómez,usuario718@empresa.co,,30,FEMENINO,CALI,ROPA,202404.59,5599945.0,6.7,Nequi,22 Sep 2021,2024/02/02,Activo,36.0,Norte
719,Andrés Gómez,usuario719@outlook.com,3111628267,48,,barranquilla,HOGAR,302926.02,4455573.52,6.1,Efectivo,06-09-2021,04/10/2022,pendiente,22.0,Occidente
720,Ana Torres,usuario720@outlook.com,3114233172,21,F,Bogotá,HOGAR,278500.59,3987208.03,8.8,Tarjeta Débito,22 Dec 2022,01-28-2021,Inactivo,22.0,Oriente
721,Pedro López,usuario721@hotmail.com,3155840167,69,,Bogotá,ROPA,63174.51,3408488.74,9.0,Efectivo,2023-04-30,19 Feb 2021,pendiente,23.0,Sur
722,Luis Rodríguez,usuario722@hotmail.com,---,39,MASCULINO,Bucaramanga,Electrónica,320385.22,4227619.49,,Efectivo,30/11/2021,29 Jan 2020,activo,33.0,Norte
723,Luis Gómez,usuario723@hotmail.com,3126231341,23,m,Cartagena,Ropa,57551.34,5174712.12,3.0,tarjeta débito,2020-11-25,24-03-2021,ACTIVO,14.0,Sur
724,Sergio Rivera,usuario724@yahoo.com,3205388337,29,Masculino,Barranquilla,Electrónica,41622.06,5202055.03,4.7,PSE,11 Dec 2022,2024/06/16,inactivo,29.0,Sur
725,Andrés González,usuario725@gmail.com,3107527356,,M,Medellín,Alimentos,13768.65,4710795.02,,Tarjeta Crédito,2021-08-22,11-14-2022,Cancelado,18.0,
726,Luis Flores,usuario726@empresa.co,3157034920,46,,Pereira,electronica,710729.62,3236027.34,3.2,Efectivo,07-22-2021,2024-08-02,pendiente,10.0,Sur
727,Sandra Rodríguez,usuario727@outlook.com,3015171748,57,FEMENINO,barranquilla,ROPA,67072.95,1947570.19,1.8,TARJETA CREDITO,05-03-2022,12-12-2024,Cancelado,14.0,Oriente
728,Jorge Gómez,usuario728@gmail.com,3152057707,41,m,barranquilla,Tecnología,414034.55,3228163.69,0.0,efectivo,01-24-2024,21/08/2023,inactivo,10.0,Norte
729,Sergio Rodríguez,usuario729@empresa.co,3016411776,42,Femenino,BOGOTA,Tecnología,114809.25,2651110.68,9.1,Tarjeta Débito,,22/03/2024,activo,39.0,Occidente
730,María Pérez,usuario730@gmail.com,3156775792,39,FEMENINO,Manizales,deportes,125296.97,5249143.75,9.9,TARJETA CREDITO,2023-02-10,01-03-2022,inactivo,6.0,Oriente
731,Sergio Ramírez,usuario731@empresa.co,3124891542,21,f,medellin,HOGAR,98451.1,3357100.84,1.6,tarjeta débito,06 Feb 2020,,Cancelado,9.0,Centro
732,Diana García,usuario732@empresa.co,3113114554,59,,  Cartagena  ,Alimentos,231065.34,3977995.26,-1.0,tarjeta débito,06-17-2021,2024-08-05,ACTIVO,27.0,Centro
733,Sandra Rodríguez,usuario733@empresa.co,3006819164,39,F,Bogotá,deportes,421203.4,2446307.3,3.4,TARJETA CREDITO,01-05-2022,2024/02/01,activo,22.0,Oriente
734,Laura Torres,usuario734@yahoo.com,---,61,,Cartagena,deportes,69395.45,1851557.67,4.4,tarjeta débito,18/11/2021,2020-09-25,pendiente,5.0,Oriente
735,Juan Sánchez,sin_email,3124012414,34,FEMENINO,Bogotá,alimentos,222249.48,0.0,4.9,TARJETA CREDITO,2021/10/28,03 Jan 2020,Activo,48.0,
736,Ana Sánchez,usuario736@yahoo.com,3117139004,60,FEMENINO,Cartagena,ROPA,466290.53,-1000.0,3.0,PSE,02/12/2022,2023-03-05,Cancelado,35.0,Sur
737,Paola González,usuario737@gmail.com,3117448286,56,FEMENINO,barranquilla,deportes,351578.87,2340254.18,9.0,,10-21-2020,2020-04-17,Cancelado,,Oriente
738,Jorge Torres,usuario738@empresa.co,3114394479,39,Male,Cúcuta,deportes,95079.17,3735233.38,7.8,Tarjeta Crédito,02-01-2023,11-03-2021,Cancelado,37.0,
739,Pedro Gómez,usuario739@outlook.com,3127081347,60,m,Cali,alimentos,176460.69,4295252.7,7.5,tarjeta débito,2021/03/06,2023-12-16,Inactivo,25.0,Occidente
740,Diana López,usuario740@gmail.com,3121546711,40,Masculino,Cali,Ropa,114992.73,1629983.12,3.7,Tarjeta Crédito,2022-03-24,2020-05-16,Activo,4.0,Centro
741,Miguel González,usuario741@yahoo.com,3126408304,59,f,barranquilla,Deportes,22825.48,5270346.29,2.3,Efectivo,2020-03-03,17/05/2020,Activo,10.0,Norte
742,Jorge Ramírez,usuario742@empresa.co,3127846138,43,F,Cali,ROPA,459838.49,2854851.84,9.9,Nequi,2022/08/17,2021/04/29,activo,19.0,
743,Carlos Torres,usuario743@hotmail.com,3012987310,63,M,Cartagena,HOGAR,744272.7,3998918.26,3.7,PSE,01-25-2024,09-10-2023,Cancelado,7.0,Centro
744,Laura Rivera,usuario744@empresa.co,3204662840,37,Male,Bogotá,deportes,40055.23,3890327.61,1.2,Nequi,14 Jun 2023,2024/02/01,inactivo,16.0,Centro
745,Andrés Rodríguez,usuario745@empresa.co,3156102190,59,F,barranquilla,HOGAR,177857.7,1903644.74,4.0,Tarjeta Crédito,12-24-2021,05/06/2022,inactivo,30.0,
746,Natalia Ramírez,sin_email,3127352040,70,MASCULINO,  Cartagena  ,deportes,955015.74,3991850.87,,Efectivo,2023-04-16,10-23-2021,ACTIVO,24.0,Centro
747,Andrés González,usuario747@outlook.com,3209746798,62,f,BOGOTA,ROPA,588318.61,4643407.39,7.7,TARJETA CREDITO,2022/08/23,03/08/2024,ACTIVO,7.0,Occidente
748,Carlos Martínez,usuario748@yahoo.com,,65,,CALI,Tecnología,,4026154.11,2.8,Tarjeta Débito,2022-04-10,18/07/2021,activo,42.0,Norte
749,Natalia González,usuario749@outlook.com,,51,Male,barranquilla,Hogar,65322.52,3007477.75,5.4,pse,10-27-2024,02-07-2022,Activo,11.0,Sur
750,Diana González,usuario750@outlook.com,3152557052,60,Male,  Cartagena  ,Alimentos,516876.65,3240243.14,3.1,TARJETA CREDITO,21/08/2022,07 Feb 2020,Activo,4.0,Oriente
751,Pedro López,usuario751@empresa.co,3203327350,41,FEMENINO,Pereira,alimentos,667606.75,3668941.32,4.8,Nequi,25-11-2023,,inactivo,,
752,Natalia López,usuario752yahoo.com,3207293951,,Male,barranquilla,alimentos,62900.9,3640116.91,4.7,tarjeta débito,2024/04/03,,pendiente,1.0,Sur
753,Luis García,,3001080591,31,FEMENINO,  Cartagena  ,electronica,715971.28,2039974.74,9.5,,11/01/2020,01 Apr 2024,Activo,18.0,Centro
754,Jorge Sánchez,usuario754@yahoo.com,3201847194,67,F,Pereira,Deportes,66584.91,3719594.81,7.7,Tarjeta Débito,18-11-2023,01 Oct 2024,Inactivo,48.0,Centro
755,Paola Ramírez,usuario755@hotmail.com,3016403561,32,F,medellin,Electrónica,158968.63,2432964.47,5.1,PSE,01-12-2024,03-24-2021,inactivo,3.0,Occidente
756,Jorge Torres,usuario756@outlook.com,3108994582,27,Female,Pereira,electronica,329976.5,3151042.47,4.5,Tarjeta Crédito,10-02-2021,2024-06-25,inactivo,31.0,Centro
757,María Torres,usuario757@yahoo.com,3121359745,-5,MASCULINO,Bogotá,electronica,137387.5,2519050.61,5.6,tarjeta débito,11-01-2022,26/02/2020,inactivo,9.0,Oriente
758,Sandra Gómez,,3016811916,52,FEMENINO,CALI,electronica,6681587.0,3955228.51,7.3,TARJETA CREDITO,2022-11-05,2024/01/28,activo,29.0,Sur
759,Ana González,usuario759@outlook.com,3203903397,74,m,  Cartagena  ,Electrónica,123553.19,4622631.5,4.2,Tarjeta Crédito,28/09/2024,09-04-2021,ACTIVO,24.0,Occidente
760,Sandra González,usuario760@outlook.com,3115098682,60,,barranquilla,HOGAR,1227219.77,3858026.65,4.6,Tarjeta Crédito,10-11-2020,28 Jul 2022,Pendiente,19.0,
761,Sandra Torres,usuario761@gmail.com,3154023601,67,FEMENINO,CALI,Tecnología,858219.51,3777828.92,2.2,Nequi,2024/10/06,10-13-2022,ACTIVO,42.0,Centro
762,Laura Gómez,usuario762@hotmail.com,3201272317,56,FEMENINO,Pereira,Hogar,38971.85,4194687.55,9.6,tarjeta débito,29-08-2022,2023-09-26,inactivo,31.0,Oriente
763,Sergio López,usuario763@hotmail.com,3158648272,28,f,Cartagena,Deportes,494248.25,2926899.86,5.0,pse,,07-08-2021,pendiente,6.0,Sur
764,Ana Rivera,usuario764@outlook.com,,62,Femenino,Bogotá,HOGAR,197606.95,,8.7,pse,2023/07/19,13/09/2023,Cancelado,29.0,Norte
765,María Rivera,usuario765@outlook.com,3002350832,69,F,Pereira,Deportes,364457.51,3432649.38,8.7,Tarjeta Débito,2021-12-28,2020-06-23,Cancelado,31.0,Centro
766,Miguel Torres,usuario766@hotmail.com,3113814446,64,MASCULINO,Cartagena,Electrónica,395691.15,5409325.98,6.6,Nequi,2020/12/07,30/11/2023,Inactivo,11.0,Norte
767,Luis Ramírez,usuario767@gmail.com,3002579689,44,Masculino,Pereira,Hogar,7788.85,5187307.81,8.5,Nequi,2023-06-21,12 Mar 2023,Inactivo,10.0,
768,Pedro Rodríguez,usuario768@outlook.com,3152025859,64,,Cali,ROPA,263098.7,2556244.96,6.2,pse,04-07-2022,2022-07-20,pendiente,47.0,
769,Miguel Pérez,usuario769@yahoo.com,3108335610,46,FEMENINO,Manizales,Alimentos,50410.37,3306834.09,4.3,Tarjeta Crédito,12/01/2023,2020/12/05,inactivo,8.0,Centro
770,Miguel Rivera,usuario770@hotmail.com,3207312904,66,Female,Santa Marta,HOGAR,133076.13,2510328.07,,efectivo,17 Apr 2020,22/08/2022,activo,5.0,Oriente
771,Andrés Ramírez,usuario771@yahoo.com,3124984595,46,FEMENINO,Santa Marta,deportes,,4176593.08,2.0,TARJETA CREDITO,25-10-2020,01-20-2021,ACTIVO,13.0,Sur
772,Andrés García,usuario772@hotmail.com,3013323434,33,M,barranquilla,deportes,113587.51,2997328.05,5.5,Nequi,19-01-2023,12-14-2024,pendiente,4.0,Sur
773,Diana Gómez,usuario773@gmail.com,3119225282,69,MASCULINO,CALI,electronica,77713.28,2190073.67,3.7,Tarjeta Débito,2020/10/16,,inactivo,,Occidente
774,Sergio Ramírez,usuario774@gmail.com,3017707156,75,MASCULINO,medellin,electronica,108898.45,2275422.71,3.1,TARJETA CREDITO,01-14-2024,27-02-2022,Pendiente,5.0,Norte
775,Natalia González,usuario775@empresa.co,3155287931,41,Female,Pereira,Deportes,531510.97,2077115.72,8.3,Nequi,14-12-2022,11-11-2021,ACTIVO,18.0,Oriente
776,Laura Pérez,usuario776@outlook.com,3002374981,54,Female,Pereira,Deportes,188937.87,,3.8,PSE,2021-11-11,,Pendiente,9.0,Norte
777,Carlos García,usuario777@empresa.co,3158996197,47,Female,Barranquilla,Deportes,146847.67,4900886.72,7.7,,2021-01-29,2020-08-31,Pendiente,13.0,Centro
778,Ana Rodríguez,usuario778@empresa.co,3002506106,67,f,Santa Marta,alimentos,55014.15,2583344.03,2.4,TARJETA CREDITO,28 Jun 2020,2021/04/17,Activo,18.0,
779,Pedro Rodríguez,usuario779@hotmail.com,3003377653,51,f,Bogotá,deportes,71982.59,3221310.74,1.8,,18 Jun 2020,10-26-2024,Inactivo,35.0,Centro
780,Juan Pérez,usuario780@gmail.com,3013983896,28,F,Bogotá,Alimentos,17940988.5,2821937.62,4.9,Nequi,29/12/2022,05/01/2024,Cancelado,14.0,Occidente
781,María Rivera,usuario781gmail.com,3012128175,69,f,Barranquilla,HOGAR,328508.94,2847206.3,7.6,efectivo,,17 Jul 2024,inactivo,40.0,Sur
782,Andrés Torres,usuario782@yahoo.com,3152603001,73,m,Barranquilla,deportes,250820.78,4650250.34,4.2,,29/09/2022,,Pendiente,37.0,Oriente
783,Sandra Gómez,usuario783@gmail.com,3204736013,59,M,Medellín,alimentos,137234.55,3278618.27,2.5,Tarjeta Crédito,28/05/2022,09 Mar 2020,pendiente,38.0,Oriente
784,Carlos Pérez,usuario784@outlook.com,3123151057,41,Femenino,Barranquilla,Electrónica,117130.85,3607725.92,6.9,efectivo,2023/07/25,08-19-2023,Pendiente,,Oriente
785,Miguel Rivera,usuario785@gmail.com,3014756916,24,Masculino,barranquilla,deportes,250490.01,4468941.66,3.5,Tarjeta Crédito,01 Dec 2021,28 Nov 2021,Activo,29.0,Occidente
786,Juan Pérez,,3201264015,51,Male,CALI,Alimentos,50656.37,,7.9,Tarjeta Crédito,2024/04/14,11-03-2024,pendiente,41.0,Centro
787,María Ramírez,usuario787@yahoo.com,3107627455,36,Female,CALI,ROPA,356323.96,5281678.39,7.4,TARJETA CREDITO,27 May 2021,28-08-2023,Pendiente,1.0,Centro
788,Andrés Torres,usuario788@yahoo.com,3108324016,28,Masculino,Manizales,HOGAR,484624.77,5938810.9,2.8,Tarjeta Crédito,06-05-2021,2022-08-12,Inactivo,48.0,Sur
789,Laura Martínez,sin_email,3013337973,75,MASCULINO,Bucaramanga,deportes,107539.23,3515422.89,5.8,PSE,2023/05/06,10 Apr 2024,pendiente,39.0,
790,Luis González,usuario790@empresa.co,3208203783,71,Masculino,Santa Marta,HOGAR,159610.12,,1.0,Tarjeta Crédito,21 Jul 2021,25-08-2024,ACTIVO,5.0,Norte
791,Miguel Gómez,usuario791@hotmail.com,3018124975,32,m,medellin,Ropa,118968.87,,3.1,Nequi,29/04/2023,02-20-2021,pendiente,19.0,Centro
792,Sandra González,usuario792@yahoo.com,3114740711,74,FEMENINO,Manizales,Alimentos,143409.5,3281694.78,7.1,pse,2022/11/09,10 Jun 2021,activo,6.0,Occidente
793,Paola Martínez,usuario793@gmail.com,3208523348,19,f,Santa Marta,Tecnología,28385.12,4335868.35,5.5,,22 Jan 2023,2022/04/09,Pendiente,19.0,Occidente
794,Carlos Martínez,usuario794@gmail.com,3157462701,43,Femenino,Bogotá,Ropa,224763.32,3587045.74,8.3,tarjeta débito,14 Nov 2021,07 Nov 2022,ACTIVO,48.0,Centro
795,,usuario795@outlook.com,3019418573,33,MASCULINO,Manizales,Ropa,207643.86,2956090.81,5.8,Tarjeta Crédito,24-12-2020,23/07/2024,ACTIVO,34.0,
796,Pedro Flores,usuario796@gmail.com,3122411490,23,MASCULINO,Manizales,HOGAR,406669.62,2386519.21,8.2,,07 Feb 2024,2023/05/03,Activo,4.0,Occidente
797,Sandra Martínez,usuario797@empresa.co,3121453098,19,MASCULINO,Pereira,electronica,487695.59,3565406.69,9.9,efectivo,2021-06-21,08/06/2024,Pendiente,11.0,Occidente
798,Juan Gómez,usuario798@hotmail.com,,24,Male,Manizales,HOGAR,8267.78,3470454.14,8.8,efectivo,2024-02-26,14/11/2023,activo,17.0,
799,Natalia Rivera,usuario799@gmail.com,3158925880,59,,Manizales,HOGAR,35536.68,4829318.7,,Tarjeta Crédito,2024/09/18,22/04/2024,Cancelado,21.0,Centro
800,Pedro Torres,usuario800@empresa.co,,27,M,BOGOTA,electronica,,2772089.0,8.3,Nequi,2024-07-25,10-04-2021,Activo,23.0,
801,Carlos Flores,usuario801@yahoo.com,3207880007,36,Masculino,Bucaramanga,Hogar,68382.6,4753392.37,2.6,TARJETA CREDITO,2021/02/09,2022-01-15,Pendiente,39.0,Oriente
802,Ana Ramírez,usuario802@empresa.co,,48,Male,Santa Marta,Hogar,857943.59,4266934.9,8.9,Tarjeta Débito,12-02-2023,10-11-2024,Cancelado,4.0,Centro
803,Carlos García,usuario803@gmail.com,3204279801,26,Female,Barranquilla,deportes,60414.18,2351374.84,6.9,PSE,2022-07-27,2021/02/24,Cancelado,5.0,
804,Juan Rodríguez,usuario804@outlook.com,N/A,48,m,Medellín,Tecnología,47484.79,3066576.13,8.2,Efectivo,31-01-2021,14/09/2023,Cancelado,28.0,Occidente
805,Laura Sánchez,usuario805@yahoo.com,3015176063,18,MASCULINO,Barranquilla,Alimentos,236401.55,2977416.94,8.8,Tarjeta Crédito,,02-22-2023,ACTIVO,5.0,Norte
806,Diana López,usuario806@empresa.co,3014929696,19,F,BOGOTA,deportes,190886.26,4627365.68,4.6,PSE,2023-07-29,,Cancelado,9.0,
807,Carlos Pérez,usuario807@outlook.com,3012525632,71,m,BOGOTA,electronica,126319.28,,7.7,tarjeta débito,2022-02-02,22/10/2020,inactivo,30.0,Norte
808,Luis Gómez,usuario808@gmail.com,3106759733,64,f,BOGOTA,alimentos,441484.2,3458096.75,1.0,Tarjeta Crédito,13 Jan 2022,2024-04-16,Pendiente,14.0,Norte
809,Luis Flores,usuario809@empresa.co,3108410823,45,f,Medellín,Tecnología,,2760321.15,5.5,pse,01-10-2020,2021-12-10,ACTIVO,44.0,Sur
810,Andrés Rodríguez,usuario810@outlook.com,3006647113,36,m,Cali,HOGAR,992826.23,0.0,7.6,,24-03-2020,27 Mar 2020,Cancelado,38.0,Oriente
811,Miguel Pérez,usuario811@yahoo.com,3209892402,25,f,Cúcuta,ROPA,28457.5,3843985.03,4.5,PSE,2023-03-02,08 Oct 2023,activo,27.0,Sur
812,Jorge González,usuario812@hotmail.com,3128371765,,F,Manizales,electronica,193923.56,4795939.51,2.8,Tarjeta Débito,,2020/04/11,Pendiente,22.0,Norte
813,Laura Martínez,usuario813@yahoo.com,3007418118,68,F,Santa Marta,Electrónica,242395.24,2238514.6,,tarjeta débito,2023-02-08,13/04/2023,activo,12.0,Norte
814,Pedro Flores,usuario814@hotmail.com,3004768978,22,FEMENINO,Bucaramanga,deportes,70720.19,4918094.92,1.9,TARJETA CREDITO,15 Feb 2024,07-24-2023,activo,43.0,Sur
815,María Rodríguez,usuario815@hotmail.com,3204693507,75,f,Bucaramanga,electronica,224287.54,3119762.77,8.5,TARJETA CREDITO,02-21-2020,2024-05-12,ACTIVO,1.0,Oriente
816,Carlos García,usuario816@outlook.com,3151270174,52,f,Cali,Tecnología,,4411220.87,9.2,efectivo,2023-04-09,18-08-2023,ACTIVO,18.0,Centro
817,,usuario817@yahoo.com,3012754976,,Female,Cúcuta,Tecnología,58816.03,2726631.3,,Tarjeta Débito,24 Feb 2023,10-28-2024,Inactivo,32.0,Norte
818,Diana Sánchez,usuario818@outlook.com,3116239650,33,f,Pereira,Alimentos,285695.58,3373392.48,11.0,TARJETA CREDITO,12/12/2024,25/02/2022,Pendiente,21.0,Oriente
819,Paola García,usuario819@gmail.com,3011167536,36,Male,Cartagena,electronica,127328.79,3823789.6,,pse,,04/05/2020,pendiente,26.0,Norte
820,Miguel Sánchez,usuario820@yahoo.com,3104805920,57,Femenino,Santa Marta,ROPA,570373.11,2526572.24,,efectivo,2021/04/16,30/11/2021,activo,41.0,Centro
821,Juan Rodríguez,usuario821@outlook.com,3104765677,54,Female,BOGOTA,Hogar,163235.35,2670015.45,9.4,PSE,05-14-2020,01/10/2020,inactivo,1.0,
822,María Gómez,usuario822@gmail.com,3013241466,60,,Cúcuta,Electrónica,118153.36,3760253.88,3.2,Efectivo,16/12/2024,2022-10-20,Inactivo,9.0,
823,Sandra Pérez,usuario823@gmail.com,3117053489,51,Male,BOGOTA,HOGAR,59374.02,2544912.72,5.5,tarjeta débito,02-25-2021,11-04-2022,Inactivo,5.0,Occidente
824,Luis Ramírez,usuario824@outlook.com,,22,Masculino,Barranquilla,Electrónica,6784.61,2969999.77,100.0,Nequi,24 Jul 2020,2024-05-01,inactivo,49.0,Sur
825,Juan Flores,usuario825@gmail.com,3003926493,52,F,Cúcuta,Electrónica,288168.17,2264035.74,6.0,Nequi,07 Oct 2021,05/03/2024,Inactivo,45.0,Centro
826,Laura Torres,usuario826@empresa.co,3009477413,50,f,Santa Marta,Electrónica,286696.9,2236789.84,,Efectivo,04-23-2023,01/09/2020,Cancelado,3.0,Oriente
827,Ana Rodríguez,usuario827@outlook.com,3209946886,42,FEMENINO,Santa Marta,Electrónica,332479.16,2255772.5,9.0,Tarjeta Crédito,27/05/2023,2021/04/22,inactivo,37.0,Oriente
828,Andrés López,usuario828@gmail.com,3157501110,20,M,CALI,Hogar,,3565468.12,9.0,Nequi,03-12-2024,2020-01-04,inactivo,21.0,
829,,usuario829@empresa.co,3122046228,41,Female,medellin,HOGAR,142916.48,,9.9,PSE,18-07-2020,08-03-2020,activo,42.0,Centro
830,Natalia García,usuario830@empresa.co,3201875658,19,f,medellin,Ropa,296075.82,3297580.1,7.4,TARJETA CREDITO,12-11-2020,,Inactivo,5.0,Occidente
831,Ana Rodríguez,usuario831@gmail.com,3118813952,22,,BOGOTA,Electrónica,141225.33,4468581.65,9.9,TARJETA CREDITO,08 Dec 2024,06-04-2021,Activo,30.0,Sur
832,Carlos Ramírez,usuario832@yahoo.com,3202140066,64,MASCULINO,barranquilla,alimentos,190450.72,3836340.43,3.3,Nequi,2024-09-18,02-07-2022,Cancelado,20.0,Norte
833,Juan Martínez,usuario833@outlook.com,3015764947,24,m,Pereira,Deportes,715812.6,4413247.27,3.6,Nequi,2024-05-31,30/11/2024,inactivo,50.0,Norte
834,Pedro Flores,usuario834@outlook.com,3151661893,65,MASCULINO,Medellín,Ropa,167929.05,3503682.23,5.2,TARJETA CREDITO,2021-07-02,28/11/2023,Activo,7.0,Norte
835,Diana Pérez,usuario835@empresa.co,3201461964,26,Masculino,barranquilla,Alimentos,228608.82,4623227.08,8.8,,12-12-2020,20-11-2020,Activo,31.0,
836,Diana López,usuario836@hotmail.com,3112083454,,Female,medellin,ROPA,623657.08,2124934.85,6.7,Efectivo,2020-09-03,,Cancelado,15.0,Centro
837,Sandra González,usuario837@outlook.com,3159270370,70,f,Medellín,Tecnología,84206.29,4317571.21,,Tarjeta Débito,2021-11-23,2021-05-04,Inactivo,49.0,Sur
838,,usuario838@hotmail.com,3113327093,71,MASCULINO,Barranquilla,Electrónica,61024.93,3990494.04,4.1,Nequi,2021/11/24,,ACTIVO,47.0,
839,Sandra Sánchez,usuario839@outlook.com,3114017611,47,FEMENINO,Cúcuta,Electrónica,273128.64,3076586.62,2.5,TARJETA CREDITO,25/06/2024,,activo,8.0,Norte
840,Paola Rivera,usuario840@gmail.com,3201648485,48,Masculino,Bucaramanga,deportes,112945.92,3248785.99,5.3,TARJETA CREDITO,07-03-2024,02-05-2022,activo,35.0,Centro
841,Natalia Torres,usuario841@empresa.co,3128378480,69,Femenino,Bucaramanga,Ropa,81576.19,2159947.0,5.8,TARJETA CREDITO,29-01-2021,2020/12/03,Inactivo,18.0,Centro
842,Ana Torres,usuario842@empresa.co,3116678179,63,M,Cartagena,Electrónica,343134.22,5235853.46,5.0,Nequi,2021-01-24,27-06-2024,activo,31.0,
843,Jorge García,usuario843@yahoo.com,3154329514,47,Male,Barranquilla,Hogar,223887.66,4033676.51,5.2,efectivo,2020-06-08,14 Jun 2022,ACTIVO,2.0,Oriente
844,,usuario844@hotmail.com,3119157341,,f,Cartagena,Ropa,25385.71,3387404.93,6.4,Efectivo,07-31-2023,17 Oct 2021,activo,1.0,Occidente
845,Laura Martínez,usuario845@yahoo.com,3114492184,68,f,Bogotá,Alimentos,340116.87,2924240.12,,Tarjeta Débito,2021/09/29,06-26-2022,Inactivo,,Sur
846,Diana Martínez,usuario846@outlook.com,3103099471,20,m,Bucaramanga,HOGAR,77836.05,4934787.75,2.0,,07-10-2022,,activo,12.0,Occidente
847,Jorge López,usuario847@empresa.co,3009562873,37,,Cartagena,Electrónica,,1895321.56,4.8,,14 Sep 2023,26 Jan 2024,pendiente,2.0,Centro
848,Juan Martínez,usuario848@empresa.co,3012822928,70,m,  Cartagena  ,alimentos,77985.37,2641731.57,5.6,tarjeta débito,20-05-2020,28 Oct 2024,activo,27.0,
849,Sandra Pérez,usuario849@hotmail.com,3129473913,34,Femenino,BOGOTA,Tecnología,175875.95,2542831.43,5.2,Tarjeta Crédito,2022/01/26,03-23-2021,ACTIVO,38.0,
850,Pedro Torres,usuario850@outlook.com,3204346071,,MASCULINO,BOGOTA,Tecnología,,99999999.0,2.2,pse,26-07-2020,21 May 2023,Inactivo,49.0,Centro
851,Luis Rivera,usuario851@yahoo.com,3127236331,36,m,Medellín,Alimentos,289254.67,3160256.05,6.4,,30-12-2022,31/05/2024,pendiente,19.0,Occidente
852,Juan González,,3156057007,67,m,Pereira,deportes,99518.63,4351969.16,6.7,PSE,03/04/2020,05-15-2020,inactivo,4.0,Occidente
853,Andrés Flores,usuario853@outlook.com,3151489923,,Female,barranquilla,deportes,106153.68,5414811.51,5.3,PSE,21-06-2020,26 Sep 2022,activo,11.0,Sur
854,,usuario854@yahoo.com,3119430989,35,Femenino,BOGOTA,Tecnología,426500.91,1678612.71,5.8,Tarjeta Crédito,30-05-2021,03/05/2022,ACTIVO,23.0,
855,Natalia Rodríguez,usuario855@yahoo.com,,41,FEMENINO,Cali,Deportes,13269.82,3193056.76,8.5,,11-02-2021,11-07-2021,pendiente,32.0,
856,Paola Martínez,usuario856@empresa.co,3103883241,43,m,Bucaramanga,Tecnología,122339.96,2798038.12,,Nequi,12 Aug 2021,2023-10-07,Activo,21.0,Occidente
857,Luis Gómez,usuario857@yahoo.com,3107518089,75,FEMENINO,Bucaramanga,Deportes,195719.7,4375526.41,6.0,tarjeta débito,2023-02-21,,pendiente,46.0,Oriente
858,Laura Rivera,usuario858@outlook.com,3011125921,39,Female,medellin,alimentos,56611.46,928857.64,9.1,Tarjeta Débito,19 Mar 2024,01-06-2023,Activo,23.0,Norte
859,Sandra Flores,usuario859@gmail.com,3151643272,49,M,Santa Marta,Deportes,234595.49,,3.6,PSE,04-14-2021,30/04/2024,pendiente,35.0,Sur
860,Andrés Flores,usuario860@outlook.com,3112987450,41,Male,Bogotá,ROPA,15961.69,4138092.26,,efectivo,2021-07-14,18-01-2021,ACTIVO,41.0,
861,Carlos Martínez,usuario861@empresa.co,,51,Male,CALI,Alimentos,12402.41,-1000.0,5.9,Tarjeta Débito,04-02-2020,2024-11-27,pendiente,32.0,
862,Sergio González,usuario862@outlook.com,,23,FEMENINO,barranquilla,Alimentos,862324.56,3210788.34,5.2,Nequi,16-12-2022,12-13-2023,Pendiente,5.0,
863,María Gómez,sin_email,3111339394,23,MASCULINO,Santa Marta,ROPA,5327.2,4346627.35,1.3,pse,09-09-2022,,pendiente,18.0,Oriente
864,Natalia Gómez,sin_email,3102828866,70,Male,barranquilla,deportes,421234.84,2007352.07,3.3,pse,20 Mar 2021,04/10/2020,Activo,21.0,Oriente
865,Pedro Ramírez,usuario865@gmail.com,,36,Male,  Cartagena  ,ROPA,99301.81,3083889.95,2.7,Efectivo,22/09/2024,23/02/2020,Cancelado,42.0,Occidente
866,María García,usuario866@hotmail.com,,23,Femenino,Medellín,Deportes,43040.93,2548093.49,2.9,tarjeta débito,2023-03-02,2024/11/01,Activo,9.0,Occidente
867,Diana Sánchez,usuario867@outlook.com,3156730402,36,Male,CALI,Electrónica,195336.71,,2.7,Tarjeta Crédito,2022/06/09,2023/04/02,activo,7.0,Norte
868,Andrés Rivera,usuario868@outlook.com,,56,,Manizales,alimentos,61440.18,4261057.65,2.1,,2021-12-12,2021/03/18,activo,40.0,Oriente
869,Pedro González,usuario869@gmail.com,3208874287,28,m,barranquilla,ROPA,87519.61,3111303.33,8.1,TARJETA CREDITO,04-04-2022,2021-11-28,Activo,21.0,Centro
870,Paola García,usuario870@empresa.co,3108020666,40,Female,medellin,Hogar,1535326.87,,7.0,PSE,02 Feb 2020,26/03/2024,pendiente,,Sur
871,Pedro López,usuario871@empresa.co,3008007232,64,F,Santa Marta,HOGAR,146357.25,3599225.87,4.2,Tarjeta Crédito,13-07-2023,2023/01/14,inactivo,38.0,Centro
872,Natalia García,usuario872@empresa.co,3103179509,40,MASCULINO,Pereira,ROPA,491423.06,3227928.26,4.6,Nequi,08-28-2023,2022-05-23,Activo,5.0,Oriente
873,Andrés Sánchez,usuario873@empresa.co,3105104231,45,Female,Cúcuta,Hogar,436824.73,3970217.24,4.5,Tarjeta Débito,2023/08/24,2024/04/24,ACTIVO,15.0,Sur
874,Sergio García,usuario874@outlook.com,3156592567,68,FEMENINO,Manizales,Tecnología,34543.72,3292071.32,7.1,,,2022-09-10,Activo,40.0,Centro
875,Ana Pérez,usuario875@outlook.com,3007194566,22,F,Manizales,Ropa,313360.9,3870968.4,,Tarjeta Crédito,11-16-2020,04/07/2023,Pendiente,39.0,Occidente
876,Natalia Martínez,usuario876@outlook.com,3153642358,43,f,  Cartagena  ,HOGAR,427819.96,3473547.69,2.1,pse,2020/12/19,09/08/2021,inactivo,20.0,Sur
877,Sandra Martínez,usuario877@gmail.com,3115360446,69,FEMENINO,BOGOTA,ROPA,54320.0,3104783.95,9.8,efectivo,2023-12-14,2020/09/30,Cancelado,34.0,
878,Pedro Sánchez,usuario878@outlook.com,3208773792,28,MASCULINO,Cali,Hogar,,3415616.52,7.3,Tarjeta Crédito,29/04/2020,07-31-2021,inactivo,15.0,Sur
879,Miguel Pérez,usuario879@hotmail.com,3016458357,27,Masculino,CALI,Deportes,34182.62,2099205.83,9.5,TARJETA CREDITO,06/01/2022,11-09-2023,inactivo,30.0,Sur
880,,usuario880@empresa.co,3006300111,61,Male,Santa Marta,electronica,129288.28,4108378.19,-1.0,pse,06-29-2021,06-01-2020,Cancelado,10.0,Oriente
881,Jorge Pérez,usuario881@empresa.co,3116190185,20,Female,Santa Marta,electronica,537477.93,2687120.58,8.5,TARJETA CREDITO,2022/04/18,12 Nov 2020,Cancelado,27.0,
882,María Flores,usuario882@empresa.co,3102503497,33,m,Manizales,electronica,61469.51,4881211.86,8.4,Tarjeta Débito,05/03/2024,2022-04-12,activo,35.0,
883,Sergio Sánchez,usuario883@yahoo.com,3108102980,41,Male,CALI,Deportes,454736.5,3556013.37,1.0,Tarjeta Crédito,10-07-2020,2020/07/03,inactivo,25.0,Centro
884,Luis Gómez,usuario884@outlook.com,3107352947,54,M,Barranquilla,alimentos,65506.07,5132893.16,3.0,Tarjeta Débito,19-10-2022,2021-01-16,Cancelado,32.0,Centro
885,Natalia Martínez,usuario885@hotmail.com,3152847560,,MASCULINO,Pereira,Electrónica,120987.41,3500366.39,9.8,Nequi,26-05-2022,2022-10-08,Cancelado,49.0,Occidente
886,Sandra Flores,usuario886@yahoo.com,3004417705,46,Femenino,Bogotá,ROPA,227925.21,3885142.99,6.8,PSE,19/07/2022,,ACTIVO,49.0,Oriente
887,María Rodríguez,usuario887@gmail.com,3129580571,41,Femenino,Bucaramanga,Electrónica,,4804040.84,9.0,,2022/11/15,07-01-2021,activo,17.0,Oriente
888,Jorge Pérez,usuario888@hotmail.com,3109973258,22,f,Medellín,Tecnología,110375.13,4074618.28,8.6,Efectivo,19 Apr 2022,2023/08/30,ACTIVO,2.0,Norte
889,Laura Flores,usuario889@empresa.co,3116082687,51,,CALI,alimentos,55658.67,3709543.12,7.3,pse,14-12-2023,03-28-2022,Pendiente,13.0,Norte
890,Andrés Ramírez,usuario890@outlook.com,3209285320,38,F,Medellín,HOGAR,12355.48,4484595.26,8.8,Tarjeta Crédito,20 May 2023,09/09/2020,Cancelado,,Sur
891,Diana Rodríguez,usuario891@hotmail.com,3204800890,33,Male,Bogotá,Electrónica,106661.5,1416841.58,3.6,efectivo,03 Aug 2020,03 Aug 2020,ACTIVO,19.0,Sur
892,Pedro Martínez,usuario892@outlook.com,3103240800,19,MASCULINO,BOGOTA,electronica,27261.48,2505960.1,5.5,,2020/01/25,11-25-2021,inactivo,26.0,Occidente
893,Juan Flores,usuario893@outlook.com,3019424645,49,Masculino,Barranquilla,Deportes,290014.92,1341248.07,1.1,tarjeta débito,19/04/2021,11/04/2020,ACTIVO,31.0,Norte
894,Laura López,usuario894@hotmail.com,,53,MASCULINO,Bucaramanga,Electrónica,55325.15,2997036.5,7.6,PSE,10-01-2024,10 Feb 2020,activo,,Occidente
895,María Torres,usuario895@outlook.com,3014602382,67,m,Barranquilla,alimentos,29914.43,2920774.45,8.3,Tarjeta Débito,27/08/2022,2020-09-09,pendiente,16.0,Sur
896,Miguel Ramírez,usuario896@empresa.co,no tiene,46,FEMENINO,Bucaramanga,Ropa,56941.61,4442710.55,3.8,Nequi,21-10-2023,04-06-2024,ACTIVO,49.0,Centro
897,Luis Rodríguez,usuario897@hotmail.com,3201639011,57,FEMENINO,Santa Marta,Alimentos,263633.34,5234753.07,2.3,pse,30/10/2020,25-09-2022,pendiente,45.0,Sur
898,Laura Rivera,usuario898@hotmail.com,3016861300,49,Male,Barranquilla,deportes,283816.33,3056721.89,1.6,PSE,04/10/2024,10-09-2020,activo,21.0,
899,Juan Rivera,usuario899@hotmail.com,3003126448,26,Male,Cúcuta,HOGAR,604847.5,5224825.99,4.3,Tarjeta Crédito,04 Oct 2024,02-01-2024,activo,7.0,Norte
900,Sergio Pérez,usuario900hotmail.com,3129668249,46,M,Cúcuta,deportes,8928064.0,2908987.88,6.0,,08-02-2022,2022/10/01,Cancelado,30.0,Sur
901,Sergio Torres,usuario901@outlook.com,3103712941,63,Female,Bucaramanga,deportes,180811.65,2460818.48,3.6,Tarjeta Crédito,2022/06/04,2023-11-21,inactivo,26.0,Sur
902,Sergio López,usuario902@hotmail.com,3121761373,23,Femenino,Cali,alimentos,22106.7,2406073.64,3.2,efectivo,2024/07/23,2023-11-09,pendiente,8.0,
903,Carlos Ramírez,usuario903@outlook.com,3123906367,72,MASCULINO,Bucaramanga,deportes,134572.72,,9.4,,03-11-2023,02-21-2020,Cancelado,15.0,
904,Ana López,usuario904@gmail.com,3015386747,60,FEMENINO,Santa Marta,Electrónica,12605.13,4129474.42,3.1,Nequi,23-08-2022,04-05-2023,Pendiente,21.0,
905,Pedro García,,3151007958,22,MASCULINO,Bogotá,Ropa,,4516679.45,1.8,Tarjeta Débito,27-06-2021,12/04/2023,inactivo,1.0,Sur
906,Paola López,usuario906@outlook.com,3119461481,36,MASCULINO,Bogotá,Ropa,,3570506.03,8.4,,21-05-2023,2024/10/29,pendiente,16.0,Oriente
907,Ana Sánchez,usuario907@empresa.co,3151620406,72,F,Bogotá,alimentos,62348.55,3241594.77,3.5,TARJETA CREDITO,2023-06-30,04 Nov 2021,pendiente,50.0,Centro
908,María Pérez,usuario908@outlook.com,3007427808,63,FEMENINO,  Cartagena  ,ROPA,150565.84,3257718.52,3.3,pse,30/05/2023,11-12-2022,inactivo,3.0,Norte
909,Diana Martínez,usuario909@yahoo.com,,58,FEMENINO,barranquilla,Alimentos,2981268.0,1615985.0,5.4,,2020/02/20,2024-07-22,Pendiente,27.0,Occidente
910,Luis Torres,sin_email,3013031915,41,Masculino,barranquilla,Ropa,465382.0,3885137.54,6.3,Nequi,07 May 2021,2021-10-07,ACTIVO,8.0,Oriente
911,,usuario911@yahoo.com,3129957067,25,M,Cúcuta,electronica,668733.71,2020439.82,9.6,efectivo,2020/05/02,28-10-2024,activo,8.0,
912,Carlos Ramírez,usuario912@outlook.com,3209972306,68,,Pereira,HOGAR,288606.54,5340914.93,3.2,tarjeta débito,,02-12-2020,Pendiente,40.0,Occidente
913,Luis Pérez,sin_email,3152449331,68,,Barranquilla,HOGAR,247021.74,3175616.01,7.7,Tarjeta Débito,01-09-2020,2023-04-01,Pendiente,35.0,
914,Carlos García,usuario914@empresa.co,3017582112,41,M,Medellín,alimentos,243199.21,99999999.0,2.0,,25-12-2022,24 Oct 2022,ACTIVO,12.0,Sur
915,Juan Ramírez,usuario915@empresa.co,3119522915,41,Masculino,Santa Marta,Hogar,206904.51,2350522.91,1.7,,,2023-03-16,pendiente,33.0,Sur
916,Carlos Flores,usuario916@empresa.co,3203348099,53,Femenino,Bogotá,Ropa,277081.55,2272298.3,5.4,pse,20/03/2023,18-06-2022,pendiente,34.0,Sur
917,Luis Rivera,usuario917@yahoo.com,3014818968,74,F,CALI,Deportes,75492.77,2985605.31,2.2,tarjeta débito,22-07-2020,27 Feb 2022,Cancelado,37.0,Norte
918,Pedro Ramírez,sin_email,3125820207,37,Female,CALI,electronica,345845.54,3883276.54,7.9,Tarjeta Débito,10/04/2024,2022/09/02,activo,49.0,Oriente
919,Diana Martínez,usuario919@outlook.com,3107706722,63,Femenino,Bogotá,Tecnología,445981.98,1783340.37,1.9,TARJETA CREDITO,,,Inactivo,23.0,Sur
920,Ana López,usuario920@gmail.com,,51,Female,Cúcuta,Electrónica,554010.65,99999999.0,2.4,Efectivo,24/02/2024,2023-10-15,Activo,32.0,Norte
921,María González,usuario921@gmail.com,3156317124,44,M,Santa Marta,Tecnología,583159.03,5092352.79,6.8,tarjeta débito,05-06-2022,2020/07/07,activo,,Sur
922,María López,usuario922@gmail.com,3157174215,22,Masculino,medellin,Hogar,11061.64,3118291.97,8.3,Tarjeta Crédito,03-15-2021,04/04/2023,inactivo,25.0,Norte
923,Pedro Ramírez,usuario923@outlook.com,3112129557,38,M,BOGOTA,Hogar,13563.59,1741660.57,3.0,pse,,11 Feb 2024,ACTIVO,31.0,Occidente
924,Sandra Flores,usuario924@hotmail.com,3202396959,46,M,Pereira,Ropa,6272.95,3422833.2,2.4,tarjeta débito,08 Mar 2022,2024/09/12,activo,47.0,Norte
925,Juan Rivera,usuario925hotmail.com,3005941708,51,F,Barranquilla,electronica,142619.34,2158019.55,4.9,Efectivo,2020-02-18,05-06-2021,Pendiente,4.0,
926,Luis Gómez,usuario926@yahoo.com,3106191397,74,m,Barranquilla,Alimentos,344881.14,2661868.81,9.9,,11-20-2024,29-11-2020,activo,48.0,
927,Diana González,usuario927@outlook.com,3007096899,53,f,medellin,Hogar,266723.47,3767693.45,4.8,tarjeta débito,29-08-2020,01/05/2023,pendiente,34.0,Norte
928,Laura González,usuario928@empresa.co,3113040806,29,M,Medellín,electronica,232898.33,3621009.94,2.3,efectivo,29/08/2022,10-16-2023,Cancelado,6.0,Oriente
929,Natalia Sánchez,usuario929@empresa.co,3202207142,26,F,  Cartagena  ,Alimentos,66777.38,2783360.21,5.0,Tarjeta Débito,09 Mar 2023,29 Apr 2022,Activo,42.0,Norte
930,Juan Flores,usuario930@yahoo.com,3154664723,73,MASCULINO,Pereira,Tecnología,50120.55,2283680.79,,pse,16-08-2023,27 Feb 2021,activo,1.0,Occidente
931,Paola López,usuario931@hotmail.com,no tiene,-5,Masculino,Pereira,electronica,132519.22,3738777.18,8.4,efectivo,,07-11-2021,Inactivo,38.0,
932,Paola Flores,usuario932@hotmail.com,3209835919,37,m,CALI,Hogar,,5548795.93,4.3,Tarjeta Crédito,2023/04/22,11 Jan 2024,pendiente,9.0,Occidente
933,Jorge López,,3118939623,38,m,Bucaramanga,Alimentos,150029.14,5451338.92,7.8,PSE,12-06-2022,20-09-2023,activo,49.0,Occidente
934,Pedro García,usuario934@outlook.com,3102743788,32,m,Cúcuta,Alimentos,113937.11,5022111.22,10.0,Tarjeta Débito,13 Dec 2024,03-10-2020,pendiente,47.0,Centro
935,Juan Torres,usuario935@yahoo.com,3112819180,51,M,Barranquilla,Electrónica,412806.59,6175069.22,5.3,,,2020-05-23,pendiente,4.0,Sur
936,Diana Pérez,usuario936@empresa.co,,72,M,Manizales,HOGAR,49588.08,0.0,2.9,Efectivo,26 Aug 2022,04-12-2020,Cancelado,44.0,Centro
937,María Rivera,usuario937@outlook.com,,0,Female,Barranquilla,Tecnología,252185.44,3047310.67,3.8,,18-01-2022,12-05-2021,ACTIVO,,
938,Luis Rodríguez,usuario938@gmail.com,3112038575,53,M,CALI,Tecnología,941544.47,5327399.16,1.1,tarjeta débito,2021/05/04,05-01-2022,inactivo,43.0,Occidente
939,Carlos Flores,usuario939@hotmail.com,3119598291,58,Femenino,  Cartagena  ,Ropa,,4400674.39,5.0,Tarjeta Crédito,19-12-2021,2023/05/19,inactivo,20.0,Oriente
940,Natalia García,usuario940@gmail.com,3102187779,52,FEMENINO,Bucaramanga,Alimentos,25407.22,4436702.68,8.6,PSE,2022-07-03,19 Apr 2022,Inactivo,33.0,Sur
941,Jorge Gómez,usuario941@gmail.com,3101950964,59,Masculino,Bogotá,Tecnología,14940.55,3011932.55,3.9,tarjeta débito,03/01/2022,02-01-2022,pendiente,9.0,Norte
942,Carlos Flores,usuario942@yahoo.com,3115830880,55,Masculino,Medellín,alimentos,681813.9,5063352.43,2.6,PSE,05-23-2020,12/01/2024,Activo,22.0,Occidente
943,Luis Gómez,usuario943@gmail.com,,60,m,Bogotá,Deportes,94510.56,3390501.83,,pse,2023-04-22,24-07-2023,Cancelado,1.0,Sur
944,Juan González,usuario944@empresa.co,3105829757,75,FEMENINO,  Cartagena  ,deportes,13268.41,2589789.84,4.0,pse,2020/04/24,,pendiente,40.0,
945,Laura Martínez,usuario945hotmail.com,3102728569,71,Masculino,Barranquilla,deportes,605721.36,3876921.87,4.5,Nequi,07-11-2023,,pendiente,50.0,Norte
946,Laura Flores,,3019432638,20,m,Santa Marta,Hogar,313450.46,4352084.15,9.8,,2023-03-20,2022-11-11,ACTIVO,23.0,
947,Luis Ramírez,usuario947@outlook.com,3113350919,19,Masculino,Bogotá,deportes,151506.31,1490820.54,2.7,efectivo,04-25-2020,04-07-2021,ACTIVO,,Sur
948,Juan Gómez,usuario948@outlook.com,3203681873,59,m,Bogotá,Ropa,545654.42,2271829.8,3.7,pse,2021-06-17,10-10-2023,inactivo,6.0,Norte
949,Paola Ramírez,usuario949@gmail.com,3122264739,34,Femenino,Pereira,deportes,350047.41,2206609.01,,PSE,20-08-2020,,Cancelado,34.0,Centro
950,Sergio Martínez,usuario950@empresa.co,3118256519,67,M,Medellín,Electrónica,259086.3,4387614.08,3.3,Nequi,01/03/2023,15 Feb 2021,Activo,18.0,Sur
951,Laura Pérez,usuario951@outlook.com,3108980895,57,f,medellin,Electrónica,32726.74,2796101.36,,PSE,09/02/2023,2020/06/17,activo,14.0,
952,Laura García,usuario952@hotmail.com,3109804457,49,MASCULINO,Cúcuta,Ropa,171392.5,4191054.02,4.4,efectivo,,18-07-2022,Inactivo,29.0,
953,Luis Flores,usuario953@outlook.com,3203598801,52,Female,Bucaramanga,Ropa,186014.95,3835668.73,5.3,pse,03-11-2022,09-08-2022,inactivo,25.0,Oriente
954,Ana Martínez,usuario954@hotmail.com,3126396305,37,MASCULINO,Santa Marta,Alimentos,482554.37,2619626.09,,Nequi,2023/11/13,12-01-2022,activo,22.0,Occidente
955,Sergio Ramírez,usuario955@yahoo.com,3157136644,69,,CALI,HOGAR,30914.55,2404892.61,2.9,,2024/08/26,22/09/2023,Inactivo,39.0,Occidente
956,María Rodríguez,usuario956@yahoo.com,3204672837,43,,BOGOTA,Deportes,118583.64,2397157.72,7.5,tarjeta débito,19 Dec 2024,08-18-2020,Activo,48.0,Norte
957,Luis Pérez,usuario957@outlook.com,3116900429,22,M,Manizales,Electrónica,192623.39,3683685.28,4.6,Tarjeta Débito,21/11/2024,2020/05/19,Inactivo,,Oriente
958,Miguel Rodríguez,usuario958@empresa.co,3204326484,28,f,Barranquilla,Ropa,107572.99,3789792.0,2.2,tarjeta débito,10-10-2024,10/11/2023,activo,48.0,Sur
959,Jorge Sánchez,usuario959@gmail.com,3104137836,48,,Bogotá,alimentos,,3840919.82,3.0,tarjeta débito,04-02-2020,12-30-2022,activo,14.0,Sur
960,Pedro Flores,usuario960@gmail.com,3019944436,39,Male,Medellín,Alimentos,185027.88,3936879.28,7.5,,23-02-2020,,activo,46.0,
961,Sergio Rodríguez,usuario961@outlook.com,---,38,M,Cúcuta,Hogar,483298.71,3708496.26,6.5,Tarjeta Crédito,13-04-2023,2023-10-10,activo,14.0,
962,Diana Sánchez,usuario962@gmail.com,3125240972,38,Male,Cali,Deportes,80885.73,4141045.35,7.0,PSE,15/10/2022,20 Jun 2021,Cancelado,5.0,Oriente
963,Paola García,usuario963@outlook.com,3116780160,73,Masculino,barranquilla,Deportes,286141.91,4086461.63,,Nequi,2024-12-13,12 Apr 2024,Inactivo,1.0,Sur
964,Laura Ramírez,usuario964@hotmail.com,3203281370,43,Femenino,Cartagena,ROPA,364088.71,3963423.56,9.3,efectivo,05 May 2021,2023/03/30,inactivo,9.0,Centro
965,Juan Rivera,usuario965@hotmail.com,3154047472,41,M,BOGOTA,alimentos,341241.1,6313832.97,4.5,Efectivo,20 Feb 2023,,Cancelado,3.0,Occidente
966,Luis Gómez,usuario966@gmail.com,3208653484,24,M,Cartagena,alimentos,338989.89,3369718.3,2.6,,28/09/2021,05-24-2020,Activo,35.0,Oriente
967,Sandra Rodríguez,usuario967@gmail.com,3008925909,47,MASCULINO,barranquilla,Tecnología,78696.03,3069073.58,8.0,Nequi,2021/05/24,02-23-2022,Pendiente,42.0,Norte
968,María Torres,usuario968@hotmail.com,3118424088,46,FEMENINO,Medellín,Tecnología,72731.51,4900396.84,3.3,pse,2021/04/20,29 Apr 2023,Inactivo,41.0,Occidente
969,Sergio Martínez,usuario969@gmail.com,3152221209,24,Female,barranquilla,deportes,480405.4,4211069.38,1.2,PSE,11 Nov 2024,2020/08/02,Inactivo,9.0,Norte
970,Sandra Martínez,,3105673462,999,Female,Santa Marta,Tecnología,387950.63,2288622.91,8.5,Tarjeta Débito,2024/12/24,,activo,50.0,Occidente
971,Diana Rodríguez,usuario971@empresa.co,3119366516,44,Masculino,Cúcuta,electronica,685115.28,,5.3,TARJETA CREDITO,10 Oct 2024,2020/08/12,inactivo,27.0,Oriente
972,María Torres,usuario972@hotmail.com,3012743711,73,,Cali,Alimentos,183735.57,3499642.21,7.7,Tarjeta Crédito,,02-03-2022,ACTIVO,3.0,
973,Luis Pérez,usuario973@yahoo.com,3111206231,70,Male,Barranquilla,ROPA,316030.0,864562.98,3.9,TARJETA CREDITO,28-09-2020,08-06-2021,inactivo,42.0,
974,Natalia García,usuario974@hotmail.com,3125784042,54,m,Cartagena,HOGAR,378987.32,3985959.88,4.9,tarjeta débito,11-02-2021,2024-12-14,inactivo,11.0,Oriente
975,Sergio López,usuario975@empresa.co,3125623967,30,MASCULINO,Santa Marta,deportes,155381.86,,1.1,TARJETA CREDITO,05-17-2021,2023-05-27,pendiente,46.0,
976,Paola Rivera,usuario976@yahoo.com,3114073726,49,Femenino,Cali,Electrónica,121345.14,3426012.81,6.9,Nequi,25 Nov 2022,17-12-2021,activo,32.0,Oriente
977,Laura Rodríguez,usuario977@empresa.co,3016223811,47,Female,Cali,HOGAR,533785.79,4580503.73,5.1,efectivo,2022/04/05,2020-09-12,pendiente,10.0,Occidente
978,Sandra Gómez,usuario978@outlook.com,3159160457,37,f,Cali,Alimentos,153269.98,1632275.21,5.5,TARJETA CREDITO,21/05/2024,12 Sep 2023,Inactivo,9.0,Occidente
979,Andrés Pérez,usuario979@outlook.com,3129963399,23,f,Cartagena,ROPA,423139.59,2930709.51,5.5,pse,11-04-2021,25 Mar 2020,pendiente,25.0,Occidente
980,Diana Flores,usuario980@yahoo.com,3116243637,50,f,Manizales,HOGAR,12203983.0,4134668.36,3.3,tarjeta débito,09-04-2023,18 Sep 2021,inactivo,32.0,Norte
981,Diana Sánchez,usuario981@yahoo.com,,33,MASCULINO,Medellín,Ropa,88876.14,99999999.0,1.7,,2023/05/11,19/04/2022,Activo,47.0,
982,Luis Flores,usuario982@gmail.com,3125187458,40,m,Bucaramanga,electronica,1027679.24,2890891.31,1.2,Nequi,2023/11/16,09-26-2022,pendiente,27.0,
983,Carlos Gómez,usuario983@outlook.com,3154733042,,Masculino,BOGOTA,Deportes,296179.18,3531459.75,5.7,TARJETA CREDITO,07-02-2024,09-06-2020,Activo,42.0,Sur
984,Ana Sánchez,usuario984@outlook.com,3204515161,56,Masculino,Bucaramanga,Alimentos,642835.33,3179535.72,2.6,pse,30/04/2021,08-30-2024,ACTIVO,44.0,Occidente
985,Pedro Flores,sin_email,3208241266,59,MASCULINO,medellin,Hogar,143943.35,2152108.25,4.6,efectivo,16-02-2023,2022/04/24,Activo,46.0,Centro
986,Miguel Pérez,usuario986@empresa.co,3006232785,36,M,Medellín,HOGAR,392900.9,99999999.0,5.1,tarjeta débito,24-07-2023,2021/11/23,Inactivo,22.0,Sur
987,Natalia González,usuario987@gmail.com,3112900675,72,,Bucaramanga,Alimentos,46820.21,2544468.28,1.5,TARJETA CREDITO,,21-06-2022,Activo,15.0,
988,Andrés García,usuario988@hotmail.com,3158690702,26,Male,Medellín,deportes,584774.88,3406171.68,9.5,tarjeta débito,04-11-2021,27/12/2024,Pendiente,20.0,Sur
989,Ana Rivera,usuario989@hotmail.com,3202261957,64,F,Bucaramanga,Ropa,145936.1,2945329.08,1.9,pse,13 Nov 2022,10-02-2022,Cancelado,7.0,Occidente
990,Juan González,usuario990@gmail.com,3155584349,43,FEMENINO,  Cartagena  ,deportes,10260.35,2694424.39,8.5,TARJETA CREDITO,2021/03/05,,Pendiente,6.0,Sur
991,Natalia Sánchez,usuario991@empresa.co,3107587336,43,f,BOGOTA,ROPA,610529.67,4605012.94,6.9,PSE,2022-04-02,2024/02/04,ACTIVO,16.0,Occidente
992,Ana Rodríguez,sin_email,N/A,N/A,Female,Cali,deportes,289499.44,3886841.99,6.5,Nequi,25 Jan 2022,04-11-2023,pendiente,35.0,
993,Sandra González,usuario993@hotmail.com,3208622243,53,FEMENINO,Santa Marta,HOGAR,21202.29,,2.0,Efectivo,22 Jun 2022,24 Dec 2022,Cancelado,37.0,
994,Pedro Martínez,usuario994@gmail.com,3102413121,42,M,barranquilla,HOGAR,35027.11,6249685.49,8.0,efectivo,2024/07/15,29/04/2020,inactivo,2.0,Centro
995,María Martínez,usuario995@empresa.co,3102729907,66,F,Bucaramanga,Electrónica,176511.31,2588178.52,8.9,pse,2021/10/31,02-28-2020,inactivo,23.0,Norte
996,Juan Rivera,usuario996@empresa.co,3017382600,70,,Cartagena,Deportes,19376.07,2763464.15,3.6,Tarjeta Débito,23-10-2024,08-04-2020,pendiente,46.0,Oriente
997,Paola Flores,usuario997@outlook.com,3006462682,61,F,Santa Marta,deportes,207805.03,,4.6,,20/05/2022,2023-03-03,ACTIVO,28.0,Sur
998,Ana Torres,usuario998@gmail.com,3017073648,26,Female,CALI,Ropa,248537.59,2613743.64,1.3,Efectivo,05-15-2024,01 Nov 2022,ACTIVO,26.0,Centro
999,Paola Rivera,usuario999@yahoo.com,3124708307,43,M,Cúcuta,deportes,648048.17,4260555.19,1.9,,06/07/2021,03-20-2023,ACTIVO,1.0,
1000,Sergio López,usuario1000@gmail.com,3018760430,39,Male,Bucaramanga,HOGAR,142895.7,2933824.96,6.2,tarjeta débito,31-01-2022,03-20-2024,inactivo,15.0,Norte
1001,Ana Rodríguez,usuario1001@empresa.co,3159148679,41,M,Cúcuta,Tecnología,65419.06,3317826.71,8.7,Efectivo,2022/12/10,2020/03/01,pendiente,42.0,Sur
1002,María García,usuario1002@gmail.com,3151989755,30,m,Santa Marta,Ropa,273255.97,4418428.29,1.3,Nequi,23 Nov 2022,25 Oct 2020,Inactivo,44.0,Oriente
1003,Diana Pérez,usuario1003@yahoo.com,3114029391,43,FEMENINO,Manizales,alimentos,138870.23,2863539.26,4.7,TARJETA CREDITO,08-01-2024,05 Feb 2023,Activo,32.0,Centro
1004,Paola Torres,sin_email,3115681172,20,Female,medellin,Electrónica,386181.39,3539148.82,6.1,pse,2024/04/01,05-04-2024,Pendiente,48.0,Centro
1005,Jorge Gómez,usuario1005@outlook.com,3154710986,,m,Medellín,Tecnología,,,1.9,PSE,12-31-2020,21-09-2024,pendiente,49.0,Oriente
1006,Juan Ramírez,usuario1006@empresa.co,3112547890,69,Female,Medellín,Electrónica,345466.86,4025727.7,3.4,Tarjeta Débito,14-07-2024,16/04/2021,Cancelado,6.0,Occidente
1007,Pedro Pérez,usuario1007@empresa.co,3122282056,47,,Cúcuta,Ropa,360876.9,4027867.46,3.4,Tarjeta Débito,14-04-2023,2022/11/24,Pendiente,1.0,Centro
1008,Laura Rodríguez,usuario1008@gmail.com,3205323168,75,M,  Cartagena  ,electronica,165446.91,,1.5,tarjeta débito,2023-07-15,24-03-2021,activo,10.0,Occidente
1009,Laura Rivera,sin_email,3015663146,38,f,Pereira,deportes,164451.37,2109254.01,8.8,PSE,,15-04-2022,Activo,26.0,Occidente
1010,Ana Rivera,usuario1010@empresa.co,3013786816,38,F,BOGOTA,Ropa,250705.96,3500200.24,9.0,efectivo,2020/04/03,2020-04-30,activo,34.0,Sur
1011,Ana Rodríguez,usuario1011@gmail.com,3122678871,57,f,Cúcuta,deportes,68100.46,,9.3,,13/12/2023,,Pendiente,39.0,
1012,María Flores,usuario1012@hotmail.com,3006943334,37,Male,CALI,alimentos,381761.38,3910693.28,1.7,Nequi,02-04-2020,10 Jun 2020,activo,1.0,Sur
1013,Andrés Rodríguez,sin_email,3109244043,50,m,CALI,alimentos,515710.8,2860939.03,5.0,tarjeta débito,08 Dec 2022,26 Jun 2022,Inactivo,33.0,Centro
1014,Luis López,usuario1014@empresa.co,,52,Male,Bogotá,Electrónica,190328.27,4999321.99,9.0,Tarjeta Crédito,29/11/2023,2022-11-10,inactivo,49.0,Norte
1015,Ana Pérez,usuario1015@outlook.com,3119878544,54,Male,Cali,alimentos,1028447.22,4328916.6,9.5,Nequi,2023/09/16,30 Jul 2024,Cancelado,38.0,Centro
1016,Andrés Rodríguez,usuario1016@outlook.com,3011075957,70,Male,Medellín,Deportes,11186.87,4379558.74,2.8,efectivo,29/10/2022,2024/12/06,activo,5.0,Sur
1017,Natalia González,usuario1017@hotmail.com,3208002064,,Masculino,Barranquilla,Deportes,395227.76,6012920.92,8.5,efectivo,2020-09-05,10/07/2021,Cancelado,10.0,
1018,Ana López,usuario1018@gmail.com,3006793476,25,f,Santa Marta,Hogar,29357.63,4807922.73,9.3,PSE,04/02/2024,2023-03-11,activo,17.0,Norte
1019,Andrés Torres,usuario1019@outlook.com,3155131984,55,Male,Pereira,Tecnología,16173.64,4494205.02,3.0,Nequi,2021/12/25,2022-12-26,ACTIVO,,Occidente
1020,Juan Pérez,usuario1020@gmail.com,3115345527,75,F,Santa Marta,Tecnología,,1138680.88,8.3,Efectivo,27 Jun 2024,07-15-2024,pendiente,24.0,Sur
1021,Sandra Sánchez,usuario1021@empresa.co,,62,Masculino,Pereira,Deportes,57636.87,3126822.87,3.5,Tarjeta Crédito,02/04/2022,2021-02-15,pendiente,1.0,Occidente
1022,Juan Gómez,usuario1022@gmail.com,3113459973,56,M,CALI,alimentos,66198.28,4585088.61,9.8,Efectivo,12-12-2021,2023-11-11,activo,18.0,Centro
1023,Carlos Sánchez,usuario1023@empresa.co,3203701028,59,,  Cartagena  ,Tecnología,226340.69,3592339.25,1.0,,18/12/2021,03-10-2022,inactivo,49.0,Sur
1024,Juan Flores,usuario1024@empresa.co,3153671774,67,,Medellín,HOGAR,,6035247.99,6.1,,25 Jul 2024,2021-04-01,Cancelado,46.0,Centro
1025,Diana Gómez,usuario1025@hotmail.com,3123957169,32,,BOGOTA,Alimentos,72363.68,4377466.34,7.8,pse,04-30-2021,09/03/2020,Inactivo,38.0,Centro
1026,Miguel Torres,usuario1026@yahoo.com,3207881404,55,Masculino,  Cartagena  ,Ropa,51449.81,4175158.16,1.5,TARJETA CREDITO,26-08-2023,,Inactivo,30.0,Centro
1027,Juan Torres,usuario1027@yahoo.com,3007810404,51,FEMENINO,BOGOTA,alimentos,210016.65,3016764.88,6.5,TARJETA CREDITO,22/02/2024,10-12-2024,Cancelado,48.0,Sur
1028,Laura Ramírez,,3113892638,57,Masculino,Medellín,Tecnología,88283.75,3541982.11,9.9,Nequi,26 Aug 2022,08/03/2023,Activo,42.0,Centro
1029,Jorge Sánchez,usuario1029@outlook.com,3101780566,42,f,  Cartagena  ,Hogar,354278.73,2485360.93,7.3,tarjeta débito,01/01/2021,2022-08-06,Pendiente,4.0,
1030,Andrés Rodríguez,usuario1030@gmail.com,3205233862,61,Male,medellin,HOGAR,134454.46,3365371.91,6.4,,,11-10-2023,ACTIVO,29.0,Centro
1031,Andrés Rivera,usuario1031@empresa.co,3209890911,54,F,medellin,deportes,468393.08,3168217.54,7.3,,2021-05-04,25/11/2023,ACTIVO,47.0,Occidente
1032,María Sánchez,usuario1032@hotmail.com,3202231871,25,,Santa Marta,Ropa,,,5.4,Efectivo,,2023/10/21,activo,,Norte
1033,Laura González,usuario1033@empresa.co,3119517873,46,F,Barranquilla,Deportes,184618.1,1412783.45,1.8,tarjeta débito,12-14-2020,2022-04-23,pendiente,27.0,Sur
1034,Ana Rodríguez,usuario1034@outlook.com,3005678977,27,m,Cúcuta,electronica,344531.57,3764303.12,2.1,PSE,17/10/2024,15 Mar 2022,activo,,Occidente
1035,Laura López,usuario1035@yahoo.com,3209705390,31,F,Cartagena,electronica,86465.11,,4.1,tarjeta débito,30-05-2023,05 May 2020,inactivo,13.0,Centro
1036,Laura Rodríguez,usuario1036outlook.com,---,67,MASCULINO,medellin,Electrónica,85331.74,543852.05,,Efectivo,2022/05/30,26-08-2020,ACTIVO,28.0,Norte
1037,Sergio Torres,usuario1037@hotmail.com,3008638614,48,Male,Cúcuta,electronica,209567.21,2637591.44,6.1,tarjeta débito,04 Oct 2023,05-04-2024,Activo,32.0,Occidente
1038,María López,usuario1038@empresa.co,3103823829,65,Female,Manizales,ROPA,363478.03,2965982.78,2.1,Nequi,,23 Mar 2020,Cancelado,14.0,Oriente
1039,Paola González,usuario1039@yahoo.com,3125443660,63,f,CALI,Tecnología,73483.55,,4.8,PSE,2024-12-05,2020/09/22,Pendiente,38.0,Centro
1040,María Sánchez,usuario1040@gmail.com,3128892328,31,M,Bucaramanga,Deportes,187599.71,3325439.37,4.0,Nequi,2024-12-19,06-04-2021,activo,8.0,
1041,Natalia García,usuario1041@hotmail.com,3018738195,60,MASCULINO,Cali,Tecnología,151579.0,3655981.75,8.8,pse,01/02/2021,2021/10/13,Inactivo,4.0,Sur
1042,Ana López,usuario1042@gmail.com,3202356797,42,f,medellin,Tecnología,213953.37,3687353.98,3.7,tarjeta débito,02-06-2023,09-19-2020,Pendiente,35.0,Sur
1043,Carlos Ramírez,usuario1043@hotmail.com,3157414223,29,FEMENINO,Manizales,Tecnología,277476.13,4656942.95,6.3,efectivo,13/06/2023,,Activo,4.0,Occidente
1044,Miguel Gómez,usuario1044@outlook.com,3006562052,52,Femenino,BOGOTA,Tecnología,126136.09,3338473.41,7.7,Efectivo,2024-06-10,30-07-2023,Cancelado,26.0,Sur
1045,Luis Ramírez,sin_email,3207203355,40,F,Medellín,Alimentos,215433.06,3244046.5,1.2,Efectivo,23 Apr 2024,05-25-2020,pendiente,29.0,
1046,Sandra Gómez,usuario1046hotmail.com,3115995696,73,Femenino,Cali,Electrónica,420674.93,5198405.94,5.6,Tarjeta Débito,25-10-2021,,Cancelado,12.0,Oriente
1047,Carlos Sánchez,usuario1047@gmail.com,3105421280,59,Masculino,Cúcuta,Alimentos,98111.23,2422967.02,3.7,,11-15-2020,,ACTIVO,,Oriente
1048,Sergio Pérez,usuario1048@gmail.com,3128821555,34,Male,BOGOTA,Deportes,7572.42,3342062.97,,pse,22/12/2022,2020/02/21,activo,31.0,Occidente
1049,Miguel Rodríguez,usuario1049@outlook.com,3155536660,30,f,  Cartagena  ,Deportes,399880.01,5501516.23,9.9,Efectivo,2022-01-05,19/05/2020,Activo,19.0,Sur
1050,Sandra Torres,usuario1050@gmail.com,,35,F,Bogotá,ROPA,703168.13,,8.6,,11 Sep 2021,2021-11-06,Activo,2.0,
1051,Diana González,usuario1051@gmail.com,3154628747,32,f,Cartagena,Deportes,781110.98,1762893.81,,TARJETA CREDITO,10-13-2024,11-11-2021,ACTIVO,39.0,Sur
1052,Andrés Rivera,usuario1052@hotmail.com,3155969658,37,f,Cali,Alimentos,1385345.54,1837025.2,,efectivo,2020-01-02,,activo,15.0,
1053,Miguel Ramírez,usuario1053@yahoo.com,3209581878,63,Masculino,Cartagena,HOGAR,37451.78,3532852.16,,efectivo,2021/01/21,2023-02-20,Cancelado,8.0,Norte
1054,Diana Sánchez,usuario1054@hotmail.com,3013408666,63,Female,Bogotá,electronica,42445.74,1322241.08,1.9,,,26 Jan 2022,ACTIVO,31.0,Sur
1055,Juan García,usuario1055@yahoo.com,3122094408,48,FEMENINO,Santa Marta,deportes,278398.01,4400293.15,8.6,Efectivo,17-09-2021,2023-07-26,Pendiente,7.0,Centro
1056,Jorge Sánchez,usuario1056@gmail.com,3112461657,68,m,barranquilla,electronica,264333.75,3093316.1,2.5,Nequi,22-01-2024,07 Apr 2020,pendiente,30.0,Sur
1057,Ana Rodríguez,usuario1057@yahoo.com,3004133756,36,,Cali,Alimentos,41942.62,1802240.79,9.1,Tarjeta Débito,2021-12-29,2022/10/01,Pendiente,,Oriente
1058,María Rivera,usuario1058@hotmail.com,3203008728,61,Masculino,Manizales,electronica,63231.8,4380763.94,9.5,Tarjeta Crédito,01-03-2024,16-08-2021,inactivo,2.0,Norte
1059,Sandra Torres,usuario1059@empresa.co,3004599844,75,Male,Cartagena,Alimentos,83623.38,4805170.56,3.1,TARJETA CREDITO,25/02/2022,22-07-2021,ACTIVO,27.0,
1060,Andrés Ramírez,usuario1060@empresa.co,3129052944,70,MASCULINO,Pereira,Tecnología,21620.92,3167554.0,,pse,07/10/2021,09/09/2022,Activo,28.0,Centro
1061,Paola Torres,,3155158345,67,MASCULINO,Medellín,deportes,94455.2,4314883.38,6.2,efectivo,2021-03-25,12-27-2024,Cancelado,21.0,Oriente
1062,Pedro Ramírez,usuario1062@hotmail.com,3114884283,36,FEMENINO,Cúcuta,Alimentos,103921.49,2966278.47,,Tarjeta Crédito,02-07-2020,2024-05-04,Pendiente,32.0,Occidente
1063,Carlos Rodríguez,usuario1063@outlook.com,3125732021,,FEMENINO,Santa Marta,Deportes,82139.74,5561369.9,9.1,TARJETA CREDITO,2022-12-26,15-08-2022,activo,37.0,Centro
1064,Juan Rivera,usuario1064@empresa.co,3121542512,23,F,Medellín,Alimentos,294977.88,3484536.24,2.7,PSE,09-07-2022,03-22-2020,activo,8.0,Sur
1065,Ana Rodríguez,usuario1065@gmail.com,3119189099,46,,Pereira,Electrónica,378534.13,4432734.81,1.1,efectivo,20-02-2024,05-11-2020,pendiente,41.0,Sur
1066,Laura Pérez,usuario1066@outlook.com,3122582940,65,Female,barranquilla,Tecnología,279216.9,3730798.04,4.2,tarjeta débito,22/08/2023,06-23-2020,ACTIVO,42.0,
1067,Pedro Sánchez,usuario1067@empresa.co,3153361592,30,M,Cartagena,deportes,408790.9,2319909.86,,tarjeta débito,2020/06/23,18/08/2023,Inactivo,49.0,Norte
1068,Luis Rodríguez,usuario1068@gmail.com,3152754915,35,Masculino,Cartagena,Electrónica,5532.81,,9.2,Tarjeta Débito,2024/06/13,12-08-2020,inactivo,44.0,Norte
1069,Ana Torres,usuario1069@gmail.com,3152662633,62,Femenino,Barranquilla,Deportes,478829.68,1808934.05,4.1,Efectivo,2021-07-27,29 Dec 2022,Cancelado,12.0,Oriente
1070,Sergio González,usuario1070@hotmail.com,3209383318,24,Femenino,Barranquilla,Alimentos,350188.34,4697421.27,2.0,pse,,07-06-2023,Activo,30.0,Oriente
1071,Diana Ramírez,usuario1071@hotmail.com,3115716794,55,MASCULINO,BOGOTA,Tecnología,78743.23,1503995.48,3.0,,14/04/2020,12/09/2024,Activo,45.0,Occidente
1072,Luis Ramírez,usuario1072@hotmail.com,3159741118,21,Male,Manizales,Tecnología,138707.48,,4.0,tarjeta débito,2023-06-12,11-06-2022,Cancelado,11.0,Norte
1073,Laura Ramírez,usuario1073@gmail.com,3015086167,51,Masculino,Barranquilla,electronica,119576.1,,9.1,,06-06-2024,2021-10-20,pendiente,13.0,Norte
1074,Diana Rivera,usuario1074@gmail.com,3115131012,32,Male,Bogotá,HOGAR,114677.28,,4.6,Tarjeta Crédito,23 Apr 2020,,activo,28.0,
1075,Pedro Rodríguez,usuario1075@outlook.com,3153791341,999,FEMENINO,Cúcuta,Deportes,53873.46,2507824.11,6.0,pse,2024/09/29,20/05/2022,Cancelado,50.0,Sur
1076,Laura Rivera,usuario1076outlook.com,3014036104,48,Male,Bogotá,Hogar,991724.21,2334711.79,7.3,pse,26/08/2022,18-01-2024,Pendiente,3.0,Oriente
1077,Diana Pérez,usuario1077@hotmail.com,3118921229,67,M,Bogotá,Alimentos,157161.57,5745810.51,2.7,PSE,02 Aug 2023,2024-10-29,Pendiente,34.0,Centro
1078,Luis Rivera,,3114962418,53,Male,Cúcuta,Tecnología,18010.02,4726331.67,2.7,TARJETA CREDITO,,2024/12/06,Cancelado,21.0,Norte
1079,Ana Torres,usuario1079@hotmail.com,,28,Female,Bogotá,deportes,29317.3,2637104.18,8.6,Tarjeta Crédito,28-03-2021,16 Feb 2021,ACTIVO,47.0,Oriente
1080,Laura Martínez,,3019484558,74,FEMENINO,Pereira,deportes,725853.23,3838891.14,2.5,TARJETA CREDITO,26/01/2023,16 Jun 2020,activo,13.0,Occidente
1081,Jorge Martínez,,3008557715,48,M,Cali,Ropa,122127.66,2638409.26,1.1,Nequi,2023/10/09,10-29-2023,Pendiente,48.0,
1082,Ana Martínez,usuario1082@hotmail.com,3003348013,66,FEMENINO,Cúcuta,Hogar,533247.67,3527461.72,4.1,efectivo,05-03-2022,16/09/2024,Pendiente,,Sur
1083,Luis Ramírez,usuario1083@gmail.com,3122497952,38,,Cúcuta,alimentos,,3013552.03,5.8,TARJETA CREDITO,24-09-2020,13-04-2024,Inactivo,19.0,Centro
1084,Sergio González,sin_email,3155349289,21,Female,medellin,HOGAR,81329.6,2774664.25,2.1,,2022-12-07,,Activo,25.0,Oriente
1085,Laura Torres,usuario1085@hotmail.com,3204882641,23,m,CALI,Electrónica,56388.83,2208300.01,8.1,PSE,2024/03/10,08 Jul 2022,Activo,14.0,
1086,Andrés Pérez,usuario1086@empresa.co,3013373343,32,FEMENINO,Medellín,alimentos,166467.3,3445434.73,1.8,,2021/09/20,2023-05-17,Pendiente,29.0,Sur
1087,María Flores,usuario1087@yahoo.com,3006779299,64,Masculino,barranquilla,alimentos,62294.16,3907940.88,1.5,pse,29 Jan 2021,2024/02/20,Cancelado,,Norte
1088,Miguel Ramírez,usuario1088@yahoo.com,3112195654,20,M,medellin,Alimentos,299283.38,6425943.04,7.8,Tarjeta Débito,05 Mar 2024,21-06-2024,pendiente,35.0,Centro
1089,Jorge Pérez,usuario1089@hotmail.com,3102526016,29,f,Barranquilla,Alimentos,63048.36,5805020.49,9.2,Tarjeta Crédito,11-06-2021,28-09-2022,Activo,11.0,Centro
1090,Luis Gómez,usuario1090@gmail.com,3154052289,71,Masculino,Cúcuta,Deportes,,3734238.79,6.5,TARJETA CREDITO,08-27-2023,08-11-2024,Pendiente,49.0,
1091,Diana Martínez,usuario1091@empresa.co,3157958039,20,Female,Bogotá,Deportes,,4343256.27,2.1,Tarjeta Crédito,17 Nov 2021,09-04-2021,activo,41.0,
1092,Paola Rivera,usuario1092hotmail.com,3012743229,43,F,Cartagena,Ropa,407860.5,3743455.66,5.5,Tarjeta Crédito,05-01-2021,2023-08-23,Inactivo,25.0,
1093,Pedro López,sin_email,3103024563,29,FEMENINO,Medellín,Deportes,438571.65,3865047.32,5.3,,02-04-2022,,inactivo,18.0,Occidente
1094,Luis López,usuario1094@empresa.co,3155294109,73,FEMENINO,Bogotá,ROPA,38929.06,3814497.41,4.3,,25/12/2023,2020-06-13,Pendiente,2.0,Oriente
1095,Juan Torres,usuario1095@empresa.co,3017967741,74,f,BOGOTA,Hogar,158643.19,4365295.2,9.2,efectivo,12-06-2022,2024/08/01,Inactivo,47.0,Sur
1096,María Ramírez,usuario1096@outlook.com,3156351781,,,  Cartagena  ,Hogar,631186.62,0.0,6.4,pse,17-09-2024,2021/12/26,Cancelado,14.0,Centro
1097,Miguel Sánchez,usuario1097@empresa.co,3009918177,56,M,Cartagena,Alimentos,117295.28,1905636.22,6.8,pse,13-05-2023,2020/01/11,Activo,38.0,Norte
1098,Ana Rivera,sin_email,3121931850,39,Male,  Cartagena  ,alimentos,2029708.5,2522010.84,9.1,Tarjeta Débito,11-12-2023,08-10-2020,inactivo,28.0,
1099,Miguel Pérez,usuario1099@gmail.com,3004038995,59,MASCULINO,barranquilla,HOGAR,244552.64,5374336.95,9.9,Nequi,2021-04-30,16/02/2021,Cancelado,39.0,
1100,Ana Flores,usuario1100@hotmail.com,3006437761,49,Femenino,  Cartagena  ,HOGAR,409585.85,2718058.85,0.0,Tarjeta Débito,05-30-2021,08-09-2022,Inactivo,14.0,Oriente
1101,Laura García,usuario1101@outlook.com,3153791745,26,Female,Bogotá,Deportes,180194.15,2395127.92,5.0,tarjeta débito,2020-08-23,2023-08-29,activo,14.0,Norte
1102,Diana Torres,usuario1102@gmail.com,3151219506,47,Masculino,Pereira,electronica,510004.17,3693654.52,1.9,pse,24 Feb 2023,01-27-2023,Pendiente,31.0,Sur
1103,Jorge Rivera,,3112171725,69,FEMENINO,Barranquilla,deportes,572892.48,3806480.54,7.5,Tarjeta Crédito,2023-06-23,2024/03/10,Activo,41.0,Occidente
1104,Pedro Torres,usuario1104@outlook.com,3123589542,28,FEMENINO,Barranquilla,Hogar,15244.17,5123486.56,4.8,Efectivo,25-07-2022,2022-11-02,ACTIVO,11.0,Sur
1105,Miguel García,usuario1105@outlook.com,,59,MASCULINO,Medellín,Electrónica,46555.78,3762735.27,5.3,pse,02-03-2024,01-25-2020,activo,49.0,
1106,Paola Ramírez,usuario1106@yahoo.com,3155991823,29,Female,Cartagena,electronica,133312.75,3775587.51,8.7,PSE,2023/12/02,05 Oct 2023,Inactivo,50.0,Oriente
1107,Jorge Pérez,usuario1107@outlook.com,3108962247,,,Manizales,Electrónica,411870.28,2097204.51,4.6,Efectivo,03-09-2022,11-10-2024,Activo,9.0,Occidente
1108,Andrés González,usuario1108@gmail.com,3009736407,36,Male,barranquilla,ROPA,88001.24,3995208.97,9.1,Efectivo,2022/07/19,24 Dec 2020,ACTIVO,41.0,Oriente
1109,Diana López,usuario1109@outlook.com,,66,m,Pereira,deportes,47103.95,,1.2,Efectivo,2020-01-04,14/08/2022,Pendiente,44.0,Norte
1110,Miguel Flores,usuario1110@yahoo.com,3019098383,57,Femenino,Manizales,Tecnología,38742.81,5706885.25,2.1,tarjeta débito,20 Jun 2024,30 Jun 2022,activo,43.0,
1111,Ana Rodríguez,usuario1111@hotmail.com,3121801077,75,F,Barranquilla,deportes,54495.46,3985006.32,3.1,efectivo,2020-07-26,,pendiente,41.0,Occidente
1112,Diana Gómez,usuario1112@empresa.co,3156675656,45,F,Bogotá,HOGAR,489301.11,-1000.0,,PSE,20-05-2024,,Activo,9.0,Oriente
1113,Juan Rodríguez,usuario1113@gmail.com,3207063873,23,Masculino,Bogotá,alimentos,27603.72,3493358.88,6.9,tarjeta débito,2024/04/13,29-07-2021,Activo,6.0,Sur
1114,Pedro Gómez,usuario1114@empresa.co,3015204430,24,m,medellin,electronica,183435.73,2166136.2,9.1,Tarjeta Crédito,12/09/2021,2023-02-02,inactivo,24.0,Norte
1115,Natalia García,usuario1115@yahoo.com,3101115746,26,,Cúcuta,HOGAR,156141.79,2073765.3,2.2,Nequi,26 Jun 2020,14-05-2023,Pendiente,3.0,
1116,Sandra Sánchez,usuario1116@hotmail.com,3018249840,33,M,Medellín,electronica,157616.75,5050958.6,,Tarjeta Débito,02-08-2024,20/06/2021,Pendiente,6.0,Norte
1117,Sergio Martínez,usuario1117@outlook.com,,,Female,Pereira,Alimentos,74252.9,2015417.99,2.0,Tarjeta Débito,24-03-2024,08/10/2021,Activo,39.0,Occidente
1118,Laura Ramírez,usuario1118@yahoo.com,3122681857,46,,Cartagena,electronica,19789.74,2460794.09,3.1,tarjeta débito,31-03-2024,15-11-2023,activo,18.0,
1119,Pedro García,usuario1119@yahoo.com,3101139786,39,Male,  Cartagena  ,alimentos,6936.56,3366488.25,1.1,TARJETA CREDITO,24 Jan 2023,2022/04/05,inactivo,27.0,Occidente
1120,Laura Martínez,usuario1120@gmail.com,3127116066,64,MASCULINO,Pereira,Alimentos,349905.49,4408382.39,0.0,,12-10-2024,04-08-2021,ACTIVO,1.0,
1121,Paola Ramírez,usuario1121@yahoo.com,3008553770,34,,Medellín,Deportes,148451.72,2932049.57,2.3,Efectivo,05/02/2024,2022-11-13,Cancelado,40.0,Sur
1122,Sandra García,usuario1122@hotmail.com,3018325844,62,M,barranquilla,deportes,5686.03,3624986.2,1.9,PSE,2020/07/10,26-12-2021,inactivo,,Occidente
1123,Pedro Ramírez,usuario1123@hotmail.com,3014116994,60,,Cúcuta,Alimentos,23411.1,4535961.14,8.6,TARJETA CREDITO,03 Aug 2021,08 Aug 2021,Activo,46.0,Oriente
1124,Sergio López,usuario1124@gmail.com,3155750585,37,m,medellin,electronica,28937.7,661183.79,5.0,Tarjeta Débito,04-08-2023,16-04-2023,Activo,12.0,Occidente
1125,Sandra Rivera,usuario1125@empresa.co,3119063836,61,Femenino,CALI,deportes,233341.44,4521885.89,5.1,TARJETA CREDITO,2022-09-21,2024-08-26,activo,34.0,Sur
1126,Diana Flores,usuario1126@yahoo.com,3105566139,75,MASCULINO,Medellín,HOGAR,118522.9,99999999.0,5.2,Nequi,30/09/2024,07-12-2023,ACTIVO,31.0,Occidente
1127,María Rivera,,3158383968,67,MASCULINO,Bucaramanga,alimentos,70223.11,5001432.3,4.4,Nequi,02-11-2023,08-23-2022,inactivo,11.0,Oriente
1128,Diana García,usuario1128@empresa.co,3115993421,25,Male,Santa Marta,ROPA,253322.53,2607407.99,8.7,PSE,2022-10-11,05-19-2023,Pendiente,29.0,Occidente
1129,Andrés Pérez,usuario1129@gmail.com,3158449100,36,Female,medellin,Deportes,336136.17,2140489.24,1.8,PSE,28 Jan 2020,,Inactivo,1.0,Occidente
1130,Sergio Rodríguez,usuario1130@gmail.com,3157442258,32,Female,Bucaramanga,Electrónica,516739.36,4260238.31,7.4,Tarjeta Débito,06-06-2023,2023/05/12,Inactivo,,
1131,Pedro García,usuario1131@outlook.com,3155229604,26,f,Barranquilla,Electrónica,19424.5,1480592.72,8.2,tarjeta débito,2024/09/14,04/01/2023,Cancelado,5.0,
1132,Natalia López,usuario1132@yahoo.com,3002669834,47,FEMENINO,  Cartagena  ,ROPA,44245.4,3013627.64,9.4,pse,2020-03-17,01-11-2020,activo,26.0,Oriente
1133,Miguel Sánchez,usuario1133@yahoo.com,3156031728,56,M,Bogotá,deportes,13148.16,4102306.88,6.3,pse,2022-02-03,2023/04/21,inactivo,18.0,Oriente
1134,Paola García,usuario1134@empresa.co,3158155908,62,m,Santa Marta,ROPA,81993.89,4210981.68,9.7,efectivo,01-24-2021,2023/12/05,Inactivo,,
1135,Paola Gómez,usuario1135@outlook.com,3127134914,48,F,Cúcuta,Deportes,252269.15,4593602.86,5.9,efectivo,19/07/2020,2022-07-12,Pendiente,38.0,Occidente
1136,Carlos Torres,usuario1136@empresa.co,3127304249,69,F,Pereira,ROPA,218057.45,4114759.48,4.9,tarjeta débito,,29 Jun 2023,Inactivo,,Sur
1137,Juan Martínez,usuario1137@hotmail.com,,31,Male,barranquilla,deportes,,2111189.49,8.5,Nequi,13 Apr 2020,12 Nov 2020,ACTIVO,23.0,
1138,Juan Pérez,usuario1138@yahoo.com,3015591582,61,f,barranquilla,Electrónica,377708.26,1971214.94,2.9,,22-05-2021,14 May 2020,activo,10.0,Norte
1139,Paola López,usuario1139@outlook.com,3201896729,73,Femenino,Manizales,Ropa,95882.28,4105996.81,2.5,Tarjeta Débito,20-09-2022,09-09-2021,Pendiente,37.0,
1140,Carlos Martínez,usuario1140@yahoo.com,3108964345,51,f,Cartagena,ROPA,30931.09,3559252.04,6.0,TARJETA CREDITO,09-09-2024,2024/04/24,Activo,17.0,Oriente
1141,Laura García,usuario1141@empresa.co,3153592921,63,MASCULINO,Pereira,Deportes,129128.27,5290152.57,4.2,Tarjeta Débito,13-06-2024,16/09/2021,activo,46.0,
1142,Paola Rodríguez,usuario1142@empresa.co,3206823356,54,m,Barranquilla,Deportes,989607.31,2659337.09,1.5,tarjeta débito,31-08-2021,07-03-2021,activo,31.0,Oriente
1143,Pedro Rivera,usuario1143@outlook.com,3015996950,71,Masculino,Medellín,Tecnología,99843.08,,7.4,tarjeta débito,30 Apr 2021,06-29-2024,activo,26.0,
1144,Sandra Martínez,usuario1144@empresa.co,3009934505,50,Femenino,CALI,Alimentos,95118.77,2161310.13,9.6,tarjeta débito,,02 Aug 2024,Activo,47.0,Norte
1145,Carlos Gómez,usuario1145@hotmail.com,,52,F,medellin,Hogar,5725.59,115963.01,9.0,PSE,08/04/2020,27/11/2020,activo,28.0,Occidente
1146,Laura Pérez,usuario1146@outlook.com,3209652607,38,MASCULINO,Cúcuta,alimentos,36821.44,5766944.27,5.5,Efectivo,05-03-2020,,Inactivo,7.0,Oriente
1147,Sandra Torres,,3005880542,46,m,Cartagena,Electrónica,154840.09,2228072.93,7.6,Tarjeta Débito,2021-04-15,12-10-2023,Cancelado,2.0,Centro
1148,Diana García,usuario1148@gmail.com,3018655086,31,Masculino,Bucaramanga,Ropa,44667.59,1726519.15,8.5,PSE,12 Jul 2023,2022/11/19,Inactivo,44.0,Occidente
1149,Sergio Ramírez,usuario1149@hotmail.com,3106318713,49,F,CALI,Tecnología,,2836969.21,9.8,TARJETA CREDITO,02-11-2023,06 Oct 2024,ACTIVO,37.0,Centro
1150,Paola González,usuario1150@empresa.co,3017372714,50,Female,Cali,Deportes,83525.16,4789190.4,4.9,Efectivo,08/11/2023,2020/06/09,inactivo,28.0,Sur
1151,Sergio Torres,usuario1151@outlook.com,,21,MASCULINO,barranquilla,Ropa,109261.36,2542821.07,2.2,PSE,,04-08-2021,Activo,32.0,Norte
1152,Juan Sánchez,usuario1152@yahoo.com,3001438849,50,Femenino,BOGOTA,electronica,205628.57,5387259.09,1.2,Tarjeta Crédito,12-25-2023,06-03-2022,Inactivo,30.0,
1153,Ana López,usuario1153@hotmail.com,3101922453,54,m,medellin,electronica,501230.0,4051357.31,4.6,TARJETA CREDITO,2024-09-22,07 Feb 2021,Cancelado,40.0,Norte
1154,Natalia Rivera,usuario1154@empresa.co,3208617414,999,MASCULINO,Barranquilla,Ropa,213330.87,2397516.27,6.3,efectivo,2024-10-12,23-08-2023,Inactivo,13.0,Norte
1155,Sergio González,usuario1155@yahoo.com,3203431279,37,,medellin,Electrónica,464033.86,4210641.15,3.7,Efectivo,09-07-2024,2020-10-04,Pendiente,36.0,Norte
1156,Natalia Sánchez,usuario1156@gmail.com,3008645316,43,F,Pereira,electronica,33695.84,2861403.8,8.0,pse,31 Aug 2024,2020/03/21,ACTIVO,18.0,Occidente
1157,Diana García,usuario1157@empresa.co,3117869545,18,M,Cali,Ropa,14376.18,3592498.99,7.6,tarjeta débito,2022/11/20,2021-01-14,ACTIVO,7.0,Oriente
1158,Pedro Torres,,3206105197,55,,Medellín,alimentos,341284.95,5938151.23,100.0,efectivo,01-29-2021,13-11-2021,Inactivo,8.0,Oriente
1159,Carlos Torres,usuario1159@gmail.com,3009582534,999,,Cúcuta,alimentos,73273.84,-1000.0,2.4,efectivo,12-12-2021,05/08/2023,Inactivo,27.0,Sur
1160,María López,usuario1160@yahoo.com,3011189871,22,Male,Bogotá,electronica,19726.68,2085690.2,4.2,Tarjeta Crédito,15/06/2024,06-07-2024,Activo,8.0,Occidente
1161,Luis García,usuario1161@empresa.co,3007691126,21,FEMENINO,Barranquilla,alimentos,441181.57,2807509.99,5.8,tarjeta débito,16/12/2022,2024-11-05,Cancelado,35.0,
1162,Miguel González,usuario1162@yahoo.com,3158227694,22,f,Pereira,HOGAR,371418.9,2554327.23,8.2,PSE,04-07-2022,2023/06/01,activo,50.0,Norte
1163,Paola González,usuario1163@hotmail.com,3103103924,48,,Medellín,ROPA,24122.03,1043017.4,4.7,,11/05/2023,2020/11/28,ACTIVO,36.0,Centro
1164,Carlos López,usuario1164@gmail.com,3115050061,,Female,medellin,Ropa,122818.27,1981996.54,9.9,,12-11-2022,2023/05/24,Inactivo,38.0,Sur
1165,Paola Flores,usuario1165outlook.com,3112376248,67,Male,Pereira,Tecnología,,2662210.52,6.0,Tarjeta Débito,13/02/2021,2023-04-15,Inactivo,9.0,Occidente
1166,Pedro Rodríguez,,3122588117,59,MASCULINO,  Cartagena  ,Alimentos,429050.61,4799885.39,7.8,Efectivo,10-24-2020,2022/11/01,Pendiente,17.0,Oriente
1167,Andrés Ramírez,usuario1167@outlook.com,3106715751,59,M,Bucaramanga,Hogar,,4205319.72,6.8,efectivo,2022/11/07,,Inactivo,25.0,Sur
1168,Andrés López,usuario1168@empresa.co,3208306985,41,FEMENINO,Cartagena,electronica,320909.0,2448929.89,0.0,Tarjeta Crédito,,09 May 2022,Pendiente,7.0,Oriente
1169,Paola Rivera,usuario1169@yahoo.com,3018807617,42,Male,Barranquilla,Tecnología,515273.35,3790054.91,3.2,tarjeta débito,,11 Nov 2024,Inactivo,24.0,Centro
1170,Sergio Gómez,usuario1170@yahoo.com,3112885780,42,MASCULINO,Santa Marta,Tecnología,106634.78,4100801.78,3.6,tarjeta débito,2021/02/24,26/06/2022,inactivo,46.0,Sur
1171,Miguel Gómez,usuario1171@outlook.com,3125288516,61,Femenino,Cartagena,HOGAR,162348.13,4323549.21,6.3,Tarjeta Crédito,23-08-2023,24/04/2022,Activo,44.0,
1172,Sergio Ramírez,usuario1172@outlook.com,3156104833,73,Male,Cartagena,alimentos,1168310.51,3444057.26,6.4,pse,2023-08-24,2023/04/12,pendiente,18.0,Sur
1173,Paola Martínez,usuario1173hotmail.com,3114102146,59,F,Medellín,ROPA,,3089054.87,4.5,pse,03-25-2024,2023-09-05,inactivo,21.0,Occidente
1174,María Rivera,usuario1174@yahoo.com,3154979505,25,Masculino,BOGOTA,ROPA,2729518.0,3135506.1,5.0,pse,03/03/2021,,Activo,4.0,Oriente
1175,Juan Rodríguez,usuario1175@outlook.com,3017593911,52,m,Cali,Alimentos,266054.11,3307410.85,4.6,tarjeta débito,,2020-04-03,Cancelado,,Norte
1176,Andrés García,,3111972277,26,M,Pereira,ROPA,324349.4,4775625.74,8.5,Nequi,29 Mar 2022,17 Oct 2021,Pendiente,26.0,Oriente
1177,Andrés López,usuario1177@empresa.co,3125855439,32,f,Barranquilla,deportes,432004.97,6626570.14,8.6,,28/07/2023,,activo,3.0,Oriente
1178,Ana Rodríguez,usuario1178@hotmail.com,3128144308,66,FEMENINO,Cali,Electrónica,961382.85,1721659.09,4.3,Nequi,06-03-2023,25 Jun 2020,ACTIVO,9.0,Centro
1179,Luis Ramírez,usuario1179@empresa.co,3112471085,,,BOGOTA,deportes,392363.25,3168355.05,1.6,Nequi,,2023/05/24,Pendiente,32.0,Oriente
1180,Andrés Torres,usuario1180@hotmail.com,3115671725,61,Female,CALI,Ropa,210878.33,2927511.73,6.8,Tarjeta Débito,11 Jun 2024,22 Sep 2020,inactivo,27.0,Sur
1181,María Rivera,usuario1181@hotmail.com,N/A,45,Masculino,BOGOTA,Ropa,341291.79,3508636.77,,PSE,01-12-2024,17/10/2023,Pendiente,4.0,Centro
1182,Carlos Torres,usuario1182@empresa.co,3111871560,70,MASCULINO,Pereira,deportes,705415.43,3217527.03,1.7,Tarjeta Crédito,19 Nov 2023,06-21-2020,Inactivo,28.0,Norte
1183,Sergio García,usuario1183@yahoo.com,3152460421,47,Male,Cali,ROPA,226461.62,1417380.48,1.8,pse,2020-04-24,09 Sep 2021,ACTIVO,,Sur
1184,Natalia López,usuario1184@gmail.com,3154727906,35,Masculino,Barranquilla,Hogar,217024.5,,4.3,Tarjeta Crédito,,27/12/2021,activo,39.0,Sur
1185,Jorge López,usuario1185hotmail.com,3013435157,74,,Manizales,Alimentos,162474.27,2967648.21,6.6,Tarjeta Crédito,21-06-2024,07-25-2022,Pendiente,25.0,Oriente
1186,Diana Rivera,usuario1186@outlook.com,3003807075,25,m,BOGOTA,Hogar,41526.53,,3.7,Nequi,27 Aug 2023,2024-12-09,Cancelado,50.0,Sur
1187,Carlos Rivera,usuario1187@yahoo.com,3129566919,,Male,CALI,ROPA,192366.78,4958324.68,1.8,Efectivo,,2024/10/29,pendiente,18.0,Sur
1188,Natalia Rivera,usuario1188@hotmail.com,,57,Femenino,medellin,Alimentos,280901.55,2941665.5,4.4,tarjeta débito,,2024-12-14,pendiente,24.0,Norte
1189,Sandra Flores,usuario1189@hotmail.com,3004564913,74,FEMENINO,Pereira,electronica,438298.06,3989036.09,,PSE,07-10-2023,11-12-2021,Cancelado,22.0,Occidente
1190,Ana Pérez,usuario1190@empresa.co,3113531328,33,f,Barranquilla,Hogar,27105.87,2624025.91,,Tarjeta Crédito,09 Sep 2022,03-06-2020,Pendiente,29.0,Centro
1191,Pedro Rivera,usuario1191@yahoo.com,3008281114,24,F,Cartagena,alimentos,304051.3,4229543.99,9.4,,06-06-2022,02-17-2020,inactivo,36.0,Norte
1192,María Flores,usuario1192@empresa.co,3018079437,46,MASCULINO,Bucaramanga,HOGAR,31494.82,2422787.38,5.4,Tarjeta Crédito,03-14-2020,2022/01/21,activo,50.0,Centro
1193,Ana Pérez,usuario1193@empresa.co,3102132689,63,M,Cúcuta,ROPA,271805.97,5993821.38,,,06-02-2024,2021-10-18,Inactivo,43.0,Norte
1194,Miguel Ramírez,usuario1194@outlook.com,3104519959,33,MASCULINO,Pereira,Hogar,96287.94,653435.65,4.6,tarjeta débito,2020-12-19,,Cancelado,20.0,Norte
1195,Jorge Sánchez,usuario1195@outlook.com,3118672953,43,F,barranquilla,Electrónica,61499.51,3204584.05,7.7,efectivo,30-01-2021,24/07/2020,ACTIVO,21.0,Occidente
1196,Diana Gómez,usuario1196@hotmail.com,3013903911,52,,Cali,alimentos,128714.88,3887233.11,1.5,TARJETA CREDITO,04-26-2023,,inactivo,46.0,Norte
1197,Pedro García,usuario1197@yahoo.com,3122439805,73,,barranquilla,Electrónica,1168831.54,2835165.69,8.8,pse,11/12/2021,09 Sep 2022,ACTIVO,33.0,Occidente
1198,Ana Torres,usuario1198@empresa.co,3124973548,26,m,  Cartagena  ,Ropa,114278.1,4763018.47,3.0,PSE,31 Mar 2020,2022-05-11,Cancelado,24.0,
1199,Diana Martínez,usuario1199@gmail.com,3116356132,36,M,Pereira,Tecnología,889549.79,1427759.65,9.5,Tarjeta Débito,2023/04/11,04-24-2022,Activo,26.0,Oriente
1200,María Ramírez,usuario1200@empresa.co,3104682476,64,,Barranquilla,Tecnología,660890.64,3332402.18,,TARJETA CREDITO,01 Jun 2024,2022-09-13,activo,21.0,Sur
1201,Diana Rodríguez,usuario1201@hotmail.com,,54,Femenino,  Cartagena  ,Hogar,276840.67,4638672.57,3.1,tarjeta débito,14/02/2020,24/09/2024,Cancelado,33.0,Sur
1202,Carlos Flores,usuario1202@gmail.com,3014567605,61,f,Bucaramanga,Tecnología,386315.27,2917381.85,3.4,Efectivo,15/04/2020,02 Apr 2020,ACTIVO,46.0,
1203,Andrés García,usuario1203@empresa.co,3201620455,33,F,barranquilla,Ropa,17483.53,2551932.66,100.0,Nequi,18 Dec 2020,,Pendiente,36.0,Centro
1204,Diana Rivera,usuario1204@outlook.com,3108204492,27,Female,BOGOTA,Tecnología,348598.91,5598780.02,8.7,efectivo,2023-12-12,2024/07/27,pendiente,21.0,
1205,Sandra Martínez,usuario1205@yahoo.com,3209217550,51,,medellin,ROPA,139491.55,5160046.19,2.9,TARJETA CREDITO,06-08-2020,06-05-2024,Cancelado,38.0,Occidente
1206,Luis Flores,usuario1206@hotmail.com,3102270700,37,f,  Cartagena  ,HOGAR,37142.41,,2.8,,2020/10/12,30/09/2020,Inactivo,8.0,
1207,Laura López,usuario1207@hotmail.com,no tiene,53,FEMENINO,BOGOTA,HOGAR,329514.41,3878037.76,1.1,pse,04-11-2020,11-08-2022,ACTIVO,25.0,Sur
1208,,usuario1208@gmail.com,3005040554,74,Femenino,Barranquilla,deportes,987769.76,5181823.31,6.6,tarjeta débito,03/11/2023,2022-03-30,inactivo,5.0,
1209,Natalia Gómez,usuario1209@yahoo.com,3203847606,29,M,Bucaramanga,alimentos,122027.72,2872478.2,1.8,TARJETA CREDITO,2023-01-09,2023-03-28,Inactivo,2.0,Centro
1210,Ana López,usuario1210@empresa.co,3122079922,45,M,CALI,HOGAR,279653.9,4262361.79,2.2,PSE,10-19-2023,02/05/2021,Activo,34.0,Centro
1211,Juan Ramírez,usuario1211@yahoo.com,3006128978,21,Female,Cali,Electrónica,96643.42,1703359.31,1.9,Nequi,2021-12-25,05 Jul 2020,activo,24.0,Centro
1212,Laura López,,3115491670,59,FEMENINO,medellin,Hogar,236844.53,5594071.56,9.1,pse,28-04-2024,26-09-2024,ACTIVO,28.0,Centro
1213,Pedro Torres,usuario1213@outlook.com,3117628219,68,m,barranquilla,Hogar,53834.6,1428540.59,9.2,TARJETA CREDITO,08/01/2024,29-05-2022,Pendiente,3.0,Centro
1214,Natalia Martínez,usuario1214@empresa.co,3155148755,62,MASCULINO,BOGOTA,Tecnología,,3947720.76,2.6,efectivo,12-21-2022,26-06-2020,Cancelado,33.0,
1215,Diana Sánchez,usuario1215@yahoo.com,3101298943,27,f,barranquilla,Alimentos,60831.8,3508996.73,9.1,Nequi,14 Mar 2024,,inactivo,,Oriente
1216,Diana Flores,usuario1216@hotmail.com,3123185624,29,Masculino,Cali,Hogar,143688.18,4045091.04,5.3,tarjeta débito,2023-10-08,15-05-2023,ACTIVO,38.0,Centro
1217,Ana Torres,usuario1217@hotmail.com,3125598171,48,m,Manizales,Ropa,419993.31,4623639.05,9.3,Tarjeta Débito,10-12-2024,2020/08/24,inactivo,45.0,Oriente
1218,Laura Gómez,,3019199167,32,Male,medellin,ROPA,141280.39,2022136.82,,Tarjeta Débito,2024/01/18,08-10-2024,pendiente,7.0,Oriente
1219,Juan García,,3126089181,63,Femenino,Manizales,Deportes,120334.69,2639737.94,2.9,PSE,08 Mar 2020,12-26-2023,pendiente,4.0,
1220,Andrés Rodríguez,usuario1220@gmail.com,3114120285,47,m,Cartagena,deportes,24842.46,3931252.15,3.6,Efectivo,,2020/03/25,Inactivo,42.0,Centro
1221,Paola Gómez,usuario1221@empresa.co,3111875425,53,Male,barranquilla,electronica,66075.69,4417419.88,1.4,PSE,19-11-2020,27-10-2023,activo,29.0,Centro
1222,Andrés Pérez,usuario1222@gmail.com,no tiene,44,Femenino,Santa Marta,HOGAR,40565.11,1367305.19,4.9,Efectivo,2023-01-22,2022-03-03,pendiente,17.0,Oriente
1223,Pedro González,usuario1223@empresa.co,3118773073,26,,barranquilla,ROPA,167254.49,3700788.52,,pse,2024-02-10,16-07-2023,activo,27.0,Norte
1224,Pedro Ramírez,usuario1224@hotmail.com,3109121840,34,F,Bogotá,Deportes,105673.3,2963156.28,4.1,efectivo,11-06-2022,31 Dec 2020,activo,30.0,Norte
1225,Carlos Ramírez,,3157423907,59,F,Manizales,deportes,41473.72,3564535.0,5.0,,2021/11/30,2021/01/30,pendiente,,
1226,Laura Rodríguez,usuario1226@gmail.com,3113011568,999,m,Pereira,Ropa,786485.86,3530779.55,8.5,PSE,2021-02-08,,Cancelado,35.0,
1227,Natalia Gómez,usuario1227@outlook.com,3152197565,23,f,Pereira,alimentos,35185.21,2512894.33,6.5,pse,2024/12/26,21 Aug 2024,Cancelado,35.0,Norte
1228,Sandra García,usuario1228@yahoo.com,3102984467,71,M,Pereira,Electrónica,486883.85,3188639.64,3.7,pse,16-09-2021,03-03-2022,inactivo,31.0,Centro
1229,Andrés Martínez,usuario1229@hotmail.com,3008646597,35,MASCULINO,  Cartagena  ,electronica,119870.72,2992491.82,8.9,tarjeta débito,01-12-2021,26/05/2022,inactivo,42.0,
1230,Paola Rivera,usuario1230@empresa.co,3116256463,56,m,CALI,HOGAR,50141.47,4902161.41,3.0,Efectivo,04-15-2024,2024/12/14,Cancelado,38.0,
1231,Laura Flores,usuario1231@gmail.com,,73,f,CALI,Electrónica,26581.28,4713437.05,7.9,efectivo,2021/06/25,25/08/2022,ACTIVO,42.0,Sur
1232,Juan Pérez,sin_email,3008847631,N/A,Femenino,Bogotá,Hogar,107235.45,1342443.96,,TARJETA CREDITO,25 May 2023,2022-04-17,pendiente,8.0,Norte
1233,Paola Rivera,usuario1233outlook.com,,53,Femenino,  Cartagena  ,Electrónica,214634.6,3721213.3,3.0,tarjeta débito,11-18-2021,05-21-2020,Pendiente,22.0,Centro
1234,Jorge López,usuario1234@gmail.com,3117634258,31,m,  Cartagena  ,alimentos,469463.37,3594514.71,8.0,TARJETA CREDITO,2021/12/27,14/06/2023,Activo,4.0,Oriente
1235,Carlos López,usuario1235@hotmail.com,,39,Female,CALI,Ropa,266295.78,4490562.91,5.5,pse,2020/12/26,13 May 2020,activo,,Oriente
1236,Paola González,usuario1236@outlook.com,3103561378,18,f,  Cartagena  ,Deportes,300001.59,3587051.04,3.3,Efectivo,19/06/2024,2020/06/29,activo,30.0,Sur
1237,Carlos López,usuario1237@gmail.com,3008180831,30,MASCULINO,Cúcuta,ROPA,471133.68,3083964.68,10.0,Tarjeta Débito,24-01-2024,16 Apr 2022,activo,48.0,Occidente
1238,Juan Torres,usuario1238@empresa.co,3106528159,25,Female,CALI,Electrónica,24264.57,3007074.76,8.9,Efectivo,07 Dec 2024,06 Mar 2023,Activo,20.0,Centro
1239,Carlos Martínez,,3155343585,66,Masculino,Pereira,Ropa,94815.8,4589547.29,4.3,PSE,2021-09-14,2020/12/07,activo,36.0,Oriente
1240,Sergio Flores,usuario1240@yahoo.com,3103721966,33,m,Bucaramanga,Electrónica,179743.18,4308357.66,8.6,Nequi,2024/07/12,28/09/2021,Pendiente,18.0,
1241,Diana Pérez,usuario1241@gmail.com,3208792057,63,M,  Cartagena  ,deportes,105278.19,3003720.22,6.0,tarjeta débito,09-10-2023,02-12-2022,Pendiente,31.0,Oriente
1242,Sandra Pérez,,3108347078,33,F,Cartagena,deportes,42915.85,3930208.96,,Tarjeta Débito,20/05/2022,20-05-2023,inactivo,43.0,Oriente
1243,Sergio Rodríguez,usuario1243@outlook.com,3018511176,67,Femenino,Bucaramanga,electronica,246173.95,2563317.59,2.6,PSE,04-09-2024,2023-08-12,Inactivo,13.0,Sur
1244,Ana Ramírez,usuario1244@hotmail.com,3123230151,47,Male,medellin,HOGAR,57093.04,3908340.58,7.6,PSE,03-13-2023,,inactivo,12.0,
1245,Carlos Ramírez,usuario1245@hotmail.com,3005737059,40,f,medellin,alimentos,154780.97,4205918.77,6.9,Tarjeta Crédito,07 Jul 2021,27/07/2024,Inactivo,25.0,Oriente
1246,Luis Rivera,usuario1246@empresa.co,3123485716,41,Female,medellin,Alimentos,539395.75,2687371.88,1.0,Tarjeta Débito,2023/02/03,2020/11/28,Inactivo,43.0,
1247,,usuario1247@yahoo.com,3123817213,49,Male,  Cartagena  ,Deportes,31456.81,2798819.8,5.5,Tarjeta Débito,08-10-2022,2022/10/18,Inactivo,50.0,
1248,Juan Martínez,usuario1248yahoo.com,3114019908,69,MASCULINO,BOGOTA,Deportes,396345.13,,9.0,tarjeta débito,28/05/2020,2021-07-24,Cancelado,38.0,Oriente
1249,Sandra Sánchez,usuario1249@hotmail.com,3127394508,48,m,Cúcuta,Ropa,197564.9,3668793.05,9.5,pse,25/07/2022,2020-06-12,pendiente,44.0,Occidente
1250,Natalia Torres,usuario1250@empresa.co,3156397183,38,MASCULINO,Cali,Ropa,360757.26,3006113.82,4.5,Efectivo,2024/08/09,13 Nov 2020,inactivo,7.0,Sur
1251,Juan Rodríguez,usuario1251@outlook.com,,41,Male,BOGOTA,Tecnología,262656.39,3660822.71,3.9,pse,,02 May 2024,Pendiente,11.0,Occidente
1252,Sandra González,usuario1252@hotmail.com,3002436971,20,m,  Cartagena  ,Ropa,20586.78,1985925.74,1.1,Tarjeta Crédito,02-14-2021,2020/05/24,Cancelado,49.0,Occidente
1253,María López,usuario1253@hotmail.com,3109826342,32,Male,BOGOTA,Hogar,,2983179.1,6.2,Efectivo,2024/12/24,12-08-2020,Activo,1.0,
1254,Laura Flores,usuario1254@gmail.com,3116936609,19,M,Bucaramanga,deportes,171764.9,4108225.61,5.8,pse,04 Sep 2021,,Cancelado,11.0,Centro
1255,Laura Torres,usuario1255@hotmail.com,000,55,Male,Cartagena,alimentos,248369.94,4050951.46,4.8,pse,07/06/2020,27-03-2023,activo,41.0,Norte
1256,Diana Pérez,usuario1256@hotmail.com,3004990451,44,f,Cartagena,Hogar,45704.36,2831647.68,8.6,pse,,01-02-2024,Activo,7.0,Oriente
1257,Sergio Pérez,usuario1257@gmail.com,3102726687,30,,Cúcuta,Electrónica,,3090203.12,7.6,tarjeta débito,2021-02-09,30 Sep 2024,ACTIVO,25.0,Norte
1258,María Flores,usuario1258@empresa.co,3121937277,42,Masculino,Bucaramanga,Hogar,406980.13,4229033.72,5.1,Efectivo,,2024/02/17,activo,44.0,Centro
1259,Diana Gómez,usuario1259@gmail.com,3151859791,33,Masculino,medellin,Ropa,243597.25,3735211.58,5.7,PSE,08/07/2020,18-01-2023,Inactivo,6.0,Norte
1260,Diana García,usuario1260@empresa.co,3151498913,59,Male,  Cartagena  ,Electrónica,261457.5,3554246.62,5.1,Nequi,06-09-2024,,Activo,47.0,Centro
1261,Paola Flores,usuario1261@empresa.co,3209112859,39,Masculino,Medellín,electronica,475184.89,2392370.74,4.4,Nequi,2020-03-31,2023-03-18,Pendiente,2.0,Centro
1262,Pedro Rodríguez,,3204117026,70,m,Manizales,Ropa,153686.89,4326881.18,5.1,Nequi,2023/07/18,28/01/2024,Cancelado,35.0,Occidente
1263,Sandra Pérez,sin_email,3018319936,64,Male,Pereira,deportes,96568.16,3758709.25,8.7,pse,10-09-2020,05-02-2024,Pendiente,49.0,Norte
1264,Miguel Ramírez,usuario1264@hotmail.com,,49,FEMENINO,Cartagena,ROPA,31547.29,5548436.87,3.3,Efectivo,20 Oct 2024,,inactivo,8.0,Norte
1265,Ana Ramírez,,3104587361,64,m,Cali,HOGAR,487912.53,4998253.7,5.2,tarjeta débito,08-27-2023,16-07-2022,Cancelado,50.0,Sur
1266,Sergio Gómez,sin_email,3008131254,28,,Cartagena,Ropa,18669.66,4972916.88,4.5,tarjeta débito,09-06-2022,26/02/2021,Pendiente,42.0,
1267,Juan Pérez,usuario1267@outlook.com,3154925387,52,Femenino,CALI,Deportes,137772.48,3443360.48,6.0,PSE,15 Jul 2021,03 Apr 2021,Activo,30.0,Centro
1268,Sergio González,usuario1268@empresa.co,3015090509,74,Masculino,Cúcuta,ROPA,48996.88,-1000.0,9.7,pse,2024/05/28,2020-02-16,ACTIVO,11.0,
1269,Laura Torres,usuario1269@gmail.com,3152913648,59,Femenino,Barranquilla,deportes,106737.69,2549656.05,,PSE,2023-01-28,19-06-2023,ACTIVO,20.0,Occidente
1270,Pedro Ramírez,usuario1270@outlook.com,,51,MASCULINO,Cali,Ropa,49383.18,3473637.73,8.9,Nequi,28 Jul 2023,01-03-2021,ACTIVO,21.0,Oriente
1271,Diana Pérez,,3159379998,,Masculino,Manizales,Electrónica,448768.25,3259288.64,11.0,efectivo,05-04-2020,09 May 2022,ACTIVO,,Sur
1272,Laura Rivera,usuario1272@yahoo.com,3113833452,70,,Barranquilla,alimentos,128322.65,3969619.6,7.7,PSE,,26 Jul 2021,Inactivo,40.0,Norte
1273,Paola García,usuario1273@outlook.com,3002670060,66,Female,Santa Marta,ROPA,277372.02,3237870.15,9.4,TARJETA CREDITO,18 Sep 2023,2022/12/21,pendiente,27.0,
1274,Jorge Sánchez,usuario1274@empresa.co,3011111313,,Male,Cartagena,Deportes,,4664131.99,5.3,efectivo,04 Aug 2024,2024-01-13,Inactivo,35.0,Centro
1275,Natalia García,usuario1275@yahoo.com,3202847550,58,,Santa Marta,Hogar,26760.13,1428068.48,6.2,PSE,02-25-2023,30 Dec 2020,pendiente,33.0,Centro
1276,Diana Gómez,usuario1276@outlook.com,3008029512,63,Masculino,  Cartagena  ,Alimentos,70040.68,3458333.87,8.0,efectivo,05 Sep 2021,10-19-2023,pendiente,14.0,Norte
1277,Luis González,usuario1277@yahoo.com,3005526521,31,f,  Cartagena  ,ROPA,631256.39,2482963.37,1.4,,11-21-2024,2022-11-15,Cancelado,11.0,Sur
1278,María Rodríguez,usuario1278@hotmail.com,3012707108,41,Female,Santa Marta,Hogar,452740.27,5043175.09,8.6,TARJETA CREDITO,2022/09/17,2023-12-18,ACTIVO,32.0,
1279,Andrés García,usuario1279@yahoo.com,3108914772,desconocido,Female,CALI,Ropa,323905.08,3198204.82,1.2,pse,23/04/2024,2022-11-29,ACTIVO,8.0,Occidente
1280,Juan Pérez,usuario1280@hotmail.com,3001342168,57,f,Manizales,Deportes,396845.76,3712564.03,4.3,efectivo,07/05/2021,17 Nov 2021,Inactivo,49.0,Occidente
1281,Sandra García,usuario1281@outlook.com,3109532856,60,,Pereira,Alimentos,1059680.2,4706873.32,4.9,TARJETA CREDITO,2022-08-20,2021-12-31,pendiente,40.0,Centro
1282,Juan Sánchez,usuario1282@hotmail.com,3009133735,18,f,Medellín,Deportes,376573.52,3083845.06,1.3,pse,10-07-2021,18/07/2021,inactivo,36.0,Sur
1283,Diana Ramírez,usuario1283@gmail.com,3011165974,44,F,Bogotá,Hogar,40812.23,2135701.58,5.0,PSE,15-08-2024,2021-11-15,inactivo,32.0,Centro
1284,Carlos Gómez,usuario1284@gmail.com,,,F,barranquilla,HOGAR,27319.21,3085147.98,6.3,pse,2024-08-28,28-01-2024,Cancelado,20.0,Norte
1285,Miguel González,usuario1285@gmail.com,3107120592,35,m,Bogotá,Alimentos,50218.01,577535.32,1.2,,13-04-2020,07-03-2021,Pendiente,45.0,Occidente
1286,Luis García,usuario1286@outlook.com,,36,M,BOGOTA,Tecnología,132439.89,1994303.59,5.0,Efectivo,07-13-2024,2023-10-31,activo,36.0,
1287,Andrés Sánchez,usuario1287@hotmail.com,3158568399,,MASCULINO,  Cartagena  ,Alimentos,,,8.4,efectivo,02-07-2021,2022-02-12,pendiente,6.0,Sur
1288,Paola Martínez,usuario1288@hotmail.com,3121198311,61,Male,Bucaramanga,Deportes,148229.59,3965591.97,8.1,Efectivo,2021/01/30,2023-05-08,pendiente,,Occidente
1289,Carlos Gómez,usuario1289@gmail.com,3006449844,29,m,Cúcuta,Deportes,334128.83,2929727.21,5.9,efectivo,19-03-2022,2023-02-05,Pendiente,18.0,Centro
1290,Luis Martínez,usuario1290@hotmail.com,3125420959,24,M,Cartagena,Alimentos,58219.41,3583699.33,7.6,Tarjeta Débito,25/06/2020,10-09-2020,inactivo,30.0,Centro
1291,Laura García,usuario1291@gmail.com,3016960619,33,M,barranquilla,deportes,116437.62,3156476.47,9.0,TARJETA CREDITO,02-08-2020,2021-07-19,ACTIVO,12.0,Sur
1292,Andrés Rivera,usuario1292@gmail.com,3104388795,51,,Santa Marta,electronica,109085.05,3134581.27,6.2,pse,30/03/2021,28-07-2022,ACTIVO,47.0,Oriente
1293,Andrés Flores,sin_email,3103870945,40,M,barranquilla,Ropa,22427.85,5004533.85,1.7,TARJETA CREDITO,2020/02/25,,Cancelado,40.0,Norte
1294,Laura Martínez,usuario1294@empresa.co,3013921390,43,MASCULINO,Cali,electronica,533546.52,0.0,,TARJETA CREDITO,18-07-2024,10-27-2021,Pendiente,36.0,Occidente
1295,Miguel López,usuario1295@gmail.com,3003903500,999,FEMENINO,  Cartagena  ,Hogar,242090.02,2927085.95,5.6,tarjeta débito,07-20-2023,2022-03-28,activo,20.0,Norte
1296,Juan Flores,usuario1296@empresa.co,3011121887,33,Female,  Cartagena  ,HOGAR,203963.51,3238308.79,4.0,TARJETA CREDITO,31 Jul 2024,10-11-2021,ACTIVO,33.0,Sur
1297,Paola González,usuario1297@outlook.com,3124402847,32,m,Manizales,Deportes,53906.15,1970382.56,4.0,efectivo,2024/04/19,2022/11/08,pendiente,16.0,Norte
1298,Natalia Sánchez,usuario1298@yahoo.com,3004658130,70,FEMENINO,  Cartagena  ,Ropa,51637.81,3486817.48,8.4,TARJETA CREDITO,30/05/2020,17-11-2020,Pendiente,25.0,Centro
1299,Sergio Martínez,usuario1299@outlook.com,3005007814,59,F,Bogotá,Electrónica,262592.44,4536614.15,7.8,Nequi,2023-06-12,03-10-2020,Cancelado,5.0,Oriente
1300,Luis López,usuario1300@outlook.com,3118089210,59,Female,CALI,Alimentos,216242.02,2827786.83,2.8,Efectivo,29/01/2020,2024/09/19,inactivo,35.0,Norte
1301,Paola Rodríguez,,3005282536,23,Female,Pereira,Deportes,34950.25,4895541.78,2.5,TARJETA CREDITO,2023/03/09,09-26-2022,Activo,27.0,Occidente
1302,Pedro Torres,usuario1302@gmail.com,3159112333,42,F,Cúcuta,Electrónica,,,6.6,Efectivo,2024/07/24,13/04/2021,Cancelado,15.0,Centro
1303,Diana Ramírez,usuario1303@hotmail.com,3106001338,21,Masculino,Bogotá,deportes,427617.84,3567582.18,7.8,Efectivo,2023-05-03,04-30-2022,ACTIVO,8.0,
1304,Laura Rivera,usuario1304@outlook.com,3154858145,62,M,  Cartagena  ,alimentos,131364.78,1365701.87,1.2,,2020-12-05,2022/01/21,activo,29.0,Occidente
1305,Andrés Flores,usuario1305@outlook.com,,49,,Santa Marta,electronica,37241.78,2889209.99,8.2,PSE,09-30-2020,2023/08/14,Activo,45.0,Occidente
1306,Pedro Pérez,usuario1306@gmail.com,3122710029,59,F,Manizales,Alimentos,46760.59,2636612.29,8.6,Efectivo,08-30-2022,09-21-2022,inactivo,50.0,Norte
1307,Jorge Flores,usuario1307@yahoo.com,3008463984,54,F,BOGOTA,ROPA,434800.55,5876598.11,6.7,PSE,09/01/2021,03-08-2024,Cancelado,41.0,
1308,Jorge Pérez,usuario1308@yahoo.com,3151223749,24,F,Medellín,Electrónica,556885.85,-1000.0,2.3,tarjeta débito,2024/04/27,13 Jan 2024,Cancelado,,Occidente
1309,Andrés López,usuario1309@yahoo.com,3209187602,20,MASCULINO,Barranquilla,ROPA,181349.87,577165.42,5.1,Nequi,02-05-2021,2022-02-13,inactivo,19.0,Centro
1310,Natalia Rivera,usuario1310@hotmail.com,3119061272,75,,Medellín,ROPA,245760.88,-1000.0,8.7,Efectivo,2020/06/22,2024/08/14,ACTIVO,17.0,Sur
1311,Diana Rivera,usuario1311@empresa.co,3104457553,74,Masculino,medellin,electronica,128985.79,4545579.37,7.3,Efectivo,2024/06/15,04-12-2021,ACTIVO,42.0,Occidente
1312,Andrés Flores,usuario1312@yahoo.com,3015869546,35,Male,Cúcuta,Deportes,24248.03,5196479.84,,TARJETA CREDITO,14-12-2022,,inactivo,35.0,Centro
1313,María Sánchez,usuario1313@outlook.com,3015066926,,Masculino,Manizales,Hogar,706259.76,3833494.29,7.1,PSE,2021/11/04,,Inactivo,40.0,Norte
1314,Ana Pérez,usuario1314@gmail.com,3208717186,150,M,Cali,Ropa,126771.21,3440534.72,4.7,,02-07-2024,19 Jul 2023,activo,7.0,Occidente
1315,Andrés Rivera,usuario1315@yahoo.com,3018643444,54,f,  Cartagena  ,Ropa,238277.21,3954618.33,8.6,Tarjeta Débito,08-11-2023,22/12/2021,Pendiente,43.0,Oriente
1316,Laura Martínez,,,29,f,Santa Marta,Hogar,789276.91,2189752.4,4.6,Nequi,21-12-2020,23-09-2022,Activo,6.0,Oriente
1317,Paola Ramírez,usuario1317@gmail.com,,38,MASCULINO,Bucaramanga,Tecnología,1394534.83,2687600.61,9.4,,21/01/2020,2020-12-20,ACTIVO,,Norte
1318,Laura Rodríguez,usuario1318@outlook.com,N/A,,m,Santa Marta,Electrónica,45492.54,4094890.56,8.9,Nequi,06/03/2020,26-09-2024,Cancelado,16.0,Oriente
1319,Carlos Flores,usuario1319@hotmail.com,3157689571,27,F,  Cartagena  ,deportes,562404.24,5090872.48,9.5,pse,12-19-2024,24-02-2020,Cancelado,34.0,Centro
1320,María Torres,usuario1320@gmail.com,3017571567,63,Female,Bogotá,ROPA,99454.73,2650884.24,2.6,Nequi,15/03/2024,10-12-2024,activo,39.0,Norte
1321,Andrés González,usuario1321@yahoo.com,3156472316,22,Female,Cali,Hogar,133809.74,2296402.48,8.6,Efectivo,,02-11-2024,Activo,36.0,Norte
1322,Sandra López,usuario1322@yahoo.com,,54,,barranquilla,alimentos,550559.91,4755650.22,0.0,PSE,12 Aug 2020,2024-04-16,inactivo,25.0,Occidente
1323,María Rodríguez,usuario1323yahoo.com,,71,M,CALI,alimentos,77155.85,3967314.45,6.1,Tarjeta Crédito,2020/03/31,12-16-2022,Cancelado,4.0,Norte
1324,Diana Sánchez,usuario1324@yahoo.com,,61,,Bogotá,Deportes,,5088439.31,3.9,PSE,2024-04-29,21-11-2023,Cancelado,49.0,Sur
1325,Luis García,usuario1325@empresa.co,3157275258,39,Femenino,Santa Marta,Electrónica,538016.41,3489581.56,2.8,PSE,27 Feb 2021,,Cancelado,39.0,Oriente
1326,Diana Gómez,usuario1326@yahoo.com,N/A,65,Female,Cali,Tecnología,130440.05,4837875.01,5.2,pse,09 Apr 2020,29/11/2024,Cancelado,19.0,
1327,Natalia García,usuario1327@empresa.co,3209029278,62,,Bogotá,Tecnología,26300.47,3062036.48,9.2,PSE,09 Nov 2022,16 Jul 2024,ACTIVO,14.0,Occidente
1328,Carlos González,usuario1328@empresa.co,3205825854,50,,  Cartagena  ,Ropa,7519.57,1193862.21,,tarjeta débito,2023-09-08,08/08/2021,Activo,19.0,
1329,Miguel Pérez,usuario1329@yahoo.com,3108566440,40,,CALI,deportes,455502.34,3580671.96,8.5,tarjeta débito,19 Sep 2020,09/12/2021,ACTIVO,2.0,
1330,Luis Rivera,usuario1330@yahoo.com,3017920676,999,FEMENINO,medellin,Deportes,74182.76,3351956.55,2.5,Nequi,2024/05/04,01-29-2022,ACTIVO,5.0,Sur
1331,Diana Rivera,usuario1331@empresa.co,3016892023,22,M,BOGOTA,Alimentos,424888.07,6507480.14,2.4,Tarjeta Débito,09/10/2020,01-12-2022,ACTIVO,28.0,Norte
1332,Andrés González,usuario1332@outlook.com,3011215188,67,Female,BOGOTA,Alimentos,,4847660.26,7.3,pse,20/12/2022,18 Aug 2021,Activo,1.0,Centro
1333,Natalia Gómez,usuario1333@outlook.com,3153108215,56,FEMENINO,Pereira,HOGAR,246291.14,2986632.39,9.6,Nequi,28-08-2021,03/02/2020,Activo,44.0,Centro
1334,Sandra Pérez,usuario1334@gmail.com,3201062514,67,M,Cartagena,electronica,256608.93,2100468.4,9.0,Tarjeta Débito,2020-12-13,25/04/2021,Cancelado,45.0,Sur
1335,Ana González,,3204964109,58,m,Pereira,Alimentos,196570.9,0.0,3.1,pse,15/07/2022,2020/01/28,Cancelado,28.0,Sur
1336,Pedro Pérez,usuario1336@gmail.com,3017735301,46,Female,  Cartagena  ,Alimentos,144045.65,5058802.36,7.2,efectivo,,,Cancelado,35.0,Oriente
1337,Pedro Martínez,usuario1337@yahoo.com,3123191097,40,Masculino,Bogotá,Electrónica,18299.83,4195260.07,7.2,Tarjeta Crédito,24 Oct 2021,10/12/2023,Activo,15.0,Oriente
1338,Paola González,,3113264251,42,Masculino,  Cartagena  ,Deportes,505918.83,4281944.0,4.2,tarjeta débito,2021/01/09,11 Mar 2024,Pendiente,1.0,Oriente
1339,Andrés Torres,,3111437083,61,F,CALI,Hogar,15131.87,3569602.54,9.8,tarjeta débito,22-05-2023,2024/03/10,pendiente,,
1340,Natalia Rodríguez,usuario1340@gmail.com,3126073876,42,M,Cali,Hogar,91367.53,1765027.33,9.9,efectivo,19-02-2022,08-06-2021,Cancelado,2.0,Sur
1341,Juan Torres,usuario1341@outlook.com,3009207919,57,f,Santa Marta,Electrónica,,4368066.07,1.6,TARJETA CREDITO,19-07-2022,23-11-2023,activo,23.0,Oriente
1342,Luis Pérez,usuario1342@empresa.co,3202170099,33,MASCULINO,  Cartagena  ,Tecnología,305126.36,4910703.03,5.8,efectivo,22-10-2024,2022/06/02,inactivo,1.0,
1343,Carlos Ramírez,usuario1343@yahoo.com,,23,F,Santa Marta,Electrónica,23961.91,2882237.37,4.3,TARJETA CREDITO,02-02-2021,09-19-2024,ACTIVO,14.0,Occidente
1344,Juan Pérez,usuario1344@gmail.com,3015437455,42,,BOGOTA,ROPA,355938.96,3032680.83,5.8,efectivo,10/08/2022,26-10-2024,ACTIVO,40.0,Occidente
1345,Paola Pérez,usuario1345@gmail.com,3127926679,58,Masculino,BOGOTA,Alimentos,627909.88,3192443.56,3.4,pse,,06-15-2024,pendiente,21.0,Occidente
1346,Laura Rodríguez,,3117011151,42,F,Barranquilla,Hogar,923506.59,2924657.98,5.6,pse,2023-05-11,2023-07-07,Inactivo,,Norte
1347,Diana López,usuario1347@yahoo.com,3106955071,24,Female,Pereira,Electrónica,111297.8,3256758.72,6.9,Nequi,2023/12/25,2020-06-05,Pendiente,15.0,Oriente
1348,Natalia Ramírez,usuario1348@hotmail.com,3159790175,37,,Santa Marta,electronica,421267.79,2334906.91,1.5,TARJETA CREDITO,14 Feb 2023,10/06/2020,inactivo,26.0,Occidente
1349,Carlos Ramírez,usuario1349@empresa.co,3208410558,66,,Bucaramanga,Electrónica,63098.96,4554193.21,8.8,,08 Mar 2024,,activo,33.0,Centro
1350,Diana Sánchez,usuario1350@yahoo.com,,26,Female,Manizales,Deportes,147467.9,5419104.84,7.7,Tarjeta Crédito,2022/12/30,05-18-2023,Cancelado,15.0,Norte
1351,Carlos Rivera,usuario1351@gmail.com,3004728028,45,Female,Santa Marta,alimentos,317337.96,3091983.65,5.8,pse,08-19-2020,12-03-2021,Activo,48.0,Norte
1352,Sergio Rivera,usuario1352@empresa.co,3123433832,53,FEMENINO,Pereira,HOGAR,56227.77,3522195.58,5.5,Tarjeta Crédito,01-28-2022,2021/07/22,Inactivo,32.0,Norte
1353,Pedro Rodríguez,usuario1353@outlook.com,3106002665,24,f,Bogotá,Alimentos,205367.99,3584908.83,4.5,TARJETA CREDITO,2021-10-09,17/09/2024,ACTIVO,22.0,Sur
1354,Laura Rodríguez,usuario1354@empresa.co,3012800682,,Masculino,medellin,alimentos,57903.92,4998041.13,6.8,efectivo,04-30-2021,02/08/2021,Activo,9.0,
1355,Jorge González,usuario1355@yahoo.com,3104420764,23,f,Medellín,alimentos,282634.07,2789861.68,7.1,Nequi,15/03/2023,04 Dec 2020,Cancelado,19.0,Occidente
1356,Jorge López,usuario1356@hotmail.com,3005074699,68,m,Bucaramanga,Hogar,204227.6,3982929.06,6.8,TARJETA CREDITO,02-05-2020,2023-11-13,Cancelado,39.0,
1357,Diana Pérez,usuario1357@hotmail.com,3011625790,42,FEMENINO,barranquilla,Deportes,,3500749.09,7.8,PSE,2022/09/24,09 Jul 2023,activo,24.0,Sur
1358,Miguel Pérez,usuario1358@outlook.com,3151844109,,,CALI,electronica,339465.34,3944551.82,1.5,TARJETA CREDITO,2022/12/04,23-09-2022,Cancelado,20.0,Norte
1359,Laura Torres,usuario1359@outlook.com,3016550720,67,M,Santa Marta,alimentos,527683.63,2317563.49,8.7,pse,08-12-2024,20-08-2021,Inactivo,43.0,
1360,Sandra Ramírez,usuario1360@hotmail.com,3011484654,75,FEMENINO,Bogotá,Hogar,376002.12,3555967.66,6.2,Efectivo,29-09-2020,2020/09/14,activo,31.0,Sur
1361,Paola Sánchez,usuario1361@gmail.com,3124334605,33,Male,Cartagena,Tecnología,235379.28,2611081.51,2.3,efectivo,02-17-2023,05/07/2024,Cancelado,33.0,Sur
1362,Natalia Martínez,usuario1362@outlook.com,3126673024,28,Male,Barranquilla,Deportes,26020.34,3194926.86,5.6,Tarjeta Débito,05-03-2022,09/07/2022,ACTIVO,7.0,Sur
1363,Luis Flores,usuario1363@outlook.com,3114063816,28,Femenino,Cúcuta,ROPA,56782.6,2418432.94,2.8,Nequi,02-07-2021,2021-11-13,inactivo,28.0,Sur
1364,María Pérez,usuario1364@empresa.co,,37,f,Barranquilla,Tecnología,76736.05,4942845.85,1.4,efectivo,19/03/2022,2020-10-29,Inactivo,2.0,Centro
1365,Andrés Rivera,usuario1365@yahoo.com,,27,Female,CALI,electronica,111231.16,4272087.62,9.4,tarjeta débito,2022/07/31,2020-05-26,ACTIVO,25.0,Sur
1366,Diana García,usuario1366@hotmail.com,3011842484,999,Female,Cúcuta,Alimentos,71522748.5,2854247.19,4.7,,2024-10-25,11-05-2023,pendiente,,Centro
1367,Carlos Torres,usuario1367@yahoo.com,,37,m,CALI,ROPA,6537.21,2778850.72,5.0,efectivo,,03-01-2021,Cancelado,17.0,Occidente
1368,Sandra Sánchez,usuario1368@yahoo.com,3106992726,22,m,  Cartagena  ,alimentos,586685.09,1773393.08,,Tarjeta Crédito,2022-09-04,2020-03-16,activo,29.0,Centro
1369,Carlos Martínez,usuario1369@empresa.co,3012406046,33,FEMENINO,Santa Marta,Tecnología,240031.66,4163029.37,,tarjeta débito,2020-09-02,08/02/2021,ACTIVO,5.0,Sur
1370,Laura Rodríguez,usuario1370@gmail.com,3111118385,49,Masculino,  Cartagena  ,Tecnología,386088.29,4909210.94,1.3,Efectivo,03-01-2021,12-01-2023,Pendiente,43.0,Occidente
1371,Carlos Flores,usuario1371@gmail.com,3014738140,30,,Santa Marta,Deportes,309644.22,2472926.93,8.8,TARJETA CREDITO,07-12-2024,2020-04-27,inactivo,21.0,Centro
1372,Pedro Pérez,usuario1372@hotmail.com,3202964123,26,f,BOGOTA,deportes,72847.26,4766155.23,5.1,Nequi,07-05-2022,2024/08/16,Pendiente,24.0,Oriente
1373,Paola Sánchez,usuario1373@gmail.com,3129050738,43,F,  Cartagena  ,deportes,612470.39,1875543.53,5.8,,11/07/2020,20/06/2020,Pendiente,22.0,Sur
1374,Laura Ramírez,usuario1374@empresa.co,3019278631,57,Masculino,Medellín,HOGAR,438192.56,1680003.12,4.7,efectivo,2023/08/03,2023/06/18,Inactivo,35.0,Sur
1375,Pedro Flores,usuario1375@yahoo.com,3006881668,73,F,BOGOTA,HOGAR,86399.29,1854888.57,8.8,Tarjeta Débito,15/12/2022,2024-06-17,Activo,12.0,
1376,Ana Torres,usuario1376@empresa.co,3108042097,39,Masculino,Santa Marta,Hogar,223486.87,1535905.44,3.7,tarjeta débito,06-09-2023,2020-10-12,inactivo,50.0,Occidente
1377,Andrés Rivera,usuario1377@empresa.co,3117939777,70,M,Pereira,electronica,472875.52,5483793.64,7.8,TARJETA CREDITO,2020-10-27,10 Nov 2023,Cancelado,21.0,
1378,Ana Ramírez,usuario1378@gmail.com,3009223388,56,Male,  Cartagena  ,Ropa,,2992567.48,,Tarjeta Crédito,2020/04/15,17-01-2023,Inactivo,31.0,Centro
1379,Natalia Torres,usuario1379@yahoo.com,3014128540,38,MASCULINO,Cúcuta,deportes,22423.52,4105659.29,5.1,TARJETA CREDITO,2023/04/19,2021-08-10,pendiente,9.0,Norte
1380,Pedro Flores,usuario1380@yahoo.com,3115096686,62,,Pereira,deportes,63351.86,5763357.36,6.9,efectivo,2023/10/11,2024-05-03,Inactivo,,Centro
1381,Ana Gómez,usuario1381@hotmail.com,3119150056,38,f,Manizales,Ropa,349243.32,2084305.77,9.6,efectivo,12-05-2023,12-27-2021,activo,12.0,Oriente
1382,Sandra Gómez,usuario1382@gmail.com,3102487738,43,f,Bucaramanga,alimentos,231987.86,,6.8,PSE,2024-06-26,2022/03/02,ACTIVO,49.0,Centro
1383,Natalia García,usuario1383@outlook.com,3122587341,36,M,barranquilla,alimentos,284085.42,2465301.33,1.8,Tarjeta Débito,05-01-2023,23/05/2021,activo,31.0,Occidente
1384,Jorge Rodríguez,usuario1384@hotmail.com,3201131833,58,Female,Bogotá,Hogar,145042.52,2126982.16,1.0,Tarjeta Débito,17 Dec 2022,2021-12-16,pendiente,15.0,Occidente
1385,Andrés Gómez,usuario1385@yahoo.com,3117080555,54,Female,Cartagena,alimentos,237474.62,3227722.05,7.2,TARJETA CREDITO,2024-02-16,2023/07/01,inactivo,10.0,Occidente
1386,Andrés Rodríguez,usuario1386@empresa.co,3126202367,38,M,Cartagena,ROPA,12727.84,,9.0,TARJETA CREDITO,04/01/2020,10 Jul 2024,Pendiente,11.0,Oriente
1387,Ana López,usuario1387@gmail.com,,70,FEMENINO,Pereira,ROPA,541187.7,2578726.13,2.0,Nequi,2021-05-23,04-27-2020,inactivo,44.0,Oriente
1388,Diana Pérez,usuario1388@yahoo.com,3005987728,41,M,Cartagena,Electrónica,80551.71,,4.7,Tarjeta Débito,12-06-2021,2023/09/17,activo,24.0,Sur
1389,Sergio Martínez,usuario1389@empresa.co,,54,F,BOGOTA,ROPA,468320.57,1886257.74,6.0,TARJETA CREDITO,17 Oct 2022,16/12/2020,activo,10.0,Sur
1390,María González,usuario1390@outlook.com,3128913381,52,Female,medellin,Alimentos,813119.42,3799341.63,8.6,efectivo,2022-09-14,06-22-2024,pendiente,43.0,Sur
1391,Pedro Rodríguez,usuario1391@yahoo.com,3103713827,67,m,Barranquilla,electronica,542508.28,3499303.09,2.1,Tarjeta Crédito,04-08-2022,02 Sep 2023,inactivo,45.0,Sur
1392,Sandra García,usuario1392@yahoo.com,3105042625,64,Femenino,medellin,deportes,255803.44,1766972.25,,,13 Jun 2024,,pendiente,43.0,Oriente
1393,Sergio Rodríguez,usuario1393@gmail.com,3018750297,63,M,Bogotá,Hogar,25893.86,2371756.56,2.6,tarjeta débito,29-06-2023,14/04/2021,activo,17.0,Centro
1394,Jorge Ramírez,usuario1394@hotmail.com,3125288116,69,f,Manizales,alimentos,191810.07,4708531.01,2.8,TARJETA CREDITO,10 Dec 2023,18/02/2024,pendiente,,Occidente
1395,Luis López,usuario1395@empresa.co,3204144098,62,,Manizales,alimentos,351690.37,4537864.99,3.4,Tarjeta Débito,,,ACTIVO,44.0,Centro
1396,Jorge Ramírez,usuario1396@hotmail.com,3101199545,999,Male,Cali,Alimentos,285786.86,-1000.0,3.9,Tarjeta Crédito,2023-03-11,15 Nov 2023,inactivo,29.0,Occidente
1397,Diana Rivera,usuario1397@yahoo.com,3159943189,26,m,Bogotá,Deportes,101473.46,,6.7,Tarjeta Débito,02/07/2023,25-11-2020,pendiente,20.0,Norte
1398,Jorge Gómez,usuario1398@empresa.co,3209496880,33,FEMENINO,Manizales,electronica,23305.65,5598739.32,3.3,TARJETA CREDITO,07/05/2020,06/08/2022,Pendiente,18.0,Sur
1399,Andrés Martínez,usuario1399@empresa.co,3154720228,27,F,BOGOTA,alimentos,744083.67,-1000.0,7.1,TARJETA CREDITO,2021/03/20,29 Jul 2021,inactivo,21.0,Occidente
1400,Carlos Torres,usuario1400@outlook.com,3016631010,68,MASCULINO,Santa Marta,Deportes,177310.59,3096609.95,9.1,PSE,,2020-02-16,inactivo,3.0,Occidente
1401,Juan García,usuario1401yahoo.com,3011856919,46,Femenino,Bogotá,Deportes,96253.55,5813194.39,-1.0,efectivo,08-03-2023,26/04/2023,Activo,42.0,
1402,Jorge González,usuario1402@gmail.com,,48,m,  Cartagena  ,Ropa,1169968.14,2610647.86,3.7,Efectivo,,02-21-2023,Activo,49.0,
1403,Paola López,usuario1403@hotmail.com,3007780179,52,m,CALI,electronica,,5055451.4,6.9,efectivo,2020-02-15,,activo,25.0,Centro
1404,María Flores,usuario1404@gmail.com,3127034080,73,F,Cali,Hogar,133854.86,5208202.33,6.9,tarjeta débito,13-06-2024,09-11-2021,Cancelado,40.0,Norte
1405,Miguel Torres,usuario1405@yahoo.com,3207172171,52,f,Santa Marta,deportes,146401.76,6571162.35,4.7,Efectivo,2022/01/11,10-31-2020,Cancelado,5.0,Occidente
1406,Sergio González,usuario1406@outlook.com,3207799748,,F,Cali,ROPA,222748.88,5266474.8,,efectivo,08-04-2023,2022-05-11,pendiente,43.0,Centro
1407,Sandra Rodríguez,usuario1407@gmail.com,3111529586,62,Femenino,medellin,ROPA,11778.84,3657704.53,0.0,,03-09-2020,12-26-2023,activo,16.0,Occidente
1408,Carlos González,usuario1408@hotmail.com,3203272088,52,MASCULINO,Manizales,Electrónica,9152375.5,4227812.14,5.1,Tarjeta Crédito,11 Jun 2024,2024/08/18,pendiente,50.0,Sur
1409,Andrés Pérez,usuario1409@empresa.co,3128771507,23,F,medellin,HOGAR,93398.6,3796037.47,2.6,tarjeta débito,2023-04-18,30/12/2022,Cancelado,31.0,Norte
1410,,usuario1410@hotmail.com,,33,Masculino,Barranquilla,ROPA,287920.97,3422931.25,6.1,pse,06-15-2023,2023/02/04,pendiente,6.0,
1411,Miguel Rivera,usuario1411@outlook.com,3151685752,40,m,Cúcuta,Electrónica,178687.03,,8.3,tarjeta débito,19/03/2023,2024-04-25,Inactivo,2.0,Occidente
1412,Pedro Martínez,usuario1412@outlook.com,3129669883,57,M,Santa Marta,Deportes,11005.48,4234625.09,3.2,TARJETA CREDITO,2024/08/08,28/08/2021,activo,32.0,Sur
1413,Miguel Rodríguez,,3204887778,,Femenino,Bogotá,HOGAR,,2065234.09,7.8,TARJETA CREDITO,2021-11-30,2022-08-07,Activo,4.0,Oriente
1414,Paola Rodríguez,usuario1414@gmail.com,3105447056,61,MASCULINO,Cúcuta,deportes,903529.24,4420023.6,,PSE,2021/06/09,15/09/2021,Cancelado,17.0,Centro
1415,Miguel Rivera,usuario1415@yahoo.com,,66,M,CALI,deportes,163994.28,2923054.39,3.6,Nequi,2023-03-29,07/10/2023,Activo,33.0,
1416,Ana Rivera,usuario1416@empresa.co,3007909270,68,F,Cúcuta,Deportes,58162.22,4926611.9,2.2,Tarjeta Débito,15-04-2020,10/04/2023,Cancelado,50.0,Sur
1417,Ana Ramírez,usuario1417@yahoo.com,3151758387,18,Masculino,  Cartagena  ,Electrónica,238220.88,3762241.65,7.2,pse,2023/12/02,07/03/2022,Inactivo,15.0,Centro
1418,Pedro López,usuario1418@outlook.com,3122164814,32,FEMENINO,CALI,Tecnología,7700.79,3063522.54,,PSE,2021-01-04,2020/05/12,pendiente,33.0,
1419,Ana García,usuario1419@yahoo.com,3157535714,51,,Santa Marta,Ropa,87162.23,-1000.0,7.3,PSE,03-30-2021,23 May 2020,pendiente,35.0,Oriente
1420,Paola Rivera,,3157443297,62,Male,medellin,HOGAR,78865.67,4398021.57,5.5,Tarjeta Débito,07 Sep 2020,29 Apr 2021,activo,16.0,Norte
1421,Juan Pérez,usuario1421@outlook.com,3015535270,46,Masculino,Santa Marta,electronica,39732.0,4041942.64,,PSE,31-01-2021,2021/03/23,activo,21.0,Occidente
1422,Andrés Rodríguez,usuario1422@outlook.com,3114080856,47,FEMENINO,CALI,Ropa,516576.36,,5.0,pse,,16/06/2021,activo,9.0,Norte
1423,Ana López,usuario1423@hotmail.com,3107103429,55,M,BOGOTA,Deportes,130672.32,5206867.97,9.5,PSE,2021/10/23,24 Nov 2022,inactivo,22.0,Centro
1424,Jorge Rodríguez,usuario1424@gmail.com,3109238334,27,Female,Cúcuta,deportes,34281.0,3612111.4,9.7,efectivo,16 Aug 2021,09-04-2024,activo,48.0,
1425,Jorge Martínez,usuario1425@gmail.com,3014842173,19,F,Bucaramanga,ROPA,106600.66,4464511.07,8.4,TARJETA CREDITO,2023/11/09,2021/09/03,inactivo,30.0,Centro
1426,Carlos Rodríguez,usuario1426@yahoo.com,3102409476,36,FEMENINO,Barranquilla,HOGAR,40724.64,3140639.12,8.9,Tarjeta Débito,12-07-2022,08-29-2021,Inactivo,16.0,Occidente
1427,Laura Martínez,usuario1427@hotmail.com,3018740680,23,MASCULINO,Manizales,alimentos,1631656.14,4812574.0,2.3,tarjeta débito,,08-16-2021,Cancelado,,Oriente
1428,Sergio Gómez,,3155975076,64,M,Manizales,Hogar,70998.36,2003345.04,7.5,PSE,2022/04/15,2023/05/10,pendiente,40.0,Sur
1429,Luis Torres,usuario1429@yahoo.com,3124115063,37,Masculino,Cartagena,ROPA,497647.09,2783306.29,5.5,tarjeta débito,12/10/2023,2020/07/15,Pendiente,27.0,Centro
1430,Pedro Sánchez,usuario1430@yahoo.com,3105452921,68,,Manizales,HOGAR,27231.42,4178887.39,3.5,Tarjeta Crédito,03 Jul 2024,01/01/2020,pendiente,32.0,Occidente
1431,María Sánchez,usuario1431@hotmail.com,3107339667,48,m,medellin,deportes,315135.74,1545789.83,4.7,Tarjeta Crédito,,27 Feb 2024,ACTIVO,29.0,Centro
1432,Carlos Rivera,sin_email,no tiene,24,M,  Cartagena  ,Deportes,360226.15,4672639.53,9.6,,30/07/2022,27-07-2024,inactivo,29.0,Norte
1433,Juan García,sin_email,3111940484,62,Masculino,Pereira,electronica,319092.4,4422005.93,1.3,Tarjeta Crédito,16 May 2022,,activo,24.0,Centro
1434,María Martínez,usuario1434@hotmail.com,3125814468,22,MASCULINO,Cúcuta,ROPA,173879.14,3379272.94,5.2,pse,28 Sep 2023,2022/05/20,inactivo,35.0,Oriente
1435,Sandra Rivera,usuario1435@gmail.com,3111045386,69,Femenino,Barranquilla,Ropa,120931.97,2799878.35,9.7,Tarjeta Débito,23-05-2020,2022/12/20,Inactivo,9.0,Oriente
1436,Pedro Gómez,usuario1436@gmail.com,3159209071,19,f,Bogotá,HOGAR,161240.99,4400800.75,6.3,Efectivo,09-15-2024,2022-01-22,activo,11.0,
1437,Laura Rivera,usuario1437@gmail.com,3122064165,59,MASCULINO,Cartagena,deportes,238150.43,4376140.51,6.2,TARJETA CREDITO,12-02-2022,09-02-2022,Activo,,Norte
1438,Luis Martínez,usuario1438@outlook.com,3111501662,69,Male,  Cartagena  ,Tecnología,68145.15,1894380.27,5.4,Efectivo,2022/09/09,07-14-2024,activo,34.0,Occidente
1439,Juan Rodríguez,,3128637147,65,Male,CALI,Ropa,48807.76,2899550.83,9.0,Nequi,03-01-2022,06-11-2021,inactivo,30.0,
1440,Ana Gómez,usuario1440@gmail.com,3001392190,29,FEMENINO,medellin,Hogar,14902.26,3143758.91,2.2,efectivo,07-31-2021,07-30-2024,inactivo,43.0,Norte
1441,Andrés Rodríguez,usuario1441@outlook.com,3112089634,39,Female,Bucaramanga,Deportes,101079.5,1917824.24,,Nequi,2022-11-15,07-02-2021,Activo,4.0,Centro
1442,Pedro González,usuario1442@empresa.co,3115970698,47,f,barranquilla,deportes,183238.48,4198244.15,6.4,Efectivo,05/08/2023,03-09-2021,activo,34.0,Norte
1443,Luis Torres,usuario1443@empresa.co,3203429523,43,f,Medellín,Hogar,395597.75,1772817.83,2.5,,04 Apr 2020,2023/02/03,ACTIVO,29.0,Occidente
1444,Sergio Flores,usuario1444@empresa.co,3016987366,29,Masculino,Bogotá,Ropa,35109.86,6140897.63,6.6,TARJETA CREDITO,07 Oct 2020,15/11/2020,ACTIVO,16.0,Oriente
1445,Diana Martínez,usuario1445@empresa.co,3127658962,45,Female,medellin,ROPA,177603.33,3328942.22,,pse,2020-03-06,2024/07/10,Inactivo,36.0,Occidente
1446,María Torres,usuario1446@outlook.com,3209554634,65,Female,Bucaramanga,alimentos,382239.36,4929855.05,1.7,Tarjeta Débito,24 Apr 2024,12/08/2023,activo,26.0,Centro
1447,Diana Flores,usuario1447@outlook.com,3009984348,30,F,Santa Marta,electronica,,3315465.6,9.4,PSE,,2022-03-11,Inactivo,10.0,
1448,Pedro Rivera,usuario1448@outlook.com,3005775379,45,M,  Cartagena  ,electronica,401624.72,6203698.49,2.6,Efectivo,10-05-2022,17 Mar 2022,ACTIVO,35.0,Norte
1449,Diana González,usuario1449@empresa.co,3126214914,63,M,medellin,Electrónica,101047.63,2169630.36,4.4,Tarjeta Crédito,2020/08/02,11 Aug 2024,activo,10.0,
1450,Sandra Martínez,usuario1450@hotmail.com,3206519166,35,MASCULINO,Barranquilla,Tecnología,215254.02,3708912.37,9.2,Tarjeta Crédito,2024-08-12,2023/03/19,inactivo,37.0,Occidente
1451,Sandra Martínez,usuario1451@gmail.com,3152142540,69,Masculino,Manizales,Hogar,103367.84,2093177.3,6.9,PSE,12-12-2020,13-09-2024,Inactivo,41.0,
1452,Miguel García,usuario1452@gmail.com,3153927642,54,Female,Santa Marta,Tecnología,13380.97,1334532.83,9.2,Nequi,21 Sep 2023,2021/03/07,Activo,46.0,
1453,Pedro González,usuario1453@hotmail.com,3127898295,73,F,barranquilla,Ropa,234667.56,1868849.63,9.6,pse,2024-10-02,2021-02-07,Cancelado,12.0,Norte
1454,Andrés Rodríguez,usuario1454empresa.co,3008121818,41,MASCULINO,Cartagena,Electrónica,153578.21,5500109.61,2.9,Tarjeta Débito,06-10-2022,13 Mar 2021,inactivo,14.0,
1455,Laura Sánchez,usuario1455@hotmail.com,3005188608,47,Female,Cúcuta,deportes,12897.63,2157191.3,7.6,TARJETA CREDITO,29/09/2024,20-07-2021,pendiente,42.0,
1456,,usuario1456@yahoo.com,3013010474,60,MASCULINO,barranquilla,Hogar,475049.31,5717078.01,4.6,efectivo,2021/03/03,2024/06/05,pendiente,27.0,
1457,Pedro Sánchez,usuario1457@gmail.com,3016248984,51,FEMENINO,Santa Marta,HOGAR,,4286821.75,7.4,efectivo,01/09/2021,22 Jul 2020,inactivo,38.0,Sur
1458,Natalia González,usuario1458yahoo.com,3152299403,38,M,Pereira,HOGAR,340695.29,4788435.89,2.7,Tarjeta Crédito,12-11-2021,01/09/2024,Pendiente,18.0,
1459,Pedro Sánchez,usuario1459@yahoo.com,3118438715,57,Male,Bogotá,HOGAR,114671.01,2302955.98,4.9,Tarjeta Débito,14 Jan 2023,06-13-2022,inactivo,18.0,
1460,Laura Ramírez,usuario1460@empresa.co,3014554855,25,Femenino,Bogotá,Alimentos,56421.52,2422916.55,3.2,pse,2020-02-10,,ACTIVO,19.0,
1461,María González,usuario1461@outlook.com,3157821056,72,Masculino,Bucaramanga,deportes,291773.33,2615667.68,1.4,tarjeta débito,12-16-2023,2024-05-27,ACTIVO,13.0,Sur
1462,Juan Pérez,usuario1462@empresa.co,3118618883,29,Femenino,barranquilla,electronica,66809.6,3648209.47,8.3,pse,2022-02-17,25-07-2020,Cancelado,14.0,Occidente
1463,Sergio Torres,usuario1463@yahoo.com,3105877521,63,Male,  Cartagena  ,ROPA,361072.92,2292087.62,8.3,PSE,11-03-2022,11-08-2021,Pendiente,22.0,Occidente
1464,Jorge Rivera,usuario1464@hotmail.com,3127665160,57,FEMENINO,Cartagena,Hogar,631464.18,,0.0,Nequi,2021/11/30,,Pendiente,2.0,Centro
1465,Pedro Sánchez,usuario1465@yahoo.com,3128924432,61,Male,Cali,alimentos,157216.46,3632912.36,7.7,pse,2023-11-07,07-10-2023,inactivo,45.0,Norte
1466,Carlos Torres,usuario1466@yahoo.com,3159881787,25,Masculino,Bucaramanga,deportes,191443.66,6017269.0,6.4,Tarjeta Crédito,2023-06-20,2022/08/04,Inactivo,4.0,Centro
1467,Sergio García,usuario1467@outlook.com,3128460053,25,f,Medellín,alimentos,528338.61,2406066.25,2.1,,2024/06/18,2022-04-15,Cancelado,5.0,Norte
1468,María Ramírez,usuario1468@yahoo.com,3202351615,62,M,Santa Marta,Hogar,41379.08,3308852.39,,efectivo,25/08/2021,30/05/2024,pendiente,25.0,Norte
1469,Pedro Martínez,usuario1469@gmail.com,3129077219,42,Male,Santa Marta,ROPA,652531.82,5063550.56,,tarjeta débito,19 Jun 2024,2020/09/16,Inactivo,13.0,Centro
1470,Diana Rodríguez,usuario1470@yahoo.com,3109702298,26,Femenino,Pereira,alimentos,42658.69,4008907.45,,Tarjeta Crédito,26-11-2024,28/08/2023,Cancelado,39.0,Norte
1471,Luis Gómez,usuario1471@yahoo.com,3128443229,45,,BOGOTA,HOGAR,10475.56,4377858.59,6.9,Nequi,,23 Jun 2021,activo,33.0,
1472,Sandra Pérez,usuario1472@empresa.co,,58,m,Santa Marta,deportes,361585.85,581610.63,5.2,TARJETA CREDITO,27-10-2024,24 Apr 2020,Cancelado,35.0,Centro
1473,Ana Flores,,3019024653,59,M,Cúcuta,Tecnología,52725.91,3054947.56,8.6,PSE,07-12-2020,01-26-2020,inactivo,,Occidente
1474,Sandra Ramírez,usuario1474@hotmail.com,3208647043,29,M,Bogotá,HOGAR,119345.31,2404972.78,9.5,,14/11/2023,2021/02/24,Cancelado,21.0,Oriente
1475,Juan Gómez,usuario1475@gmail.com,3113562845,49,F,CALI,HOGAR,562577.05,,3.7,tarjeta débito,2020-12-05,,ACTIVO,5.0,Sur
1476,Sandra Gómez,usuario1476@gmail.com,3208429598,29,FEMENINO,BOGOTA,Electrónica,10813.49,1690019.88,3.0,Efectivo,15/09/2021,2021-12-20,inactivo,32.0,Norte
1477,Laura González,usuario1477@empresa.co,3017465991,46,M,Bucaramanga,Ropa,144445.84,4197196.11,,,,,activo,40.0,Sur
1478,Juan González,usuario1478@empresa.co,3004931614,73,m,Bucaramanga,deportes,79302.55,4358693.66,9.4,Efectivo,2022/06/06,27 Jul 2024,Cancelado,47.0,Norte
1479,Laura García,usuario1479outlook.com,3104727846,18,FEMENINO,Bogotá,ROPA,38692.46,3064054.29,,PSE,2024-11-02,03-06-2020,Inactivo,28.0,Norte
1480,Natalia Torres,usuario1480@gmail.com,3009105795,30,MASCULINO,Manizales,Alimentos,817264.56,2826153.83,1.2,efectivo,02-08-2020,02/03/2023,inactivo,4.0,Oriente
1481,Pedro Rodríguez,usuario1481@empresa.co,3011770562,53,m,Manizales,Alimentos,203858.11,4446776.71,6.2,efectivo,01-27-2022,18/09/2022,Cancelado,9.0,Sur
1482,Sandra Martínez,usuario1482@yahoo.com,3153954625,49,M,Santa Marta,Hogar,8948.94,5672636.21,9.1,Tarjeta Débito,11 Jul 2020,22-09-2021,pendiente,,Oriente
1483,Natalia Ramírez,usuario1483@gmail.com,3123594410,49,M,Santa Marta,Ropa,381932.79,4365575.87,5.2,,04-08-2024,27-06-2024,Activo,,
1484,Carlos Ramírez,usuario1484@empresa.co,3151484547,71,Femenino,Cartagena,Deportes,160552.89,4758933.79,,tarjeta débito,15 Mar 2021,2022/03/29,pendiente,30.0,Norte
1485,María Flores,usuario1485@outlook.com,3156400744,28,,Barranquilla,Alimentos,91949.21,,4.9,Efectivo,08-14-2023,2020-01-25,activo,28.0,Oriente
1486,Ana Ramírez,usuario1486@outlook.com,3114046973,19,Male,Cúcuta,Ropa,,4727048.1,7.0,,,22-06-2021,ACTIVO,33.0,Oriente
1487,Andrés García,usuario1487@gmail.com,3102494872,32,F,Cúcuta,Ropa,97027.06,4390483.8,7.7,TARJETA CREDITO,18/01/2021,2023/03/09,Cancelado,18.0,Occidente
1488,Ana Martínez,usuario1488@outlook.com,3203399936,35,MASCULINO,barranquilla,Tecnología,193815.01,2351602.65,7.3,efectivo,20/01/2023,23-03-2021,ACTIVO,43.0,Sur
1489,Sergio Flores,usuario1489@hotmail.com,3122821651,36,M,Bucaramanga,Alimentos,272702.01,3701870.56,1.1,Efectivo,05-09-2020,05/04/2022,Inactivo,48.0,
1490,Andrés Torres,usuario1490@hotmail.com,3012223128,47,MASCULINO,BOGOTA,electronica,289325.16,4530184.07,7.4,Tarjeta Crédito,26/10/2020,2020/01/24,Inactivo,38.0,
1491,Sandra López,usuario1491@outlook.com,3152408453,67,M,CALI,Hogar,19684.72,2907663.45,5.7,tarjeta débito,09 Feb 2024,19/01/2021,ACTIVO,16.0,Oriente
1492,Laura Martínez,usuario1492@gmail.com,3006897062,53,Femenino,BOGOTA,Deportes,1017996.95,2636291.84,8.5,tarjeta débito,25/12/2023,23-01-2021,ACTIVO,43.0,Oriente
1493,Carlos Torres,sin_email,3105282056,54,Masculino,Bogotá,Electrónica,230844.34,4128486.69,,Tarjeta Débito,,03/04/2024,Pendiente,7.0,
1494,Jorge López,,3102966266,67,MASCULINO,medellin,Deportes,217986.28,4627120.64,9.9,tarjeta débito,24/04/2020,2022/07/01,activo,30.0,
1495,Sandra Pérez,usuario1495@hotmail.com,3104653913,41,F,CALI,Deportes,48839.62,2339586.21,9.5,PSE,2021-07-20,19-06-2024,Activo,13.0,Sur
1496,Sergio Torres,usuario1496@outlook.com,3016793382,66,Masculino,Cúcuta,Deportes,192374.56,1965240.17,9.5,PSE,15/07/2022,2023/07/18,inactivo,45.0,Norte
1497,Miguel Martínez,usuario1497@empresa.co,,,m,  Cartagena  ,Tecnología,58189.82,,6.6,pse,03 Apr 2024,12/10/2022,Cancelado,2.0,
1498,Ana Martínez,usuario1498@yahoo.com,3157413328,52,m,  Cartagena  ,Deportes,954637.19,713399.05,9.4,PSE,2020/07/28,09 Dec 2020,Inactivo,26.0,Sur
1499,Jorge Flores,usuario1499@outlook.com,3123129831,45,Femenino,  Cartagena  ,Electrónica,425598.36,3605995.68,8.4,Tarjeta Débito,30 Jan 2023,14 Mar 2023,Inactivo,8.0,Oriente
1500,Miguel Pérez,usuario1500@empresa.co,3102160865,71,Femenino,Medellín,alimentos,427649.3,4633292.58,9.8,,08-01-2024,2021/11/24,pendiente,22.0,Sur
1501,Paola García,usuario1501@outlook.com,,33,FEMENINO,Santa Marta,Alimentos,50395.79,,6.8,tarjeta débito,,10 Jan 2021,inactivo,9.0,Occidente
1502,Laura Torres,usuario1502@yahoo.com,3202256200,20,m,Medellín,Ropa,429402.83,3113916.92,4.6,TARJETA CREDITO,2020/02/14,13/06/2024,inactivo,36.0,Oriente
1503,Paola Flores,usuario1503@yahoo.com,3103297729,40,Female,Cartagena,Ropa,74278.84,3787305.26,1.0,,08-24-2024,25/12/2020,ACTIVO,35.0,Sur
1504,Paola Rivera,usuario1504@gmail.com,3124149602,23,f,Cúcuta,Ropa,331259.02,4478382.94,4.3,Tarjeta Crédito,07-17-2022,10-22-2024,activo,34.0,Oriente
1505,María Rodríguez,usuario1505@empresa.co,3103555805,25,MASCULINO,medellin,Alimentos,415058.47,3779239.81,1.0,Tarjeta Crédito,2021/02/07,05 Oct 2023,ACTIVO,50.0,Occidente
1506,Diana Flores,usuario1506@gmail.com,3103272569,33,Male,medellin,electronica,,3792567.19,4.7,PSE,02-12-2020,,Activo,40.0,Occidente
1507,Jorge Rodríguez,usuario1507@hotmail.com,3111181503,65,Male,CALI,deportes,861646.85,4120478.05,4.9,Tarjeta Crédito,15/01/2024,02-03-2020,ACTIVO,11.0,Norte
1508,Sergio Gómez,usuario1508@yahoo.com,3152246815,40,Female,  Cartagena  ,ROPA,42145.99,2573532.43,5.3,pse,2022/05/21,2022/02/22,Pendiente,17.0,
1509,Pedro Martínez,usuario1509@outlook.com,3209029939,57,MASCULINO,Santa Marta,ROPA,47056.09,3613185.74,6.9,pse,25-07-2022,03-07-2024,Pendiente,29.0,
1510,Carlos Sánchez,usuario1510@hotmail.com,3014886857,28,Male,  Cartagena  ,alimentos,79545.74,2337806.6,9.7,PSE,02-12-2020,13/07/2020,Inactivo,30.0,Occidente
1511,Ana Rivera,usuario1511@yahoo.com,3122792202,68,Masculino,BOGOTA,deportes,456922.33,4364449.49,8.6,PSE,,13 Apr 2023,ACTIVO,47.0,Centro
1512,Paola Rivera,usuario1512@yahoo.com,3201780775,31,FEMENINO,Barranquilla,electronica,602010.0,2391369.12,8.2,TARJETA CREDITO,2023-08-08,10/07/2022,pendiente,36.0,Oriente
1513,Laura Pérez,sin_email,3203209383,54,Femenino,Bucaramanga,ROPA,338905.4,5103261.17,3.3,efectivo,2021-09-04,2021-04-03,activo,15.0,Occidente
1514,Pedro López,,3014803295,35,m,Bogotá,Ropa,388187.93,3748790.27,3.9,pse,25/05/2023,09-14-2022,activo,14.0,Norte
1515,Diana Rivera,usuario1515@gmail.com,3118668735,28,FEMENINO,barranquilla,Ropa,24595.1,2834212.61,6.9,,09/08/2020,09-14-2022,activo,30.0,Norte
1516,María Flores,usuario1516@hotmail.com,3153549058,63,M,CALI,Hogar,265129.94,3428608.32,6.6,Nequi,18 Jul 2022,07-09-2023,Cancelado,6.0,Occidente
1517,Andrés García,usuario1517@gmail.com,3152338389,54,FEMENINO,Cali,deportes,270318.89,3331259.19,1.9,Tarjeta Débito,2021-11-24,30/06/2020,Inactivo,17.0,Sur
1518,Natalia Flores,usuario1518@gmail.com,3008683038,72,Masculino,Pereira,Hogar,118744.24,3144964.31,,tarjeta débito,08-16-2021,2023-05-12,Cancelado,48.0,Centro
1519,Ana Martínez,usuario1519@outlook.com,,75,m,CALI,electronica,41571.43,3688104.36,2.8,pse,07-04-2020,03/04/2020,Activo,2.0,Oriente
1520,Pedro López,usuario1520@gmail.com,3106271825,24,MASCULINO,Bucaramanga,Hogar,451721.77,5124348.43,5.5,PSE,2021/08/31,,Activo,10.0,Oriente
1521,Miguel García,usuario1521@outlook.com,3111223723,66,Masculino,Cali,Electrónica,280711.91,4949533.33,1.6,pse,31-07-2023,10-07-2021,ACTIVO,42.0,Oriente
1522,Diana Rivera,usuario1522@hotmail.com,3003672291,21,f,  Cartagena  ,Ropa,98158.63,3866522.1,7.8,Tarjeta Crédito,30-07-2023,08-11-2021,Inactivo,11.0,Oriente
1523,Paola Ramírez,usuario1523@empresa.co,3203028529,73,Female,Santa Marta,deportes,307478.02,1642338.74,2.6,TARJETA CREDITO,2021/02/11,03-07-2022,Cancelado,6.0,Centro
1524,Luis López,usuario1524@outlook.com,3201637753,62,Female,barranquilla,Hogar,104914.41,4075353.37,,Nequi,14-01-2021,08/10/2024,activo,12.0,Norte
1525,Pedro Rivera,usuario1525@yahoo.com,3125838485,33,Female,Manizales,ROPA,1438037.05,3986245.21,8.5,efectivo,,07/05/2023,activo,14.0,Oriente
1526,Andrés Torres,usuario1526@gmail.com,3018462219,38,FEMENINO,Cúcuta,Hogar,133322.2,3836180.1,6.3,PSE,12-17-2020,2022/12/12,Cancelado,47.0,Oriente
1527,Andrés Ramírez,usuario1527@empresa.co,3155547709,66,Female,  Cartagena  ,Hogar,120010.95,,6.3,tarjeta débito,2020/01/07,05/06/2024,activo,46.0,Occidente
1528,Juan González,usuario1528@yahoo.com,3006894716,43,Male,Bogotá,deportes,241713.8,3143418.31,2.7,TARJETA CREDITO,09-08-2021,23-04-2021,Pendiente,14.0,Norte
1529,Jorge López,usuario1529@outlook.com,3009217863,54,Female,  Cartagena  ,electronica,861529.05,3428958.41,2.7,TARJETA CREDITO,2023-02-26,10 Apr 2021,activo,30.0,Norte
1530,Paola García,usuario1530@hotmail.com,3127987997,58,MASCULINO,Bucaramanga,deportes,59182.8,4941639.24,8.3,Tarjeta Crédito,2021/10/19,06/10/2021,pendiente,45.0,Norte
1531,María Martínez,usuario1531@outlook.com,3107746390,46,Male,Cúcuta,alimentos,441424.87,2269032.82,3.8,Nequi,2020/04/05,2020/01/04,Pendiente,8.0,Norte
1532,Sergio Martínez,sin_email,3007176239,-5,MASCULINO,Manizales,electronica,749012.65,,3.6,Tarjeta Crédito,01/06/2022,11-04-2024,activo,45.0,Oriente
1533,Diana Torres,usuario1533@empresa.co,3117687469,65,Masculino,Barranquilla,alimentos,526657.12,4033715.45,8.0,pse,11/08/2023,2023-08-14,Pendiente,37.0,Sur
1534,Luis Flores,usuario1534@yahoo.com,3157473833,74,M,Bogotá,alimentos,107392.1,5043319.9,1.2,Efectivo,28/12/2020,28/08/2022,pendiente,30.0,Oriente
1535,Carlos Martínez,usuario1535@outlook.com,3101298881,49,f,medellin,HOGAR,16660.54,4002243.24,5.8,Tarjeta Crédito,07/10/2021,2022-07-14,Activo,11.0,Sur
1536,María Flores,usuario1536@empresa.co,3107302611,18,,BOGOTA,deportes,28037.03,2570297.19,8.0,PSE,,31-08-2024,Inactivo,33.0,Sur
1537,Natalia Rivera,usuario1537@gmail.com,3007957011,72,f,  Cartagena  ,alimentos,435482.66,,1.6,tarjeta débito,2023/04/04,17 May 2021,Inactivo,2.0,
1538,Miguel Martínez,usuario1538@outlook.com,3019687511,64,M,medellin,Tecnología,393220.17,1675460.89,1.0,Nequi,17 Mar 2021,12 Mar 2024,pendiente,4.0,Sur
1539,Pedro Rivera,usuario1539@gmail.com,3119184119,58,MASCULINO,Manizales,alimentos,115841.8,2367601.47,4.7,Tarjeta Débito,08-17-2024,06-19-2022,Inactivo,12.0,Centro
1540,Juan García,usuario1540@empresa.co,3123855868,40,FEMENINO,medellin,ROPA,174486.16,4150062.24,,efectivo,2024-09-25,25-06-2023,Cancelado,29.0,Centro
1541,Diana Flores,usuario1541@empresa.co,3202126451,68,Masculino,Manizales,Ropa,606284.73,,1.6,pse,23 Dec 2024,11-15-2020,ACTIVO,38.0,Occidente
1542,María Pérez,usuario1542@empresa.co,3112280844,31,Male,Manizales,Alimentos,226258.88,3332401.19,1.3,tarjeta débito,07-14-2024,29 Feb 2024,activo,26.0,Centro
1543,Sergio Torres,usuario1543@empresa.co,3004383723,70,Masculino,Santa Marta,alimentos,415920.0,2032294.53,6.0,Tarjeta Crédito,31/10/2021,07-25-2021,inactivo,12.0,
1544,María Flores,usuario1544@gmail.com,3114916005,35,Femenino,Medellín,ROPA,,2892058.01,4.2,Tarjeta Crédito,10/02/2023,03-11-2023,inactivo,27.0,Centro
1545,Jorge Flores,usuario1545@outlook.com,3104206437,36,MASCULINO,Bogotá,electronica,522451.46,3364168.22,3.2,TARJETA CREDITO,12-02-2024,21-07-2024,Inactivo,30.0,Norte
1546,Luis Sánchez,usuario1546@empresa.co,3015087438,54,M,Santa Marta,Ropa,202600.0,4363053.65,8.8,tarjeta débito,14-07-2021,05-08-2023,activo,47.0,Sur
1547,Sergio García,usuario1547@hotmail.com,3003371850,72,Male,medellin,Deportes,157880.03,2810490.69,1.7,Tarjeta Crédito,14-06-2024,20-08-2024,Activo,22.0,Centro
1548,Sergio Torres,usuario1548@empresa.co,3111872548,39,Femenino,Santa Marta,deportes,176711.31,5764735.71,2.7,Nequi,05-17-2020,,inactivo,32.0,Sur
1549,Laura González,usuario1549@yahoo.com,3205796840,66,f,Medellín,Alimentos,427627.69,2232156.81,6.4,Tarjeta Débito,2021/03/28,2024-06-15,activo,36.0,Occidente
1550,Carlos Martínez,,3119866930,,Masculino,Barranquilla,Deportes,506257.39,3186368.01,,Tarjeta Débito,2022-01-31,04 Feb 2022,ACTIVO,1.0,Sur
1551,Luis García,usuario1551@outlook.com,3011327794,68,Femenino,Bogotá,Ropa,223553.13,3354652.47,5.6,tarjeta débito,09-03-2023,2020/07/29,Activo,11.0,Sur
1552,Natalia Martínez,usuario1552@hotmail.com,3128950691,19,Femenino,Bucaramanga,Electrónica,,,5.9,efectivo,07-29-2021,06-02-2021,ACTIVO,18.0,Centro
1553,Luis Martínez,usuario1553@gmail.com,3001303736,72,Female,Manizales,Electrónica,11164.72,3140329.43,,Nequi,2022/05/18,05 Aug 2022,activo,18.0,Occidente
1554,Sandra Pérez,usuario1554@empresa.co,3154518526,47,F,Bucaramanga,deportes,419954.21,1334052.65,1.9,Tarjeta Crédito,2022-07-26,30-01-2020,Cancelado,40.0,Oriente
1555,Carlos García,usuario1555@hotmail.com,3112939932,,Female,  Cartagena  ,ROPA,147760.66,3332265.4,5.1,Efectivo,2023-05-26,,activo,,Sur
1556,Natalia Sánchez,usuario1556@empresa.co,3126618636,30,Female,Cartagena,deportes,218038.47,2423502.44,8.2,,10-27-2021,2022/11/07,activo,45.0,Centro
1557,Laura Ramírez,usuario1557@yahoo.com,3018764895,26,Male,Medellín,Electrónica,425850.97,2878939.02,4.3,efectivo,,04-08-2020,Inactivo,35.0,Sur
1558,Ana Flores,usuario1558@empresa.co,3008192496,37,MASCULINO,Bogotá,Electrónica,77879.79,3946832.53,2.1,,06-07-2020,2023-06-23,Activo,19.0,Norte
1559,Sandra Rivera,usuario1559@hotmail.com,3201101997,74,Masculino,Bogotá,Deportes,131517.11,3477590.09,6.8,tarjeta débito,24-06-2023,2023/08/08,Cancelado,50.0,Occidente
1560,Pedro Ramírez,usuario1560@yahoo.com,3201499553,59,,Barranquilla,Ropa,563161.73,3012768.99,1.0,efectivo,,,ACTIVO,17.0,
1561,Natalia Rodríguez,usuario1561@hotmail.com,3109072938,23,,Medellín,HOGAR,61189.91,3922717.9,6.3,TARJETA CREDITO,2023-08-03,18 Nov 2023,ACTIVO,16.0,Occidente
1562,Jorge González,usuario1562@yahoo.com,3202456153,75,FEMENINO,Pereira,Ropa,66349.41,1997354.04,8.2,pse,09-08-2020,01-10-2021,inactivo,20.0,Norte
1563,Laura Torres,usuario1563@outlook.com,3007429180,21,FEMENINO,Cúcuta,Tecnología,70711.34,1432029.53,3.9,efectivo,2023/08/19,2020-07-04,Pendiente,24.0,Sur
1564,Luis López,usuario1564@yahoo.com,3017573218,37,M,Cúcuta,Hogar,224561.02,2980686.57,5.9,Nequi,06 Oct 2024,23 Dec 2022,ACTIVO,17.0,Oriente
1565,Sergio Martínez,usuario1565@outlook.com,,66,Masculino,Pereira,ROPA,182581.23,,10.0,Tarjeta Débito,03 Sep 2024,2020/01/16,ACTIVO,35.0,
1566,Diana Rodríguez,usuario1566@outlook.com,3017948965,59,Male,Cali,ROPA,699474.52,4109270.82,9.3,Efectivo,27 Sep 2021,2020-06-15,Pendiente,5.0,Centro
1567,Ana Sánchez,usuario1567@empresa.co,3115710906,24,FEMENINO,Medellín,Alimentos,47191.69,6242655.31,2.3,TARJETA CREDITO,2021/10/28,08/05/2023,Pendiente,40.0,Occidente
1568,Natalia Ramírez,sin_email,,,m,  Cartagena  ,Electrónica,390863.6,4056561.38,-1.0,TARJETA CREDITO,11 Jun 2023,17-01-2024,inactivo,2.0,Norte
1569,Laura Rodríguez,usuario1569@gmail.com,3206659171,26,Male,medellin,ROPA,215939.51,,6.3,tarjeta débito,2020-10-17,2020/10/17,Pendiente,35.0,Oriente
1570,Diana Rivera,usuario1570@yahoo.com,3105454942,51,Female,CALI,ROPA,405415.09,4802121.65,2.4,Tarjeta Crédito,10-10-2022,09/03/2024,inactivo,23.0,Occidente
1571,Carlos Gómez,usuario1571@hotmail.com,3005085295,18,Masculino,medellin,ROPA,114372.19,3473721.0,7.6,Tarjeta Débito,2022-06-28,,Inactivo,38.0,Centro
1572,Miguel Gómez,usuario1572@empresa.co,3123177826,,Male,Barranquilla,Ropa,335169.7,3617869.84,4.3,Nequi,29 Nov 2024,2024-11-19,inactivo,8.0,Centro
1573,Juan Sánchez,usuario1573@empresa.co,3154036570,25,Masculino,Cúcuta,Electrónica,327870.22,2970447.72,6.0,,2023/03/25,09-30-2021,activo,3.0,Sur
1574,Sandra García,usuario1574@empresa.co,3206895645,45,Femenino,Cali,Alimentos,523030.82,2696995.4,3.5,Nequi,10 Dec 2024,04 Jun 2024,pendiente,28.0,Norte
1575,Luis Ramírez,usuario1575@hotmail.com,3114826346,48,F,Barranquilla,Electrónica,408637.93,3140860.32,7.7,Nequi,18 Jul 2021,2020-09-24,ACTIVO,48.0,Occidente
1576,Jorge Gómez,usuario1576@empresa.co,3019981710,999,Femenino,Santa Marta,Ropa,69881.15,3093374.81,5.8,PSE,2022/03/26,16 Aug 2022,inactivo,44.0,
1577,Andrés Pérez,,3207431269,69,F,  Cartagena  ,Ropa,87077.27,3798378.48,,Nequi,20 Sep 2020,21 Mar 2024,Cancelado,30.0,Centro
1578,Juan Flores,usuario1578@empresa.co,3119032423,38,,Medellín,alimentos,843036.34,5122670.1,2.4,pse,2024/06/19,2021/04/14,Activo,15.0,Oriente
1579,Pedro Sánchez,usuario1579@hotmail.com,3121751714,37,Female,Pereira,Deportes,39626.44,2284106.47,1.8,efectivo,04/11/2021,24/03/2022,inactivo,14.0,Oriente
1580,Natalia Gómez,usuario1580@yahoo.com,3204503917,67,FEMENINO,Bucaramanga,electronica,630631.14,3806948.27,3.5,Nequi,2022-04-23,23-08-2022,pendiente,19.0,Oriente
1581,Sandra Sánchez,usuario1581@hotmail.com,3001888154,73,Female,Medellín,Ropa,,1985285.53,6.4,Tarjeta Débito,04-06-2023,25/03/2023,inactivo,,Centro
1582,María Sánchez,usuario1582@yahoo.com,,61,Female,Cartagena,Tecnología,964856.22,3734028.95,7.5,Efectivo,2020-02-27,,inactivo,43.0,
1583,Pedro Pérez,usuario1583@hotmail.com,3006286471,51,F,Cali,HOGAR,107502.51,3803415.61,4.8,,12-13-2023,15 Jun 2021,Pendiente,9.0,Occidente
1584,Diana García,usuario1584@yahoo.com,3156903546,57,Masculino,BOGOTA,Tecnología,205981.39,2881917.31,9.4,pse,2023/03/07,15-12-2021,pendiente,39.0,Sur
1585,Laura López,usuario1585@yahoo.com,,46,Femenino,Cartagena,HOGAR,1887320.5,2782398.05,5.2,TARJETA CREDITO,2024/02/24,2020-12-05,Activo,45.0,Occidente
1586,Paola González,usuario1586@gmail.com,3005282175,31,M,Barranquilla,deportes,,3352612.22,1.2,Efectivo,06/06/2021,2022-10-12,Pendiente,22.0,
1587,Sergio López,usuario1587@outlook.com,,27,MASCULINO,Cali,Hogar,513997.32,2668902.94,9.1,,12-15-2020,21-04-2023,Pendiente,11.0,Norte
1588,Pedro Sánchez,usuario1588gmail.com,3119490059,57,,Cúcuta,Deportes,49164.98,0.0,8.6,tarjeta débito,04-01-2020,27/02/2020,inactivo,33.0,
1589,Natalia Sánchez,usuario1589@gmail.com,3208275951,73,f,Cartagena,alimentos,289211.71,2177607.87,5.6,pse,05-01-2021,2024/03/19,Activo,11.0,Oriente
1590,Juan Martínez,usuario1590@hotmail.com,3115050478,75,f,  Cartagena  ,alimentos,398930.18,4415668.38,6.0,Nequi,18/01/2024,06-06-2021,inactivo,,Occidente
1591,Paola Ramírez,usuario1591@yahoo.com,3013453452,66,Femenino,Cali,Hogar,741130.81,6851355.55,1.4,pse,08/04/2020,23/11/2020,pendiente,25.0,Sur
1592,Sandra González,usuario1592@outlook.com,3004048981,64,Femenino,BOGOTA,Ropa,141181.35,2782457.78,9.8,PSE,06-21-2022,30/09/2023,Pendiente,43.0,Occidente
1593,Diana García,usuario1593@empresa.co,,45,f,Cúcuta,Electrónica,62755.51,,6.4,pse,25-12-2020,26-07-2024,Cancelado,10.0,Oriente
1594,Laura Pérez,usuario1594@gmail.com,3005678255,26,F,Cali,Ropa,66162.98,5148525.58,5.9,,06-05-2020,13 Jun 2024,Cancelado,32.0,
1595,Miguel Martínez,usuario1595@hotmail.com,3123313369,59,FEMENINO,Santa Marta,Ropa,1318793.92,2739833.49,7.2,PSE,12-09-2022,30 May 2020,Inactivo,23.0,Oriente
1596,Miguel Martínez,usuario1596@outlook.com,3116855729,53,m,medellin,Electrónica,40734.97,4524106.58,3.5,,,2020/07/20,ACTIVO,16.0,Sur
1597,Laura Flores,usuario1597@yahoo.com,3129583780,64,Female,CALI,ROPA,239066.74,,1.8,Tarjeta Débito,2023-11-30,2020/11/13,ACTIVO,15.0,
1598,Pedro Martínez,usuario1598@yahoo.com,3108765021,67,MASCULINO,Cartagena,Electrónica,25794.25,2192644.62,9.2,Nequi,2023-02-21,10-07-2024,Inactivo,24.0,Oriente
1599,Diana Ramírez,usuario1599@gmail.com,3129739432,19,m,Bogotá,Electrónica,7997.78,3015922.0,4.4,Tarjeta Débito,2023/07/17,19-12-2020,Pendiente,14.0,Centro
1600,Luis González,usuario1600@outlook.com,3017458698,60,MASCULINO,Pereira,Hogar,358252.35,4610061.35,11.0,pse,04-16-2020,2023-02-13,Cancelado,38.0,Centro
1601,María Flores,usuario1601@hotmail.com,3107558391,31,Male,Cartagena,Electrónica,252236.87,4707650.45,6.0,Tarjeta Crédito,28 Mar 2023,08/08/2024,activo,46.0,Sur
1602,Andrés Sánchez,,3158071560,50,m,Bucaramanga,HOGAR,189496.94,4238968.26,8.2,Tarjeta Crédito,2020-09-18,2023/12/28,activo,28.0,Oriente
1603,Andrés López,usuario1603@outlook.com,3008169929,43,,Barranquilla,electronica,391965.07,7161555.07,6.9,Tarjeta Débito,09/10/2024,2020-11-24,Pendiente,31.0,Occidente
1604,Miguel Torres,usuario1604@yahoo.com,,21,MASCULINO,Barranquilla,deportes,110119.15,4624508.55,6.9,PSE,14-11-2020,06-06-2023,inactivo,35.0,Sur
1605,Sergio López,usuario1605@outlook.com,3123604412,68,FEMENINO,Santa Marta,alimentos,587242.33,5250412.85,,TARJETA CREDITO,03 May 2024,,Cancelado,5.0,Sur
1606,Luis García,usuario1606@outlook.com,3203476907,49,F,Cartagena,Hogar,11674.71,1819872.9,8.2,Tarjeta Débito,19/03/2022,08-04-2021,Activo,42.0,Oriente
1607,Luis Pérez,usuario1607@yahoo.com,3013781872,33,Female,Bucaramanga,alimentos,209922.76,4588344.99,2.4,,2022-03-26,12-01-2022,Activo,2.0,
1608,Sergio Flores,usuario1608@gmail.com,3104555051,56,m,Cali,Electrónica,12697.6,3018475.74,,PSE,11-22-2022,05-06-2022,Pendiente,5.0,Norte
1609,Juan Rodríguez,usuario1609@yahoo.com,3109334963,-5,FEMENINO,Cartagena,ROPA,18281.53,4533326.11,9.1,pse,2024-03-13,2023/12/25,Pendiente,,Occidente
1610,Paola Rivera,usuario1610@gmail.com,3111623040,38,F,Manizales,Ropa,162342.55,5469439.99,5.3,Tarjeta Débito,25 Jun 2024,12-18-2023,ACTIVO,7.0,Oriente
1611,Andrés Pérez,usuario1611@hotmail.com,3016318040,73,m,medellin,Alimentos,32858.71,2997490.26,4.3,pse,28 Jul 2020,2022/03/22,Inactivo,41.0,Oriente
1612,,usuario1612@outlook.com,,44,Femenino,Cúcuta,Deportes,58536.68,1649129.42,5.3,pse,2020-12-12,15-12-2020,Cancelado,5.0,Sur
1613,Laura García,usuario1613@gmail.com,,61,,CALI,electronica,343773.37,4989073.83,8.1,tarjeta débito,10-02-2024,2021-06-09,Activo,5.0,Oriente
1614,Pedro López,usuario1614outlook.com,3159980423,48,,Cúcuta,electronica,967319.11,4103557.21,7.1,tarjeta débito,25 Apr 2024,2024/02/22,pendiente,16.0,Sur
1615,Sandra Flores,usuario1615@gmail.com,3007865242,67,Female,  Cartagena  ,electronica,282045.72,2336109.24,2.2,tarjeta débito,2021-07-24,2020/08/08,ACTIVO,33.0,Occidente
1616,Carlos Gómez,usuario1616@gmail.com,3108403573,N/A,f,BOGOTA,Ropa,447191.16,3146261.93,2.8,pse,,2020/04/30,Activo,45.0,Oriente
1617,,usuario1617@outlook.com,3118804713,150,F,CALI,deportes,137746.41,4937259.7,1.6,tarjeta débito,04/03/2024,24 Aug 2020,activo,35.0,Oriente
1618,Miguel Torres,usuario1618@hotmail.com,3209462475,21,,Cartagena,electronica,,4727945.91,1.7,PSE,07-11-2020,21 Jun 2022,Activo,18.0,Oriente
1619,Jorge Gómez,usuario1619@hotmail.com,3011166697,43,MASCULINO,Medellín,Ropa,45848.45,5811127.23,4.1,Tarjeta Crédito,2024-05-11,2020/01/31,pendiente,41.0,Centro
1620,Sergio Pérez,usuario1620@hotmail.com,3109432941,58,F,Cúcuta,Hogar,167325.2,4717185.26,3.5,PSE,08-19-2024,,Cancelado,47.0,Norte
1621,Andrés López,usuario1621@yahoo.com,3113198955,67,,Manizales,Alimentos,37310.47,3301312.14,5.4,efectivo,10 Dec 2024,2020-08-30,Inactivo,44.0,Centro
1622,Laura González,usuario1622@gmail.com,,62,FEMENINO,Barranquilla,Alimentos,86874.97,4575447.76,4.7,Efectivo,17-03-2021,2022-02-19,Inactivo,30.0,Oriente
1623,Sandra Pérez,sin_email,,58,Masculino,Bucaramanga,Tecnología,262631.29,4776499.15,2.6,PSE,27/09/2023,14/11/2022,inactivo,,Oriente
1624,Sandra Flores,usuario1624@yahoo.com,3013182056,57,m,  Cartagena  ,Alimentos,14633.92,3175996.07,7.8,efectivo,2020-04-06,2020/05/17,Cancelado,22.0,Oriente
1625,Miguel Gómez,usuario1625@gmail.com,3119524921,23,M,Manizales,ROPA,104319.37,623551.07,1.0,tarjeta débito,,2021/10/24,Inactivo,3.0,Occidente
1626,Juan Pérez,usuario1626@gmail.com,3116935496,50,f,Medellín,ROPA,249433.33,2270505.55,1.1,Nequi,03-16-2024,2024/01/04,activo,31.0,Occidente
1627,Sergio Martínez,usuario1627@yahoo.com,3125066680,69,Femenino,Santa Marta,electronica,35538.46,2927977.47,1.7,PSE,2023/04/10,07-18-2020,pendiente,11.0,Occidente
1628,Andrés García,usuario1628@gmail.com,3201306619,38,Female,Santa Marta,Electrónica,12500.42,3390050.83,1.1,PSE,29/01/2024,29-10-2020,Inactivo,49.0,Occidente
1629,Natalia González,usuario1629@hotmail.com,3009292406,58,m,barranquilla,deportes,,1014074.0,8.3,,01/03/2024,11-04-2020,ACTIVO,16.0,Centro
1630,Jorge Martínez,usuario1630@gmail.com,3001040399,59,FEMENINO,  Cartagena  ,HOGAR,191518.25,5029339.5,1.1,efectivo,03-20-2024,2022-07-19,Pendiente,1.0,Centro
1631,Laura Sánchez,usuario1631@empresa.co,3006012840,22,FEMENINO,  Cartagena  ,Electrónica,5757.45,1730603.09,5.7,Efectivo,2023-02-11,20/05/2024,inactivo,33.0,Norte
1632,Diana Ramírez,,3104439577,45,Masculino,Cali,Ropa,8065265.0,4025513.6,,PSE,2020/10/23,16 Nov 2021,inactivo,13.0,Oriente
1633,Jorge Pérez,usuario1633@outlook.com,3121040985,72,,  Cartagena  ,alimentos,336295.25,2972171.28,1.5,,2021/02/16,20 Mar 2020,Activo,44.0,
1634,Paola Ramírez,usuario1634@outlook.com,no tiene,33,Femenino,Santa Marta,Tecnología,11077.97,3059128.74,4.6,tarjeta débito,25/01/2022,12-19-2024,Activo,48.0,Centro
1635,Andrés Sánchez,usuario1635@empresa.co,N/A,45,F,Bucaramanga,Electrónica,142563.58,4396730.59,8.5,pse,2024-06-16,05-12-2023,Activo,15.0,Centro
1636,Sandra Martínez,usuario1636@empresa.co,,57,Femenino,Barranquilla,Tecnología,385093.68,2626873.57,2.2,pse,14/10/2021,27/09/2022,Activo,46.0,Norte
1637,Ana García,usuario1637@empresa.co,3124523131,37,Femenino,Barranquilla,electronica,108154.31,3717295.89,6.8,TARJETA CREDITO,30/08/2022,2023-08-24,Pendiente,37.0,Occidente
1638,María Pérez,usuario1638@outlook.com,3016074896,60,Femenino,barranquilla,ROPA,218940.27,4432959.83,4.9,PSE,16/01/2022,2024/03/08,Cancelado,,Sur
1639,Jorge Sánchez,usuario1639@empresa.co,3105921274,25,MASCULINO,Cali,deportes,92984.4,415974.03,6.6,Efectivo,03-27-2024,,pendiente,27.0,
1640,Jorge Rivera,usuario1640@hotmail.com,3106509086,,F,Barranquilla,Deportes,583808.51,2645319.01,1.1,Nequi,2024/09/25,09/09/2022,Cancelado,7.0,Centro
1641,Sergio Flores,usuario1641@empresa.co,3102060908,18,m,CALI,deportes,287645.43,2845543.18,1.4,Efectivo,13 Jun 2024,14-04-2020,ACTIVO,10.0,Oriente
1642,María Rodríguez,usuario1642@gmail.com,3119735289,40,Femenino,CALI,Electrónica,145200.36,511484.33,2.5,tarjeta débito,18-11-2023,05-07-2023,pendiente,14.0,Norte
1643,Sergio Flores,usuario1643@empresa.co,3208570823,68,m,  Cartagena  ,Deportes,38337.13,,3.1,Nequi,,2022/08/21,Activo,36.0,Norte
1644,Andrés Martínez,usuario1644@gmail.com,3009752853,34,,CALI,electronica,97210.2,,,Tarjeta Crédito,16/12/2024,26/07/2024,Pendiente,25.0,Sur
1645,Luis Ramírez,usuario1645@yahoo.com,3014135949,26,f,Medellín,alimentos,206546.7,4223196.59,1.2,,2020-07-30,2022-12-05,Activo,15.0,Sur
1646,Paola Rivera,usuario1646@gmail.com,3119581462,73,MASCULINO,Cúcuta,HOGAR,16768.95,5888070.64,2.4,pse,17/05/2024,18-04-2020,Inactivo,29.0,Norte
1647,Diana Martínez,usuario1647outlook.com,3157449180,74,m,Bucaramanga,HOGAR,133276.25,0.0,9.5,pse,2022-10-09,11-03-2024,Pendiente,5.0,Occidente
1648,Juan López,usuario1648@yahoo.com,3154880389,75,Male,Medellín,Deportes,80543.42,3432979.72,6.1,pse,2021-08-16,04-03-2022,Inactivo,21.0,Occidente
1649,María García,usuario1649@gmail.com,3103507248,,MASCULINO,Cali,alimentos,514707.95,1648678.27,4.3,pse,2024/07/13,2022/02/15,Pendiente,37.0,Oriente
1650,Paola Martínez,usuario1650@empresa.co,3157828762,35,FEMENINO,Medellín,Ropa,33185.59,3057487.14,6.2,TARJETA CREDITO,29-01-2024,06-28-2024,activo,47.0,Sur
1651,Diana Pérez,usuario1651@outlook.com,3124190101,34,F,medellin,Deportes,318695.44,3216885.25,9.7,TARJETA CREDITO,17 Feb 2022,2021/05/01,inactivo,31.0,Occidente
1652,Andrés Sánchez,usuario1652@empresa.co,3111868143,54,,Bucaramanga,Tecnología,870651.82,2242173.44,,PSE,02-01-2022,2022/01/19,Cancelado,31.0,Norte
1653,María Torres,usuario1653@gmail.com,3154082743,49,F,Cartagena,Hogar,210099.84,,5.8,Tarjeta Crédito,14 Sep 2024,07-07-2022,ACTIVO,38.0,
1654,Laura Ramírez,usuario1654@empresa.co,3121357788,41,f,CALI,electronica,183716.86,4411101.96,,pse,23-10-2024,04/07/2022,pendiente,38.0,Occidente
1655,Ana Martínez,usuario1655@hotmail.com,3201121070,N/A,Femenino,CALI,Ropa,576607.62,,5.2,PSE,13-08-2022,2020-08-03,Cancelado,16.0,Sur
1656,Paola López,usuario1656@yahoo.com,,28,Female,  Cartagena  ,Alimentos,152881.8,1800145.7,9.5,TARJETA CREDITO,11-10-2021,2020-10-27,pendiente,38.0,Oriente
1657,Ana Rivera,usuario1657@empresa.co,3126247026,24,f,BOGOTA,Electrónica,27492.96,2611017.98,7.0,tarjeta débito,2021/05/10,,Pendiente,,Sur
1658,María González,usuario1658@empresa.co,3129550381,61,FEMENINO,Santa Marta,Electrónica,148509.85,2562010.75,3.5,Nequi,18/04/2022,2024/09/27,Cancelado,10.0,
1659,Luis González,usuario1659gmail.com,000,32,Femenino,  Cartagena  ,Deportes,90515.88,4657766.07,9.6,TARJETA CREDITO,2020/12/16,2022-08-22,pendiente,,Occidente
1660,María Flores,usuario1660@yahoo.com,3015688109,18,M,Manizales,electronica,72345.98,1843176.72,,PSE,2021-10-23,2023/10/02,Activo,,Oriente
1661,Juan Gómez,usuario1661@yahoo.com,3107074358,,Femenino,Santa Marta,Ropa,563189.15,3299288.71,6.0,PSE,2024-03-31,02-25-2024,Inactivo,,
1662,Andrés González,usuario1662@gmail.com,3104927971,33,Femenino,BOGOTA,electronica,23810.03,2371168.73,7.2,Efectivo,29/07/2024,2021-06-14,inactivo,18.0,Oriente
1663,Carlos López,usuario1663@gmail.com,3016283916,,m,Cúcuta,HOGAR,532608.37,3559975.27,3.0,PSE,31/08/2023,2021-02-03,Inactivo,42.0,Centro
1664,Laura Torres,usuario1664@empresa.co,3152266039,27,F,Manizales,Alimentos,115159.41,4876262.05,-1.0,Nequi,23 Feb 2023,05-01-2020,Inactivo,14.0,Norte
1665,Luis Flores,usuario1665@gmail.com,3017760001,72,MASCULINO,Bogotá,HOGAR,44813.36,3039872.96,2.1,,2020-06-28,26 Aug 2021,inactivo,25.0,
1666,Ana Martínez,usuario1666@empresa.co,3103388745,,M,Santa Marta,Deportes,1082494.1,2253589.74,4.5,Nequi,2020-01-08,2023/12/20,Pendiente,13.0,Sur
1667,Miguel Gómez,usuario1667@gmail.com,3154726695,63,m,Manizales,Hogar,,3548178.26,5.8,TARJETA CREDITO,07-12-2021,06/10/2022,Inactivo,41.0,
1668,,usuario1668@outlook.com,3159409415,44,MASCULINO,Cartagena,ROPA,91584.08,2402255.47,8.6,tarjeta débito,2024/01/13,,Inactivo,5.0,Occidente
1669,María Ramírez,usuario1669@empresa.co,3008302054,33,Masculino,CALI,electronica,128155.69,2617810.67,4.0,Efectivo,08 Mar 2024,17/04/2022,Inactivo,39.0,Occidente
1670,Ana García,usuario1670@yahoo.com,3116809608,64,Female,barranquilla,ROPA,153124.83,3784337.3,2.4,Tarjeta Débito,18 Sep 2024,07-01-2022,ACTIVO,43.0,Sur
1671,,usuario1671@gmail.com,3151720210,70,M,Pereira,HOGAR,1067754.57,,8.1,tarjeta débito,18-08-2022,13/05/2021,inactivo,14.0,Norte
1672,Sandra Rodríguez,usuario1672@yahoo.com,,150,,Manizales,electronica,42578.36,3227445.34,2.1,TARJETA CREDITO,2021-04-26,27 Oct 2020,pendiente,29.0,Centro
1673,Luis Ramírez,usuario1673@yahoo.com,3101544761,61,FEMENINO,Cartagena,HOGAR,380633.11,3462468.14,1.5,pse,2021/06/18,23 May 2020,activo,43.0,Centro
1674,Jorge Ramírez,usuario1674@outlook.com,no tiene,29,M,Bogotá,ROPA,746783.3,3268431.87,4.4,Efectivo,19 Jul 2022,07-23-2021,Cancelado,1.0,Sur
1675,Paola López,usuario1675@outlook.com,3156908591,51,Female,barranquilla,deportes,835365.31,2499428.31,8.3,TARJETA CREDITO,,05-19-2022,Activo,3.0,
1676,Andrés Rodríguez,usuario1676@gmail.com,3111382066,43,f,Cúcuta,alimentos,118220.12,2860563.64,4.8,tarjeta débito,2021/01/23,2023-08-24,ACTIVO,23.0,
1677,Miguel Flores,usuario1677@outlook.com,3105815703,999,M,Bogotá,Tecnología,1132632.54,5285199.93,5.9,Efectivo,2023/12/07,04-04-2024,ACTIVO,34.0,Sur
1678,Sandra Pérez,,3005353991,67,F,BOGOTA,Deportes,11807.84,3713979.67,,Nequi,2020-09-10,21 Mar 2022,Inactivo,23.0,Sur
1679,Sandra González,usuario1679@hotmail.com,3015684672,38,m,Pereira,Deportes,181278.34,2907968.2,,pse,2020-10-27,09-08-2024,Inactivo,27.0,Occidente
1680,Carlos Rodríguez,usuario1680@hotmail.com,3201307072,47,Masculino,Medellín,Hogar,35581.15,3460394.32,6.8,Efectivo,,2021/07/27,activo,20.0,Sur
1681,Luis Rivera,usuario1681@yahoo.com,3106440306,,FEMENINO,Cartagena,Electrónica,55109.78,4362197.95,9.1,PSE,07 Mar 2022,04/09/2020,inactivo,37.0,Occidente
1682,Andrés Ramírez,usuario1682@outlook.com,3127114293,54,f,Barranquilla,Alimentos,6732.79,3611456.98,2.2,pse,10/03/2023,02-04-2023,Cancelado,50.0,
1683,Carlos García,usuario1683@empresa.co,3206467281,65,f,Bucaramanga,alimentos,5210.12,3650136.13,9.9,PSE,21-03-2020,2020-10-09,inactivo,13.0,Centro
1684,Sandra García,usuario1684@outlook.com,3014693142,47,,barranquilla,HOGAR,421763.62,4492315.14,4.3,Nequi,03 Feb 2022,01-10-2020,ACTIVO,2.0,
1685,Ana Martínez,usuario1685@yahoo.com,3103822907,49,Masculino,CALI,deportes,16819.48,2446381.16,,PSE,,2021/06/09,Inactivo,39.0,
1686,Andrés Gómez,usuario1686@hotmail.com,3111125587,67,MASCULINO,Pereira,Ropa,,5198478.81,7.1,Efectivo,06 Nov 2023,2020-01-20,Inactivo,30.0,Occidente
1687,Luis Gómez,usuario1687@empresa.co,3101745601,75,Femenino,BOGOTA,Ropa,83221.86,3202504.62,,TARJETA CREDITO,04-14-2023,13-09-2021,Inactivo,2.0,Sur
1688,Jorge García,,3157598168,68,f,BOGOTA,alimentos,436232.33,2343203.06,7.5,,09-08-2024,08-26-2024,inactivo,4.0,
1689,Carlos Torres,usuario1689@gmail.com,3207286598,18,m,Barranquilla,Deportes,38385.67,3329148.75,4.8,Efectivo,31 Jan 2021,09/06/2024,inactivo,10.0,Centro
1690,Miguel López,usuario1690@yahoo.com,3122836354,19,M,barranquilla,electronica,693044.28,4447186.13,3.8,PSE,2023/05/12,,pendiente,20.0,Sur
1691,Carlos García,usuario1691@hotmail.com,3154986409,40,f,Medellín,ROPA,235365.72,2501232.38,,efectivo,16 Jul 2021,05-02-2023,Inactivo,50.0,Centro
1692,Natalia García,usuario1692@yahoo.com,3104652831,62,FEMENINO,Bogotá,Ropa,410758.89,3285439.26,6.1,efectivo,12-12-2022,2021/11/27,activo,18.0,Centro
1693,Sergio Martínez,usuario1693@gmail.com,3207052138,39,M,Santa Marta,Tecnología,,3116903.5,2.6,TARJETA CREDITO,12 Sep 2022,2021/06/17,Activo,29.0,Norte
1694,Juan Gómez,usuario1694@empresa.co,3206344855,,F,Cali,HOGAR,16121.11,4465414.72,2.9,Nequi,,22/03/2021,Cancelado,2.0,Centro
1695,Paola Sánchez,usuario1695@empresa.co,3203041031,72,Femenino,Barranquilla,electronica,702754.81,4830334.73,3.8,Tarjeta Crédito,2022-08-21,04/11/2024,inactivo,39.0,Norte
1696,Ana Flores,,3011244166,37,MASCULINO,Cali,Ropa,73482.07,3961535.68,1.5,TARJETA CREDITO,2021-05-07,2024-04-21,activo,49.0,Sur
1697,,usuario1697@empresa.co,3018304420,51,Femenino,BOGOTA,Alimentos,,4832774.89,3.4,tarjeta débito,06-24-2020,27-05-2024,Activo,29.0,Sur
1698,Sergio Rodríguez,usuario1698@yahoo.com,3129449101,44,Masculino,barranquilla,Electrónica,86355.88,5481554.25,2.9,Tarjeta Débito,2020-03-02,2020-04-29,inactivo,,Oriente
1699,Sergio Torres,usuario1699@outlook.com,3018956081,21,m,Medellín,electronica,275052.81,3652203.83,3.9,Efectivo,2023/04/17,03-17-2020,Pendiente,6.0,Oriente
1700,Paola Sánchez,usuario1700@gmail.com,3011805608,27,Female,Medellín,Deportes,88418.15,5082925.47,9.3,,05 Aug 2024,2024/03/08,activo,48.0,Sur
1701,Miguel González,usuario1701@empresa.co,no tiene,23,Femenino,Medellín,Electrónica,274936.01,2321347.33,3.9,Efectivo,2021/11/23,06-05-2020,pendiente,8.0,Norte
1702,María García,usuario1702@hotmail.com,3114370385,,Male,  Cartagena  ,Deportes,125145.48,,6.2,TARJETA CREDITO,18-12-2021,13-07-2023,Activo,21.0,Oriente
1703,Sergio Ramírez,usuario1703@outlook.com,3152560676,72,,Bucaramanga,HOGAR,148469.29,4863661.65,7.8,,18 May 2020,2022-09-23,Pendiente,46.0,Oriente
1704,Jorge Ramírez,usuario1704@empresa.co,3105614098,62,,Bogotá,Hogar,561487.31,3076054.46,6.7,Tarjeta Crédito,08-31-2023,03-03-2022,inactivo,47.0,Oriente
1705,Carlos Rodríguez,usuario1705@hotmail.com,3121282975,47,m,Santa Marta,Deportes,451617.05,4350299.54,4.9,Tarjeta Débito,03-03-2020,2022-09-03,inactivo,,Sur
1706,Pedro Rodríguez,usuario1706@empresa.co,3122691098,23,f,Cali,electronica,122363.46,-1000.0,3.7,Tarjeta Débito,2024-10-18,2022-11-07,Inactivo,23.0,Centro
1707,Miguel Sánchez,usuario1707@yahoo.com,3105855793,50,FEMENINO,CALI,Tecnología,190333.97,2275577.4,6.2,Tarjeta Crédito,28-12-2023,,Activo,45.0,Norte
1708,Juan Torres,usuario1708@outlook.com,,70,F,  Cartagena  ,alimentos,178023.11,3571483.61,4.5,pse,2022-05-12,17 Nov 2020,Cancelado,6.0,Norte
1709,Juan Pérez,usuario1709@gmail.com,,55,f,  Cartagena  ,ROPA,181256.62,5642667.32,3.1,,28-07-2024,08 Feb 2024,Inactivo,31.0,Centro
1710,Luis González,usuario1710@empresa.co,3016739149,45,Female,Cartagena,HOGAR,77151.47,4040317.06,7.4,pse,18 Oct 2023,2024/04/03,activo,41.0,
1711,Sergio Flores,usuario1711@hotmail.com,3128665790,26,MASCULINO,BOGOTA,Alimentos,178571.9,2825770.37,6.6,Efectivo,04-05-2021,30/07/2021,activo,11.0,Norte
1712,Jorge Rivera,usuario1712@outlook.com,3108776438,34,MASCULINO,BOGOTA,electronica,79682.03,4435332.23,4.6,PSE,2024-10-14,02 Aug 2021,inactivo,26.0,Sur
1713,Luis Ramírez,usuario1713@hotmail.com,3004553277,69,Female,barranquilla,Deportes,48896.04,3378121.41,4.4,Tarjeta Débito,2024-06-11,04/03/2022,inactivo,33.0,
1714,,usuario1714@gmail.com,,71,Female,Santa Marta,Ropa,514131.76,3219891.94,7.9,TARJETA CREDITO,13/03/2024,11-15-2024,ACTIVO,32.0,Centro
1715,Miguel Martínez,usuario1715@outlook.com,3201523237,38,F,Pereira,Hogar,464396.23,834318.46,9.9,PSE,,03-19-2022,inactivo,35.0,Norte
1716,Pedro González,usuario1716@yahoo.com,3115124837,32,m,BOGOTA,Alimentos,212062.48,3233469.21,8.6,Tarjeta Crédito,20 Aug 2022,2024-01-17,pendiente,45.0,Centro
1717,Diana Sánchez,usuario1717@gmail.com,3106058025,0,Female,Medellín,Ropa,436775.15,4274329.08,1.8,Efectivo,2023-03-17,2021-03-31,Activo,,Centro
1718,Carlos Martínez,usuario1718@empresa.co,,67,Male,BOGOTA,Deportes,13802106.0,2959741.08,8.7,Tarjeta Crédito,2021/01/30,10-07-2020,Activo,22.0,
1719,Sergio Gómez,usuario1719@gmail.com,3154905502,27,Masculino,Medellín,Tecnología,744490.06,3577644.33,1.9,PSE,2024-08-27,13 Aug 2022,activo,20.0,
1720,Paola Rodríguez,usuario1720@yahoo.com,3155240568,46,f,Cartagena,ROPA,141142.79,,1.2,pse,06 Mar 2023,2021/08/20,Pendiente,11.0,Sur
1721,Andrés Martínez,usuario1721@outlook.com,3002609358,44,M,Medellín,Electrónica,117895.02,4727209.27,5.4,pse,2020/09/30,29/11/2021,Pendiente,29.0,Centro
1722,Natalia González,usuario1722@yahoo.com,3208720096,40,m,Pereira,alimentos,336147.64,4106514.91,8.7,Efectivo,2023-01-19,08/08/2023,ACTIVO,34.0,Oriente
1723,Carlos Pérez,usuario1723@gmail.com,3102019908,31,MASCULINO,Barranquilla,alimentos,128815.09,4796025.35,7.4,pse,16/03/2022,14 Apr 2022,Cancelado,40.0,Oriente
1724,Laura Flores,usuario1724@empresa.co,3111525584,47,F,Bucaramanga,HOGAR,227349.22,4440074.51,2.9,TARJETA CREDITO,01 Nov 2020,2020-07-22,inactivo,9.0,
1725,Laura García,usuario1725@outlook.com,3154838554,25,MASCULINO,Bucaramanga,Ropa,30987.76,4769561.59,2.9,Tarjeta Débito,2020/04/12,23-04-2021,Cancelado,46.0,Oriente
1726,Juan González,usuario1726@hotmail.com,3009995230,69,F,CALI,HOGAR,120740.37,3576690.99,4.6,,28 Jun 2020,19-12-2023,Inactivo,25.0,
1727,Pedro Rivera,usuario1727@empresa.co,3126360811,70,FEMENINO,barranquilla,Deportes,391510.61,1889121.63,2.7,TARJETA CREDITO,2021-06-21,2020/09/19,activo,42.0,Sur
1728,Luis López,usuario1728@outlook.com,no tiene,56,F,CALI,Hogar,426294.8,4107060.44,2.2,TARJETA CREDITO,12/08/2024,09 Apr 2024,Cancelado,46.0,
1729,Laura Martínez,usuario1729@gmail.com,3152167675,,Femenino,CALI,deportes,322863.74,3630252.79,2.5,Tarjeta Débito,2022/04/25,2021-12-05,Pendiente,5.0,Occidente
1730,Andrés Ramírez,usuario1730@empresa.co,3107722666,38,Masculino,barranquilla,Hogar,168798.13,-238374.25,8.2,,2021/07/11,08-09-2024,Inactivo,27.0,Occidente
1731,Pedro Torres,usuario1731@outlook.com,3122768925,63,FEMENINO,barranquilla,deportes,38589.3,3279739.86,4.4,Tarjeta Débito,15/09/2022,2023-10-20,pendiente,35.0,Occidente
1732,María Rivera,usuario1732@yahoo.com,3204449639,40,F,Bucaramanga,electronica,109646.3,5180394.91,6.9,PSE,2021/06/06,2023/04/21,Cancelado,43.0,
1733,Juan García,usuario1733@empresa.co,3203797651,21,m,Manizales,Tecnología,98074.48,3136309.95,5.0,Tarjeta Crédito,05-07-2021,2024/08/10,Activo,40.0,Centro
1734,Luis Rodríguez,usuario1734@empresa.co,3007566873,34,FEMENINO,Santa Marta,alimentos,23306.61,5188974.55,6.6,,12-07-2022,12/07/2023,ACTIVO,46.0,Centro
1735,Diana Rivera,usuario1735@outlook.com,3006921814,29,F,Santa Marta,HOGAR,249013.55,2521290.22,3.0,Tarjeta Crédito,06/05/2024,2024/03/01,ACTIVO,31.0,
1736,Ana Rodríguez,usuario1736@hotmail.com,3101498862,,F,Cartagena,Deportes,229910.43,5018007.26,4.0,Tarjeta Débito,02-05-2024,02 Feb 2022,pendiente,29.0,Oriente
1737,Luis Ramírez,usuario1737@empresa.co,N/A,46,Male,Medellín,alimentos,162787.19,5042456.02,2.2,Tarjeta Débito,30/09/2024,21/01/2020,inactivo,27.0,Sur
1738,Paola Ramírez,,3129559832,53,f,Cartagena,ROPA,50563.77,4800213.63,1.2,TARJETA CREDITO,09/10/2022,,Pendiente,1.0,Sur
1739,Jorge Martínez,usuario1739@outlook.com,3126263050,47,MASCULINO,Bucaramanga,electronica,206865.0,,-1.0,TARJETA CREDITO,2021-03-11,20-05-2023,Inactivo,35.0,Centro
1740,Paola Ramírez,usuario1740@hotmail.com,,68,Femenino,barranquilla,Electrónica,238692.76,2098210.1,,tarjeta débito,06-01-2024,04-17-2022,Cancelado,6.0,Sur
1741,Sandra López,usuario1741@empresa.co,3111532119,18,M,CALI,electronica,387698.67,3415803.61,3.1,efectivo,01-11-2024,04-08-2022,Cancelado,23.0,Norte
1742,Carlos González,usuario1742@empresa.co,,0,MASCULINO,CALI,Deportes,389421.31,3251124.18,5.6,efectivo,12-27-2023,2021-02-24,Cancelado,42.0,
1743,Ana García,usuario1743@hotmail.com,3013355744,70,Female,barranquilla,alimentos,407867.94,3026535.23,2.9,efectivo,2024/12/20,27-06-2023,Pendiente,38.0,Sur
1744,Sergio Sánchez,usuario1744@empresa.co,3201741314,61,M,medellin,ROPA,810298.7,2639016.95,6.9,PSE,2022-03-11,14/02/2021,inactivo,10.0,
1745,Natalia Ramírez,,---,59,MASCULINO,Manizales,alimentos,,1441227.53,5.7,pse,03 Dec 2020,2024/11/05,Cancelado,34.0,Norte
1746,Luis Martínez,usuario1746@empresa.co,3102303176,55,,Cartagena,Deportes,508827.0,3617293.94,1.1,PSE,29 Apr 2022,2023-02-06,Inactivo,49.0,
1747,Carlos Rivera,usuario1747@outlook.com,3101624955,70,MASCULINO,Manizales,Deportes,28292.67,4521392.99,4.0,tarjeta débito,2023-08-09,2021-10-24,inactivo,4.0,Centro
1748,Miguel Gómez,usuario1748@gmail.com,3014342298,-5,,Barranquilla,Tecnología,434758.98,1705043.9,1.8,PSE,14/04/2021,2024/04/25,ACTIVO,41.0,Norte
1749,Luis Rivera,usuario1749@hotmail.com,3204708636,59,F,Bucaramanga,electronica,572863.09,3820531.06,7.2,efectivo,,19 Sep 2021,pendiente,10.0,
1750,Diana Flores,usuario1750@yahoo.com,3006170751,26,Femenino,Bucaramanga,Hogar,512863.74,2999702.6,4.5,tarjeta débito,27 Mar 2021,2020/10/09,Cancelado,32.0,Sur
1751,Andrés García,usuario1751@yahoo.com,3111300755,72,F,Santa Marta,Ropa,,2563836.3,5.0,,2020/02/02,2020-09-02,Cancelado,29.0,Sur
1752,Paola Ramírez,,3151319281,39,Masculino,  Cartagena  ,Hogar,179172.1,3832069.52,7.2,,2023/05/02,22-03-2020,Pendiente,34.0,Norte
1753,Luis González,usuario1753@hotmail.com,3007019936,47,F,Manizales,HOGAR,101335.69,4120342.0,2.8,pse,21-04-2023,2021/04/14,Cancelado,8.0,Occidente
1754,Diana Pérez,usuario1754@hotmail.com,3116388939,N/A,Masculino,Santa Marta,ROPA,46655.28,2147478.17,2.1,tarjeta débito,08-11-2021,,ACTIVO,,Centro
1755,Natalia Pérez,,3015132860,64,Female,BOGOTA,alimentos,85906.81,3359565.58,,PSE,02 Apr 2021,15 Dec 2020,Inactivo,50.0,Oriente
1756,Natalia González,usuario1756@hotmail.com,3152601768,19,Male,BOGOTA,HOGAR,77906.32,3372594.21,8.1,Nequi,2023/02/03,02-08-2024,Inactivo,50.0,Oriente
1757,Sergio Sánchez,usuario1757@outlook.com,3206457476,45,Male,Bucaramanga,Alimentos,64285.56,2644588.89,2.9,TARJETA CREDITO,10 Nov 2024,27/10/2020,ACTIVO,5.0,
1758,Sandra Gómez,usuario1758@yahoo.com,3203664447,31,FEMENINO,Manizales,Hogar,217082.18,4084491.2,8.0,pse,2020/09/09,24/03/2024,inactivo,25.0,Oriente
1759,Ana Gómez,usuario1759@gmail.com,3202435619,35,m,Pereira,ROPA,157328.65,2503681.26,6.6,,28 Mar 2022,06-12-2021,Cancelado,25.0,Norte
1760,Andrés Ramírez,usuario1760@yahoo.com,3129990878,74,MASCULINO,Manizales,Alimentos,104440.65,3998784.77,9.2,PSE,2023/04/13,06-23-2023,activo,28.0,Norte
1761,Ana González,usuario1761@yahoo.com,3002844298,57,,CALI,Tecnología,617966.75,2582241.59,5.2,,,2020-05-18,activo,45.0,Occidente
1762,Jorge Gómez,usuario1762@gmail.com,3015884475,33,MASCULINO,Medellín,alimentos,272542.72,3510199.11,9.5,Tarjeta Crédito,13-04-2020,11/07/2021,pendiente,,Norte
1763,Andrés Martínez,usuario1763@empresa.co,3106768589,49,Male,Pereira,Tecnología,316240.54,3372409.37,7.5,pse,2023/09/13,17 Apr 2020,activo,18.0,Oriente
1764,Natalia Ramírez,usuario1764@empresa.co,---,53,Femenino,CALI,HOGAR,346181.88,,1.3,efectivo,2024-03-14,2022-02-18,pendiente,4.0,Occidente
1765,Juan Martínez,usuario1765empresa.co,---,23,f,CALI,Deportes,160893.75,3098759.58,9.4,Tarjeta Débito,2021/08/08,14 Dec 2023,inactivo,44.0,
1766,Miguel Sánchez,usuario1766@yahoo.com,,26,F,CALI,Alimentos,728071.84,2977369.54,1.3,Tarjeta Crédito,15-04-2024,21/05/2020,Inactivo,49.0,Oriente
1767,Laura González,usuario1767@outlook.com,3205724262,59,MASCULINO,barranquilla,Tecnología,,3836699.46,1.0,Nequi,2023/05/28,15-02-2021,activo,10.0,Oriente
1768,Jorge Rivera,usuario1768@empresa.co,3126422663,51,F,Barranquilla,Hogar,243451.33,2767016.32,1.5,tarjeta débito,07 Apr 2021,09-14-2020,Activo,14.0,Norte
1769,Sandra González,usuario1769@hotmail.com,3101744536,69,Masculino,Cartagena,alimentos,436815.62,3630235.5,1.3,,,25/02/2024,Pendiente,42.0,Norte
1770,Miguel González,usuario1770@yahoo.com,3018640813,19,Femenino,  Cartagena  ,Tecnología,497802.1,3271845.22,2.5,efectivo,01-06-2021,23-07-2024,Activo,27.0,
1771,Paola González,usuario1771@yahoo.com,3015090807,68,m,barranquilla,Deportes,163968.25,1662566.94,3.7,,10/11/2021,31 Aug 2023,ACTIVO,13.0,Sur
1772,Pedro Rivera,usuario1772@empresa.co,3152943485,48,MASCULINO,Cartagena,Electrónica,59516.05,2798185.7,1.8,,18-12-2024,2024/02/05,pendiente,42.0,Oriente
1773,,usuario1773@outlook.com,3007377445,49,F,Manizales,electronica,197334.46,2606970.45,6.8,PSE,,06-09-2023,Pendiente,26.0,Centro
1774,Carlos Martínez,usuario1774@empresa.co,3105715097,54,F,Manizales,Tecnología,117310.2,-1000.0,3.7,pse,02-12-2023,2021-12-25,Cancelado,18.0,Norte
1775,Natalia González,usuario1775@outlook.com,3007882444,42,Female,Cúcuta,Ropa,157926.04,3852906.07,,TARJETA CREDITO,04-23-2022,06-19-2020,activo,2.0,
1776,Luis Pérez,usuario1776@empresa.co,3126305213,19,Masculino,Santa Marta,alimentos,460746.38,3257225.54,3.4,,,2021-03-29,activo,31.0,Occidente
1777,Sergio Flores,usuario1777@outlook.com,3159299116,32,MASCULINO,Manizales,Ropa,,2170032.63,8.8,PSE,2021-07-19,07-03-2024,Cancelado,3.0,Centro
1778,Sergio López,usuario1778@empresa.co,3127626104,,Femenino,Barranquilla,alimentos,5983.08,,7.8,pse,2024/11/20,2020-11-12,pendiente,38.0,Centro
1779,Jorge Martínez,usuario1779@yahoo.com,,35,Femenino,Barranquilla,electronica,477944.44,2499400.35,4.9,PSE,04/06/2020,03-02-2020,ACTIVO,14.0,Oriente
1780,Ana Martínez,usuario1780@outlook.com,3004188067,999,Female,Medellín,alimentos,19971.53,1071359.01,4.3,Efectivo,2022/04/18,18/10/2022,Inactivo,24.0,Sur
1781,Pedro Pérez,usuario1781@hotmail.com,3154683878,67,Femenino,CALI,Tecnología,489592.51,2588357.63,8.6,PSE,2020/07/01,08/07/2021,ACTIVO,14.0,Occidente
1782,Ana Pérez,usuario1782@hotmail.com,3003490325,32,M,CALI,Hogar,458017.67,2777085.05,2.4,pse,2024/08/28,,pendiente,12.0,Centro
1783,Jorge Martínez,usuario1783@outlook.com,,24,Female,Medellín,Alimentos,156374.09,3312238.4,3.2,efectivo,11-21-2021,06-21-2023,inactivo,29.0,Norte
1784,Miguel Torres,usuario1784@yahoo.com,3124115499,33,M,Cúcuta,Alimentos,378855.0,4637052.84,8.2,Nequi,2022/12/18,09-29-2020,pendiente,5.0,
1785,Paola Sánchez,,3006389182,70,MASCULINO,Manizales,HOGAR,217234.66,4827777.42,4.2,tarjeta débito,20 Jul 2020,2021-06-04,pendiente,16.0,Oriente
1786,Miguel Ramírez,usuario1786@outlook.com,3209559986,65,,  Cartagena  ,Hogar,333269.97,4992492.38,8.3,Tarjeta Débito,09-27-2022,09-17-2022,pendiente,48.0,Oriente
1787,Pedro Flores,usuario1787@outlook.com,3203713326,0,f,Bucaramanga,ROPA,427539.13,2910067.45,9.6,pse,25 Apr 2020,26-04-2021,activo,,Sur
1788,,usuario1788@outlook.com,3015198763,69,Male,Manizales,Ropa,55489.94,3855030.02,4.7,,26 Sep 2024,18/07/2021,activo,4.0,
1789,Miguel López,usuario1789@outlook.com,3126314934,71,,  Cartagena  ,Hogar,143356.27,3659186.27,,efectivo,16 Apr 2022,2022/04/08,Inactivo,22.0,Norte
1790,,usuario1790@empresa.co,3116347992,29,Masculino,  Cartagena  ,HOGAR,235090.74,3989865.34,3.4,,2021/06/12,2023/06/15,pendiente,28.0,
1791,Ana López,usuario1791@yahoo.com,3204748490,55,Masculino,Bucaramanga,Ropa,189496.27,3574858.65,6.8,Nequi,14 Feb 2020,2021-11-21,Pendiente,12.0,Oriente
1792,Sandra Rivera,usuario1792@outlook.com,3112439819,65,Male,Barranquilla,Deportes,125827.28,2570280.15,5.7,Tarjeta Débito,2021/03/10,24/08/2024,ACTIVO,19.0,Oriente
1793,Miguel Flores,usuario1793@gmail.com,3013608479,55,Femenino,Bogotá,Alimentos,28947.08,5544335.42,6.3,Tarjeta Crédito,2021/08/15,26 Jul 2023,pendiente,7.0,Sur
1794,Laura Rivera,usuario1794@yahoo.com,3127926788,,M,BOGOTA,Electrónica,262648.47,99999999.0,7.1,Tarjeta Crédito,01 Mar 2024,2022/05/18,Activo,7.0,Oriente
1795,Carlos Rodríguez,sin_email,3206361147,54,M,medellin,Tecnología,231152.44,3782462.27,8.5,Nequi,12/06/2020,06-25-2024,activo,46.0,Centro
1796,Sergio Rodríguez,usuario1796@gmail.com,3003150905,54,Female,Cartagena,Electrónica,284114.56,5075852.42,8.6,efectivo,04/09/2021,2022-05-24,pendiente,7.0,Oriente
1797,María Pérez,usuario1797@hotmail.com,3206353255,71,m,barranquilla,Alimentos,543854.98,1426597.44,1.7,pse,30 Nov 2021,01-04-2021,activo,,
1798,Jorge Rodríguez,usuario1798@yahoo.com,,74,MASCULINO,Bucaramanga,HOGAR,744446.0,4042369.97,7.4,efectivo,10 Mar 2021,2024-11-04,pendiente,,Occidente
1799,Natalia Martínez,usuario1799@gmail.com,,52,Femenino,Barranquilla,alimentos,8647.14,4734991.62,6.3,TARJETA CREDITO,10-18-2022,04-23-2020,Inactivo,2.0,Sur
1800,Laura López,usuario1800@gmail.com,3157579527,49,m,Manizales,Tecnología,339377.24,2677947.38,3.8,Tarjeta Crédito,06-23-2023,04/01/2020,Pendiente,45.0,
1801,Juan Torres,usuario1801outlook.com,3125985227,,Male,barranquilla,Hogar,18906.72,1817467.29,8.8,,09-17-2021,11-17-2022,activo,46.0,Norte
1802,Laura Torres,usuario1802@outlook.com,3207834853,N/A,F,Bogotá,Tecnología,213105.54,4098197.85,8.2,tarjeta débito,08 Jan 2021,04-23-2022,Cancelado,4.0,Occidente
1803,Paola Sánchez,,3129358485,51,Male,barranquilla,Deportes,,3587585.3,8.4,pse,2020-11-20,06-19-2021,activo,39.0,Centro
1804,Diana Rodríguez,usuario1804@outlook.com,3008968115,39,MASCULINO,Manizales,Electrónica,5979.29,3124869.52,4.9,Efectivo,01 Aug 2023,2024/10/13,activo,45.0,Oriente
1805,Sergio Flores,usuario1805@hotmail.com,,30,Female,Cartagena,Hogar,11085.6,3532234.48,2.2,Nequi,2021/03/08,07-06-2023,ACTIVO,8.0,Centro
1806,,usuario1806@hotmail.com,3113928609,39,f,  Cartagena  ,ROPA,30284.75,3283752.23,6.3,pse,2022/09/14,28-06-2023,Pendiente,25.0,Sur
1807,Sergio Ramírez,usuario1807@empresa.co,000,69,f,barranquilla,Alimentos,104577.22,3483306.73,1.9,Tarjeta Crédito,,28/08/2021,Inactivo,36.0,Norte
1808,Diana Martínez,usuario1808@hotmail.com,3115295186,38,Female,barranquilla,alimentos,39591.09,,7.5,pse,08-25-2020,03-30-2021,Inactivo,18.0,Sur
1809,Miguel Pérez,,3202846341,0,,  Cartagena  ,Tecnología,262553.44,4133417.81,9.4,,09/12/2022,09-07-2024,ACTIVO,41.0,Occidente
1810,Andrés Flores,usuario1810hotmail.com,3006985049,27,,BOGOTA,electronica,79350.66,1476306.9,6.9,Efectivo,17 Aug 2020,2021/01/27,Cancelado,18.0,Norte
1811,,usuario1811yahoo.com,3106108450,72,MASCULINO,Manizales,ROPA,151662.73,2201963.55,9.2,Tarjeta Débito,16 Jul 2020,28-08-2020,ACTIVO,33.0,Norte
1812,Diana González,usuario1812@gmail.com,3121256051,41,F,barranquilla,Alimentos,101596.07,2039291.98,3.6,,04-25-2022,02 Aug 2020,pendiente,24.0,Norte
1813,Carlos García,usuario1813@hotmail.com,3101823632,41,MASCULINO,Medellín,deportes,162849.73,3782365.12,3.1,Efectivo,14/06/2022,01/09/2021,Activo,36.0,Norte
1814,Sandra López,usuario1814@hotmail.com,3109335847,60,,Barranquilla,electronica,135339.65,2048946.97,,Tarjeta Crédito,11 May 2020,02/05/2023,Cancelado,35.0,Occidente
1815,Carlos Rivera,usuario1815@yahoo.com,3203457774,24,Male,Medellín,Alimentos,75943.48,5811952.23,2.6,pse,24 May 2021,08-11-2024,Inactivo,47.0,Norte
1816,Luis Flores,,3101940614,38,,Cartagena,Alimentos,346598.77,4921371.08,7.7,Tarjeta Crédito,2024-01-27,10/10/2024,Activo,11.0,Norte
1817,Sandra Rivera,usuario1817@yahoo.com,3129774164,28,Female,barranquilla,Deportes,160286.33,3524550.33,8.9,pse,2023/12/16,2021/03/13,inactivo,2.0,Occidente
1818,,usuario1818@empresa.co,3117764189,45,,barranquilla,Alimentos,22867.05,1451545.2,2.7,Tarjeta Crédito,11 Apr 2020,11/11/2022,Pendiente,22.0,Oriente
1819,Andrés Torres,usuario1819@yahoo.com,N/A,49,F,Barranquilla,deportes,63201.93,1141226.74,5.8,Nequi,19/04/2023,01-27-2023,Pendiente,21.0,Oriente
1820,Natalia López,usuario1820@empresa.co,3208450065,29,m,  Cartagena  ,Hogar,258054.31,4245352.99,9.5,Efectivo,26/08/2020,29/08/2021,Activo,47.0,Occidente
1821,Natalia Sánchez,usuario1821@gmail.com,3201223969,53,Female,Cúcuta,Alimentos,164925.18,5054395.57,8.4,tarjeta débito,06 Jul 2021,2020-03-10,pendiente,10.0,Sur
1822,Luis Gómez,usuario1822@outlook.com,3121212791,57,M,Pereira,ROPA,242354.67,4267868.42,2.5,Tarjeta Débito,2020/01/27,10-09-2024,ACTIVO,16.0,Oriente
1823,Andrés Rodríguez,usuario1823@yahoo.com,,32,Male,Cúcuta,alimentos,560570.86,2715333.21,5.1,,2023-10-20,2020/03/02,activo,30.0,Sur
1824,Ana Rodríguez,usuario1824@outlook.com,N/A,70,Male,Cali,Deportes,65587.45,1420034.65,5.4,Nequi,,26 Oct 2021,activo,27.0,Sur
1825,Sandra Pérez,usuario1825@hotmail.com,3004181389,37,Female,barranquilla,electronica,449977.14,,8.0,pse,,12-03-2024,activo,22.0,Occidente
1826,Diana Torres,usuario1826hotmail.com,3108246941,36,Female,Pereira,Alimentos,16092.79,5750599.86,9.2,pse,30/04/2024,27 Mar 2021,Pendiente,16.0,Occidente
1827,Sergio Ramírez,usuario1827@empresa.co,3116318010,64,Masculino,Medellín,Electrónica,234394.25,,5.1,PSE,2021-01-26,10 Mar 2021,Inactivo,,Sur
1828,Pedro Rodríguez,usuario1828@gmail.com,3114278173,,F,Cúcuta,HOGAR,233731.89,3589898.66,6.8,Tarjeta Crédito,2020/11/01,05-01-2020,ACTIVO,33.0,Occidente
1829,Juan Sánchez,usuario1829@gmail.com,3203639612,54,Masculino,BOGOTA,Alimentos,99605.36,3452620.58,,pse,11-20-2023,27/10/2022,Cancelado,42.0,
1830,Pedro Martínez,usuario1830@outlook.com,3155701901,67,M,Cali,ROPA,89857.34,4350890.38,9.8,Tarjeta Crédito,12/11/2023,21/07/2020,activo,11.0,
1831,Carlos Sánchez,usuario1831@hotmail.com,3206961928,20,Femenino,Santa Marta,Tecnología,28460.18,1786495.65,4.5,Efectivo,,2022-04-10,ACTIVO,50.0,Norte
1832,Miguel González,usuario1832@yahoo.com,3008559612,38,,  Cartagena  ,Electrónica,53783.42,3965831.59,,Efectivo,03 May 2021,21/08/2020,Cancelado,45.0,Norte
1833,Sergio Rodríguez,sin_email,3106143231,57,M,CALI,alimentos,490137.25,1988871.51,9.9,tarjeta débito,2020/07/30,18-08-2023,activo,6.0,Sur
1834,Ana Torres,sin_email,3122634826,54,Male,Cali,electronica,1412994.5,5457125.74,7.5,Efectivo,28/01/2021,2023-02-22,ACTIVO,44.0,Centro
1835,Natalia Gómez,usuario1835@outlook.com,3207231399,49,Masculino,  Cartagena  ,deportes,77397.25,3617384.13,4.3,efectivo,2024-12-24,2024-02-13,Pendiente,35.0,
1836,Paola Rodríguez,usuario1836@hotmail.com,3129981623,65,,BOGOTA,HOGAR,129516.83,2693105.47,7.7,tarjeta débito,2021-05-10,2024-05-17,activo,16.0,Oriente
1837,Pedro Gómez,usuario1837@hotmail.com,3117083064,150,FEMENINO,BOGOTA,Ropa,48697.92,,5.8,PSE,04-06-2022,01-22-2022,inactivo,29.0,Occidente
1838,Paola Torres,usuario1838@gmail.com,3152971912,28,Femenino,  Cartagena  ,alimentos,140494.41,4669538.89,3.4,tarjeta débito,01-16-2022,17-11-2021,Cancelado,24.0,Sur
1839,Natalia Pérez,usuario1839@gmail.com,3016353908,23,MASCULINO,Manizales,Tecnología,297810.37,1772039.28,,tarjeta débito,08/04/2024,21 Jan 2023,Activo,28.0,Centro
1840,Natalia García,usuario1840@gmail.com,3121353151,60,Femenino,BOGOTA,Hogar,254606.19,3011463.67,5.6,PSE,22 Apr 2021,10-06-2022,ACTIVO,37.0,Norte
1841,Pedro Rivera,usuario1841@empresa.co,3103433332,74,,Cúcuta,Ropa,635958.83,4423230.89,6.6,PSE,2021-09-22,2024/11/03,ACTIVO,42.0,
1842,Ana Torres,usuario1842@hotmail.com,3011021114,18,MASCULINO,  Cartagena  ,Ropa,178399.76,3088316.55,8.2,,09/03/2020,06-29-2021,inactivo,34.0,Oriente
1843,Pedro Ramírez,usuario1843@outlook.com,3208868920,33,f,medellin,ROPA,17023.9,4691922.99,7.1,pse,,,Inactivo,29.0,Occidente
1844,Juan Torres,usuario1844@empresa.co,3207938409,40,MASCULINO,Barranquilla,Electrónica,636696.09,3729855.83,1.0,tarjeta débito,2022-05-26,2022-07-23,Activo,27.0,Centro
1845,Sandra Martínez,,,24,FEMENINO,Bogotá,Ropa,169639.96,4600727.22,9.3,Tarjeta Crédito,2024-10-29,2023/10/23,Cancelado,,Sur
1846,Laura Flores,usuario1846@gmail.com,3104131081,21,,Manizales,Alimentos,57173.06,1386874.85,4.6,Nequi,09-28-2024,28-03-2021,pendiente,6.0,Norte
1847,Diana Torres,usuario1847@hotmail.com,3015097883,64,f,BOGOTA,Deportes,8591.86,4342164.98,8.6,Efectivo,03 Mar 2022,09-10-2021,pendiente,35.0,Norte
1848,Jorge Martínez,usuario1848@yahoo.com,3122831440,28,MASCULINO,Bucaramanga,Electrónica,278855.46,3425059.78,,,03-05-2023,24-09-2022,inactivo,23.0,Centro
1849,Miguel González,usuario1849@gmail.com,3011567767,49,Female,Bogotá,Hogar,109678.05,1532008.65,4.8,TARJETA CREDITO,12-20-2023,14/11/2020,Pendiente,41.0,Oriente
1850,,usuario1850@hotmail.com,3009178649,40,MASCULINO,Cartagena,ROPA,793623.95,2843738.83,2.2,Tarjeta Crédito,17/10/2023,2022-01-30,activo,33.0,Centro
1851,Andrés González,usuario1851@hotmail.com,3156503402,24,f,Manizales,Electrónica,88409.27,3981998.53,11.0,,,,inactivo,48.0,Centro
1852,Carlos García,usuario1852@gmail.com,3104224666,68,m,Bucaramanga,Hogar,168209.75,4121403.22,3.9,pse,06/05/2024,2024-03-11,inactivo,26.0,Sur
1853,Andrés Flores,usuario1853@yahoo.com,,59,Masculino,Manizales,ROPA,160216.46,3910154.82,5.6,Nequi,03-08-2023,26/01/2024,Inactivo,18.0,Oriente
1854,María Rodríguez,usuario1854@empresa.co,3159566620,32,M,medellin,Electrónica,411678.26,4955709.65,4.0,PSE,2020/11/17,12-28-2020,ACTIVO,42.0,Sur
1855,Natalia Ramírez,usuario1855@hotmail.com,3111195004,22,Female,Bogotá,HOGAR,315971.26,4896626.66,5.7,Tarjeta Débito,2024/09/06,2021/04/26,Activo,37.0,Occidente
1856,Laura González,usuario1856@outlook.com,3016542664,20,f,CALI,Alimentos,393918.0,1920724.21,4.0,Tarjeta Débito,2024-08-11,02 Feb 2021,ACTIVO,32.0,Norte
1857,Diana Gómez,usuario1857@gmail.com,3101852238,38,Male,Cúcuta,alimentos,503523.8,2277395.61,9.0,Efectivo,2022-11-25,19-08-2022,Pendiente,27.0,Sur
1858,Carlos Gómez,,3014903087,24,Masculino,BOGOTA,HOGAR,21817.68,5642889.94,9.9,PSE,05 Dec 2024,27/03/2021,activo,49.0,
1859,Paola Flores,usuario1859@gmail.com,3014273753,0,Masculino,Manizales,Ropa,61003.49,3299503.33,5.2,Tarjeta Débito,2024-05-25,07-07-2023,activo,47.0,Sur
1860,Luis Martínez,usuario1860@empresa.co,3151597709,28,FEMENINO,Cartagena,electronica,62043.1,4511079.94,1.1,efectivo,2024/01/27,08 Sep 2020,ACTIVO,17.0,Oriente
1861,Luis Flores,usuario1861@empresa.co,3108939860,53,,BOGOTA,alimentos,430423.61,,5.0,Nequi,19/11/2024,11/11/2022,inactivo,38.0,Sur
1862,Miguel López,usuario1862@hotmail.com,3201884732,23,f,CALI,electronica,331490.86,4357981.59,8.3,Nequi,24-12-2020,2023/11/19,Pendiente,40.0,Norte
1863,Laura López,usuario1863@yahoo.com,3012488780,57,M,barranquilla,HOGAR,285689.8,4202204.48,8.7,Efectivo,29 Sep 2022,17/01/2020,Cancelado,48.0,Norte
1864,,usuario1864@yahoo.com,---,63,,Medellín,Deportes,116935.59,2623427.36,1.5,pse,16-07-2023,08-14-2021,pendiente,40.0,Centro
1865,Andrés Rivera,usuario1865@yahoo.com,3113937812,,m,Cartagena,deportes,137689.51,1367981.4,,Tarjeta Crédito,2020-03-19,2024/01/26,Cancelado,29.0,Centro
1866,Andrés Pérez,usuario1866@outlook.com,3128171264,28,m,barranquilla,HOGAR,641316.72,4436174.85,3.3,PSE,02-23-2023,26/02/2022,Activo,5.0,
1867,Ana Flores,usuario1867@hotmail.com,3017795888,45,MASCULINO,Medellín,alimentos,66771.96,4986679.56,2.6,tarjeta débito,25/03/2023,04-06-2020,inactivo,,Occidente
1868,Andrés Martínez,usuario1868@gmail.com,3002619940,24,f,Manizales,electronica,215625.87,4372317.96,3.7,Tarjeta Débito,2023-08-07,19 May 2023,activo,48.0,Oriente
1869,Laura Sánchez,usuario1869@gmail.com,3202302024,30,MASCULINO,Cartagena,electronica,79025.05,4417127.13,,tarjeta débito,04/07/2021,,ACTIVO,30.0,Sur
1870,Sandra Ramírez,usuario1870@hotmail.com,3011577319,53,FEMENINO,  Cartagena  ,Tecnología,,3210325.64,6.5,tarjeta débito,26-04-2023,,Inactivo,8.0,Norte
1871,Ana Rodríguez,usuario1871@gmail.com,3154610286,64,M,Bucaramanga,Alimentos,888071.05,4075615.53,1.0,TARJETA CREDITO,17-07-2023,22-07-2024,Pendiente,12.0,Sur
1872,Laura Martínez,usuario1872@hotmail.com,3205605418,60,F,Bogotá,HOGAR,82163.52,4202386.28,8.5,PSE,02-07-2022,2021-08-25,Pendiente,21.0,Occidente
1873,Jorge Gómez,usuario1873@outlook.com,3015741601,33,MASCULINO,Medellín,Ropa,256210.53,4532250.42,4.7,Tarjeta Crédito,10/06/2021,12 Apr 2020,ACTIVO,11.0,Centro
1874,Miguel García,usuario1874@empresa.co,,43,Masculino,BOGOTA,Electrónica,261229.45,5034587.7,4.8,Tarjeta Crédito,09-06-2022,05 Dec 2022,activo,34.0,
1875,María Gómez,usuario1875@outlook.com,3209272475,71,,barranquilla,Tecnología,16530.32,-1000.0,3.1,efectivo,06/03/2020,14 May 2022,activo,28.0,Centro
1876,María Ramírez,usuario1876@empresa.co,3006580881,21,Female,BOGOTA,deportes,145373.51,2885946.73,5.2,Tarjeta Crédito,29 Jan 2022,13-05-2020,pendiente,20.0,Sur
1877,Sandra López,usuario1877@outlook.com,3157745098,45,Female,BOGOTA,Hogar,473113.37,2519489.34,,PSE,,28-05-2024,Activo,47.0,Occidente
1878,Laura Torres,usuario1878@outlook.com,3013627551,70,Male,medellin,Ropa,395251.5,4818945.25,,TARJETA CREDITO,05-24-2024,2023-11-24,inactivo,5.0,Oriente
1879,Juan González,usuario1879@outlook.com,3202212176,56,Male,BOGOTA,deportes,2175226.5,5988028.69,,TARJETA CREDITO,25-05-2023,13/10/2021,Cancelado,7.0,Centro
1880,Andrés Martínez,usuario1880@outlook.com,3122123369,24,f,Medellín,deportes,117238.15,3781099.78,2.7,efectivo,03 May 2021,2020-10-01,activo,22.0,Norte
1881,María Pérez,usuario1881@yahoo.com,3151114848,,Male,BOGOTA,Tecnología,970097.51,2794168.35,3.7,Tarjeta Crédito,13/10/2022,2020/07/21,inactivo,20.0,
1882,Pedro González,usuario1882@gmail.com,3002417319,36,m,Bucaramanga,Hogar,238712.69,4236584.48,2.4,PSE,06 May 2024,13 Oct 2024,Cancelado,40.0,Oriente
1883,Sandra Torres,usuario1883@empresa.co,3151482138,48,Female,Cúcuta,HOGAR,1138168.07,4699858.55,6.8,Efectivo,23/04/2021,30/05/2020,Inactivo,10.0,Norte
1884,Sandra Rodríguez,usuario1884@empresa.co,no tiene,37,,Bucaramanga,deportes,214696.93,4292132.94,,TARJETA CREDITO,17 Dec 2024,2022-11-25,Pendiente,38.0,Sur
1885,Andrés Flores,usuario1885@yahoo.com,3112940249,48,F,CALI,ROPA,11477.49,2990152.73,,tarjeta débito,2022/03/22,22 Dec 2022,Activo,3.0,Centro
1886,Sergio Gómez,usuario1886@hotmail.com,3107784358,60,MASCULINO,Cúcuta,Hogar,280365.15,2266443.88,7.6,,12-12-2020,2024-07-12,Activo,23.0,Norte
1887,Andrés Flores,usuario1887@hotmail.com,3108342126,59,f,barranquilla,electronica,18993.22,,7.6,Tarjeta Crédito,2020/07/19,27-08-2020,ACTIVO,10.0,Oriente
1888,Carlos Pérez,usuario1888@outlook.com,3113061635,29,Male,Barranquilla,electronica,64696.84,5691933.55,9.8,PSE,25/05/2021,2022-10-16,Pendiente,32.0,Oriente
1889,Pedro Torres,usuario1889@yahoo.com,3158557818,42,m,Medellín,Alimentos,177701.14,4618005.97,3.5,PSE,,2022/08/11,Inactivo,46.0,
1890,Miguel Martínez,usuario1890@hotmail.com,3155745650,46,Female,barranquilla,Hogar,17901.61,3836264.6,,pse,2021/03/29,25 Nov 2023,pendiente,10.0,Norte
1891,Juan Gómez,usuario1891@yahoo.com,3106210957,,F,Santa Marta,Ropa,98021.07,3613570.3,6.2,Nequi,20/10/2020,2021-06-15,Cancelado,12.0,Occidente
1892,Ana Flores,usuario1892@yahoo.com,3207335021,34,m,Bucaramanga,Hogar,123416.9,3674496.82,4.9,PSE,01/03/2020,22 Mar 2023,Inactivo,42.0,Sur
1893,Pedro López,usuario1893@hotmail.com,3104595970,35,m,Manizales,Hogar,146157.54,4084415.49,,Nequi,05-14-2022,2024-12-11,activo,41.0,Sur
1894,Ana Rodríguez,usuario1894@outlook.com,3209074347,27,F,  Cartagena  ,electronica,,3456559.59,6.4,TARJETA CREDITO,04-14-2022,2024/06/18,Cancelado,46.0,Centro
1895,,usuario1895@gmail.com,3109856973,60,MASCULINO,CALI,HOGAR,256132.02,4420789.61,9.3,PSE,2024-11-20,01/10/2022,inactivo,36.0,
1896,Diana Flores,usuario1896@empresa.co,3122252871,60,Male,medellin,ROPA,48222.28,2330328.51,8.9,Tarjeta Crédito,,10-03-2021,ACTIVO,10.0,Sur
1897,Jorge Sánchez,,3122953665,52,MASCULINO,Medellín,Alimentos,331203.05,2823562.17,3.5,pse,02/05/2023,27/10/2023,Activo,18.0,Norte
1898,Andrés Gómez,usuario1898@gmail.com,3002590816,66,M,Cúcuta,ROPA,54846.85,2714459.52,6.0,Nequi,2022/10/17,06-16-2022,Cancelado,39.0,Sur
1899,Jorge González,usuario1899@empresa.co,3127141617,53,f,medellin,HOGAR,216495.4,4715071.83,4.3,tarjeta débito,25 Aug 2024,11/02/2021,ACTIVO,41.0,Sur
1900,Paola Ramírez,usuario1900@empresa.co,3105608288,999,Masculino,Manizales,electronica,213427.49,4764920.09,5.7,TARJETA CREDITO,2022/12/24,20/07/2023,Activo,35.0,Occidente
1901,María Pérez,usuario1901@hotmail.com,3016448169,44,f,Bucaramanga,Electrónica,615759.31,3212648.69,9.2,Tarjeta Crédito,,,activo,35.0,
1902,Andrés Ramírez,usuario1902@gmail.com,3101585600,61,FEMENINO,barranquilla,Hogar,426333.71,2162643.45,4.2,Tarjeta Débito,02-06-2024,2023-04-21,inactivo,22.0,Norte
1903,Carlos Gómez,usuario1903@outlook.com,3006110375,48,Femenino,Medellín,HOGAR,95662.53,3779598.94,7.8,Nequi,04/04/2024,2022-05-24,Pendiente,13.0,Sur
1904,Natalia Gómez,usuario1904@yahoo.com,3122405969,33,,Pereira,electronica,199293.79,4296775.22,9.9,Efectivo,2020/09/30,11 Dec 2022,ACTIVO,20.0,Sur
1905,Carlos Sánchez,usuario1905@gmail.com,3005440861,23,,Cartagena,Tecnología,165412.37,3576043.99,1.1,TARJETA CREDITO,2024-01-02,,Pendiente,5.0,Centro
1906,Diana Rodríguez,usuario1906@hotmail.com,3157234874,72,m,Cartagena,Electrónica,162554.76,3991138.46,6.8,Tarjeta Débito,04-07-2024,,inactivo,16.0,Sur
1907,Andrés Martínez,usuario1907@yahoo.com,3101929145,50,Female,CALI,Deportes,73926.31,3928949.66,6.2,,2024/06/29,31-01-2023,inactivo,18.0,Norte
1908,Jorge Pérez,usuario1908@outlook.com,3106969783,51,Female,barranquilla,Deportes,960785.7,3130920.7,9.0,PSE,28-09-2022,2020-10-12,ACTIVO,31.0,
1909,Paola Sánchez,,3105694627,61,Male,Manizales,HOGAR,114021.56,2922441.84,6.7,tarjeta débito,31/10/2024,12-17-2022,ACTIVO,31.0,Centro
1910,Diana González,usuario1910@outlook.com,3003983067,27,f,Santa Marta,ROPA,331287.08,2597835.48,2.3,pse,01 Apr 2021,07-26-2024,Activo,43.0,Sur
1911,Luis González,usuario1911@hotmail.com,3019860782,66,M,Bucaramanga,Tecnología,987044.65,1937815.43,1.0,,09 Jan 2021,2020/09/20,pendiente,22.0,Norte
1912,Ana López,,3116353571,28,Femenino,barranquilla,Electrónica,179365.87,3303478.57,3.3,efectivo,10/09/2020,2023/02/17,Cancelado,5.0,Sur
1913,Sergio Rodríguez,usuario1913@gmail.com,000,69,M,  Cartagena  ,Ropa,347811.83,4350279.76,8.8,Nequi,29 Oct 2022,2022/04/18,pendiente,50.0,Occidente
1914,Luis Rivera,usuario1914@gmail.com,3123204414,20,Male,Santa Marta,Electrónica,719630.69,4425143.87,8.2,Efectivo,2024-05-22,11-12-2020,ACTIVO,45.0,Centro
1915,Laura González,usuario1915@empresa.co,3014272947,61,Femenino,Cúcuta,Ropa,897670.4,3790349.89,4.2,Nequi,28 Jun 2024,17/07/2022,activo,20.0,
1916,Juan Sánchez,usuario1916@hotmail.com,3151562018,70,Male,Cartagena,ROPA,555670.9,3373540.04,9.8,tarjeta débito,2020-03-31,,pendiente,,Norte
1917,Juan Rodríguez,usuario1917@yahoo.com,3002165190,71,Female,medellin,Tecnología,402794.01,4260928.05,5.7,tarjeta débito,2024/07/11,2024/08/15,inactivo,8.0,Occidente
1918,Luis Gómez,usuario1918@yahoo.com,3152394198,38,Masculino,Cartagena,Hogar,116660.3,3736808.0,8.8,tarjeta débito,2024-01-14,21-01-2021,Activo,37.0,Occidente
1919,Miguel García,usuario1919@outlook.com,3013441773,69,m,  Cartagena  ,Alimentos,312131.59,5586747.34,8.6,,,26/02/2022,Cancelado,31.0,Norte
1920,Miguel Sánchez,usuario1920@gmail.com,3158266995,999,m,Barranquilla,deportes,280069.17,3954261.73,3.0,PSE,30-11-2023,2023-08-08,Cancelado,31.0,
1921,Ana Rivera,usuario1921@empresa.co,000,53,Female,Cúcuta,Electrónica,927388.88,2259057.81,5.0,Tarjeta Débito,09-11-2021,2021-09-07,Activo,36.0,Sur
1922,María Torres,usuario1922@hotmail.com,3102415700,35,M,Manizales,Electrónica,512809.56,2896059.24,3.6,Efectivo,2023-02-07,2022/11/07,activo,2.0,
1923,Juan Martínez,usuario1923@hotmail.com,---,73,M,CALI,Electrónica,37329.39,4143352.28,4.3,pse,31-05-2023,05-15-2022,ACTIVO,20.0,
1924,María Sánchez,usuario1924@gmail.com,3013640019,,Female,barranquilla,Deportes,163208.76,2062859.34,9.5,Tarjeta Débito,21-06-2020,,inactivo,9.0,
1925,Luis Rodríguez,usuario1925@empresa.co,3126508882,55,F,Pereira,Tecnología,264192.19,2409413.15,1.6,pse,03/06/2023,27 Dec 2020,inactivo,,Oriente
1926,Sergio García,,3004640340,44,f,Cali,Alimentos,847106.25,2458812.78,7.6,Nequi,02-19-2020,04/01/2024,ACTIVO,45.0,Sur
1927,Paola López,usuario1927@hotmail.com,3116883122,27,m,barranquilla,Ropa,254672.13,3816053.02,7.2,Tarjeta Crédito,11/04/2023,17 Aug 2021,Cancelado,24.0,Centro
1928,Jorge Ramírez,usuario1928@gmail.com,3015887971,55,Masculino,Medellín,deportes,28868.76,794893.17,2.8,pse,06-10-2023,2022/11/24,Cancelado,25.0,Norte
1929,Andrés González,usuario1929@gmail.com,3008423449,24,Masculino,medellin,deportes,671175.45,3427743.38,7.8,pse,2022-04-21,26/03/2022,Inactivo,,
1930,Andrés Pérez,usuario1930@empresa.co,3159983213,54,F,CALI,Tecnología,30176.23,5675406.82,6.5,,2020/07/31,2021/05/27,Inactivo,25.0,Centro
1931,,usuario1931@empresa.co,000,68,Male,medellin,HOGAR,6480.34,2576040.14,5.7,Nequi,2021/01/01,2021-07-03,Inactivo,42.0,
1932,Sandra Rivera,usuario1932@yahoo.com,3113435332,52,m,Bogotá,Tecnología,118065.46,1976203.85,5.6,TARJETA CREDITO,01-09-2023,26-03-2024,Pendiente,31.0,Norte
1933,Laura Rivera,usuario1933@hotmail.com,3115474873,74,Femenino,Santa Marta,deportes,74388.69,4555644.17,2.0,,2021/12/28,2022-01-01,Pendiente,24.0,Sur
1934,Sandra Gómez,usuario1934@gmail.com,3152780191,42,Masculino,Cúcuta,Hogar,294378.31,3942070.47,3.2,efectivo,2020-01-12,2022/06/18,ACTIVO,33.0,Sur
1935,Sergio González,usuario1935@outlook.com,3012945606,54,Femenino,barranquilla,deportes,6220.65,4104378.29,2.5,pse,13-05-2022,2020/04/08,Cancelado,7.0,Norte
1936,Sergio González,usuario1936@outlook.com,3126273104,20,,medellin,ROPA,170913.66,4113778.77,1.3,Nequi,03-08-2024,22-06-2022,Pendiente,22.0,Norte
1937,Natalia Gómez,usuario1937@hotmail.com,3118249109,43,M,CALI,Electrónica,230846.29,2545280.51,7.5,tarjeta débito,24-11-2021,07-07-2021,Activo,41.0,Norte
1938,Laura Rodríguez,usuario1938@gmail.com,3209529858,56,FEMENINO,medellin,alimentos,453556.4,3186707.56,6.6,Tarjeta Crédito,26/10/2020,02-13-2024,Inactivo,34.0,Occidente
1939,María Sánchez,usuario1939@gmail.com,3207547012,43,m,Manizales,Hogar,9583.73,315356.4,5.1,PSE,2024/04/29,18/12/2020,Pendiente,49.0,Norte
1940,Miguel Martínez,usuario1940@outlook.com,3003568032,,Male,  Cartagena  ,Hogar,276982.37,99999999.0,3.6,TARJETA CREDITO,07-12-2020,11-29-2020,Inactivo,49.0,Oriente
1941,Ana López,usuario1941@hotmail.com,3116908200,39,FEMENINO,Cartagena,Ropa,132228.93,4850549.67,1.9,pse,13-06-2024,2023-04-23,Cancelado,44.0,Norte
1942,Ana García,usuario1942@gmail.com,3207690724,21,m,Santa Marta,Alimentos,347914.5,4580266.22,2.7,TARJETA CREDITO,2024-06-04,16/02/2023,Inactivo,18.0,Occidente
1943,Paola Pérez,usuario1943@hotmail.com,3018558524,35,f,CALI,electronica,222969.28,2555122.0,,Nequi,26 Mar 2022,16/07/2024,ACTIVO,26.0,Sur
1944,Jorge Sánchez,usuario1944@hotmail.com,3103696865,19,Femenino,Bucaramanga,ROPA,760095.82,3629456.67,8.6,PSE,26 Oct 2022,2022-10-30,Cancelado,36.0,Oriente
1945,Carlos Ramírez,sin_email,3001890484,68,m,medellin,ROPA,806518.46,2711878.2,9.7,TARJETA CREDITO,18/09/2022,22-05-2021,inactivo,21.0,Norte
1946,,usuario1946@yahoo.com,3203006349,35,,medellin,Ropa,704265.48,3788687.9,1.8,pse,07-04-2022,2024/08/14,ACTIVO,,Sur
1947,Paola Sánchez,usuario1947@empresa.co,3003314969,72,,Cartagena,Deportes,79324.93,1983419.65,-1.0,Tarjeta Crédito,2022-02-18,04 Jul 2024,Inactivo,19.0,Norte
1948,Carlos Sánchez,usuario1948@empresa.co,3002780101,24,M,  Cartagena  ,Alimentos,606073.11,,5.5,Tarjeta Débito,26/02/2022,21-11-2021,Activo,15.0,Sur
1949,,usuario1949@gmail.com,3111563156,32,F,Cali,Electrónica,23877.76,1710486.78,2.3,pse,24-02-2023,10-14-2023,activo,44.0,Centro
1950,Sergio Pérez,sin_email,3109328605,65,M,Bogotá,ROPA,147893.14,3047030.89,4.3,Tarjeta Crédito,2021/07/31,2021-08-07,ACTIVO,44.0,Occidente
1951,Luis Rodríguez,usuario1951@empresa.co,3158876380,70,,Santa Marta,Alimentos,251113.03,4483175.55,3.8,Tarjeta Crédito,24/05/2024,14/08/2023,Inactivo,25.0,Centro
1952,Luis Torres,usuario1952@gmail.com,3109563652,64,FEMENINO,medellin,Ropa,155459.46,5022665.72,6.3,tarjeta débito,2023/10/17,2024-10-13,Pendiente,41.0,Norte
1953,Laura Pérez,usuario1953@yahoo.com,,59,,barranquilla,Deportes,860572.04,3912031.28,,PSE,2020-06-02,2021-11-28,Inactivo,25.0,Norte
1954,Paola López,usuario1954@outlook.com,3158766806,46,m,Cartagena,Electrónica,18674.45,6241481.4,2.4,Tarjeta Crédito,2020-11-04,21 Jul 2020,Activo,21.0,
1955,Miguel González,usuario1955@hotmail.com,3011780027,70,Female,medellin,Alimentos,334917.04,4710724.17,7.5,Efectivo,10-31-2022,2024-12-03,Inactivo,32.0,Norte
1956,Natalia Rodríguez,usuario1956@gmail.com,3019103945,49,,barranquilla,Deportes,202038.15,3149328.02,5.3,efectivo,22 Jan 2020,04 Feb 2024,activo,,Norte
1957,Pedro Rodríguez,,3002339947,73,M,medellin,deportes,317413.8,,5.5,Tarjeta Débito,30-09-2020,21/07/2020,Inactivo,34.0,Occidente
1958,Pedro García,usuario1958@gmail.com,3013090934,21,Masculino,barranquilla,deportes,62320.34,2531266.89,9.8,Tarjeta Crédito,10-27-2020,2021/09/29,inactivo,14.0,Sur
1959,Natalia González,usuario1959@empresa.co,3126293636,28,,Santa Marta,Tecnología,8174.79,4195740.76,3.1,efectivo,06-18-2024,04-05-2020,pendiente,,Centro
1960,Luis Torres,usuario1960@yahoo.com,3001868865,desconocido,f,BOGOTA,HOGAR,314631.39,2453704.71,6.2,TARJETA CREDITO,2021-08-15,2022-09-18,Activo,2.0,Occidente
1961,Natalia López,usuario1961@hotmail.com,3119031289,26,FEMENINO,Medellín,HOGAR,202626.32,3655315.25,,Tarjeta Débito,2024/03/26,09-18-2020,ACTIVO,14.0,Occidente
1962,Miguel Sánchez,usuario1962@empresa.co,3119317634,51,Femenino,Barranquilla,deportes,112812.37,5179161.11,7.9,tarjeta débito,06-06-2021,10-23-2023,ACTIVO,48.0,Sur
1963,Carlos Rodríguez,usuario1963@outlook.com,3205298178,19,,  Cartagena  ,Hogar,116941.56,4353854.82,8.4,pse,30/04/2023,2022/10/21,ACTIVO,23.0,Occidente
1964,,usuario1964@hotmail.com,,74,f,CALI,Tecnología,,3332865.12,7.4,PSE,2022-02-05,2024/07/09,Activo,33.0,Occidente
1965,Jorge Ramírez,usuario1965@hotmail.com,3201852300,71,Female,Cúcuta,Deportes,67193.1,0.0,5.0,Tarjeta Crédito,2024/04/25,16 Feb 2020,pendiente,21.0,Centro
1966,Andrés López,usuario1966@gmail.com,3126675439,-5,FEMENINO,medellin,Tecnología,111285.25,1897502.84,6.0,Tarjeta Débito,31/10/2020,2021-02-15,Activo,10.0,Norte
1967,Jorge Rodríguez,usuario1967@hotmail.com,3159783925,41,,  Cartagena  ,Alimentos,594409.88,5215966.84,9.9,PSE,25-05-2023,03-02-2023,ACTIVO,31.0,
1968,Paola Rivera,usuario1968@yahoo.com,3106235368,35,Masculino,BOGOTA,Ropa,175357.74,6213454.11,7.3,Nequi,03 Nov 2024,12-14-2022,pendiente,47.0,Centro
1969,Andrés Martínez,usuario1969@outlook.com,3015812954,47,Male,CALI,alimentos,26782.27,2951549.21,,Tarjeta Débito,2022/10/04,08 Dec 2020,Cancelado,33.0,Norte
1970,Diana Rodríguez,usuario1970@outlook.com,3109507473,58,M,medellin,Ropa,411397.83,3946576.36,4.8,,2024-02-19,2024-12-04,pendiente,11.0,Norte
1971,Diana López,usuario1971@empresa.co,3106939748,61,m,Bucaramanga,Tecnología,447015.36,3509991.88,2.8,,2024/09/08,14-06-2020,Inactivo,43.0,Sur
1972,Natalia Rodríguez,usuario1972@hotmail.com,3115914298,,MASCULINO,Medellín,Ropa,38492709.5,4614612.19,9.9,Tarjeta Débito,03-29-2023,12-26-2023,Pendiente,21.0,Occidente
1973,Jorge Ramírez,usuario1973@outlook.com,3017994002,56,MASCULINO,  Cartagena  ,electronica,106276.08,4272367.27,5.9,TARJETA CREDITO,05 Jul 2020,18-01-2024,Cancelado,32.0,
1974,Juan Rodríguez,usuario1974@gmail.com,3019278956,73,FEMENINO,Cúcuta,Alimentos,355618.54,4438908.66,1.4,Nequi,26-02-2024,19/11/2022,Inactivo,16.0,Sur
1975,Carlos Rodríguez,usuario1975@empresa.co,3118459421,53,m,Bogotá,Alimentos,8966.41,3117955.39,2.9,tarjeta débito,23 Feb 2022,,Activo,19.0,Oriente
1976,María Ramírez,,3012821734,28,MASCULINO,Cartagena,Hogar,93764.2,2780441.7,4.2,TARJETA CREDITO,2023/06/07,06 Oct 2021,Activo,38.0,Occidente
1977,Sandra Sánchez,,3016301787,34,m,Manizales,Ropa,720390.71,2701166.93,,,2020/02/23,20/08/2020,Cancelado,20.0,
1978,,usuario1978@yahoo.com,3008821077,62,Female,Manizales,Alimentos,88139.62,5009433.79,1.5,TARJETA CREDITO,05-12-2023,2020/11/28,inactivo,19.0,
1979,Jorge Sánchez,usuario1979@gmail.com,3014062757,19,Femenino,Medellín,HOGAR,59970.45,3719912.51,4.3,efectivo,2023-12-11,16/03/2021,Cancelado,9.0,Oriente
1980,Andrés Pérez,usuario1980@gmail.com,no tiene,28,Masculino,Santa Marta,Tecnología,24290.44,1893951.35,7.9,Efectivo,2024-02-08,24/02/2020,inactivo,25.0,Centro
1981,Juan Sánchez,usuario1981@empresa.co,3122833159,67,f,Pereira,Deportes,,4156876.68,2.5,PSE,2021-09-04,09 Aug 2024,Inactivo,50.0,Sur
1982,Diana Rodríguez,usuario1982@empresa.co,3127211175,72,F,medellin,Ropa,101315.97,2153592.86,2.9,Efectivo,2023/12/13,25 Jun 2021,Activo,,Oriente
1983,Andrés Torres,usuario1983@outlook.com,,32,MASCULINO,Manizales,electronica,49726.84,4967515.83,5.6,Tarjeta Crédito,23-11-2020,11-21-2020,activo,14.0,Norte
1984,Juan Torres,usuario1984@empresa.co,3016003282,35,m,Barranquilla,Tecnología,152909.96,2125842.43,5.7,pse,2020/12/11,17 Jun 2024,Cancelado,44.0,Oriente
1985,Miguel Sánchez,,3126719217,50,Female,Bogotá,Alimentos,77088.36,3829772.16,9.6,efectivo,11/06/2022,2020/10/31,activo,26.0,Oriente
1986,Laura Gómez,usuario1986@yahoo.com,3159247506,,Female,Santa Marta,alimentos,335911.18,3391676.22,4.6,Efectivo,05-09-2024,2022/09/15,Inactivo,44.0,Centro
1987,Sandra López,usuario1987@hotmail.com,3001021712,67,Male,Bucaramanga,alimentos,1397444.79,2616770.3,6.3,tarjeta débito,01/08/2023,14-08-2020,inactivo,30.0,Centro
1988,María Flores,usuario1988@hotmail.com,3157317699,48,FEMENINO,medellin,ROPA,274613.72,2595445.31,2.6,tarjeta débito,01-19-2020,12 Jun 2024,inactivo,36.0,Occidente
1989,Sandra González,usuario1989@hotmail.com,3204080094,59,m,BOGOTA,electronica,183305.28,4420610.47,8.1,PSE,2021-03-26,12-21-2020,pendiente,29.0,Centro
1990,María López,usuario1990@hotmail.com,3154963748,69,Masculino,Pereira,Tecnología,6952.23,2462442.8,6.7,Efectivo,01 Aug 2021,2024/05/13,ACTIVO,18.0,Occidente
1991,Paola Gómez,usuario1991@empresa.co,3206098654,,FEMENINO,Cali,electronica,50679.79,5152954.24,1.8,,02-18-2022,,ACTIVO,1.0,Oriente
1992,Luis Martínez,usuario1992@outlook.com,3104100611,69,,Pereira,deportes,74391.56,4528323.68,5.9,efectivo,07-11-2021,2022/11/24,Cancelado,16.0,Sur
1993,Laura Pérez,,3128961215,63,M,Cali,Alimentos,212934.46,3627811.28,6.1,efectivo,04-10-2021,30-09-2022,inactivo,50.0,Occidente
1994,Sandra Sánchez,usuario1994@gmail.com,,59,F,Barranquilla,electronica,600880.87,5833817.87,5.7,,05-02-2024,2021-07-22,Cancelado,40.0,Norte
1995,María Rodríguez,usuario1995@yahoo.com,,75,Male,Cúcuta,Hogar,28575.17,3126500.7,6.9,tarjeta débito,01-06-2022,22 Jul 2023,Cancelado,39.0,Centro
1996,Sergio Martínez,usuario1996@empresa.co,3004518319,40,Female,BOGOTA,Alimentos,78800.54,3668705.5,5.6,tarjeta débito,2024/06/22,25/08/2021,Pendiente,31.0,
1997,Miguel Sánchez,usuario1997@yahoo.com,3113951273,31,FEMENINO,Cali,Deportes,125864.1,4568036.01,8.3,Tarjeta Crédito,,2020-08-26,Cancelado,48.0,Centro
1998,Laura Rodríguez,usuario1998@hotmail.com,3207760977,61,Masculino,Cartagena,Alimentos,231918.19,1870167.99,5.4,Nequi,29-04-2021,17 May 2023,pendiente,2.0,
1999,Diana Rodríguez,usuario1999@empresa.co,3012653093,57,Femenino,Medellín,electronica,15585.32,2654198.71,4.5,PSE,2022-09-16,2020/12/28,Inactivo,36.0,Sur
2000,Sandra Rodríguez,sin_email,,24,Female,Bucaramanga,Deportes,163278.32,5065668.85,9.7,TARJETA CREDITO,02-11-2021,2022/11/22,ACTIVO,13.0,Occidente
2001,Pedro Torres,usuario2001@hotmail.com,3155584326,,Male,Medellín,alimentos,758798.09,5390057.74,,,25 Mar 2023,11-04-2022,inactivo,8.0,Centro
2002,Luis Martínez,usuario2002@yahoo.com,3159413338,71,,Barranquilla,electronica,159458.12,3653843.5,5.1,Tarjeta Crédito,,08/08/2024,inactivo,36.0,Occidente
2003,Natalia Gómez,usuario2003@outlook.com,3017926901,53,f,CALI,deportes,113328.73,3728844.79,5.3,tarjeta débito,30-05-2021,,Pendiente,42.0,Sur
2004,Ana González,,3156227664,56,Male,Cartagena,electronica,148011.39,4759217.67,6.0,Tarjeta Crédito,2024/07/19,2023-07-08,inactivo,37.0,Norte
2005,,,3203858959,61,FEMENINO,BOGOTA,alimentos,59303.61,4140022.48,6.5,efectivo,05/11/2024,31-01-2023,pendiente,27.0,Occidente
2006,Ana González,usuario2006empresa.co,,22,Female,Bogotá,ROPA,782094.18,2268109.11,3.5,,11/11/2022,,Activo,40.0,Norte
2007,Paola Ramírez,usuario2007@hotmail.com,3018922286,35,Male,Medellín,Alimentos,153475.28,1598539.08,7.0,Tarjeta Crédito,30 Apr 2022,01-06-2024,ACTIVO,33.0,Occidente
2008,Diana Sánchez,usuario2008@empresa.co,3154214006,73,M,Manizales,Deportes,,1993675.91,7.0,Tarjeta Débito,2020-05-03,09-01-2022,Inactivo,32.0,Sur
2009,Jorge Ramírez,usuario2009@hotmail.com,3154088173,59,MASCULINO,Cartagena,deportes,200781.51,,5.1,Efectivo,2023-02-22,22 May 2022,Pendiente,11.0,Norte
2010,Pedro Rivera,usuario2010@outlook.com,3008046412,75,MASCULINO,Cúcuta,Alimentos,1018729.09,4406025.51,,Nequi,07-04-2024,05-03-2023,Cancelado,3.0,Occidente
2011,Luis Gómez,usuario2011@gmail.com,no tiene,30,MASCULINO,BOGOTA,deportes,618102.09,2036109.41,1.4,TARJETA CREDITO,21/03/2021,20/08/2020,activo,,Occidente
2012,Paola González,usuario2012@hotmail.com,3126794800,66,f,BOGOTA,HOGAR,470303.06,4366786.56,5.1,Nequi,2024-10-10,18/04/2023,pendiente,44.0,
2013,María Torres,usuario2013@outlook.com,3128878461,21,f,Manizales,deportes,135587.26,3316117.04,8.8,Nequi,05-11-2022,2020-11-19,inactivo,45.0,
2014,Natalia Ramírez,usuario2014@empresa.co,3201164407,69,Masculino,Medellín,ROPA,149498.84,1747237.71,8.8,Nequi,29-03-2020,2020/10/26,Cancelado,48.0,Oriente
2015,Jorge Rivera,usuario2015@hotmail.com,3154257780,43,m,Barranquilla,Tecnología,108246.33,2161361.82,2.7,TARJETA CREDITO,16-04-2022,28-10-2021,Pendiente,33.0,Sur
2016,Miguel Martínez,usuario2016@outlook.com,3207018227,61,Male,BOGOTA,Ropa,12353.97,,5.0,Tarjeta Débito,08-06-2024,2023/04/04,Cancelado,44.0,Sur
2017,Sergio Pérez,,3109666891,19,Male,medellin,HOGAR,395338.24,2259263.35,5.0,tarjeta débito,07-08-2022,27-10-2023,ACTIVO,40.0,Occidente
2018,Sandra Ramírez,usuario2018@gmail.com,3157269002,36,f,Pereira,alimentos,24517.8,3989033.62,7.9,Nequi,22 May 2020,09-08-2022,Activo,10.0,Oriente
2019,Carlos Pérez,usuario2019@yahoo.com,3014599059,44,Femenino,Cartagena,electronica,162168.37,,6.9,Tarjeta Crédito,02/08/2020,07-05-2022,inactivo,18.0,Sur
2020,Miguel Rodríguez,usuario2020@yahoo.com,3159658236,65,M,Medellín,Alimentos,46386.88,4173984.05,1.9,PSE,07/11/2022,20-05-2024,activo,25.0,Oriente
2021,Ana González,usuario2021@hotmail.com,3008556223,,Femenino,Cali,HOGAR,,1636047.39,6.7,,2020/10/20,31-05-2020,Pendiente,2.0,Occidente
2022,Luis Pérez,usuario2022@hotmail.com,3007595100,54,m,Bucaramanga,HOGAR,112698.34,3660456.85,7.9,tarjeta débito,21 Feb 2022,30-04-2024,Activo,16.0,Sur
2023,Paola Rivera,usuario2023@hotmail.com,3129761383,39,MASCULINO,medellin,Tecnología,522819.98,4240529.8,9.1,Nequi,2020/07/17,28 Oct 2021,ACTIVO,32.0,Norte
2024,Paola Sánchez,usuario2024@hotmail.com,3106484331,32,Male,  Cartagena  ,Alimentos,102371.6,3175273.19,6.8,TARJETA CREDITO,28 Oct 2024,19/11/2021,Cancelado,5.0,Sur
2025,Sergio Sánchez,usuario2025@hotmail.com,3004246548,58,MASCULINO,CALI,HOGAR,245105.5,,6.6,TARJETA CREDITO,06-07-2021,09-21-2021,Inactivo,13.0,Sur
2026,Ana Torres,usuario2026@empresa.co,3111861797,60,FEMENINO,  Cartagena  ,Ropa,297570.42,4693574.07,7.7,,21/06/2022,2021-09-13,inactivo,6.0,Occidente
2027,Pedro González,usuario2027@gmail.com,3108926749,37,Femenino,CALI,alimentos,207773.75,2352989.91,7.4,,29-01-2021,23 Jul 2020,pendiente,16.0,Sur
2028,Sandra Rodríguez,usuario2028@outlook.com,3202953600,71,M,CALI,Electrónica,179304.51,4911797.52,1.4,PSE,28-10-2020,09-08-2022,Pendiente,6.0,
2029,María Martínez,usuario2029@empresa.co,3005870316,53,m,  Cartagena  ,Alimentos,52003.61,3150243.67,5.6,Nequi,2022/08/13,2023-10-08,ACTIVO,19.0,Occidente
2030,Ana Rivera,,3203300323,24,M,Cartagena,ROPA,65505.25,5570588.61,9.7,TARJETA CREDITO,,2023-04-23,Cancelado,26.0,Occidente
2031,Natalia Gómez,usuario2031@gmail.com,3125358390,65,,Medellín,Alimentos,560826.06,2140379.72,3.8,Nequi,10-05-2023,26 Jul 2024,Cancelado,1.0,
2032,Miguel Rivera,usuario2032@outlook.com,3124509428,69,M,Santa Marta,Deportes,583516.75,1961571.96,1.5,,28/05/2020,2024/08/02,Cancelado,33.0,Sur
2033,,usuario2033@outlook.com,3206684445,29,M,Cúcuta,electronica,74491.85,4634767.88,1.9,Efectivo,26-08-2020,07/12/2023,Inactivo,6.0,
2034,Laura Ramírez,usuario2034@gmail.com,3118260307,75,Female,  Cartagena  ,HOGAR,59367.48,2187853.79,3.0,efectivo,01 Aug 2021,2020/07/09,inactivo,25.0,
2035,Juan Flores,sin_email,3157042217,23,f,Bucaramanga,electronica,367885.1,3642581.61,3.9,tarjeta débito,2021/05/12,07-14-2020,Activo,17.0,Centro
2036,Diana Ramírez,usuario2036@hotmail.com,3205548538,32,Femenino,Bogotá,Alimentos,41347.55,2776501.83,,efectivo,15 Apr 2022,27 Aug 2020,Cancelado,50.0,Norte
2037,Luis Pérez,usuario2037@empresa.co,3205534769,37,MASCULINO,Santa Marta,Alimentos,71160.28,0.0,9.9,Tarjeta Débito,2023-03-29,09-05-2024,ACTIVO,2.0,Oriente
2038,Juan Gómez,usuario2038@hotmail.com,,74,f,  Cartagena  ,Deportes,287552.81,3354652.51,6.7,Efectivo,,22 Feb 2022,ACTIVO,5.0,Norte
2039,Sergio Sánchez,usuario2039@empresa.co,3108587041,34,,Medellín,Tecnología,25150.93,1221900.97,9.4,tarjeta débito,10 Jul 2021,2021/12/27,pendiente,22.0,Norte
2040,Andrés García,usuario2040@yahoo.com,3018866235,47,MASCULINO,BOGOTA,Hogar,156272.08,5044008.12,1.7,Tarjeta Débito,02-20-2020,20/05/2022,Activo,15.0,
2041,Sergio Flores,usuario2041@yahoo.com,3113585615,48,FEMENINO,medellin,Ropa,165291.08,4641144.47,,Nequi,05/04/2022,02/01/2021,Cancelado,19.0,Norte
2042,Luis Ramírez,usuario2042@hotmail.com,3123329644,desconocido,Femenino,Pereira,ROPA,68964.37,2729815.18,8.9,pse,01-05-2021,05-09-2020,Inactivo,31.0,Oriente
2043,Sandra Ramírez,usuario2043@gmail.com,3112233988,57,FEMENINO,Cartagena,alimentos,5744.35,3513586.57,5.0,TARJETA CREDITO,06 Apr 2022,02-06-2021,Activo,45.0,Oriente
2044,,usuario2044@empresa.co,3005780097,0,Masculino,Santa Marta,Alimentos,482804.16,3205072.01,,PSE,26 Jan 2021,21 Mar 2020,pendiente,31.0,Sur
2045,Paola Rivera,usuario2045@empresa.co,3101881446,73,Female,Manizales,Electrónica,83735.81,2424683.8,3.1,Tarjeta Crédito,,05-19-2020,Cancelado,10.0,Occidente
2046,Ana Flores,usuario2046@hotmail.com,3122680074,51,Masculino,medellin,HOGAR,529966.9,3591012.07,8.2,Tarjeta Crédito,2022-10-25,2020/03/18,ACTIVO,9.0,Sur
2047,María Gómez,usuario2047@empresa.co,3018248481,21,MASCULINO,CALI,Hogar,59615.25,464756.19,4.2,PSE,02-01-2020,11-07-2023,Pendiente,6.0,Occidente
2048,María Torres,usuario2048@outlook.com,3126655423,27,Male,Manizales,HOGAR,53715.77,1213351.8,3.4,Nequi,17 Mar 2022,12-03-2022,Activo,35.0,Occidente
2049,Paola García,usuario2049@outlook.com,3103497301,30,FEMENINO,Barranquilla,HOGAR,51982.5,2208127.35,6.2,PSE,2021-10-20,01-27-2020,Cancelado,50.0,Centro
2050,Ana Rivera,usuario2050@hotmail.com,3103706584,54,MASCULINO,  Cartagena  ,HOGAR,55207.16,3563443.6,9.2,PSE,06/03/2021,,Cancelado,24.0,Centro
2051,Pedro García,usuario2051@gmail.com,3115906071,47,F,Cúcuta,Deportes,13170.71,2009540.58,8.4,pse,06-28-2021,06/06/2020,activo,43.0,Occidente
2052,Ana Pérez,usuario2052@empresa.co,3151579649,73,Masculino,Manizales,Tecnología,406377.18,3665863.87,8.7,Tarjeta Crédito,,18/02/2023,Inactivo,11.0,Sur
2053,Jorge Martínez,usuario2053@empresa.co,3002860289,67,Male,BOGOTA,ROPA,269179.51,3995802.86,8.3,PSE,2021/09/16,,pendiente,50.0,Sur
2054,Andrés Rodríguez,usuario2054@outlook.com,3009811960,39,Male,Santa Marta,Ropa,90795.35,2725189.42,,Tarjeta Débito,2024-03-22,16-02-2021,Cancelado,10.0,Sur
2055,Sandra López,usuario2055@yahoo.com,3156469375,29,m,CALI,Tecnología,162396.94,4029147.47,2.2,Efectivo,2022-12-29,01-04-2023,ACTIVO,30.0,Norte
2056,Sergio Martínez,usuario2056@outlook.com,3126345764,21,m,Pereira,Electrónica,91690.99,1344058.79,3.0,Tarjeta Crédito,2024/05/23,2021-01-07,pendiente,41.0,Sur
2057,Sergio García,usuario2057@gmail.com,3152371171,,F,Bucaramanga,HOGAR,90207.04,5134526.16,7.0,TARJETA CREDITO,,01-04-2023,Pendiente,9.0,Sur
2058,Andrés García,usuario2058@gmail.com,3007118269,66,m,Medellín,ROPA,206978.8,4489941.17,4.2,Efectivo,01/10/2024,05-08-2024,Activo,40.0,Centro
2059,Luis González,usuario2059@empresa.co,3108090592,54,Masculino,Manizales,Alimentos,250514.13,1195440.41,4.3,tarjeta débito,07/10/2022,27/09/2021,Pendiente,21.0,Occidente
2060,Paola Pérez,usuario2060@outlook.com,3012799998,49,f,Cúcuta,Alimentos,34038.15,7537317.78,2.4,TARJETA CREDITO,04-28-2024,08-28-2023,pendiente,40.0,Occidente
2061,Jorge González,usuario2061@hotmail.com,3158935850,67,Femenino,Barranquilla,ROPA,34482.99,5793159.35,7.0,Tarjeta Débito,2020-01-27,11 Oct 2022,Activo,38.0,Sur
2062,Miguel Torres,usuario2062@empresa.co,3159978714,57,,Santa Marta,Tecnología,354016.59,,3.1,TARJETA CREDITO,25/07/2020,02/03/2024,inactivo,38.0,Oriente
2063,Sergio Rivera,usuario2063@empresa.co,3118048505,45,Femenino,BOGOTA,electronica,77479.59,3024535.55,9.7,efectivo,07/04/2021,22-09-2021,Cancelado,39.0,
2064,Jorge Torres,usuario2064@hotmail.com,3002698935,48,MASCULINO,Bucaramanga,deportes,231728.63,2666162.47,2.9,Efectivo,,2023/09/05,Cancelado,4.0,Sur
2065,Pedro Pérez,usuario2065@outlook.com,3007298633,20,M,  Cartagena  ,Ropa,77984.8,4395430.92,,TARJETA CREDITO,2020/06/05,07-13-2021,pendiente,,Occidente
2066,Andrés Gómez,usuario2066@yahoo.com,3006531133,64,Masculino,barranquilla,deportes,268754.73,3405482.31,1.8,Nequi,24/01/2024,21/01/2023,pendiente,45.0,Centro
2067,Diana Gómez,usuario2067@hotmail.com,3018842882,18,Male,CALI,Deportes,176216.6,3540256.42,9.3,Efectivo,2024/01/07,15/02/2024,ACTIVO,40.0,Centro
2068,Sandra Gómez,usuario2068@gmail.com,,66,MASCULINO,medellin,Electrónica,36463.14,3685386.64,6.8,PSE,2022-12-17,06 Jul 2020,pendiente,,
2069,María Rodríguez,usuario2069@yahoo.com,3154962996,30,Female,Cali,ROPA,,,3.0,TARJETA CREDITO,2020/10/19,2022/03/29,pendiente,49.0,Sur
2070,Diana Rodríguez,usuario2070@gmail.com,3129771457,,M,Bucaramanga,ROPA,419553.39,4151636.8,1.8,pse,,09-05-2020,Pendiente,32.0,Occidente
2071,Diana González,usuario2071@empresa.co,3157820635,,Male,Cali,deportes,268109.43,2443056.67,7.6,Nequi,,24-10-2020,Cancelado,17.0,Norte
2072,Andrés Flores,usuario2072@hotmail.com,3005356548,32,Male,BOGOTA,Deportes,86418.38,1515640.09,,Efectivo,23-12-2021,30 Jan 2021,ACTIVO,3.0,Occidente
2073,Luis Flores,usuario2073@yahoo.com,3017844725,40,FEMENINO,Manizales,Alimentos,295679.04,4719045.26,7.6,TARJETA CREDITO,22-10-2022,2020-07-11,Inactivo,,Norte
2074,Juan López,usuario2074@outlook.com,3017392661,24,FEMENINO,barranquilla,electronica,161623.46,6053431.16,6.2,,10-18-2023,26/11/2024,ACTIVO,32.0,Norte
2075,Diana Pérez,usuario2075@gmail.com,3121932404,55,f,Cartagena,Electrónica,102994.81,1349620.18,1.2,tarjeta débito,07-26-2023,05/07/2020,inactivo,13.0,Oriente
2076,Jorge Rivera,usuario2076@empresa.co,3156714607,22,FEMENINO,BOGOTA,electronica,327036.23,5650516.13,2.9,Tarjeta Débito,2022-05-02,2023/03/17,pendiente,1.0,Oriente
2077,Paola Gómez,,3121675700,37,Male,Manizales,electronica,979188.3,3254592.92,4.5,Tarjeta Débito,2020-10-31,04/06/2024,activo,16.0,Oriente
2078,Juan Ramírez,usuario2078@gmail.com,3017636360,47,FEMENINO,Bogotá,ROPA,167713.98,5782860.75,3.3,efectivo,16/12/2022,24-10-2023,inactivo,16.0,Centro
2079,Luis Sánchez,usuario2079@outlook.com,3016352483,56,Femenino,Cartagena,Tecnología,126097.74,1842562.73,2.1,tarjeta débito,2023/10/15,09-08-2021,inactivo,28.0,Sur
2080,Luis Torres,usuario2080@gmail.com,3205609881,45,f,CALI,Alimentos,17152.08,4122738.17,6.2,Tarjeta Débito,2020-12-30,28 Jul 2021,activo,16.0,Centro
2081,Diana Flores,sin_email,,26,Female,Pereira,deportes,83216.17,3332121.51,6.9,PSE,,2021/11/28,inactivo,21.0,Centro
2082,,usuario2082@empresa.co,3111977639,75,m,Bucaramanga,alimentos,338312.9,3529099.81,5.4,Tarjeta Crédito,2022-07-18,2020-03-31,Activo,7.0,Oriente
2083,Juan Sánchez,usuario2083@gmail.com,3155151495,66,m,Manizales,electronica,11710.5,4991569.3,9.3,Tarjeta Débito,10-08-2021,08 Jun 2023,Inactivo,3.0,Oriente
2084,Laura García,usuario2084@hotmail.com,3008344731,69,MASCULINO,Medellín,electronica,138276.48,3804687.92,4.8,Tarjeta Crédito,16/11/2021,23 Apr 2024,pendiente,6.0,
2085,Carlos Pérez,usuario2085@empresa.co,3108051465,32,Femenino,BOGOTA,deportes,238572.9,2104762.93,4.0,Efectivo,11/08/2021,2022-04-10,Activo,49.0,Centro
2086,Pedro Rodríguez,usuario2086@empresa.co,,26,m,Manizales,Hogar,493512.11,4075056.69,9.1,tarjeta débito,09/11/2021,10 Oct 2024,inactivo,34.0,Centro
2087,,usuario2087@yahoo.com,3128720353,19,Masculino,Barranquilla,Hogar,232652.53,1971000.9,,Tarjeta Débito,,2023-01-24,Cancelado,29.0,
2088,Sandra Sánchez,usuario2088@hotmail.com,3008905306,28,Male,barranquilla,HOGAR,,2565006.41,4.6,TARJETA CREDITO,27-12-2020,22/11/2022,Activo,35.0,Oriente
2089,María López,usuario2089@gmail.com,3119658399,63,,barranquilla,Deportes,143233.57,2295145.69,6.8,Nequi,07/02/2020,29/01/2024,Cancelado,4.0,Centro
2090,Juan Flores,usuario2090@empresa.co,3115526073,20,f,barranquilla,Ropa,26805.01,3145618.06,9.0,Tarjeta Débito,07 Mar 2020,2021/07/16,inactivo,26.0,Sur
2091,Laura Ramírez,usuario2091@yahoo.com,3203549789,58,Femenino,BOGOTA,deportes,581627.97,3321506.35,11.0,tarjeta débito,22-07-2022,01-04-2024,Activo,13.0,Centro
2092,Ana Gómez,usuario2092@empresa.co,3104872630,52,f,Manizales,ROPA,1180904.49,766330.63,7.0,Tarjeta Débito,,13/03/2024,activo,43.0,Centro
2093,Miguel Flores,usuario2093@hotmail.com,3129453166,56,FEMENINO,Manizales,Alimentos,,4658891.49,9.0,efectivo,21-02-2023,2023-04-19,inactivo,34.0,Occidente
2094,Paola Rodríguez,usuario2094@empresa.co,3106172704,60,m,BOGOTA,Ropa,363388.29,3114912.58,3.3,Tarjeta Crédito,05/05/2021,16-06-2021,Inactivo,50.0,Oriente
2095,Jorge González,usuario2095@gmail.com,3001084099,71,MASCULINO,  Cartagena  ,deportes,50098.1,3350336.09,7.2,TARJETA CREDITO,2023/11/23,04-10-2024,Inactivo,6.0,Centro
2096,Andrés Rivera,usuario2096@outlook.com,3008436719,,Masculino,BOGOTA,HOGAR,139302.64,4587193.85,3.6,Efectivo,01-08-2020,02 Sep 2022,Activo,25.0,
2097,Miguel Gómez,usuario2097@yahoo.com,3117091581,44,M,Medellín,electronica,822043.24,99999999.0,2.2,,,29-11-2020,Pendiente,36.0,Oriente
2098,Carlos González,usuario2098@yahoo.com,3159349712,25,MASCULINO,Bucaramanga,Tecnología,52382.49,4955232.03,8.7,TARJETA CREDITO,05-12-2020,2021-01-04,Inactivo,49.0,Oriente
2099,Ana Torres,usuario2099@hotmail.com,3106671268,48,MASCULINO,CALI,Tecnología,81724.21,3725899.48,3.6,Nequi,2021-02-20,21/08/2024,pendiente,12.0,Centro
2100,Jorge Ramírez,usuario2100@gmail.com,3018945275,31,f,Manizales,Ropa,42999.48,3328224.65,3.2,tarjeta débito,04 Jun 2024,,activo,30.0,Occidente
2101,Juan Gómez,usuario2101@hotmail.com,3204626012,58,Masculino,CALI,electronica,130643.9,3557870.87,9.4,tarjeta débito,2024/08/07,2022/10/03,activo,26.0,
2102,Sandra Sánchez,,3153049231,,FEMENINO,Santa Marta,electronica,258097.35,2860578.91,4.8,Tarjeta Crédito,2020/08/14,04-21-2022,pendiente,13.0,Centro
2103,Juan Rodríguez,,3015035718,24,Femenino,BOGOTA,Tecnología,80705.2,2819050.72,4.1,TARJETA CREDITO,11-05-2024,03-21-2021,ACTIVO,29.0,Norte
2104,Natalia López,usuario2104@hotmail.com,3018895724,35,f,Manizales,Hogar,22457.81,5225413.35,1.3,efectivo,17/12/2023,23-02-2024,activo,22.0,Norte
2105,Andrés Pérez,usuario2105@outlook.com,,62,Female,Cali,HOGAR,41665.72,3928083.61,6.3,PSE,01-11-2020,09 Feb 2023,Activo,19.0,Sur
2106,María González,usuario2106@hotmail.com,3017584194,71,,Cúcuta,HOGAR,68026.61,2136476.21,2.7,efectivo,20 Jul 2021,18 Oct 2023,ACTIVO,,
2107,Natalia Rodríguez,usuario2107@outlook.com,3207992964,50,MASCULINO,BOGOTA,Deportes,469379.87,5083234.59,2.7,Nequi,14/03/2022,11-20-2023,Inactivo,36.0,Oriente
2108,Ana Rivera,usuario2108@hotmail.com,3116977685,25,f,Barranquilla,ROPA,979969.24,3301795.27,5.1,PSE,10 Nov 2022,18/12/2023,Pendiente,17.0,Oriente
2109,Andrés López,,3122087771,68,f,Bogotá,deportes,309882.21,5400718.03,4.4,Nequi,21 Aug 2022,03-04-2021,Cancelado,19.0,Oriente
2110,Pedro Torres,usuario2110@hotmail.com,3122740079,30,Masculino,Pereira,Tecnología,313339.84,4157050.89,4.9,TARJETA CREDITO,02-10-2022,26-12-2023,Activo,32.0,Occidente
2111,Andrés Flores,usuario2111@yahoo.com,3107371872,67,Male,Bogotá,alimentos,102768.0,3892532.23,,,2024-04-09,13 Jun 2024,Cancelado,24.0,Occidente
2112,Paola Pérez,usuario2112@hotmail.com,3124869842,51,Female,barranquilla,electronica,569381.67,3687773.69,3.8,,,27 Jan 2020,Cancelado,50.0,Sur
2113,Sergio Rodríguez,usuario2113@empresa.co,3117566006,40,Male,CALI,Tecnología,239636.85,4642971.12,3.2,Nequi,29/01/2024,04-06-2024,ACTIVO,11.0,Occidente
2114,,usuario2114@outlook.com,3202479398,36,M,Santa Marta,Hogar,108884.25,6651033.86,9.6,pse,21 Aug 2022,01-20-2023,Pendiente,,Norte
2115,Miguel Pérez,usuario2115@empresa.co,3019420608,53,M,CALI,HOGAR,274759.34,3650627.43,,Efectivo,2020-11-01,14/09/2020,ACTIVO,24.0,Oriente
2116,Carlos González,usuario2116@gmail.com,3003020694,31,F,  Cartagena  ,Deportes,450674.7,3247982.52,8.5,efectivo,2021-07-24,08/12/2024,Inactivo,39.0,Occidente
2117,Miguel García,usuario2117@outlook.com,3203495890,48,FEMENINO,Cúcuta,alimentos,163270.18,3237653.54,7.3,tarjeta débito,08 Apr 2021,03/08/2021,Inactivo,38.0,Norte
2118,Pedro Rodríguez,usuario2118@yahoo.com,3016452217,18,MASCULINO,medellin,Hogar,120101.19,3964746.74,6.5,Tarjeta Crédito,10-02-2024,08-01-2024,activo,7.0,Oriente
2119,Sandra García,,3122983877,,Female,Santa Marta,ROPA,284183.45,2642797.91,1.7,pse,10-21-2024,2022-05-06,ACTIVO,,Norte
2120,Paola González,usuario2120@yahoo.com,3204503440,25,MASCULINO,CALI,electronica,,1507004.66,7.5,Tarjeta Crédito,15-06-2020,04 Feb 2024,ACTIVO,41.0,Sur
2121,Ana Ramírez,usuario2121@outlook.com,3111869997,60,MASCULINO,Medellín,deportes,474289.13,3937767.17,6.0,pse,2021/02/17,26 May 2021,Activo,40.0,
2122,Ana Rodríguez,usuario2122@yahoo.com,3204806444,23,MASCULINO,Cúcuta,Alimentos,109257.99,2875165.75,5.4,tarjeta débito,28 Nov 2024,05-24-2021,Cancelado,9.0,Norte
2123,Natalia Rivera,usuario2123@empresa.co,3009797486,22,,Cali,alimentos,524007.16,2671675.27,1.1,pse,11-02-2022,11/02/2020,Cancelado,13.0,Sur
2124,María González,usuario2124@empresa.co,,24,FEMENINO,Bogotá,ROPA,255375.96,3887488.31,5.1,Tarjeta Crédito,,03-16-2021,ACTIVO,31.0,Norte
2125,Sandra Rodríguez,usuario2125@empresa.co,3103884381,59,F,Cúcuta,ROPA,7178949.0,3840882.16,,tarjeta débito,2021-07-03,2021/09/09,Pendiente,2.0,Centro
2126,Diana Ramírez,usuario2126@yahoo.com,,36,f,  Cartagena  ,Ropa,64399.07,4562910.64,3.7,tarjeta débito,11-30-2024,11-04-2024,activo,32.0,Norte
2127,Luis Martínez,usuario2127@hotmail.com,3125191964,21,MASCULINO,Barranquilla,Ropa,31399021.0,0.0,2.1,Efectivo,11-13-2020,2023/06/09,activo,50.0,Occidente
2128,Miguel Ramírez,usuario2128@empresa.co,3157624007,29,,Santa Marta,Hogar,471503.07,3259091.74,6.6,,10-11-2022,23-12-2020,ACTIVO,5.0,Sur
2129,Sandra Flores,usuario2129@gmail.com,,72,,Cali,Ropa,28194.08,3463599.52,8.0,tarjeta débito,2020/05/25,14 Apr 2021,inactivo,38.0,Norte
2130,Andrés Gómez,usuario2130@empresa.co,3125328934,69,Femenino,Cúcuta,alimentos,277130.07,4580608.9,5.1,TARJETA CREDITO,02-19-2021,05-05-2022,activo,28.0,Centro
2131,Pedro Gómez,usuario2131@yahoo.com,3204600286,45,M,Pereira,ROPA,89117.35,3921151.73,9.2,PSE,17/12/2024,2024/12/19,Activo,28.0,Occidente
2132,Andrés Flores,usuario2132@yahoo.com,3007732204,24,,Barranquilla,Ropa,,3385940.02,3.8,Tarjeta Débito,24 Apr 2022,12 Mar 2023,Activo,11.0,Norte
2133,Carlos Rodríguez,usuario2133@yahoo.com,---,74,FEMENINO,barranquilla,electronica,487075.93,3478894.11,4.4,,,09-03-2020,Inactivo,39.0,Norte
2134,Sandra González,usuario2134@gmail.com,3019571250,,f,Bucaramanga,Tecnología,179142.9,,,Tarjeta Débito,11-05-2020,04/05/2020,activo,29.0,Norte
2135,Juan Rodríguez,usuario2135@empresa.co,3116896128,60,Female,Bucaramanga,HOGAR,71686.66,1309085.04,3.2,PSE,20/11/2020,2020/10/15,Inactivo,26.0,Sur
2136,Sergio Rodríguez,usuario2136@outlook.com,no tiene,39,Masculino,CALI,ROPA,47838.75,2578515.99,4.4,tarjeta débito,08 May 2020,02-09-2020,ACTIVO,48.0,Oriente
2137,Miguel Pérez,usuario2137@empresa.co,3208221732,46,f,medellin,electronica,375571.91,2948738.56,,PSE,13/03/2022,24 Feb 2021,pendiente,19.0,Oriente
2138,Paola Ramírez,usuario2138@empresa.co,3118026434,35,FEMENINO,  Cartagena  ,Electrónica,105437.46,2976615.22,7.8,Tarjeta Débito,29/01/2024,17/11/2021,Inactivo,35.0,
2139,Luis López,usuario2139@empresa.co,3122886256,23,Female,Barranquilla,Deportes,140044.87,5338990.6,6.8,PSE,05-25-2022,22/09/2023,ACTIVO,38.0,Oriente
2140,Juan González,usuario2140@hotmail.com,,39,FEMENINO,Cali,HOGAR,376880.52,1592670.85,6.7,efectivo,02/05/2024,11/06/2020,pendiente,,Norte
2141,Andrés Gómez,usuario2141@yahoo.com,3013738337,43,FEMENINO,CALI,alimentos,525829.18,4958255.81,7.8,Tarjeta Crédito,05-15-2024,,Activo,3.0,Oriente
2142,Diana Sánchez,usuario2142@hotmail.com,3009167023,47,,barranquilla,Electrónica,405991.67,2315635.88,5.4,Nequi,02/07/2022,2023/08/29,Inactivo,20.0,Occidente
2143,Diana Sánchez,usuario2143@outlook.com,3012390577,42,MASCULINO,Bucaramanga,HOGAR,47018.79,4817052.43,8.7,Tarjeta Débito,27/02/2022,15 Sep 2023,Inactivo,41.0,
2144,Andrés Pérez,usuario2144@hotmail.com,3156404707,48,MASCULINO,Santa Marta,alimentos,105477.03,,1.8,PSE,03/08/2021,2021-01-17,Cancelado,14.0,Sur
2145,Luis Sánchez,usuario2145@gmail.com,3104507070,59,Male,Manizales,Alimentos,90777.49,,1.2,efectivo,03 Dec 2024,12-04-2022,Inactivo,15.0,Oriente
2146,María González,sin_email,3015360544,28,M,  Cartagena  ,HOGAR,260567.42,5285487.12,9.7,Nequi,2023/01/06,2022/10/19,Cancelado,25.0,Occidente
2147,Carlos Sánchez,usuario2147@yahoo.com,3115198001,62,M,Santa Marta,Tecnología,103120.24,5527972.99,5.9,Nequi,2024-02-22,2022-10-07,Activo,18.0,
2148,Paola Torres,usuario2148@yahoo.com,,72,M,  Cartagena  ,Deportes,168623.34,2707427.45,,PSE,09 Jul 2022,,Pendiente,4.0,Oriente
2149,Luis Torres,usuario2149@outlook.com,,44,Masculino,Santa Marta,Electrónica,247664.01,3058712.3,8.2,Tarjeta Débito,23/03/2021,2022/02/24,pendiente,,Oriente
2150,Natalia López,usuario2150@hotmail.com,3006045301,48,FEMENINO,  Cartagena  ,Ropa,1214126.22,4115034.94,7.6,Nequi,29-12-2021,29/11/2023,pendiente,42.0,Norte
2151,Laura Gómez,usuario2151@yahoo.com,3122693850,61,Femenino,Manizales,Electrónica,391074.3,1867923.9,8.5,Efectivo,,10-15-2022,Pendiente,32.0,Occidente
2152,Sandra Rodríguez,usuario2152@gmail.com,3002961586,57,F,Bogotá,ROPA,521729.68,3524089.38,3.4,pse,2022/07/12,2020-10-04,Pendiente,26.0,Norte
2153,Sandra Rodríguez,usuario2153@outlook.com,3128836250,40,Femenino,  Cartagena  ,alimentos,18544.19,6049383.0,7.2,TARJETA CREDITO,27-01-2021,,Cancelado,47.0,Oriente
2154,Diana Flores,usuario2154@yahoo.com,3204761545,73,FEMENINO,medellin,ROPA,186938.27,2449978.73,4.6,PSE,2024/04/14,06-25-2024,Cancelado,44.0,Norte
2155,Ana Gómez,usuario2155@outlook.com,3007915666,71,Masculino,Cali,Deportes,20163.18,2934712.7,5.8,Tarjeta Débito,2023/04/01,23-08-2023,Inactivo,5.0,Sur
2156,Diana Rodríguez,usuario2156@empresa.co,3015435257,75,MASCULINO,Cali,Tecnología,216196.1,3691814.26,6.2,pse,12-07-2023,2023/08/18,Cancelado,21.0,Norte
2157,Paola Gómez,usuario2157@hotmail.com,,49,f,Medellín,Tecnología,43725.87,2909949.54,7.8,PSE,,30-12-2024,ACTIVO,13.0,
2158,Andrés Ramírez,usuario2158outlook.com,3004388430,44,F,Cali,electronica,554426.68,4163430.67,1.6,Tarjeta Crédito,2022/01/06,2021-09-13,pendiente,45.0,Norte
2159,Carlos Martínez,usuario2159@gmail.com,,22,Masculino,  Cartagena  ,Tecnología,109147.46,2567948.19,3.5,TARJETA CREDITO,25-03-2020,2021-01-29,Cancelado,21.0,Centro
2160,Sandra Flores,usuario2160@outlook.com,3014909189,38,f,BOGOTA,Deportes,715060.6,4139564.3,7.3,pse,20/02/2021,2020/03/17,Pendiente,21.0,Occidente
2161,Miguel Martínez,usuario2161@empresa.co,3014139815,,f,Cartagena,Electrónica,76140.99,4482616.65,5.3,Tarjeta Débito,03 Mar 2022,04-30-2023,activo,23.0,Sur
2162,Pedro Pérez,usuario2162@gmail.com,3122914117,51,Male,CALI,electronica,23229.54,1058945.84,2.8,TARJETA CREDITO,2022/07/22,09-08-2023,inactivo,16.0,Oriente
2163,Jorge González,usuario2163@empresa.co,3014699320,54,f,Cartagena,ROPA,50854.23,4682483.51,2.0,pse,02-29-2020,27-03-2021,inactivo,20.0,
2164,Carlos Gómez,usuario2164@gmail.com,3119157749,32,FEMENINO,CALI,Electrónica,42920.15,4345356.11,6.3,pse,06-04-2024,10-15-2020,ACTIVO,36.0,
2165,Ana Flores,usuario2165@yahoo.com,3017965219,60,Female,Pereira,Alimentos,81448.38,1953101.47,5.2,Tarjeta Débito,15-07-2024,04-28-2021,pendiente,4.0,Oriente
2166,Jorge Rivera,usuario2166@yahoo.com,3152098676,51,Female,barranquilla,Electrónica,233335.22,3231650.34,2.9,tarjeta débito,10-02-2023,2021-01-26,ACTIVO,43.0,Oriente
2167,Luis González,usuario2167@gmail.com,3206591239,62,Masculino,CALI,Tecnología,43848.75,2730140.78,7.2,Efectivo,2020-11-02,2020-12-30,Cancelado,9.0,Centro
2168,Laura Flores,usuario2168@gmail.com,3005818203,45,f,CALI,Ropa,112437.53,3269072.12,6.2,pse,01/04/2022,11 Jul 2024,Activo,45.0,Occidente
2169,Diana Rodríguez,usuario2169@empresa.co,3015130078,33,Masculino,CALI,HOGAR,273976.77,4424700.44,5.0,TARJETA CREDITO,,2023/09/12,activo,43.0,Oriente
2170,Natalia Torres,usuario2170@empresa.co,3203609959,60,Femenino,  Cartagena  ,alimentos,,6231116.41,4.8,efectivo,2023/01/01,01-06-2022,Activo,49.0,Occidente
2171,Andrés Gómez,usuario2171@hotmail.com,3107803401,42,m,Cartagena,Hogar,777227.75,3729043.67,1.5,Efectivo,23/12/2023,25 Oct 2024,Activo,,Oriente
2172,Pedro Flores,usuario2172@outlook.com,,70,,Medellín,Alimentos,544211.67,3630432.36,4.4,Tarjeta Débito,2023/06/16,2021-05-06,activo,31.0,Centro
2173,Sandra Gómez,usuario2173@gmail.com,3153818529,57,M,medellin,HOGAR,61515.83,2708479.6,,Tarjeta Crédito,06-27-2020,06-22-2024,Inactivo,34.0,Oriente
2174,Paola López,usuario2174@outlook.com,3209317747,desconocido,Masculino,Pereira,electronica,70798.47,2848013.48,100.0,PSE,2020-12-17,12 Feb 2023,activo,21.0,Occidente
2175,Carlos López,usuario2175outlook.com,3119840341,50,F,CALI,ROPA,87602.65,3742793.46,1.8,TARJETA CREDITO,21 Apr 2021,03-04-2020,inactivo,,Centro
2176,Juan Martínez,usuario2176@hotmail.com,3113224724,72,F,Medellín,electronica,141026.33,1656642.16,1.8,Efectivo,01-10-2024,26/03/2020,pendiente,20.0,Sur
2177,Natalia Sánchez,,3006874092,28,Female,BOGOTA,HOGAR,278384.01,,-1.0,pse,,21-09-2024,Activo,26.0,Sur
2178,Carlos Rivera,usuario2178@yahoo.com,3004857614,999,Female,Pereira,Tecnología,630351.52,2939106.42,4.9,Efectivo,11-20-2023,03-02-2023,Inactivo,23.0,Oriente
2179,Sandra Pérez,usuario2179@empresa.co,3016896471,39,M,Pereira,Electrónica,206481.1,4995153.13,2.5,TARJETA CREDITO,05-27-2021,2020/08/08,Activo,50.0,Norte
2180,Paola Ramírez,usuario2180@empresa.co,3158579608,21,MASCULINO,Cúcuta,Tecnología,602867.48,2254723.42,8.2,Efectivo,2020/11/06,2022-03-02,Activo,21.0,Occidente
2181,Miguel González,usuario2181@hotmail.com,3128669656,53,m,BOGOTA,deportes,139251.41,1976635.14,5.9,pse,26 Dec 2024,18/01/2023,Inactivo,10.0,
2182,Paola Gómez,sin_email,3121271347,43,Femenino,BOGOTA,Electrónica,138265.9,,1.9,PSE,04-07-2021,2022/10/17,inactivo,23.0,Norte
2183,Sergio Pérez,usuario2183@empresa.co,3125863059,23,MASCULINO,Cartagena,electronica,156705.4,4671713.21,4.6,Tarjeta Crédito,2024/10/18,02-04-2020,Activo,29.0,Norte
2184,Diana Martínez,usuario2184@empresa.co,3128012822,69,Female,Bucaramanga,Tecnología,775500.48,,4.8,tarjeta débito,27 May 2024,2020-03-30,Cancelado,27.0,Sur
2185,Luis González,,3114755594,23,FEMENINO,Cúcuta,Hogar,93738.82,6366338.57,7.8,Nequi,19 Jul 2022,29/12/2021,ACTIVO,33.0,
2186,Sergio Torres,usuario2186@gmail.com,3018304303,46,FEMENINO,Cartagena,HOGAR,76985.23,3394810.3,4.7,Tarjeta Débito,11-17-2023,07 Mar 2022,Inactivo,17.0,Sur
2187,Juan Martínez,usuario2187@gmail.com,3126048936,49,Female,Santa Marta,Electrónica,105426.91,2041654.1,8.5,tarjeta débito,,11-19-2020,ACTIVO,,Occidente
2188,,usuario2188yahoo.com,3126524543,19,m,Barranquilla,electronica,115880.62,2672119.0,4.9,Nequi,12-23-2021,28/12/2022,Pendiente,17.0,
2189,María Martínez,usuario2189@outlook.com,3011500385,44,m,CALI,Tecnología,585041.25,995851.05,2.8,Nequi,30/10/2024,2023/02/13,pendiente,45.0,
2190,Luis González,usuario2190@gmail.com,3016308924,,FEMENINO,medellin,Hogar,218445.39,4977451.07,7.5,pse,2021-04-12,2021-06-12,pendiente,46.0,Sur
2191,Paola Pérez,usuario2191@yahoo.com,3006072203,70,,Bogotá,Deportes,17643.46,-1000.0,3.4,,01 Jan 2022,2020-09-03,ACTIVO,18.0,
2192,Carlos Flores,usuario2192@yahoo.com,3002989784,56,FEMENINO,Manizales,ROPA,58341.84,2314143.32,2.8,,12 Nov 2024,2022-04-07,Activo,3.0,Occidente
2193,Sergio Pérez,usuario2193@gmail.com,3108002762,58,m,Cartagena,electronica,532533.27,3223133.08,1.5,pse,06-10-2021,12-15-2024,activo,28.0,Occidente
2194,Paola Rivera,usuario2194@yahoo.com,3005066769,50,Female,Medellín,Electrónica,1029548.8,3261973.41,2.7,pse,24-01-2022,,Cancelado,21.0,Centro
2195,Ana Rodríguez,usuario2195@hotmail.com,3204810808,59,Masculino,Barranquilla,Hogar,99547.97,4240135.0,8.9,Tarjeta Crédito,28-10-2020,2023/06/23,Inactivo,48.0,Oriente
2196,Diana Martínez,usuario2196@yahoo.com,3019784487,39,,Cúcuta,Alimentos,,4163599.59,7.2,TARJETA CREDITO,01-16-2021,23/06/2021,activo,44.0,
2197,Luis Sánchez,usuario2197@hotmail.com,3155848383,21,M,Cúcuta,Deportes,,4426531.16,7.3,pse,15-12-2020,07-16-2022,activo,9.0,Sur
2198,Miguel Rivera,usuario2198@empresa.co,3016427980,72,f,barranquilla,Electrónica,9379.12,2953974.28,9.2,pse,01-06-2023,03-23-2020,inactivo,49.0,Sur
2199,,usuario2199hotmail.com,3153253971,53,M,Medellín,Hogar,8576.9,3863227.18,3.6,PSE,06/03/2022,06-10-2022,pendiente,41.0,
2200,Jorge Martínez,usuario2200@yahoo.com,3124302337,56,Femenino,medellin,Electrónica,101351.73,6156400.83,11.0,Nequi,06-11-2021,2022-01-30,Pendiente,45.0,Oriente
2201,Jorge García,usuario2201@gmail.com,3202874385,60,F,Cartagena,alimentos,93083.14,2138572.83,1.2,pse,,2023-08-30,pendiente,22.0,Norte
2202,María García,usuario2202@gmail.com,,46,Male,BOGOTA,Electrónica,47752.41,2527088.63,1.3,Nequi,21-10-2021,29-02-2020,inactivo,35.0,Centro
2203,Pedro Pérez,usuario2203@hotmail.com,3117676335,66,Masculino,Bucaramanga,Hogar,141210.04,2700126.69,3.3,Tarjeta Débito,,,Activo,45.0,
2204,Natalia Gómez,usuario2204@hotmail.com,3126578207,18,FEMENINO,Cartagena,Electrónica,336780.57,1789154.09,6.1,TARJETA CREDITO,09-17-2021,,Activo,40.0,Oriente
2205,Miguel Sánchez,usuario2205@outlook.com,3001107609,71,Femenino,medellin,HOGAR,303722.93,5125170.14,,Tarjeta Débito,25 Oct 2022,24 Aug 2020,Pendiente,6.0,Occidente
2206,Andrés Ramírez,usuario2206@yahoo.com,3002185646,69,MASCULINO,CALI,HOGAR,76670.04,2859769.65,4.6,efectivo,02-11-2021,19-05-2022,Pendiente,44.0,Sur
2207,Ana Flores,usuario2207@gmail.com,3201702463,51,Female,Cali,Tecnología,148522.25,5730575.0,2.9,Efectivo,10-05-2023,09-26-2024,Activo,2.0,Occidente
2208,Luis Flores,usuario2208@hotmail.com,3004821998,24,,Cali,electronica,51243.72,3643535.83,2.3,Nequi,04 Jul 2022,05/04/2023,inactivo,13.0,Norte
2209,Ana Rivera,usuario2209@hotmail.com,3158854366,,,Santa Marta,Tecnología,,4273965.65,2.2,Tarjeta Crédito,01/07/2021,2024/08/14,ACTIVO,32.0,Norte
2210,Miguel Rivera,usuario2210@gmail.com,3157714616,26,Masculino,Cúcuta,Deportes,404385.92,5436889.76,,Tarjeta Crédito,12-01-2020,30-03-2024,Cancelado,2.0,
2211,Miguel Flores,usuario2211@empresa.co,3009863277,65,F,Manizales,Tecnología,62745.15,,3.1,pse,21/02/2023,26-02-2022,Cancelado,45.0,
2212,Ana Torres,usuario2212@gmail.com,3008327235,24,Female,Cartagena,Alimentos,122196.87,5478387.79,2.2,efectivo,12-26-2023,2022-10-14,pendiente,47.0,Oriente
2213,Ana Torres,usuario2213@outlook.com,3105104090,30,F,Barranquilla,Hogar,1078759.21,4031875.54,1.4,efectivo,2023/04/28,2024/11/02,Pendiente,18.0,Oriente
2214,Luis Torres,usuario2214@hotmail.com,3122340783,72,MASCULINO,medellin,Tecnología,228963.25,4034338.06,6.9,TARJETA CREDITO,16 Aug 2022,02-23-2022,activo,45.0,
2215,Jorge Gómez,usuario2215@outlook.com,3159599430,47,FEMENINO,Cartagena,Deportes,773245.42,3753594.01,-1.0,efectivo,02-24-2023,,Pendiente,17.0,Oriente
2216,Jorge Flores,,3122882086,30,FEMENINO,Manizales,HOGAR,762573.42,4860958.32,2.0,tarjeta débito,,16/11/2024,ACTIVO,26.0,Occidente
2217,Juan Pérez,usuario2217@empresa.co,3113460262,24,F,Pereira,deportes,250167.8,4104234.0,5.8,TARJETA CREDITO,08 Aug 2022,02-06-2024,inactivo,12.0,Centro
2218,Sandra López,usuario2218@outlook.com,3105820738,20,M,  Cartagena  ,HOGAR,224253.55,5326976.42,6.2,Tarjeta Crédito,05-18-2020,2020-10-05,Pendiente,11.0,Centro
2219,Paola Sánchez,usuario2219outlook.com,,71,Male,Cali,Hogar,272368.74,2973160.61,6.8,Efectivo,06-09-2022,07-12-2022,activo,4.0,
2220,María Sánchez,usuario2220@yahoo.com,3002160464,25,MASCULINO,Cúcuta,alimentos,77394.71,2964290.79,5.7,pse,04-10-2023,2023/08/18,Pendiente,22.0,
2221,Paola Martínez,usuario2221@gmail.com,3118039540,46,MASCULINO,Pereira,Tecnología,224374.97,5798796.9,2.1,Tarjeta Débito,2024/06/30,08-12-2022,pendiente,41.0,Oriente
2222,Carlos Ramírez,,3152326463,55,Female,Medellín,ROPA,120668.15,1526465.5,3.2,pse,2021/06/21,20/01/2024,pendiente,29.0,Oriente
2223,Andrés Flores,sin_email,3007172927,26,m,Medellín,Hogar,526961.69,5032693.21,4.0,pse,04 May 2023,29-03-2020,activo,39.0,Norte
2224,Andrés Flores,usuario2224@hotmail.com,3156538458,18,FEMENINO,  Cartagena  ,HOGAR,176054.3,0.0,7.1,PSE,27 Aug 2024,29/08/2020,pendiente,11.0,
2225,Jorge Ramírez,,3202454239,21,Female,  Cartagena  ,deportes,558139.03,3178573.49,2.9,Nequi,27-03-2020,01-21-2021,pendiente,29.0,Centro
2226,Andrés Pérez,usuario2226@gmail.com,no tiene,45,Femenino,CALI,electronica,163684.7,3463030.24,4.6,TARJETA CREDITO,05 Dec 2021,08-21-2023,ACTIVO,44.0,Centro
2227,Diana Flores,,3006674324,48,Male,BOGOTA,Tecnología,366509.58,4655511.35,3.7,,29/07/2021,,ACTIVO,10.0,
2228,Luis Torres,,3014728015,67,M,Manizales,ROPA,122801.3,99999999.0,8.1,Efectivo,06-04-2022,08-23-2022,inactivo,50.0,Oriente
2229,Sergio Flores,usuario2229@hotmail.com,3104897938,29,Masculino,Medellín,Electrónica,244320.85,3781496.41,6.3,,31 Jul 2020,18/05/2022,inactivo,6.0,Norte
2230,Andrés López,usuario2230@empresa.co,3159678962,29,Male,barranquilla,HOGAR,43653.09,2535220.7,2.7,Efectivo,10 Feb 2024,30/06/2023,Inactivo,45.0,Centro
2231,Sergio González,usuario2231@hotmail.com,3203622039,26,Femenino,medellin,deportes,16369.93,2645970.05,1.5,TARJETA CREDITO,2024-11-10,21 Jan 2022,activo,29.0,
2232,Sergio Flores,usuario2232@gmail.com,3157735407,60,Female,Barranquilla,alimentos,12063.57,6202429.36,9.6,,07 Apr 2020,29-06-2022,inactivo,45.0,Occidente
2233,Carlos Torres,usuario2233@hotmail.com,3159024439,74,Masculino,Cúcuta,Tecnología,24955.09,4212937.28,7.8,efectivo,2024/10/25,04-04-2024,Inactivo,,Centro
2234,Juan Gómez,usuario2234@outlook.com,3018200481,74,FEMENINO,Pereira,Hogar,446019.89,3758298.76,5.3,efectivo,2024/06/24,2022-08-19,pendiente,36.0,Occidente
2235,Andrés Rivera,usuario2235@yahoo.com,3108460017,56,Male,Bogotá,Tecnología,480307.9,4517447.43,8.4,Nequi,2024/08/09,05-11-2024,Activo,7.0,Occidente
2236,Jorge Rodríguez,usuario2236@yahoo.com,3124916478,66,F,  Cartagena  ,ROPA,138440.59,1902963.51,6.2,efectivo,2021-09-11,03 Mar 2024,activo,8.0,Sur
2237,Sandra Sánchez,usuario2237gmail.com,3116332506,43,FEMENINO,Santa Marta,electronica,348124.67,5970051.06,4.2,TARJETA CREDITO,31-07-2021,20 Apr 2020,ACTIVO,30.0,Sur
2238,Paola Ramírez,sin_email,3018446263,36,Male,Barranquilla,Deportes,293979.33,4026357.22,8.5,PSE,04/02/2022,29/01/2024,activo,8.0,Centro
2239,Jorge Sánchez,usuario2239@empresa.co,3114341962,26,Female,barranquilla,alimentos,112715.05,5142734.46,8.5,PSE,01-05-2021,12-08-2023,Cancelado,46.0,Occidente
2240,Andrés Gómez,usuario2240@gmail.com,,56,f,Santa Marta,alimentos,110898.72,3386993.56,0.0,efectivo,2020/12/05,2024/09/24,ACTIVO,29.0,Occidente
2241,Diana Ramírez,usuario2241@empresa.co,3015227238,65,,Cúcuta,Deportes,315878.2,3920277.94,9.8,Tarjeta Débito,16/10/2023,06 Apr 2024,Inactivo,24.0,Oriente
2242,María Flores,usuario2242@outlook.com,3017643802,71,Masculino,Cali,ROPA,38526.35,2795238.49,8.3,efectivo,11-16-2023,2020-01-28,Inactivo,41.0,Oriente
2243,Andrés Flores,usuario2243@hotmail.com,3201677385,73,FEMENINO,Medellín,Electrónica,295600.5,2419541.26,1.6,Tarjeta Débito,01-14-2020,11/12/2024,ACTIVO,2.0,Centro
2244,Sergio Sánchez,usuario2244@hotmail.com,,65,Male,Pereira,Ropa,806440.06,-1000.0,9.1,TARJETA CREDITO,02/07/2024,2024-01-26,pendiente,48.0,Occidente
2245,Miguel Flores,usuario2245@empresa.co,3156956637,58,MASCULINO,Pereira,Tecnología,544647.15,3332625.59,4.3,Tarjeta Crédito,2020/01/23,2020-11-10,Inactivo,41.0,Norte
2246,,usuario2246@empresa.co,3155819732,31,Female,medellin,Ropa,111746.05,4191296.31,6.8,efectivo,01-11-2021,2021/02/20,inactivo,15.0,Centro
2247,Ana Gómez,usuario2247@empresa.co,,36,M,Cali,Tecnología,103298.14,3836924.38,,,10-09-2021,2020-09-20,Pendiente,20.0,Centro
2248,Carlos Rivera,,3207404907,61,,medellin,Electrónica,26103.92,3783633.15,4.7,pse,,28 Nov 2021,pendiente,5.0,Centro
2249,Pedro Martínez,usuario2249@outlook.com,3118087946,63,Femenino,CALI,HOGAR,223228.27,,5.3,Tarjeta Débito,19-11-2022,2022/04/30,ACTIVO,30.0,Oriente
2250,Carlos Gómez,usuario2250@empresa.co,3009254125,29,M,medellin,Deportes,,3328575.61,3.0,TARJETA CREDITO,2021/11/16,2023/06/26,Pendiente,44.0,Centro
2251,Juan González,usuario2251@outlook.com,3159375958,62,,  Cartagena  ,Hogar,685367.93,,6.2,pse,2024/05/22,07 Mar 2024,Activo,9.0,Centro
2252,Paola Ramírez,usuario2252@yahoo.com,3104684323,63,M,Cali,deportes,259876.35,2456762.29,3.6,Tarjeta Crédito,06-04-2020,26 Oct 2023,activo,29.0,Oriente
2253,Luis Pérez,usuario2253@empresa.co,3003210893,40,m,medellin,deportes,99067.7,3599275.74,9.9,Efectivo,20/01/2021,04-10-2024,Pendiente,37.0,Sur
2254,Jorge González,usuario2254@gmail.com,3116443941,55,f,barranquilla,Electrónica,597481.82,,7.9,efectivo,07-24-2024,15-03-2024,ACTIVO,27.0,Occidente
2255,María Flores,usuario2255@outlook.com,3115910438,60,F,CALI,Ropa,139175.26,3503682.92,3.9,TARJETA CREDITO,08-04-2022,2020/08/10,activo,10.0,Sur
2256,Luis Sánchez,usuario2256@empresa.co,3104291072,61,Masculino,  Cartagena  ,ROPA,596912.19,4766653.88,2.9,Tarjeta Débito,03-19-2021,13 Jun 2020,ACTIVO,12.0,Occidente
2257,Juan Flores,usuario2257@empresa.co,,71,Female,barranquilla,Tecnología,121779.06,,7.2,efectivo,02-04-2023,15 Jan 2020,Pendiente,50.0,Centro
2258,Luis López,usuario2258@hotmail.com,000,74,FEMENINO,  Cartagena  ,Tecnología,39430.54,1908800.09,2.1,Efectivo,2021-03-03,,Inactivo,2.0,Centro
2259,Sandra Martínez,usuario2259@yahoo.com,3014060325,69,Female,barranquilla,Hogar,145379.17,,7.9,TARJETA CREDITO,26 Jun 2020,10/08/2024,activo,11.0,Sur
2260,Luis López,usuario2260@empresa.co,3004993426,,,Cartagena,electronica,561362.66,1954847.16,4.1,TARJETA CREDITO,19-04-2020,30 Jan 2024,pendiente,29.0,Norte
2261,Laura Ramírez,,,42,Female,Medellín,HOGAR,529616.24,3730534.08,3.6,pse,19-08-2023,08-20-2024,inactivo,16.0,Sur
2262,Miguel Sánchez,usuario2262@empresa.co,3159509685,60,F,  Cartagena  ,alimentos,191423.18,1504320.16,7.4,Efectivo,2020/03/18,09-06-2021,pendiente,24.0,Oriente
2263,,usuario2263@outlook.com,3104378276,150,MASCULINO,Pereira,electronica,251861.46,5220427.34,5.4,PSE,,14 Jun 2020,Pendiente,7.0,Norte
2264,Sandra Martínez,usuario2264@empresa.co,3107199246,28,FEMENINO,Bucaramanga,Ropa,27282.85,3499106.84,3.7,TARJETA CREDITO,,,inactivo,27.0,Occidente
2265,Andrés Gómez,usuario2265@empresa.co,3011391794,61,F,Pereira,Deportes,111737.76,6859399.75,1.7,Efectivo,2020/06/27,2021-05-29,Cancelado,32.0,
2266,Ana Torres,usuario2266@gmail.com,3201746069,71,MASCULINO,  Cartagena  ,ROPA,313282.97,4561399.43,8.8,Tarjeta Débito,05/03/2020,2020-10-13,Pendiente,31.0,Oriente
2267,Paola Pérez,usuario2267@hotmail.com,3126248650,150,F,Manizales,Electrónica,1137714.51,2714251.08,4.8,TARJETA CREDITO,21-03-2024,30-12-2021,inactivo,3.0,Occidente
2268,,usuario2268hotmail.com,3155813501,52,Femenino,Barranquilla,Electrónica,212183.76,3053615.51,6.6,efectivo,,23 Jul 2022,Inactivo,43.0,Occidente
2269,Diana Flores,usuario2269@outlook.com,3101317113,,FEMENINO,Santa Marta,Alimentos,71989.68,5392637.71,3.9,Tarjeta Crédito,20/02/2024,2022-10-31,pendiente,49.0,Oriente
2270,Luis Sánchez,usuario2270@yahoo.com,3116056561,24,M,  Cartagena  ,electronica,87670.87,3467870.46,6.9,TARJETA CREDITO,,04-05-2021,Activo,41.0,
2271,Sergio Gómez,usuario2271@yahoo.com,3207187526,61,F,BOGOTA,Hogar,7507.9,4208654.57,4.0,PSE,02-02-2022,2020/11/05,Inactivo,2.0,Occidente
2272,Miguel Gómez,usuario2272@gmail.com,,73,Male,BOGOTA,Electrónica,33549.63,3390941.24,3.2,efectivo,2024-09-23,2022-10-14,Cancelado,,Centro
2273,Andrés Pérez,usuario2273@hotmail.com,3113553593,59,,Pereira,Electrónica,179494.47,3836672.56,4.7,PSE,20-06-2022,01-23-2023,ACTIVO,23.0,
2274,Sergio Pérez,usuario2274@gmail.com,3001212167,33,F,Santa Marta,deportes,14578163.5,5618186.01,7.6,tarjeta débito,12/04/2020,07-12-2023,activo,28.0,Oriente
2275,,usuario2275@gmail.com,3129445531,68,F,medellin,electronica,280171.33,648495.8,6.1,PSE,30 Mar 2020,20 Jun 2023,Inactivo,42.0,Centro
2276,Jorge Ramírez,usuario2276@outlook.com,3205660838,36,M,Bogotá,Tecnología,141208.17,3818620.59,3.1,Tarjeta Débito,2020-08-18,08-10-2021,inactivo,17.0,Occidente
2277,Laura Gómez,usuario2277@empresa.co,3153124570,21,FEMENINO,Bucaramanga,HOGAR,138279.75,4682200.12,9.0,PSE,17-12-2020,23-07-2022,Pendiente,37.0,Oriente
2278,Laura González,usuario2278@gmail.com,3105978056,42,Femenino,Pereira,Tecnología,261228.89,670881.29,6.9,Nequi,2022-06-10,02/05/2021,pendiente,5.0,Sur
2279,Pedro Pérez,usuario2279@empresa.co,3201692834,68,f,Medellín,Deportes,129227.76,4374013.74,4.2,Tarjeta Débito,11-04-2022,2021/06/09,Cancelado,9.0,Sur
2280,Luis González,usuario2280@empresa.co,3203876305,38,f,Bogotá,Electrónica,239114.3,3174793.14,9.5,,02 Apr 2021,03/07/2021,Inactivo,36.0,Centro
2281,Luis Rodríguez,usuario2281@hotmail.com,3159641409,21,Masculino,Pereira,Hogar,406435.34,2947148.83,100.0,Efectivo,25/02/2024,2023-04-11,Inactivo,,Norte
2282,Sandra Ramírez,usuario2282@gmail.com,3121339827,,FEMENINO,Cali,Tecnología,314412.81,3137709.75,5.6,Efectivo,09-27-2023,2020/09/29,activo,25.0,Occidente
2283,Diana Flores,usuario2283@gmail.com,3115593966,57,Male,Medellín,Deportes,8157089.5,1987190.12,5.2,Efectivo,05-30-2022,11-01-2022,Activo,27.0,
2284,Sandra Martínez,usuario2284@gmail.com,3001170269,73,m,Manizales,Deportes,97236.76,3742672.53,,Nequi,2023-12-16,02-10-2023,Cancelado,39.0,Occidente
2285,Juan Gómez,usuario2285@yahoo.com,,71,f,BOGOTA,deportes,95819.16,2385627.93,,tarjeta débito,2020/09/24,15-05-2021,activo,26.0,Occidente
2286,Natalia Sánchez,usuario2286@yahoo.com,3108271210,58,F,  Cartagena  ,deportes,349730.04,3803933.12,5.3,TARJETA CREDITO,10-07-2023,26/01/2023,Activo,22.0,Norte
2287,María Pérez,usuario2287@hotmail.com,3129114383,59,Masculino,Bucaramanga,Ropa,70103.73,2377328.94,5.2,TARJETA CREDITO,03-08-2020,2020/09/30,Inactivo,43.0,Occidente
2288,,usuario2288@hotmail.com,3004761637,55,FEMENINO,Pereira,deportes,35806.42,2024795.79,8.5,,02 Feb 2022,28-06-2024,ACTIVO,15.0,Occidente
2289,Sandra García,usuario2289@outlook.com,3158251792,56,F,Cali,electronica,8237.55,3779177.89,,Nequi,10 Jan 2020,2021-08-25,ACTIVO,27.0,Oriente
2290,Miguel Pérez,usuario2290@gmail.com,3127318729,64,M,Pereira,Deportes,5827.84,5831340.61,100.0,efectivo,07-12-2022,07/07/2024,Pendiente,6.0,
2291,Natalia Ramírez,sin_email,3013564852,36,f,Cúcuta,Electrónica,284142.47,2834308.42,9.6,,2021-08-25,18 Oct 2022,pendiente,43.0,Centro
2292,Miguel Flores,,3007757681,61,,Cali,Ropa,279300.71,2180356.27,1.2,Tarjeta Débito,28 Nov 2024,18 Oct 2020,ACTIVO,,Oriente
2293,Sergio Gómez,usuario2293@yahoo.com,3209781688,0,Femenino,Barranquilla,alimentos,22366.29,5647910.65,4.5,TARJETA CREDITO,09-18-2023,2024/08/30,activo,11.0,Oriente
2294,Diana López,usuario2294@hotmail.com,3019389256,25,,Barranquilla,alimentos,863735.61,885887.17,2.9,pse,14-07-2021,09-14-2022,ACTIVO,3.0,Centro
2295,Paola García,usuario2295@empresa.co,3118613784,45,Male,CALI,Deportes,29647.89,,2.1,Efectivo,2024-03-19,2020/08/10,ACTIVO,20.0,Oriente
2296,María González,sin_email,3124925091,34,Male,Santa Marta,deportes,25465.82,4694507.52,8.1,pse,27-07-2024,06-06-2023,Activo,22.0,Sur
2297,Natalia Torres,usuario2297@yahoo.com,3126364411,55,Femenino,Barranquilla,electronica,419577.32,5113419.82,3.7,tarjeta débito,21/08/2020,17/03/2020,pendiente,26.0,Occidente
2298,,usuario2298@yahoo.com,3017054058,18,m,medellin,Electrónica,126507.96,6539862.52,4.6,PSE,19-01-2023,25/05/2023,ACTIVO,31.0,
2299,Sergio Sánchez,usuario2299@hotmail.com,3014348559,63,Female,CALI,Hogar,702230.08,2508708.12,3.5,Efectivo,2020/04/24,20/01/2023,Cancelado,47.0,Norte
2300,Natalia Rodríguez,usuario2300@gmail.com,3103125071,20,,Barranquilla,electronica,24122.47,2282573.46,6.2,,2022/01/10,2024/09/27,pendiente,17.0,
2301,Sergio García,usuario2301@gmail.com,3157755714,38,Male,Medellín,Deportes,477701.65,3134383.71,2.5,Efectivo,06-22-2024,2021/08/24,inactivo,9.0,Centro
2302,Natalia García,usuario2302@empresa.co,,67,FEMENINO,Cali,Deportes,7555.75,4323637.33,3.7,,2023/06/24,2024/09/01,Cancelado,11.0,
2303,Luis Flores,usuario2303@empresa.co,3115793798,57,,Cartagena,deportes,241115.02,1858195.15,2.8,efectivo,2022-12-05,05/02/2024,Activo,24.0,Occidente
2304,Sergio Flores,usuario2304@outlook.com,3108671065,37,FEMENINO,barranquilla,Alimentos,234834.76,3637675.88,6.4,Tarjeta Débito,2022-12-02,04 Apr 2020,ACTIVO,12.0,Occidente
2305,Laura Pérez,usuario2305@yahoo.com,3001397381,54,Male,Pereira,electronica,,3276959.48,7.7,PSE,26 Aug 2020,15/09/2023,Inactivo,47.0,Norte
2306,Sergio Pérez,usuario2306@gmail.com,,22,,medellin,Hogar,117051.54,3268138.96,8.3,PSE,19/09/2023,2020/12/20,Activo,31.0,
2307,Ana Flores,usuario2307@outlook.com,3106174234,38,Female,Manizales,Electrónica,279374.23,-1000.0,3.7,TARJETA CREDITO,2020/12/03,06-10-2020,pendiente,34.0,Norte
2308,Juan Martínez,usuario2308@hotmail.com,3004013240,29,m,Pereira,electronica,314894.65,,8.4,PSE,2020/08/21,,Activo,11.0,Oriente
2309,Pedro Pérez,usuario2309@empresa.co,3109224795,68,F,barranquilla,HOGAR,297210.77,5720394.8,8.6,Tarjeta Crédito,2022-02-28,06-09-2021,activo,10.0,Oriente
2310,Luis Pérez,usuario2310@outlook.com,3155500077,44,f,Manizales,Ropa,155200.32,4264152.01,,Nequi,22-09-2024,2023/05/13,Cancelado,2.0,
2311,Juan Martínez,sin_email,3001956654,43,MASCULINO,Manizales,Hogar,17149.56,3699516.03,2.6,efectivo,2021-11-08,2023-05-23,Inactivo,43.0,Centro
2312,Paola Torres,usuario2312@yahoo.com,3004736995,32,FEMENINO,medellin,electronica,76762.18,4155966.07,9.2,Nequi,2024-04-09,24 Apr 2023,activo,50.0,Sur
2313,Pedro González,usuario2313@yahoo.com,3129290908,60,Female,CALI,electronica,207672.57,1787178.94,6.1,TARJETA CREDITO,20 Jul 2022,04-11-2020,ACTIVO,42.0,Sur
2314,Ana Flores,sin_email,3201864433,41,FEMENINO,Barranquilla,Ropa,306835.32,5494263.61,100.0,Tarjeta Crédito,03-11-2020,12/09/2020,activo,19.0,Centro
2315,Diana Flores,usuario2315@gmail.com,3127449110,66,,barranquilla,Alimentos,88532.31,1651452.23,7.1,efectivo,2023-06-20,21 Sep 2022,activo,10.0,Sur
2316,María Ramírez,usuario2316@outlook.com,3119835547,48,,Manizales,Tecnología,200118.25,3791741.5,9.0,Tarjeta Débito,2022/10/15,09-23-2022,ACTIVO,42.0,
2317,Diana López,usuario2317@outlook.com,3204935857,70,Male,Cúcuta,ROPA,406513.88,1112847.13,4.0,Tarjeta Débito,17-12-2020,2020-07-03,ACTIVO,15.0,Sur
2318,Carlos López,usuario2318@gmail.com,3153233079,59,M,barranquilla,Tecnología,182155.81,2521953.9,1.3,efectivo,07 Oct 2020,2020/07/30,Activo,8.0,Norte
2319,Laura Sánchez,usuario2319@empresa.co,3002748702,,Male,Santa Marta,Deportes,598613.89,1868747.35,2.0,efectivo,19-05-2022,2024/11/07,Inactivo,,Occidente
2320,Diana García,usuario2320@hotmail.com,3157052695,46,MASCULINO,Santa Marta,Electrónica,226138.27,3164265.72,8.0,efectivo,13 Sep 2022,2020-10-21,pendiente,46.0,
2321,Laura Gómez,usuario2321@outlook.com,3013981936,59,Male,Cúcuta,Electrónica,218531.06,129426.14,,Tarjeta Crédito,05-03-2021,,Inactivo,10.0,Oriente
2322,Miguel Sánchez,usuario2322@gmail.com,3015068239,57,m,Bogotá,HOGAR,136150.7,4152465.18,7.5,,11 Sep 2020,02 Jan 2023,Pendiente,16.0,Oriente
2323,,usuario2323@hotmail.com,3111620210,20,FEMENINO,CALI,deportes,111306.87,5252084.8,3.4,TARJETA CREDITO,2022/09/10,29 Aug 2022,ACTIVO,30.0,
2324,Luis López,usuario2324@yahoo.com,000,38,MASCULINO,Bogotá,Hogar,802370.7,3235175.41,7.9,tarjeta débito,2023-01-23,2024/11/18,pendiente,32.0,
2325,María Rivera,usuario2325@hotmail.com,3119906182,68,Masculino,BOGOTA,HOGAR,127237.11,3523088.36,0.0,efectivo,04 Nov 2022,29/02/2020,Cancelado,28.0,
2326,Miguel Martínez,usuario2326@yahoo.com,3013803321,42,f,  Cartagena  ,Tecnología,272177.63,2852593.38,9.7,tarjeta débito,20/02/2023,02-11-2021,ACTIVO,20.0,Occidente
2327,Sandra González,usuario2327@empresa.co,,64,Female,Santa Marta,alimentos,426316.54,3615462.62,9.3,tarjeta débito,2024/09/15,2022-09-09,pendiente,1.0,Centro
2328,Miguel Torres,usuario2328@yahoo.com,3122342448,51,Female,Cartagena,electronica,211797.2,3711464.78,5.3,TARJETA CREDITO,2024-01-24,2021-10-03,Inactivo,50.0,Occidente
2329,María Ramírez,usuario2329@yahoo.com,3014494274,41,MASCULINO,medellin,electronica,382054.56,4943809.21,9.6,Tarjeta Crédito,25/10/2020,01/11/2024,Pendiente,44.0,Occidente
2330,Carlos Rivera,usuario2330@yahoo.com,3011631045,50,FEMENINO,BOGOTA,deportes,426037.58,2831005.89,8.2,TARJETA CREDITO,18/03/2023,20/05/2022,Activo,22.0,Sur
2331,Miguel Flores,usuario2331@yahoo.com,3009671721,20,Masculino,Barranquilla,HOGAR,168605.66,6354458.78,8.4,Nequi,29 May 2020,28-02-2024,Cancelado,29.0,Centro
2332,Jorge Martínez,usuario2332@gmail.com,3107803325,59,Femenino,Santa Marta,Tecnología,130668.03,2960996.02,7.2,pse,01-02-2022,05-13-2024,pendiente,23.0,Occidente
2333,Laura Martínez,usuario2333@outlook.com,3113410393,50,Femenino,  Cartagena  ,ROPA,200402.84,5995966.63,-1.0,Efectivo,02-06-2021,,inactivo,21.0,Occidente
2334,Sergio Torres,usuario2334@outlook.com,3109045915,24,m,Cartagena,HOGAR,108854.77,-1000.0,8.8,Nequi,11/09/2024,19/06/2022,Cancelado,36.0,
2335,Miguel Flores,usuario2335@outlook.com,3014523314,67,MASCULINO,Santa Marta,Electrónica,623140.74,3308537.74,2.9,Tarjeta Débito,2020/05/17,2022-05-08,inactivo,41.0,Occidente
2336,Luis Martínez,usuario2336@empresa.co,3125881171,18,,Bucaramanga,ROPA,28688.67,4004234.34,,Tarjeta Crédito,31 Mar 2020,2021-06-07,pendiente,14.0,Norte
2337,Ana García,usuario2337@empresa.co,3118413769,31,F,Medellín,Tecnología,132822.7,3209291.22,5.9,Efectivo,,19/10/2021,Activo,26.0,
2338,Juan Torres,usuario2338@empresa.co,---,67,FEMENINO,Bucaramanga,ROPA,735108.33,4055002.25,1.1,Efectivo,08 Jan 2023,07-17-2024,Cancelado,13.0,Norte
2339,Laura Martínez,usuario2339@gmail.com,3011814147,61,Male,medellin,ROPA,342970.61,5108874.49,6.9,Efectivo,,2024-08-31,pendiente,17.0,Centro
2340,Laura García,usuario2340@empresa.co,3005073193,24,Female,Cúcuta,Deportes,358460.3,3755872.34,6.9,TARJETA CREDITO,2022-02-21,15/07/2024,inactivo,33.0,Occidente
2341,Natalia García,usuario2341@gmail.com,3002888154,71,F,Pereira,Hogar,8845.68,2406319.38,1.4,Tarjeta Débito,31/08/2020,01-07-2020,Cancelado,1.0,Norte
2342,Ana Gómez,usuario2342@gmail.com,3203622511,65,FEMENINO,Cúcuta,Electrónica,27743.99,2344278.53,9.1,Tarjeta Crédito,20/08/2023,2021-10-19,activo,14.0,Sur
2343,María Martínez,usuario2343@empresa.co,3004248663,59,FEMENINO,barranquilla,ROPA,,2388974.18,9.2,pse,2024-09-01,04-18-2021,pendiente,35.0,Norte
2344,Carlos González,usuario2344@yahoo.com,3115848779,22,F,CALI,alimentos,211338.86,3475423.3,6.1,Tarjeta Débito,19-11-2024,2023/11/19,Cancelado,23.0,Norte
2345,Jorge Pérez,usuario2345@outlook.com,3159016756,27,M,Santa Marta,Hogar,13735.26,4940149.96,8.7,PSE,20/10/2024,11-11-2024,pendiente,28.0,Oriente
2346,Jorge Flores,usuario2346@gmail.com,3015367420,,,  Cartagena  ,HOGAR,1342186.75,4539639.75,4.6,efectivo,15 Jan 2020,2024-12-21,pendiente,2.0,Centro
2347,Pedro Flores,usuario2347@yahoo.com,N/A,20,,Medellín,alimentos,,3654261.68,1.3,pse,2024/10/10,2024/01/16,activo,29.0,Centro
2348,María Torres,usuario2348@outlook.com,3207046901,21,Masculino,Barranquilla,electronica,586671.51,3213114.21,8.9,TARJETA CREDITO,2024-06-19,2021-06-01,Pendiente,50.0,Centro
2349,Pedro García,usuario2349@outlook.com,3118194179,34,M,barranquilla,Electrónica,316160.7,2607239.25,3.2,PSE,21/12/2022,05-09-2024,ACTIVO,29.0,Sur
2350,Ana Torres,usuario2350@outlook.com,3207227336,54,Femenino,Cali,Alimentos,723391.54,2940392.9,9.6,TARJETA CREDITO,10-12-2022,2020/06/27,Activo,49.0,Oriente
2351,Natalia Sánchez,usuario2351@hotmail.com,3102020699,34,FEMENINO,Cali,alimentos,220592.86,7373272.1,3.3,PSE,2020-02-11,03 Jan 2021,inactivo,37.0,Oriente
2352,Pedro Ramírez,usuario2352@yahoo.com,3127731842,46,Male,BOGOTA,HOGAR,144920.98,3349187.69,9.4,pse,19/12/2024,25-07-2022,inactivo,37.0,Sur
2353,Miguel Martínez,usuario2353@empresa.co,3103329328,45,MASCULINO,Medellín,alimentos,9401.54,3762792.67,3.4,tarjeta débito,06-07-2021,12/01/2023,Activo,18.0,Norte
2354,Andrés García,usuario2354@gmail.com,000,42,m,Cali,Tecnología,377186.76,5063383.33,1.5,pse,03-12-2020,29-06-2022,inactivo,7.0,
2355,Laura González,usuario2355@outlook.com,3008974328,52,F,Cartagena,Hogar,122635.05,3605046.76,1.7,,2023/01/09,,inactivo,16.0,Oriente
2356,Pedro Torres,usuario2356@hotmail.com,3019583879,,F,Cúcuta,ROPA,,2330943.82,,PSE,,,inactivo,46.0,Norte
2357,Laura Sánchez,usuario2357@outlook.com,3121454765,22,Male,Bucaramanga,Alimentos,221461.92,3722088.62,9.9,Tarjeta Crédito,30/09/2020,2020/08/14,Inactivo,41.0,
2358,Ana García,usuario2358@outlook.com,3101131161,55,Female,Cartagena,Ropa,274226.83,2688091.59,-1.0,Nequi,2024/04/27,02 Jul 2020,Activo,12.0,
2359,Sergio Gómez,usuario2359@hotmail.com,3012033288,,,Barranquilla,HOGAR,461577.54,4310461.33,5.9,pse,2023/01/20,10 Sep 2020,activo,36.0,Centro
2360,Laura Sánchez,usuario2360@yahoo.com,3104723313,40,m,  Cartagena  ,Deportes,172904.43,1826622.55,,,23/11/2021,05-15-2024,ACTIVO,11.0,Sur
2361,Diana Rivera,usuario2361@hotmail.com,3107050632,24,FEMENINO,BOGOTA,HOGAR,431901.5,4359071.97,5.3,Efectivo,24 Mar 2020,15-09-2022,Inactivo,22.0,
2362,Pedro Rivera,usuario2362@outlook.com,3114037524,61,m,Cali,Ropa,129588.46,3442849.29,9.0,Nequi,03 Jun 2023,2023-04-30,ACTIVO,27.0,Centro
2363,,usuario2363@outlook.com,,23,FEMENINO,Cúcuta,alimentos,,4283551.04,2.0,Nequi,05 Aug 2020,2021-10-17,ACTIVO,21.0,Norte
2364,María Martínez,usuario2364@outlook.com,3156444522,46,F,Cúcuta,alimentos,1308819.13,0.0,8.0,,07-22-2023,20-11-2020,Cancelado,4.0,Oriente
2365,Sergio Rivera,usuario2365@hotmail.com,3001051825,70,FEMENINO,Bogotá,Deportes,204488.84,5031292.04,11.0,efectivo,,,pendiente,16.0,Norte
2366,Ana Pérez,usuario2366@yahoo.com,3155929565,48,Female,Barranquilla,electronica,73966.97,4402947.3,8.4,Tarjeta Débito,2024-07-16,12-10-2022,activo,44.0,Norte
2367,Luis Rivera,usuario2367@empresa.co,3003910306,32,Female,Cali,electronica,187185.39,5155794.22,3.7,TARJETA CREDITO,2024/06/08,14 Nov 2021,Activo,17.0,
2368,Luis Sánchez,usuario2368@yahoo.com,3207079838,43,Femenino,Bucaramanga,HOGAR,19972.89,4932731.53,8.8,TARJETA CREDITO,2020-06-30,22 Sep 2021,Activo,8.0,Norte
2369,,usuario2369@empresa.co,3205140773,72,Male,Barranquilla,Deportes,29822.41,4535725.76,9.4,TARJETA CREDITO,22/08/2020,09/01/2022,pendiente,46.0,Sur
2370,,usuario2370@yahoo.com,3118781512,58,Male,Pereira,HOGAR,142227.79,4022939.2,6.9,Nequi,06 Feb 2024,03/07/2020,inactivo,44.0,Oriente
2371,Jorge Pérez,usuario2371@gmail.com,3112452023,61,MASCULINO,Medellín,deportes,84405.46,3932287.49,2.1,efectivo,2020/05/29,26/09/2020,ACTIVO,9.0,Sur
2372,Paola Ramírez,usuario2372@outlook.com,,68,Male,Cartagena,Ropa,17482.42,,5.1,tarjeta débito,2020/12/04,2024/09/03,Cancelado,41.0,Sur
2373,Sandra Torres,usuario2373@empresa.co,3002673089,59,m,Cartagena,Ropa,914198.5,,3.9,Efectivo,26 Jan 2021,13/06/2020,activo,34.0,Centro
2374,Ana Ramírez,usuario2374@empresa.co,3004902452,18,Male,Barranquilla,ROPA,91992.94,1143632.49,9.4,Tarjeta Débito,24/11/2023,08 Mar 2024,Inactivo,3.0,Sur
2375,Ana Flores,usuario2375@empresa.co,3004757371,53,FEMENINO,barranquilla,ROPA,392158.29,2982518.19,,TARJETA CREDITO,2021/02/25,04-23-2022,Cancelado,1.0,Sur
2376,Diana González,usuario2376@hotmail.com,3013676465,20,Male,Santa Marta,Ropa,,3029361.49,2.9,,04 Jul 2023,05-14-2021,inactivo,28.0,Sur
2377,Ana Ramírez,usuario2377@gmail.com,3156113519,,MASCULINO,BOGOTA,alimentos,,1134054.58,8.6,Tarjeta Crédito,25 Oct 2024,2021/07/23,Cancelado,,Occidente
2378,Diana Flores,usuario2378@hotmail.com,3159287569,52,Femenino,Bogotá,Hogar,283321.84,4095396.1,4.4,Nequi,18-10-2021,09-12-2023,activo,6.0,Norte
2379,Ana Pérez,usuario2379@gmail.com,3106345735,23,Male,Bucaramanga,Tecnología,154797.98,4849201.25,2.7,pse,,27 Apr 2024,Inactivo,43.0,Centro
2380,María Gómez,usuario2380@yahoo.com,3116619891,65,Masculino,Medellín,Deportes,79477.94,4798919.83,,Efectivo,11-09-2023,05 Jul 2020,Pendiente,10.0,Centro
2381,Miguel Flores,usuario2381@outlook.com,3203306969,64,m,  Cartagena  ,alimentos,70923.86,3959364.2,9.7,Nequi,24/09/2022,26-08-2022,Activo,44.0,Oriente
2382,Sergio Sánchez,usuario2382@hotmail.com,3156231962,44,MASCULINO,Bucaramanga,Deportes,74932.31,3756898.51,,Efectivo,2020-01-07,01 Jan 2021,pendiente,15.0,Occidente
2383,Carlos Flores,usuario2383@empresa.co,3203888943,72,Female,Santa Marta,Alimentos,434090.54,,3.7,efectivo,2023/07/20,2024-08-07,inactivo,32.0,Sur
2384,Juan Ramírez,usuario2384@outlook.com,---,28,Male,Cúcuta,Alimentos,,3540793.51,6.9,Nequi,26-12-2024,20 May 2020,activo,39.0,
2385,Miguel González,usuario2385@yahoo.com,3123773158,57,FEMENINO,Bucaramanga,Ropa,32630.82,0.0,8.0,Tarjeta Crédito,2020/10/11,24/07/2020,Inactivo,44.0,Oriente
2386,Sergio González,usuario2386@yahoo.com,3127421500,30,F,CALI,deportes,736157.4,3882173.3,2.5,Tarjeta Débito,,,Pendiente,36.0,Oriente
2387,Andrés Rivera,usuario2387@hotmail.com,3014806349,60,,BOGOTA,deportes,66806.27,4275642.76,2.1,tarjeta débito,2024-12-09,2020/04/30,ACTIVO,6.0,Centro
2388,María Rodríguez,usuario2388@yahoo.com,3159183712,72,MASCULINO,medellin,Ropa,112754.51,1783606.33,1.4,PSE,18 Feb 2020,18 Jul 2022,activo,7.0,
2389,Andrés Flores,usuario2389@yahoo.com,3155405999,N/A,Male,Cali,Deportes,258614.48,1590124.19,1.7,PSE,,11-08-2021,Inactivo,32.0,Occidente
2390,Luis Rivera,usuario2390@gmail.com,3111829273,53,f,Manizales,Hogar,115971.67,3874157.07,4.0,Nequi,,2024/06/05,ACTIVO,24.0,Centro
2391,Andrés Martínez,usuario2391@hotmail.com,3127373745,desconocido,f,Manizales,Ropa,588238.06,2163773.66,7.0,efectivo,05 Dec 2023,2023-10-06,Inactivo,16.0,Oriente
2392,Sandra López,usuario2392@outlook.com,3208694491,-5,F,Santa Marta,electronica,113996.32,-1000.0,2.7,Efectivo,17-05-2021,2024-06-21,ACTIVO,42.0,Centro
2393,Sergio Torres,usuario2393@yahoo.com,3122331071,55,Femenino,CALI,Electrónica,220582.95,4004761.2,,efectivo,09-22-2023,18 Oct 2023,inactivo,14.0,Norte
2394,,usuario2394outlook.com,,39,F,CALI,Tecnología,21282.24,2808182.28,8.3,TARJETA CREDITO,2024/03/25,30-06-2024,Inactivo,36.0,Occidente
2395,Sergio Torres,usuario2395@gmail.com,3101517555,60,Masculino,  Cartagena  ,deportes,247850.2,3145121.22,10.0,PSE,26/04/2023,2020/08/02,Inactivo,21.0,Centro
2396,Pedro Pérez,usuario2396@outlook.com,3002002613,24,FEMENINO,Barranquilla,alimentos,331130.6,4382875.13,6.9,efectivo,2024-08-03,2020-09-23,activo,38.0,Sur
2397,Ana Ramírez,usuario2397@yahoo.com,3122299233,22,,CALI,Electrónica,75890.16,5658191.81,9.0,PSE,01-07-2023,,Pendiente,,
2398,Miguel García,usuario2398@outlook.com,3207213689,38,,Cartagena,alimentos,140638.28,1699804.37,,pse,2023-10-01,31/03/2020,activo,37.0,Occidente
2399,Luis López,usuario2399@hotmail.com,3206727763,39,FEMENINO,Bogotá,Ropa,14237.0,4902399.8,3.5,Nequi,2022/12/29,17 Apr 2022,Cancelado,6.0,Centro
2400,Paola Martínez,usuario2400@gmail.com,3159937962,37,Femenino,barranquilla,Tecnología,465568.58,2965649.99,1.6,tarjeta débito,2020/09/01,2021/02/25,activo,28.0,Centro
2401,Pedro Rivera,,3152057516,27,F,Cartagena,Electrónica,571497.6,2849143.04,6.3,TARJETA CREDITO,2021-02-15,04 Jun 2022,activo,18.0,Occidente
2402,Laura Sánchez,,3154374710,41,f,barranquilla,Alimentos,384784.67,3508233.51,6.5,Tarjeta Débito,2023/11/24,2020/04/11,ACTIVO,20.0,Oriente
2403,Sergio Torres,usuario2403@empresa.co,3012039640,45,Masculino,medellin,Tecnología,,3641823.82,9.2,PSE,,2024-03-15,inactivo,22.0,Centro
2404,,usuario2404@outlook.com,3014832346,38,Male,Pereira,Electrónica,241619.24,3360286.68,4.5,TARJETA CREDITO,2021/11/25,01-02-2024,inactivo,38.0,Sur
2405,Andrés Pérez,usuario2405@gmail.com,3015566387,32,F,Pereira,Alimentos,195759.99,0.0,6.1,Tarjeta Débito,,2023/10/01,Cancelado,13.0,Occidente
2406,Carlos García,usuario2406@empresa.co,3106561834,59,f,Bucaramanga,Tecnología,269230.73,4197821.96,3.0,Tarjeta Débito,22 Nov 2024,08-31-2021,Cancelado,33.0,Sur
2407,Laura Torres,usuario2407@gmail.com,,71,Female,Bogotá,Hogar,59710.98,1884540.48,,pse,12-04-2021,2024-03-23,Activo,5.0,Oriente
2408,Laura Gómez,usuario2408@gmail.com,no tiene,61,M,Cartagena,Deportes,215107.09,99999999.0,6.3,pse,,17-04-2024,Cancelado,25.0,Centro
2409,Jorge Rodríguez,usuario2409@empresa.co,3159932997,74,m,barranquilla,deportes,293069.44,1985933.09,7.6,Tarjeta Débito,27/03/2021,2021/11/03,pendiente,27.0,Centro
2410,Natalia Pérez,usuario2410@outlook.com,3007993671,46,Femenino,Pereira,Alimentos,,3020068.57,4.1,,12 Jul 2022,2023/09/24,Pendiente,41.0,Oriente
2411,Carlos Rodríguez,usuario2411@yahoo.com,3127862042,37,MASCULINO,barranquilla,electronica,125267.86,2565335.88,4.6,TARJETA CREDITO,2023-11-06,03-09-2023,Pendiente,10.0,
2412,Pedro López,usuario2412@gmail.com,3156263202,24,,BOGOTA,Electrónica,164628.65,2975446.24,8.0,Efectivo,02 Oct 2021,05-11-2020,Inactivo,8.0,Oriente
2413,Paola Gómez,,3114551367,56,F,medellin,deportes,25803.24,1949617.63,2.3,tarjeta débito,2022-04-16,04-11-2022,Pendiente,43.0,Oriente
2414,Laura Ramírez,usuario2414@empresa.co,3154103409,35,Masculino,Barranquilla,ROPA,440604.06,3349471.97,5.0,Tarjeta Crédito,08-14-2024,2023-12-02,Activo,46.0,Oriente
2415,Jorge Rivera,usuario2415@outlook.com,3157715012,26,Female,Santa Marta,Ropa,183008.5,2458804.7,5.1,PSE,12-23-2023,2021-03-26,Cancelado,9.0,Oriente
2416,Sandra Ramírez,usuario2416@hotmail.com,3123859111,30,F,Cali,HOGAR,154039.77,2803797.43,2.2,efectivo,25/07/2020,10/05/2023,Pendiente,36.0,Norte
2417,Sergio Gómez,usuario2417@empresa.co,3128272402,74,f,medellin,Hogar,229683.72,4237253.65,4.6,tarjeta débito,06-05-2020,20/07/2020,Pendiente,42.0,Sur
2418,Diana Gómez,usuario2418@outlook.com,3127906075,64,F,Santa Marta,Electrónica,423887.21,3472709.82,,,26 Nov 2021,2023/10/23,Cancelado,16.0,
2419,Miguel González,usuario2419@hotmail.com,3004099652,-5,,Cali,Hogar,365176.36,2636905.91,1.1,TARJETA CREDITO,2024-08-06,05-21-2023,pendiente,15.0,Centro
2420,Jorge Rodríguez,usuario2420@yahoo.com,3114232226,58,MASCULINO,Barranquilla,HOGAR,47426.02,1415910.27,,TARJETA CREDITO,09 Oct 2024,17 Nov 2021,Inactivo,4.0,Oriente
2421,Miguel Rivera,usuario2421@empresa.co,3006372437,,Femenino,Cali,ROPA,101264.84,4827524.28,,,12-03-2023,02 Jun 2022,activo,8.0,Centro
2422,Natalia Rodríguez,usuario2422@outlook.com,3115691635,43,Female,Pereira,Alimentos,,4647801.81,10.0,,2022/04/22,11-01-2023,Pendiente,28.0,Norte
2423,Pedro Sánchez,usuario2423@gmail.com,3203831502,31,m,Pereira,HOGAR,353986.71,3088501.45,2.0,Nequi,,08 Aug 2024,pendiente,,
2424,Sergio Flores,,3125563436,53,f,Santa Marta,deportes,8255.93,4627247.43,9.9,PSE,19-10-2024,06-08-2022,pendiente,12.0,Oriente
2425,Laura González,usuario2425@yahoo.com,3153991703,75,F,Bogotá,HOGAR,172750.21,5107877.14,6.8,efectivo,2023-11-30,11-14-2020,activo,,Oriente
2426,,usuario2426@yahoo.com,3009631856,48,,Santa Marta,Ropa,262790.68,4979685.26,8.8,TARJETA CREDITO,2020-12-20,06/01/2022,Inactivo,35.0,Centro
2427,Natalia Sánchez,usuario2427empresa.co,3016658647,27,Masculino,Pereira,HOGAR,276466.15,1989534.95,8.1,,09 Jan 2022,02 Jul 2023,inactivo,48.0,Oriente
2428,Luis Martínez,usuario2428@yahoo.com,3203655234,32,Male,Pereira,deportes,352223.7,4176618.61,8.0,efectivo,2024/11/01,22/08/2022,Cancelado,48.0,Norte
2429,Luis Sánchez,usuario2429yahoo.com,3202100493,55,f,Barranquilla,deportes,134746.08,4423744.91,1.0,Tarjeta Crédito,08/06/2024,25-08-2024,Activo,14.0,Sur
2430,Laura González,usuario2430@outlook.com,3124053025,36,Male,medellin,deportes,744250.21,4068844.87,9.8,PSE,07-12-2021,2021/01/29,Activo,4.0,Oriente
2431,Laura Rivera,usuario2431@empresa.co,3018693651,50,Female,Medellín,Hogar,346721.61,3115303.53,5.9,,06 Aug 2023,01/06/2024,Pendiente,27.0,
2432,Miguel Rivera,usuario2432@gmail.com,3005012128,43,F,Bucaramanga,Alimentos,367593.54,4849613.91,,Nequi,22-02-2021,05-24-2020,pendiente,44.0,Sur
2433,Ana Ramírez,usuario2433@gmail.com,3151372528,18,Femenino,Cali,HOGAR,903955.56,3639473.11,9.7,tarjeta débito,29-10-2020,2023-05-18,Cancelado,38.0,Occidente
2434,Sandra Sánchez,usuario2434@yahoo.com,3111323950,72,M,BOGOTA,Deportes,438749.04,2795563.7,5.4,efectivo,28 Mar 2020,02-21-2021,ACTIVO,13.0,Oriente
2435,Diana Flores,usuario2435@gmail.com,3017749707,57,Male,Manizales,Electrónica,102572.3,3511852.3,1.1,,08-31-2024,04-28-2024,ACTIVO,7.0,Norte
2436,Diana Flores,usuario2436@empresa.co,3116966725,66,Female,Medellín,Electrónica,744805.21,3365266.91,2.7,Nequi,2020-03-14,19/11/2023,ACTIVO,5.0,Centro
2437,Andrés López,usuario2437@gmail.com,3004030592,46,Male,barranquilla,alimentos,,4267158.25,2.1,PSE,12-02-2021,08-10-2023,activo,,Centro
2438,Sergio Martínez,usuario2438@outlook.com,3005963414,54,F,Manizales,HOGAR,188818.38,1348115.66,6.9,Nequi,,01-28-2020,Inactivo,36.0,Occidente
2439,Miguel Torres,usuario2439@outlook.com,3004504270,60,FEMENINO,Manizales,Alimentos,32182.02,4429477.18,2.3,,2023/12/01,10-03-2020,Pendiente,,Centro
2440,Luis Martínez,usuario2440@gmail.com,3009053008,27,Female,Pereira,ROPA,166720.16,3156423.61,2.6,TARJETA CREDITO,11-06-2022,2021/09/12,Inactivo,9.0,Occidente
2441,Luis González,usuario2441@outlook.com,3159189578,48,F,Manizales,Tecnología,504882.43,3952432.2,1.1,tarjeta débito,29/07/2024,,Activo,23.0,Oriente
2442,Pedro Flores,usuario2442@yahoo.com,3119008571,20,F,Cartagena,Tecnología,89515.58,2983547.56,3.9,tarjeta débito,2023-12-03,09-10-2021,Inactivo,27.0,Oriente
2443,Jorge Rivera,sin_email,3124633289,49,f,Pereira,deportes,266748.97,3084548.5,2.7,pse,2020/01/09,10/02/2023,inactivo,,Norte
2444,Pedro Sánchez,usuario2444@hotmail.com,3101369847,34,Female,Pereira,Hogar,506843.66,3791994.44,6.3,tarjeta débito,28/03/2023,29/01/2021,Inactivo,8.0,Oriente
2445,Jorge Torres,usuario2445@yahoo.com,3201513923,20,,Cali,Ropa,,4862657.45,1.0,PSE,2022-09-14,2020-09-20,inactivo,15.0,Sur
2446,Ana Gómez,usuario2446@empresa.co,3011726775,51,Male,CALI,Tecnología,61497.41,2953236.91,11.0,tarjeta débito,10 Nov 2020,25-01-2020,pendiente,30.0,
2447,Carlos Rivera,usuario2447@hotmail.com,3208109901,41,FEMENINO,medellin,Hogar,495603.19,4378788.24,8.2,Tarjeta Crédito,2023-03-22,2021-01-13,inactivo,5.0,Centro
2448,Ana López,usuario2448@gmail.com,3155984829,47,Masculino,CALI,Alimentos,308125.42,2302834.32,9.0,efectivo,2022-03-02,08-02-2020,activo,31.0,Sur
2449,Laura Rodríguez,usuario2449@gmail.com,3128022676,20,m,  Cartagena  ,Deportes,182901.85,2640329.02,2.0,Tarjeta Débito,18/07/2023,24 Feb 2022,Cancelado,41.0,
2450,María Rivera,usuario2450@hotmail.com,3155497418,38,Male,Bogotá,Ropa,250611.11,3263222.46,7.0,tarjeta débito,2021/07/04,,pendiente,47.0,Occidente
2451,Laura Sánchez,usuario2451@hotmail.com,3152274222,51,Femenino,  Cartagena  ,deportes,123230.91,2917901.16,9.5,PSE,11-01-2020,01 Jun 2023,Cancelado,31.0,
2452,María Ramírez,usuario2452@outlook.com,3017503446,35,m,Barranquilla,Ropa,380623.55,4646425.91,3.9,PSE,16-08-2021,,Inactivo,2.0,Occidente
2453,Juan Ramírez,usuario2453@yahoo.com,3006442457,34,Femenino,Bucaramanga,Electrónica,249320.88,3628096.38,5.0,Efectivo,,2020/10/18,activo,20.0,Centro
2454,Sandra López,usuario2454@empresa.co,3105217865,54,M,Pereira,Tecnología,371666.61,2503862.05,7.9,Efectivo,2022-09-13,19/08/2020,activo,37.0,Oriente
2455,Sandra Flores,,3009462844,59,,medellin,Electrónica,100239.12,1061297.0,2.2,TARJETA CREDITO,2023/01/07,07-12-2020,ACTIVO,35.0,Centro
2456,Sandra Martínez,usuario2456@empresa.co,3006816392,55,MASCULINO,Pereira,Tecnología,163959.71,4613224.69,8.1,Tarjeta Débito,18-03-2022,2024-02-26,inactivo,28.0,
2457,Ana Flores,usuario2457@gmail.com,3123720022,71,FEMENINO,Bogotá,Alimentos,40816.59,2710695.46,2.1,tarjeta débito,18/04/2021,10-29-2021,activo,39.0,Norte
2458,Paola Rodríguez,usuario2458@outlook.com,3007822759,150,m,Cúcuta,Alimentos,439157.9,4005048.26,7.0,tarjeta débito,03-10-2020,02-05-2022,pendiente,50.0,
2459,Luis Rodríguez,usuario2459@hotmail.com,3157287635,32,F,Cartagena,electronica,83452.99,1712158.83,6.0,Tarjeta Débito,2023-05-09,05-03-2023,ACTIVO,5.0,
2460,Natalia Sánchez,usuario2460@gmail.com,3204724496,40,MASCULINO,Cartagena,deportes,44264.02,3808435.22,,tarjeta débito,28/11/2022,,activo,46.0,Sur
2461,Sergio Martínez,usuario2461@outlook.com,3015609494,40,FEMENINO,  Cartagena  ,Ropa,191286.36,1966775.0,5.7,Tarjeta Crédito,2024/10/20,2020/10/27,Cancelado,8.0,Centro
2462,Jorge Pérez,usuario2462@gmail.com,,48,F,Pereira,ROPA,319041.65,1800589.63,,Tarjeta Crédito,01-01-2024,14 Oct 2020,Pendiente,33.0,Oriente
2463,Jorge González,usuario2463@gmail.com,3209733236,18,Masculino,Cúcuta,Hogar,123636.93,2105113.42,1.2,PSE,2021/07/27,05/05/2023,Inactivo,28.0,Occidente
2464,María López,usuario2464@gmail.com,3101275631,26,Femenino,Manizales,Hogar,77233.14,4304221.66,,efectivo,14 Aug 2023,2023/04/17,inactivo,16.0,Oriente
2465,Miguel Pérez,usuario2465@empresa.co,3115942403,32,Female,Santa Marta,Deportes,767677.09,2839417.53,1.9,TARJETA CREDITO,04-02-2024,08-22-2020,Activo,36.0,
2466,Andrés Ramírez,usuario2466@outlook.com,3125076434,desconocido,Male,Cúcuta,electronica,11223.18,4130226.1,8.8,,25 Jan 2022,03-04-2022,activo,7.0,Sur
2467,Jorge Ramírez,usuario2467@empresa.co,3007829709,27,Male,Bucaramanga,Hogar,1266954.37,4348846.67,3.2,Nequi,30/12/2021,19/05/2020,Cancelado,8.0,Centro
2468,Pedro García,usuario2468@hotmail.com,3013441226,41,Female,CALI,Deportes,353681.74,5858808.49,,tarjeta débito,2022-02-20,12-24-2023,Pendiente,41.0,Occidente
2469,Ana Flores,usuario2469@empresa.co,3203228518,70,F,Bucaramanga,Alimentos,30226.71,1795955.39,7.8,Tarjeta Crédito,26-08-2024,2021/09/10,activo,33.0,Occidente
2470,Diana Rivera,usuario2470@hotmail.com,3106171319,32,Femenino,Bogotá,Tecnología,37770.05,0.0,5.6,Tarjeta Débito,25-10-2022,02-07-2021,ACTIVO,,Sur
2471,Paola Ramírez,usuario2471@outlook.com,3003352403,39,Female,Bogotá,Ropa,217106.21,3747470.82,9.4,TARJETA CREDITO,2021/04/26,27-10-2022,Pendiente,20.0,Oriente
2472,Laura Ramírez,usuario2472@yahoo.com,3014535591,48,,Cartagena,Electrónica,316828.59,2567406.24,5.2,tarjeta débito,24-06-2020,10-02-2023,inactivo,17.0,Oriente
2473,Diana García,usuario2473@gmail.com,3118096428,48,Female,  Cartagena  ,electronica,68053.06,4341634.01,5.1,PSE,,19-10-2022,activo,36.0,Occidente
2474,Jorge López,usuario2474@empresa.co,3204472830,28,FEMENINO,barranquilla,electronica,509427.35,3827253.85,6.7,TARJETA CREDITO,12-24-2022,07-08-2021,Activo,10.0,Oriente
2475,Pedro Martínez,usuario2475@yahoo.com,3013066074,44,Female,Manizales,HOGAR,56273.67,4124109.12,2.6,efectivo,07/06/2020,19 Apr 2020,ACTIVO,,
2476,,usuario2476@hotmail.com,3116483589,,MASCULINO,Cúcuta,deportes,510371.34,2272005.2,7.1,Efectivo,11-10-2023,06-10-2021,activo,38.0,Sur
2477,Laura González,usuario2477@yahoo.com,3007517605,,Male,Pereira,Ropa,85249.28,2015141.56,3.0,tarjeta débito,19/02/2021,11 Jul 2020,Cancelado,36.0,Sur
2478,María Flores,usuario2478@hotmail.com,3019588990,28,Male,barranquilla,Ropa,198674.08,6653649.99,7.8,PSE,2024-10-29,06-07-2022,ACTIVO,46.0,Norte
2479,Andrés Martínez,usuario2479@gmail.com,3102058006,50,FEMENINO,Cali,deportes,193669.02,4276583.16,9.2,PSE,01-03-2021,19 May 2020,Inactivo,40.0,Occidente
2480,Laura Martínez,usuario2480@gmail.com,3129506659,,Male,Pereira,HOGAR,4035435.0,1955205.48,9.7,Tarjeta Crédito,14 Oct 2024,02 Jun 2023,ACTIVO,19.0,Occidente
2481,Luis López,usuario2481@outlook.com,3154959946,21,Female,Cali,Hogar,111604.42,4919394.89,3.0,Nequi,24-10-2020,,Activo,18.0,Norte
2482,Pedro García,usuario2482@empresa.co,3121506595,29,Female,Bucaramanga,Ropa,620850.61,4838995.98,8.0,Efectivo,2024/12/02,08 Aug 2023,Inactivo,28.0,Sur
2483,Luis Rodríguez,usuario2483@gmail.com,3011141106,43,FEMENINO,Manizales,Electrónica,57922.36,3795396.13,1.9,tarjeta débito,30/12/2024,24 Feb 2022,Inactivo,5.0,Oriente
2484,Carlos Rivera,usuario2484@gmail.com,3111485587,54,Masculino,Santa Marta,Hogar,7278.24,2567972.82,6.6,Nequi,10-04-2023,02 Jul 2023,Cancelado,12.0,Oriente
2485,Pedro Flores,usuario2485hotmail.com,3107302397,74,m,Cúcuta,Electrónica,356633.42,3574262.79,5.0,,30 Jul 2023,25-05-2021,Pendiente,29.0,Centro
2486,Pedro González,usuario2486@gmail.com,3101387190,60,Femenino,Manizales,Tecnología,31412.84,3338475.43,9.1,Efectivo,2020-12-21,24/08/2022,pendiente,7.0,Oriente
2487,Ana Ramírez,usuario2487@empresa.co,3012833784,23,FEMENINO,Pereira,electronica,317759.09,5220747.12,4.6,Efectivo,19/05/2020,08/12/2020,Pendiente,41.0,Occidente
2488,,usuario2488@hotmail.com,3126668452,56,Masculino,Medellín,Alimentos,44971.52,3775684.64,3.9,TARJETA CREDITO,2020-08-16,23 Apr 2022,Pendiente,6.0,Occidente
2489,Natalia Pérez,,3018849848,73,m,BOGOTA,alimentos,190851.86,0.0,3.9,pse,15/07/2022,2023/06/15,ACTIVO,29.0,
2490,María González,,3014658488,32,,Pereira,Electrónica,599389.24,4804281.59,5.4,PSE,20-04-2021,,Inactivo,48.0,Centro
2491,Andrés Rodríguez,usuario2491@hotmail.com,3155325007,56,Femenino,BOGOTA,Hogar,250278.55,3442431.42,6.1,Tarjeta Débito,07/06/2020,11 Aug 2023,Pendiente,8.0,Centro
2492,Pedro Rodríguez,usuario2492@empresa.co,3126286588,55,MASCULINO,Santa Marta,Deportes,293972.32,2521521.39,1.2,TARJETA CREDITO,26/10/2023,2024-01-08,ACTIVO,16.0,Norte
2493,Sandra López,usuario2493@empresa.co,3155093900,29,FEMENINO,Cali,Deportes,198191.39,3858263.27,2.7,Tarjeta Débito,2023-05-16,23/06/2022,Inactivo,44.0,Occidente
2494,Luis Torres,usuario2494@yahoo.com,3204242145,50,f,Cúcuta,Ropa,481016.5,4028174.1,1.0,Efectivo,26/06/2024,2023-04-01,pendiente,42.0,
2495,Paola Flores,usuario2495@hotmail.com,3155459681,64,Masculino,Pereira,HOGAR,232816.42,5051594.25,9.7,Tarjeta Débito,2024/12/14,2023-05-03,Pendiente,50.0,Centro
2496,Pedro Rodríguez,usuario2496@outlook.com,3155156500,47,Femenino,Santa Marta,Tecnología,162229.08,3401984.4,1.4,Tarjeta Crédito,12-06-2020,07-02-2021,Cancelado,39.0,Oriente
2497,,usuario2497@yahoo.com,3016493207,22,f,Cúcuta,Deportes,63720.92,,9.0,Tarjeta Débito,2020-07-25,2023/04/07,Cancelado,48.0,Occidente
2498,Carlos Ramírez,usuario2498@gmail.com,3119827968,42,MASCULINO,barranquilla,Deportes,482517.76,3699112.06,8.2,PSE,09-22-2023,2021/06/07,ACTIVO,46.0,Norte
2499,Laura Ramírez,usuario2499@yahoo.com,3206099871,19,Femenino,  Cartagena  ,Electrónica,,4924976.76,4.4,Efectivo,17-07-2022,03/01/2020,pendiente,15.0,Oriente
2500,Andrés González,usuario2500@gmail.com,3159682775,73,FEMENINO,BOGOTA,Deportes,345859.18,5261649.21,4.5,,08/10/2023,2020-07-22,activo,44.0,Sur
2501,María González,usuario2501@yahoo.com,3016434739,61,F,medellin,Hogar,371862.82,,3.2,Efectivo,07/11/2021,,Pendiente,4.0,
2502,María González,usuario2502@yahoo.com,3112500301,27,M,Santa Marta,HOGAR,558072.27,3163598.69,3.5,pse,2024-05-12,20 Jun 2021,activo,16.0,Norte
2503,Paola Rivera,usuario2503@hotmail.com,3018941293,29,,CALI,Electrónica,,4171827.01,1.4,TARJETA CREDITO,13 Aug 2022,02-05-2022,pendiente,40.0,Occidente
2504,Jorge López,usuario2504@yahoo.com,3007604426,57,,Medellín,alimentos,88512.41,2841871.0,2.3,Tarjeta Crédito,2022-05-21,20 May 2022,Inactivo,7.0,Occidente
2505,Natalia López,usuario2505@gmail.com,3206188432,74,Male,Cúcuta,electronica,216553.14,2666557.92,9.3,Tarjeta Débito,10-12-2020,26/01/2021,ACTIVO,5.0,Oriente
2506,Carlos Ramírez,usuario2506@hotmail.com,3157822631,50,,  Cartagena  ,electronica,1674121.83,,6.0,Efectivo,11/07/2021,26-12-2022,Inactivo,33.0,Sur
2507,Luis Sánchez,usuario2507@empresa.co,3207322292,23,Female,Cali,Deportes,67940.31,3176961.01,9.1,pse,07-06-2023,2023/05/30,inactivo,29.0,Occidente
2508,Natalia Torres,usuario2508@yahoo.com,3017681725,26,FEMENINO,Santa Marta,Electrónica,,1629881.2,,pse,29-01-2020,,Inactivo,47.0,Norte
2509,Pedro López,usuario2509@yahoo.com,3126984499,52,Femenino,Medellín,electronica,20751.75,3855517.82,6.7,efectivo,04-07-2021,13/10/2024,pendiente,33.0,Occidente
2510,Jorge Rodríguez,usuario2510@hotmail.com,3003473507,75,Femenino,Bogotá,Tecnología,137777.76,3929260.65,2.8,pse,2024/06/08,11-30-2022,Inactivo,1.0,Oriente
2511,Jorge González,usuario2511@yahoo.com,3002599071,61,f,Santa Marta,Tecnología,1050508.31,4450590.98,6.5,PSE,02-02-2021,09-27-2020,activo,10.0,Sur
2512,Natalia Ramírez,usuario2512@empresa.co,3154418814,51,MASCULINO,Manizales,electronica,117680.93,4118958.96,6.5,Efectivo,28/01/2022,11-11-2024,Cancelado,6.0,Occidente
2513,Ana Rivera,usuario2513@hotmail.com,3114797998,73,F,barranquilla,Tecnología,351704.05,0.0,3.4,TARJETA CREDITO,02 Jan 2024,08/05/2023,pendiente,27.0,Centro
2514,Natalia Flores,usuario2514@yahoo.com,3209334926,,Femenino,Medellín,Tecnología,243836.79,1995510.02,8.5,efectivo,2023-11-17,2020-08-17,Activo,27.0,Norte
2515,Sandra García,usuario2515@gmail.com,,32,,Manizales,electronica,46296.37,3571369.64,2.6,TARJETA CREDITO,10 Aug 2023,06 May 2023,ACTIVO,10.0,Norte
2516,Paola Sánchez,usuario2516@hotmail.com,3156376900,48,,BOGOTA,HOGAR,365777.19,2947080.83,8.3,PSE,30/01/2024,2022-08-27,Pendiente,10.0,Oriente
2517,Laura García,usuario2517@hotmail.com,3107870925,42,M,Pereira,ROPA,,3923404.78,7.1,PSE,06-05-2020,07-05-2020,Cancelado,33.0,Norte
2518,Andrés García,usuario2518@yahoo.com,3006608736,69,Male,BOGOTA,Deportes,144212.81,2936975.19,2.3,efectivo,21/12/2022,10 Apr 2020,Activo,1.0,Occidente
2519,Carlos González,usuario2519@outlook.com,3005668940,66,f,Santa Marta,Deportes,376957.09,3688829.94,2.9,PSE,2023-10-19,14/07/2022,ACTIVO,36.0,Centro
2520,Paola Rodríguez,usuario2520@hotmail.com,3018013919,54,Masculino,Cali,electronica,395616.81,3616357.65,7.9,TARJETA CREDITO,2023/08/02,17 Dec 2024,inactivo,45.0,Oriente
2521,Diana García,usuario2521@hotmail.com,000,26,m,  Cartagena  ,Alimentos,6536.52,5222538.52,5.1,pse,02-02-2024,07-09-2021,Cancelado,,Norte
2522,Natalia Torres,,3126115313,67,FEMENINO,Medellín,ROPA,,,2.0,efectivo,15 Nov 2021,2024/04/11,inactivo,46.0,Centro
2523,,usuario2523@outlook.com,3153854300,72,F,Bucaramanga,Deportes,80900.93,3554115.15,3.2,PSE,02/05/2021,2020/02/20,Pendiente,,
2524,Sandra Rivera,usuario2524@hotmail.com,3109635368,56,Female,Pereira,ROPA,446978.46,3849044.94,6.4,Efectivo,2024/06/22,22/10/2024,inactivo,45.0,Norte
2525,Ana Gómez,usuario2525@gmail.com,,44,f,barranquilla,electronica,322399.69,4893459.95,4.0,Tarjeta Débito,20/08/2020,16-03-2024,ACTIVO,45.0,Occidente
2526,Miguel Ramírez,usuario2526@hotmail.com,3001154031,18,Femenino,barranquilla,Electrónica,98587.4,5486159.27,8.6,Nequi,21/07/2022,23 Jan 2020,ACTIVO,11.0,Occidente
2527,Ana Ramírez,usuario2527@hotmail.com,3153036294,68,f,Bucaramanga,alimentos,,3566957.73,1.3,Tarjeta Crédito,2021/02/20,22 Mar 2022,ACTIVO,5.0,Centro
2528,Luis Flores,usuario2528@outlook.com,3101582815,,Femenino,Santa Marta,Alimentos,174124.87,,5.5,pse,2020/08/23,11-05-2022,Pendiente,25.0,Centro
2529,Carlos González,usuario2529empresa.co,3156167005,51,M,Santa Marta,Hogar,164020.84,1713729.8,1.1,TARJETA CREDITO,2024-10-29,2024/03/29,Cancelado,1.0,Norte
2530,Juan Rivera,usuario2530@hotmail.com,3152707209,,FEMENINO,Pereira,Ropa,44895.91,2602830.95,4.3,efectivo,29/11/2023,31/08/2020,Inactivo,26.0,Sur
2531,Carlos Pérez,usuario2531@gmail.com,3109456305,62,FEMENINO,Santa Marta,Tecnología,524564.24,1876713.72,,tarjeta débito,18/03/2021,05-09-2024,Cancelado,38.0,
2532,Pedro Ramírez,usuario2532@yahoo.com,3009854763,44,Masculino,Bogotá,Hogar,573037.8,,2.9,Tarjeta Débito,06-23-2024,2024/10/08,inactivo,36.0,Norte
2533,Ana Pérez,usuario2533@hotmail.com,3157659380,27,F,Cali,Deportes,111370.46,3905789.79,6.6,PSE,,13/01/2023,ACTIVO,16.0,Centro
2534,Juan Sánchez,sin_email,3106981524,55,Male,Cali,Ropa,8521.14,,6.4,TARJETA CREDITO,2022-05-16,2020/11/17,Activo,34.0,Sur
2535,Andrés Pérez,sin_email,3113402483,72,FEMENINO,  Cartagena  ,deportes,652582.53,5033812.5,9.4,Nequi,2020-01-04,2023-07-08,activo,31.0,Centro
2536,Ana García,usuario2536@empresa.co,3105575916,54,F,Pereira,Ropa,244633.21,1764841.21,3.9,Efectivo,2021/04/04,,activo,38.0,Sur
2537,Natalia Pérez,usuario2537@empresa.co,3117240308,35,MASCULINO,Barranquilla,Tecnología,275603.48,5392097.1,8.3,PSE,18 Apr 2023,03-08-2022,ACTIVO,16.0,Sur
2538,Diana Ramírez,usuario2538@gmail.com,3015871380,43,,Cartagena,ROPA,670285.15,903006.35,3.0,Efectivo,30/03/2023,08-01-2023,pendiente,1.0,Occidente
2539,Miguel González,usuario2539@empresa.co,3123283222,44,Femenino,Manizales,Alimentos,151974.62,2898393.36,9.2,TARJETA CREDITO,10-21-2020,26 Nov 2021,ACTIVO,19.0,Occidente
2540,María López,usuario2540@hotmail.com,3206305964,53,m,barranquilla,HOGAR,670142.81,2153605.25,4.9,tarjeta débito,12 Dec 2022,2021/10/01,ACTIVO,7.0,Norte
2541,Laura Flores,usuario2541@empresa.co,3205249682,41,f,Medellín,HOGAR,178094.86,3003166.5,8.9,efectivo,2024/01/02,2020/10/30,Pendiente,8.0,Centro
2542,Pedro Martínez,usuario2542@gmail.com,3113231294,48,,  Cartagena  ,Deportes,362150.62,2655358.38,1.8,Efectivo,29 Jan 2022,2024-06-05,Pendiente,40.0,Norte
2543,Andrés Sánchez,sin_email,3101728874,37,FEMENINO,Cartagena,Deportes,22066.42,2822281.21,5.4,,2020/04/17,06 Nov 2021,ACTIVO,49.0,Occidente
2544,Paola García,usuario2544@empresa.co,3007433432,67,Male,BOGOTA,HOGAR,205965.64,4220610.85,6.4,,03 Aug 2020,09/05/2024,inactivo,21.0,Sur
2545,Diana Gómez,usuario2545@outlook.com,,65,m,Medellín,Hogar,221274.55,,1.2,Tarjeta Crédito,05-17-2023,17/05/2023,Inactivo,4.0,Sur
2546,Sandra González,usuario2546@gmail.com,3119697203,73,Male,medellin,electronica,54583.07,4169641.31,100.0,,23-02-2020,16 May 2023,Activo,45.0,Oriente
2547,Paola Pérez,usuario2547@empresa.co,3128320871,65,Femenino,Medellín,alimentos,23741.49,2279182.99,7.9,tarjeta débito,29 Jul 2023,04-21-2023,pendiente,19.0,Oriente
2548,Andrés Gómez,usuario2548@empresa.co,3118264310,68,Female,BOGOTA,electronica,182833.42,3409281.08,4.2,efectivo,17/01/2022,24 Apr 2023,pendiente,7.0,Occidente
2549,Sergio Sánchez,usuario2549@empresa.co,3123965641,28,Female,Barranquilla,Hogar,42325.69,,2.6,efectivo,,09/12/2022,Pendiente,46.0,
2550,Miguel Rodríguez,usuario2550@empresa.co,,50,FEMENINO,Pereira,Ropa,203265.78,3389697.28,6.4,efectivo,29-11-2023,30-08-2022,activo,15.0,
2551,Natalia Rodríguez,usuario2551@hotmail.com,3117740584,39,m,Barranquilla,Deportes,139915.81,1058886.01,9.9,Nequi,2021-11-11,23-10-2021,inactivo,11.0,Oriente
2552,Luis Pérez,usuario2552@yahoo.com,3116728028,57,F,Medellín,HOGAR,16638.5,3461106.19,,,27/07/2022,28/08/2023,activo,44.0,Sur
2553,Paola García,usuario2553@empresa.co,3108429326,63,Femenino,BOGOTA,Electrónica,338586.63,1230244.91,2.1,Efectivo,06-11-2023,15 Apr 2024,Inactivo,17.0,Norte
2554,Miguel Martínez,usuario2554@empresa.co,3104896107,999,f,Manizales,HOGAR,351409.3,3969647.49,1.3,Nequi,2023-03-11,06/11/2022,activo,34.0,Centro
2555,Sergio González,usuario2555@yahoo.com,3154178256,18,Femenino,Manizales,Ropa,234563.52,,8.6,tarjeta débito,11/12/2020,10 Feb 2020,pendiente,48.0,Norte
2556,Juan Sánchez,,3118458938,70,F,Pereira,Electrónica,837553.29,2466093.02,5.5,TARJETA CREDITO,25-06-2023,23/01/2021,activo,27.0,Norte
2557,Luis Martínez,usuario2557@empresa.co,3007715454,56,Masculino,Cali,Alimentos,343572.11,4184101.31,8.0,TARJETA CREDITO,2023/02/24,2020/12/19,pendiente,24.0,
2558,Andrés Flores,usuario2558@outlook.com,3104402904,22,Femenino,  Cartagena  ,ROPA,131639.19,2892134.2,1.1,PSE,2024-06-18,2020-07-30,Pendiente,24.0,
2559,Juan López,usuario2559@empresa.co,3014810085,41,,barranquilla,Alimentos,210901.58,3658757.71,4.8,,2024-10-12,2023-03-09,inactivo,12.0,Norte
2560,Ana Pérez,usuario2560@gmail.com,3127673860,20,m,Pereira,Hogar,17106.69,4241326.33,1.4,Efectivo,14-05-2020,16 Dec 2024,Activo,9.0,
2561,Diana Flores,usuario2561@empresa.co,3122365963,43,MASCULINO,Bogotá,Tecnología,877216.71,3140549.14,6.8,efectivo,2024/07/29,11-05-2024,Pendiente,32.0,Norte
2562,Andrés Flores,usuario2562@gmail.com,3154371097,51,,Medellín,Hogar,129800.29,1619409.61,6.6,TARJETA CREDITO,27/03/2020,28-02-2021,Pendiente,24.0,
2563,Diana González,usuario2563@yahoo.com,3158833833,56,Female,  Cartagena  ,Hogar,229043.0,3565515.53,5.4,efectivo,13 Jan 2022,30 Oct 2022,Activo,40.0,Centro
2564,Sergio Torres,usuario2564@yahoo.com,3205189877,0,Masculino,Santa Marta,Alimentos,359203.89,798252.35,1.0,Tarjeta Débito,04-08-2020,2024/02/04,Inactivo,2.0,Norte
2565,Juan Pérez,usuario2565@hotmail.com,3113199725,46,Female,Barranquilla,deportes,,3996536.0,2.7,,09-02-2024,16 Jan 2020,Cancelado,11.0,Centro
2566,Sandra González,usuario2566@empresa.co,3004634936,,FEMENINO,Bucaramanga,ROPA,11663.13,1791039.17,4.1,efectivo,10-22-2024,06-10-2022,pendiente,11.0,Sur
2567,Laura Martínez,usuario2567@outlook.com,000,69,Male,CALI,Ropa,30239.45,-1000.0,0.0,Tarjeta Débito,24/03/2021,,Activo,48.0,Sur
2568,Diana Ramírez,,3113393785,30,Femenino,Manizales,deportes,447237.86,4502829.79,4.1,TARJETA CREDITO,08 Aug 2023,15-01-2021,Pendiente,40.0,Oriente
2569,Luis Pérez,usuario2569@empresa.co,3112214656,,FEMENINO,CALI,Hogar,,2167521.83,7.1,PSE,,,pendiente,30.0,Occidente
2570,Juan Torres,,3209796781,51,M,Santa Marta,Electrónica,10140.94,4423819.09,1.6,efectivo,23-09-2024,14 Oct 2021,pendiente,33.0,Occidente
2571,Miguel Torres,usuario2571@hotmail.com,3108985604,57,F,Cartagena,Electrónica,84494.77,3066413.51,4.2,,26 Feb 2021,2021/12/15,ACTIVO,18.0,Norte
2572,Diana Rivera,usuario2572@outlook.com,3156638010,20,Masculino,Medellín,Alimentos,275284.65,3714385.31,1.0,Efectivo,12-27-2020,2023/03/06,inactivo,43.0,
2573,Luis López,usuario2573@yahoo.com,3151869099,59,m,CALI,Electrónica,,3835423.45,10.0,Nequi,22 Jun 2020,13 Nov 2021,Inactivo,26.0,
2574,Luis Ramírez,usuario2574@hotmail.com,3106798732,,FEMENINO,barranquilla,alimentos,208599.3,1326427.6,2.3,PSE,02-25-2021,22/04/2020,Activo,18.0,Centro
2575,Laura Ramírez,usuario2575@yahoo.com,3015590046,35,F,Manizales,deportes,51701.53,0.0,,Nequi,06-10-2022,17/01/2020,Pendiente,21.0,Norte
2576,,,no tiene,40,M,Bogotá,Electrónica,77967.62,4639233.52,4.1,Tarjeta Débito,2023-12-16,22-03-2023,inactivo,49.0,Oriente
2577,Juan Martínez,usuario2577@yahoo.com,3116029347,43,F,medellin,ROPA,70830.14,4092356.58,3.0,Efectivo,2024/03/30,,ACTIVO,23.0,Centro
2578,Ana López,usuario2578@empresa.co,3154037644,51,M,barranquilla,Deportes,38346.9,3632379.07,1.7,tarjeta débito,06 Mar 2020,29-05-2020,pendiente,18.0,Centro
2579,Sergio Gómez,usuario2579@hotmail.com,3126439470,,Femenino,Santa Marta,alimentos,7483.74,6626260.63,6.6,efectivo,10-29-2021,2020/02/23,Pendiente,37.0,Sur
2580,Sandra Pérez,usuario2580@hotmail.com,,23,Male,Manizales,Hogar,130418.82,2082419.92,8.0,tarjeta débito,09-19-2021,2024/02/22,Activo,18.0,Norte
2581,Andrés Rivera,usuario2581@empresa.co,3113612428,64,Femenino,Bogotá,deportes,86100.73,1565457.41,3.6,tarjeta débito,01-26-2020,17-04-2020,activo,25.0,Norte
2582,Juan Rodríguez,usuario2582@yahoo.com,3007664903,55,,Medellín,electronica,285374.38,1257582.91,5.0,TARJETA CREDITO,2020-06-30,03-08-2022,Pendiente,34.0,Oriente
2583,Paola Torres,usuario2583@outlook.com,3205458383,70,Femenino,Cartagena,HOGAR,91954.07,4176611.13,3.2,TARJETA CREDITO,10-04-2022,2023/07/23,Pendiente,48.0,Occidente
2584,Miguel Pérez,usuario2584@empresa.co,3006712816,56,Femenino,Bucaramanga,Electrónica,6165854.0,3192157.31,,Tarjeta Crédito,2021/05/23,05-01-2023,pendiente,41.0,Occidente
2585,Miguel Pérez,usuario2585@empresa.co,3004752908,47,F,Bogotá,Electrónica,130119.03,1095273.92,6.5,PSE,2023-11-14,06-03-2020,Activo,27.0,Sur
2586,Sandra González,usuario2586@gmail.com,3003081341,54,F,barranquilla,HOGAR,481290.28,4194631.98,4.2,Efectivo,2024/09/02,03 May 2024,Cancelado,28.0,Oriente
2587,Jorge Gómez,usuario2587@hotmail.com,3157867523,,Masculino,Pereira,Tecnología,45036.25,5029064.62,7.3,PSE,2022/10/12,2021-12-26,Inactivo,43.0,Norte
2588,Diana Sánchez,usuario2588@empresa.co,,50,Female,barranquilla,Ropa,58595.7,99999999.0,1.7,Efectivo,2020/06/30,07-02-2023,pendiente,43.0,
2589,Ana Torres,usuario2589@yahoo.com,3151727835,22,FEMENINO,  Cartagena  ,alimentos,260001.86,3718195.96,5.5,TARJETA CREDITO,2020-02-09,2020-02-25,pendiente,15.0,Sur
2590,Laura Martínez,usuario2590@yahoo.com,3119528580,39,Female,Bucaramanga,Deportes,395778.22,99999999.0,7.4,Efectivo,21/06/2022,06-03-2022,Inactivo,25.0,
2591,,usuario2591@outlook.com,3152057220,69,FEMENINO,Santa Marta,Deportes,87835.09,4742641.33,4.1,Tarjeta Crédito,11 Nov 2024,11-12-2023,activo,10.0,Occidente
2592,Natalia López,usuario2592@hotmail.com,3014895114,34,,  Cartagena  ,Ropa,376489.87,3795535.21,6.8,,03/05/2021,03 Mar 2022,Inactivo,47.0,Oriente
2593,Paola López,usuario2593@hotmail.com,3153959043,70,m,Bogotá,Ropa,,6051915.56,1.6,efectivo,16/09/2023,2022/07/08,Cancelado,7.0,Oriente
2594,Laura Martínez,usuario2594@hotmail.com,3154980289,34,m,Cartagena,alimentos,376976.68,3713252.6,,TARJETA CREDITO,24/11/2024,25 Mar 2021,ACTIVO,27.0,
2595,Laura Rodríguez,usuario2595@yahoo.com,3119701071,42,f,Pereira,Electrónica,121888.66,4846424.85,6.0,tarjeta débito,2023-03-05,03/10/2022,inactivo,50.0,Centro
2596,Andrés González,usuario2596@gmail.com,3103542412,67,Masculino,barranquilla,alimentos,210608.3,2176654.75,6.8,tarjeta débito,27 Nov 2023,2022/07/30,Activo,18.0,Sur
2597,Luis García,sin_email,3104557106,39,FEMENINO,Cúcuta,Alimentos,66164.72,3305994.21,1.5,PSE,12-15-2020,28-10-2022,inactivo,38.0,Norte
2598,Luis Torres,usuario2598@outlook.com,3122030678,47,,Bucaramanga,Hogar,132865.97,5279374.82,8.2,Tarjeta Crédito,10 Mar 2021,26/08/2021,pendiente,24.0,Sur
2599,Andrés Flores,usuario2599@empresa.co,3108909646,75,MASCULINO,barranquilla,Electrónica,45473.8,2690314.73,2.4,pse,04-02-2020,12-02-2020,ACTIVO,29.0,Norte
2600,Paola Martínez,usuario2600@gmail.com,---,19,,  Cartagena  ,HOGAR,76418.86,1467099.26,7.1,pse,,2023/01/11,Cancelado,16.0,Centro
2601,Pedro Ramírez,usuario2601@yahoo.com,3152614344,34,Female,Manizales,deportes,82868.01,,6.6,Nequi,2023-05-17,13-11-2021,inactivo,13.0,Oriente
2602,Laura Ramírez,usuario2602@outlook.com,3119186756,desconocido,MASCULINO,Bucaramanga,Deportes,185975.23,4456229.03,5.0,Tarjeta Débito,10-08-2024,04-15-2022,Pendiente,18.0,Norte
2603,,usuario2603@empresa.co,3109816136,32,MASCULINO,Bucaramanga,ROPA,63675.29,2298688.67,8.4,Tarjeta Débito,10/11/2023,17-08-2024,Inactivo,47.0,Oriente
2604,Carlos Rivera,usuario2604empresa.co,3112996360,32,,Bucaramanga,ROPA,73717.58,3075680.91,2.8,Nequi,19 Feb 2020,2024-08-31,Activo,32.0,
2605,Carlos López,usuario2605@empresa.co,3102729764,44,Masculino,  Cartagena  ,ROPA,540269.78,1569289.73,2.4,tarjeta débito,2022-03-02,2022-04-27,pendiente,37.0,Oriente
2606,Juan Martínez,usuario2606@yahoo.com,3111238222,51,,Cali,Alimentos,197668.56,0.0,2.1,pse,05 Mar 2024,14/04/2021,Activo,3.0,Occidente
2607,Paola Martínez,usuario2607@gmail.com,,62,m,Pereira,deportes,414709.24,2792712.05,2.4,,07/09/2022,09-15-2024,ACTIVO,44.0,Oriente
2608,Laura Pérez,usuario2608@outlook.com,,33,Masculino,medellin,HOGAR,90721.1,3623555.16,4.4,PSE,23-07-2021,09-29-2022,inactivo,11.0,Occidente
2609,María Sánchez,usuario2609@yahoo.com,3017102228,43,Male,Pereira,Ropa,78243.63,2860882.71,7.5,Efectivo,2021-08-16,12-14-2020,Inactivo,5.0,Norte
2610,Ana Martínez,usuario2610@hotmail.com,3016760723,70,Masculino,Pereira,deportes,323069.99,3287782.15,4.3,TARJETA CREDITO,2022-10-04,2020/10/21,pendiente,6.0,Norte
2611,Jorge Pérez,usuario2611@hotmail.com,3202779039,53,Femenino,Pereira,deportes,330042.01,4059305.11,5.5,,19 Jul 2024,09-04-2022,Activo,40.0,Centro
2612,María González,usuario2612@yahoo.com,,48,FEMENINO,Cartagena,alimentos,154244.76,4580235.34,0.0,Tarjeta Débito,10-23-2023,2024/09/08,pendiente,16.0,Occidente
2613,Sergio Martínez,usuario2613@empresa.co,3208904921,31,MASCULINO,medellin,HOGAR,226964.49,2919690.56,2.7,,15-06-2024,16-11-2022,Inactivo,14.0,Norte
2614,Ana Rivera,usuario2614@outlook.com,,35,MASCULINO,Medellín,HOGAR,139896.74,5623899.76,,Efectivo,17/08/2023,22/08/2022,pendiente,12.0,Sur
2615,Paola Gómez,usuario2615@empresa.co,3118241989,65,Femenino,Bucaramanga,Hogar,118372.77,2405404.44,3.2,efectivo,02-10-2022,02-11-2022,Cancelado,35.0,Norte
2616,Pedro González,usuario2616@yahoo.com,,30,FEMENINO,barranquilla,electronica,107515.92,3202262.49,8.0,efectivo,24/02/2020,04-19-2021,activo,15.0,Sur
2617,Sergio Ramírez,usuario2617@empresa.co,3155451559,30,Male,Bucaramanga,HOGAR,240145.16,4308769.35,7.8,Nequi,16-12-2023,22 Jun 2020,pendiente,27.0,Centro
2618,Andrés García,,3104726220,33,Male,Manizales,Tecnología,277158.24,2784915.28,7.3,PSE,2024-09-23,2023/11/05,inactivo,36.0,Centro
2619,María Flores,usuario2619@yahoo.com,,31,Femenino,Bogotá,Deportes,110064.65,3555546.45,7.3,pse,28 Feb 2024,08-07-2023,Pendiente,21.0,Sur
2620,Jorge Ramírez,,3158685350,71,F,CALI,Hogar,199913.18,1113247.51,,Tarjeta Crédito,11-01-2022,15/07/2020,Cancelado,36.0,Sur
2621,Jorge García,usuario2621@yahoo.com,3102470500,57,Femenino,CALI,Deportes,644411.16,,4.9,Tarjeta Débito,02-21-2023,04-05-2021,ACTIVO,39.0,Norte
2622,María Rivera,usuario2622@yahoo.com,3115634709,67,M,Cúcuta,Tecnología,91800.68,4569067.68,6.6,pse,2023/11/16,07-14-2020,activo,,Occidente
2623,Laura Flores,usuario2623@outlook.com,3012425829,23,MASCULINO,Cúcuta,Ropa,853129.17,2202939.88,4.4,efectivo,20/08/2022,,Cancelado,31.0,Occidente
2624,Juan Sánchez,usuario2624@gmail.com,3123037330,60,MASCULINO,Medellín,alimentos,86402.69,3848523.19,9.7,pse,03-24-2022,01/08/2021,activo,15.0,
2625,Juan López,usuario2625@outlook.com,3005964980,18,FEMENINO,Cúcuta,ROPA,317425.35,2884606.82,5.8,Tarjeta Débito,01-23-2022,2023/03/01,Activo,,
2626,Paola Rivera,usuario2626@outlook.com,3121918999,52,F,Bogotá,electronica,293560.5,3829437.3,5.4,,2022-11-22,17-06-2020,ACTIVO,26.0,Occidente
2627,Laura Pérez,usuario2627@outlook.com,3121920814,72,Masculino,barranquilla,Electrónica,275996.6,2754931.6,8.2,Nequi,,2020-05-06,Inactivo,3.0,
2628,Luis Flores,usuario2628@hotmail.com,3116902094,57,,Manizales,Hogar,143060.97,0.0,4.1,PSE,05/05/2021,2021/03/03,inactivo,37.0,Occidente
2629,Ana López,usuario2629@hotmail.com,3115987605,75,Femenino,barranquilla,ROPA,127431.43,5001164.16,,pse,2020/11/15,2023-05-28,activo,40.0,Norte
2630,Natalia Gómez,usuario2630@empresa.co,3018008772,75,FEMENINO,Cúcuta,Electrónica,136984.53,3410325.78,9.1,Efectivo,11 Feb 2024,19-02-2020,Cancelado,41.0,Sur
2631,,usuario2631@gmail.com,,35,Male,Santa Marta,Alimentos,13143.6,3455031.95,2.3,Efectivo,,09-25-2021,activo,2.0,
2632,Sergio Pérez,usuario2632@empresa.co,3118371624,66,MASCULINO,CALI,deportes,1435634.56,5016757.16,11.0,Tarjeta Débito,2021-01-31,2022-12-30,pendiente,2.0,Oriente
2633,Diana Ramírez,usuario2633@outlook.com,3159605904,35,Male,Cartagena,Ropa,680932.18,2648897.84,1.3,Nequi,30 Nov 2021,2023-06-09,inactivo,47.0,Occidente
2634,Ana Gómez,usuario2634@hotmail.com,3209759621,66,Female,Bucaramanga,deportes,104259.6,1566286.43,4.2,Tarjeta Crédito,2024-11-29,,inactivo,5.0,Sur
2635,Laura González,usuario2635@gmail.com,3155322020,21,m,BOGOTA,Hogar,450821.69,4099741.64,4.5,Tarjeta Débito,28/11/2024,22/04/2023,Pendiente,25.0,Sur
2636,Juan Ramírez,usuario2636@yahoo.com,3007426575,45,Femenino,Medellín,Electrónica,372635.18,2506924.41,5.0,TARJETA CREDITO,24-06-2020,18 Oct 2024,pendiente,3.0,Centro
2637,Jorge Gómez,usuario2637@gmail.com,3205939514,52,Femenino,Manizales,electronica,173602.95,3856239.76,3.0,Efectivo,30-06-2024,,Inactivo,6.0,
2638,Andrés Martínez,usuario2638@yahoo.com,3119423253,,Male,Cartagena,Tecnología,195907.44,2734993.21,1.6,PSE,03 Jul 2020,,activo,22.0,
2639,Carlos Martínez,usuario2639@yahoo.com,3151518438,73,Femenino,  Cartagena  ,Ropa,79687.32,3505599.57,2.6,efectivo,07-23-2022,2023/07/14,Inactivo,44.0,Oriente
2640,Laura Sánchez,usuario2640@yahoo.com,3203402330,29,MASCULINO,BOGOTA,Alimentos,249887.93,2930749.69,9.5,Nequi,05-30-2021,05-16-2024,inactivo,36.0,Sur
2641,Andrés Flores,usuario2641@empresa.co,3018205421,25,m,Barranquilla,alimentos,91399.64,4788561.62,8.3,Tarjeta Débito,03 Jan 2023,25 Jun 2022,Pendiente,27.0,Oriente
2642,Diana Flores,usuario2642outlook.com,3103504880,47,,  Cartagena  ,Ropa,1854934.54,1300687.96,9.6,efectivo,20-09-2020,13/05/2020,inactivo,27.0,Occidente
2643,Jorge Sánchez,usuario2643@yahoo.com,3104177991,18,f,Santa Marta,deportes,58701.19,,4.5,pse,2023-10-22,22/07/2021,inactivo,45.0,Oriente
2644,María Flores,usuario2644@gmail.com,3109787938,,,Santa Marta,HOGAR,400943.6,2927072.41,4.5,efectivo,05/10/2022,02-14-2021,Inactivo,3.0,Norte
2645,Carlos Ramírez,usuario2645@hotmail.com,,55,m,medellin,Ropa,61788.46,3483756.59,4.7,,05/08/2024,2021-10-27,inactivo,12.0,Norte
2646,Luis Ramírez,usuario2646@yahoo.com,,41,Male,Medellín,Electrónica,134193.96,0.0,5.6,efectivo,21/10/2023,06-13-2020,inactivo,40.0,Norte
2647,Luis Flores,usuario2647@hotmail.com,3006773230,34,Masculino,CALI,deportes,37885.46,1637418.87,2.4,pse,11/03/2020,2024/05/02,activo,29.0,
2648,Diana López,usuario2648@outlook.com,3007568721,34,FEMENINO,Santa Marta,HOGAR,78683.06,4746740.95,8.2,Efectivo,2023/09/19,2024-09-14,Cancelado,8.0,Centro
2649,María Flores,usuario2649@outlook.com,3202052820,48,Femenino,medellin,Deportes,84014.68,3603183.26,4.3,Tarjeta Crédito,04-08-2022,03-05-2021,Activo,25.0,
2650,María Rivera,usuario2650@empresa.co,3155994363,39,,Bogotá,Deportes,,,3.8,PSE,06/07/2022,,Activo,9.0,
2651,Jorge Rivera,usuario2651@hotmail.com,3014181221,49,Female,Cartagena,ROPA,84270.37,3259463.74,3.8,Tarjeta Débito,01 Aug 2021,04-01-2020,ACTIVO,13.0,Occidente
2652,Luis Rodríguez,usuario2652@empresa.co,3205844341,44,f,medellin,electronica,16546.52,3575279.8,6.2,TARJETA CREDITO,2023-04-13,2020-06-06,activo,27.0,Sur
2653,Andrés Rodríguez,,3007158610,41,m,Bogotá,Alimentos,37822.71,3044503.26,4.8,Nequi,2024/08/12,22 May 2022,Pendiente,22.0,Oriente
2654,,usuario2654@hotmail.com,3112174563,43,Male,CALI,Deportes,378471.88,2504363.34,9.4,Nequi,2022-12-30,2024/02/07,Cancelado,,Sur
2655,Pedro Rodríguez,usuario2655@gmail.com,3004479935,29,,Bogotá,Tecnología,171513.07,4031836.88,2.3,tarjeta débito,2024-03-07,,Cancelado,19.0,
2656,María Ramírez,usuario2656@gmail.com,3016785034,54,,Cúcuta,HOGAR,48984.06,3131147.81,8.8,PSE,2021/12/30,19 Sep 2024,Cancelado,14.0,Norte
2657,Laura Torres,usuario2657@empresa.co,,70,F,Bucaramanga,HOGAR,576617.8,4630002.4,7.8,,31-07-2021,14/07/2024,inactivo,26.0,Centro
2658,Sergio López,usuario2658@hotmail.com,3105875582,35,MASCULINO,Pereira,Alimentos,156033.34,2342532.42,7.4,pse,09-03-2024,16 Nov 2023,pendiente,31.0,Oriente
2659,Sergio Ramírez,usuario2659@hotmail.com,3117167188,53,MASCULINO,CALI,ROPA,1324108.42,2768599.21,9.5,Nequi,16-06-2023,21/03/2020,ACTIVO,24.0,Sur
2660,Ana López,,3126415515,42,F,Barranquilla,electronica,342588.53,,7.3,tarjeta débito,2022/05/04,18-12-2022,Cancelado,21.0,
2661,Sandra García,usuario2661@empresa.co,3208685736,69,m,BOGOTA,Alimentos,35515.76,4532577.8,6.3,Efectivo,15-12-2023,08-17-2020,pendiente,28.0,Occidente
2662,Miguel Flores,usuario2662@yahoo.com,3008140896,27,Female,CALI,Hogar,168693.52,,7.2,,02 Feb 2022,02 Jun 2020,pendiente,,Norte
2663,Luis Sánchez,usuario2663@empresa.co,3204880029,18,Male,barranquilla,Deportes,254286.86,3707200.91,2.2,tarjeta débito,05-02-2021,14-09-2022,Inactivo,28.0,Oriente
2664,Miguel Torres,usuario2664@yahoo.com,3109562221,49,FEMENINO,BOGOTA,Hogar,152356.95,2387538.87,2.0,Nequi,2020-09-18,04 Jul 2021,ACTIVO,31.0,Sur
2665,Jorge Gómez,usuario2665@gmail.com,3114555503,75,F,Cúcuta,Electrónica,456685.72,4496336.88,8.0,pse,11-18-2020,31 Oct 2022,Cancelado,20.0,Norte
2666,María Rodríguez,usuario2666@yahoo.com,3154104232,51,M,Cartagena,Deportes,708437.21,2687624.38,1.0,TARJETA CREDITO,26/06/2021,06-18-2023,inactivo,7.0,Sur
2667,Sergio Rodríguez,usuario2667@gmail.com,3129010069,38,Male,CALI,Electrónica,279771.86,2734899.64,2.8,efectivo,27 Sep 2024,,Pendiente,12.0,Oriente
2668,Andrés Gómez,usuario2668@outlook.com,3009028110,37,Masculino,Cartagena,ROPA,462377.16,3832067.35,5.2,PSE,06-14-2021,07-30-2020,Activo,43.0,Centro
2669,Natalia Rodríguez,usuario2669@empresa.co,3013322616,72,Female,medellin,Hogar,346481.86,3557585.58,7.2,Tarjeta Crédito,2024/09/08,2020-05-17,pendiente,25.0,Norte
2670,Diana González,usuario2670@hotmail.com,3102404567,43,MASCULINO,Bucaramanga,Alimentos,227954.94,2015407.4,7.0,Tarjeta Débito,30 Jun 2024,04-07-2020,pendiente,15.0,Norte
2671,Ana Flores,,3204108507,28,Male,Barranquilla,electronica,176079.18,99999999.0,3.6,pse,04-06-2024,08-05-2023,Cancelado,11.0,Norte
2672,Paola Pérez,usuario2672@empresa.co,3005912081,150,,Cali,Tecnología,15928347.5,3736362.5,5.4,efectivo,2021/06/12,,Activo,16.0,Centro
2673,Pedro Gómez,usuario2673@yahoo.com,3209528041,58,Masculino,BOGOTA,Alimentos,166310.25,4474309.31,8.7,efectivo,2022-04-17,11-22-2023,ACTIVO,35.0,Centro
2674,Carlos Pérez,usuario2674@outlook.com,3004044510,65,Female,Cali,deportes,79327.07,4153278.64,2.0,Tarjeta Débito,,13 Mar 2023,Pendiente,11.0,Occidente
2675,Sandra Rodríguez,usuario2675@gmail.com,3121259020,41,Masculino,CALI,electronica,123310.47,2460009.64,7.3,tarjeta débito,23 Feb 2023,2020-09-26,Pendiente,16.0,Oriente
2676,Sergio López,usuario2676@gmail.com,3002830327,53,m,Medellín,ROPA,,3703272.43,,,17 Jun 2021,11-11-2022,Inactivo,27.0,
2677,Andrés Martínez,usuario2677@hotmail.com,,34,,Manizales,deportes,581597.81,1922081.12,,,07-12-2021,07-14-2022,inactivo,,Sur
2678,Diana Sánchez,usuario2678@yahoo.com,3201662468,44,f,barranquilla,Ropa,175404.85,3999586.59,6.5,PSE,10 Apr 2022,02 Aug 2022,activo,15.0,Centro
2679,Sergio Rivera,usuario2679@gmail.com,,73,Female,BOGOTA,Electrónica,2002420.53,2001556.28,3.6,TARJETA CREDITO,27/04/2022,,Pendiente,19.0,Norte
2680,Diana Pérez,usuario2680@gmail.com,3001505623,56,M,Santa Marta,Hogar,537886.9,,8.6,TARJETA CREDITO,20 Jan 2024,2020-03-08,pendiente,50.0,Oriente
2681,Diana Ramírez,usuario2681@empresa.co,3015566001,54,Female,Cartagena,electronica,296614.33,2503136.67,9.5,Tarjeta Débito,,2022/05/18,pendiente,20.0,Centro
2682,Laura Torres,usuario2682@empresa.co,3125146289,52,m,barranquilla,Alimentos,343011.12,-1000.0,2.7,efectivo,11-06-2022,20/04/2020,ACTIVO,5.0,Oriente
2683,Pedro Martínez,usuario2683@hotmail.com,3204563648,67,FEMENINO,Medellín,Deportes,403338.47,3112082.28,8.9,Nequi,2021/06/24,24 Jun 2021,inactivo,35.0,Oriente
2684,Pedro Flores,usuario2684@hotmail.com,3111014479,38,Masculino,Bucaramanga,Tecnología,158361.91,2375498.18,9.3,pse,20 May 2020,07-25-2021,Cancelado,46.0,Norte
2685,Laura Martínez,usuario2685@empresa.co,3112101111,49,F,Medellín,Ropa,10948.84,5018909.18,3.4,Efectivo,25 May 2022,2020/05/24,ACTIVO,44.0,Norte
2686,Juan Pérez,usuario2686@hotmail.com,3208746628,46,f,BOGOTA,electronica,252938.53,3979999.21,,Tarjeta Crédito,08-09-2022,26-10-2020,activo,1.0,Sur
2687,Sergio Torres,usuario2687@gmail.com,3129157807,42,f,Pereira,Deportes,159906.81,4317350.89,5.4,Efectivo,25 Oct 2022,18-04-2024,inactivo,25.0,Occidente
2688,Luis Martínez,usuario2688@empresa.co,,47,MASCULINO,Pereira,Deportes,476275.03,2923726.29,5.0,PSE,09-06-2024,09 Apr 2024,inactivo,29.0,Occidente
2689,Miguel García,usuario2689@empresa.co,3007249105,27,Femenino,barranquilla,alimentos,111828.3,3216848.93,4.7,Tarjeta Crédito,02 Jul 2022,2021/03/09,activo,7.0,Occidente
2690,Sergio Torres,usuario2690@yahoo.com,3209453852,58,Masculino,barranquilla,deportes,260655.72,4004370.88,2.3,tarjeta débito,02 Nov 2024,22 Jun 2021,Activo,43.0,Sur
2691,Carlos Rivera,usuario2691@outlook.com,3151727134,39,f,Medellín,deportes,100889.46,3935227.63,9.8,Nequi,12/09/2023,24-08-2022,activo,26.0,Oriente
2692,Andrés Flores,usuario2692@outlook.com,3107707353,57,Masculino,CALI,electronica,547429.35,,2.8,pse,01-09-2020,25-12-2022,activo,15.0,Norte
2693,Paola Gómez,usuario2693@outlook.com,3125769200,72,f,CALI,HOGAR,442406.63,4814798.82,9.9,tarjeta débito,2022-10-07,2023-06-30,Cancelado,5.0,Sur
2694,Diana Flores,usuario2694@outlook.com,3204481525,23,Male,Manizales,Ropa,559859.9,5210794.19,8.4,Efectivo,15 Dec 2021,08-31-2020,Pendiente,19.0,
2695,María González,usuario2695@yahoo.com,3208904283,32,,barranquilla,HOGAR,291467.91,,,Nequi,2020/05/27,01 Sep 2023,Cancelado,39.0,Oriente
2696,Pedro García,usuario2696@outlook.com,3016442146,59,Male,Bucaramanga,electronica,,2343776.32,1.4,Tarjeta Crédito,2020/11/27,07-30-2022,pendiente,44.0,Centro
2697,Carlos Torres,usuario2697@hotmail.com,3129565796,35,Male,Cúcuta,Electrónica,33432.02,2552648.61,7.1,pse,05 Jun 2024,04-25-2020,Pendiente,7.0,Occidente
2698,Andrés Rodríguez,usuario2698@empresa.co,3103199165,43,f,Pereira,Ropa,13341.25,1382969.58,9.3,tarjeta débito,05-08-2024,06 Sep 2021,activo,,Sur
2699,Andrés González,sin_email,3104437430,46,,  Cartagena  ,Alimentos,21713.12,2695430.73,8.4,tarjeta débito,24/01/2023,15/04/2020,ACTIVO,2.0,Sur
2700,Pedro Gómez,usuario2700@hotmail.com,3204303613,41,Male,Barranquilla,Electrónica,516690.77,981863.58,8.8,pse,15 Jan 2022,16-09-2020,pendiente,39.0,Sur
2701,Diana Gómez,usuario2701@outlook.com,3004625525,51,Masculino,barranquilla,HOGAR,41275.54,3324053.71,9.9,TARJETA CREDITO,05-06-2023,10-23-2023,activo,39.0,
2702,Ana Sánchez,usuario2702@hotmail.com,3002150056,44,F,Medellín,Hogar,427576.95,599794.47,8.6,PSE,25-05-2020,13 Oct 2022,activo,30.0,Occidente
2703,Sergio Martínez,usuario2703@yahoo.com,3017441440,72,Masculino,BOGOTA,HOGAR,147921.33,2255788.23,4.4,Efectivo,24-11-2020,02 Nov 2024,Pendiente,1.0,Sur
2704,Luis González,usuario2704@hotmail.com,3159621895,,,Barranquilla,deportes,6065.92,,5.6,tarjeta débito,2024/11/17,09 Sep 2024,Activo,8.0,Norte
2705,Laura Gómez,usuario2705@outlook.com,3017665062,60,m,Pereira,Alimentos,86334.27,4881680.44,7.2,pse,2024-11-27,07-09-2022,Pendiente,24.0,Occidente
2706,Ana Gómez,usuario2706@empresa.co,3015142489,65,M,medellin,Ropa,299094.34,3123263.94,5.5,Tarjeta Crédito,2023/06/26,12-03-2021,inactivo,13.0,Centro
2707,Natalia Martínez,usuario2707@gmail.com,3002071873,23,Masculino,Cartagena,Ropa,67517.79,3073585.05,1.8,pse,2020-09-26,05-08-2022,Inactivo,46.0,
2708,Ana Flores,usuario2708@gmail.com,3104221444,43,Femenino,Barranquilla,ROPA,852693.89,2323543.53,1.1,Efectivo,,04-21-2024,activo,40.0,Sur
2709,Luis García,usuario2709@yahoo.com,3109231694,22,Male,medellin,Hogar,162009.31,0.0,7.1,TARJETA CREDITO,17 Dec 2022,12-31-2020,activo,8.0,Centro
2710,,usuario2710@empresa.co,3113312523,48,F,BOGOTA,Deportes,555610.82,3057298.44,3.6,efectivo,05-04-2023,11 Feb 2022,Inactivo,7.0,
2711,María Ramírez,sin_email,3123512614,19,m,Cúcuta,alimentos,13136.54,2090681.68,9.2,,2020/08/01,05-24-2021,ACTIVO,42.0,Sur
2712,Andrés González,usuario2712@outlook.com,3104512508,51,M,  Cartagena  ,Electrónica,35752.32,3726614.61,6.1,tarjeta débito,2022-02-01,2021/02/26,Inactivo,10.0,Oriente
2713,Andrés López,usuario2713@hotmail.com,3125313169,23,,Pereira,Ropa,491678.54,3672143.21,4.8,PSE,06 Aug 2024,2023-06-26,Activo,49.0,Oriente
2714,Paola Gómez,usuario2714@empresa.co,3107547460,57,m,medellin,ROPA,210296.85,-1000.0,8.5,PSE,01 Jun 2021,01 Feb 2022,Cancelado,37.0,
2715,Miguel Sánchez,usuario2715@gmail.com,3109632677,59,Female,Cali,electronica,121419.15,3701623.76,2.7,pse,11-01-2021,2024-06-20,inactivo,41.0,
2716,Laura Rivera,usuario2716@hotmail.com,3107575568,42,M,Medellín,Deportes,632961.5,4659836.97,4.3,Tarjeta Crédito,10-23-2023,21-02-2021,ACTIVO,45.0,Norte
2717,Miguel Sánchez,usuario2717@outlook.com,3109198515,33,Female,BOGOTA,Ropa,278849.97,3474638.78,9.2,Nequi,2024-03-24,03-18-2023,activo,32.0,Norte
2718,Juan García,usuario2718@yahoo.com,---,46,Male,Cúcuta,HOGAR,,99999999.0,4.4,PSE,26/11/2021,,Pendiente,14.0,Oriente
2719,Jorge Rivera,usuario2719@empresa.co,3121980425,26,FEMENINO,  Cartagena  ,Hogar,47530.92,2185728.54,9.7,efectivo,10/10/2022,24-06-2023,Inactivo,9.0,Oriente
2720,Juan Martínez,usuario2720@gmail.com,3208920171,28,Femenino,Manizales,Tecnología,,4296826.81,1.7,,06-15-2020,14-02-2021,pendiente,34.0,Sur
2721,Miguel Sánchez,usuario2721@gmail.com,3008247587,,F,Pereira,Tecnología,174669.09,4749570.73,3.6,tarjeta débito,,06-03-2022,activo,15.0,Sur
2722,Sergio González,usuario2722@empresa.co,3117153672,73,Femenino,Cartagena,Tecnología,38871.14,,4.1,PSE,01 Aug 2021,11 Jan 2022,pendiente,25.0,Centro
2723,,usuario2723@empresa.co,3117077203,73,Femenino,Bogotá,HOGAR,225882.7,,7.4,PSE,25 Feb 2021,06/11/2023,Activo,50.0,Norte
2724,,usuario2724@empresa.co,3003442009,73,F,Barranquilla,Deportes,202504.16,4885712.45,6.8,efectivo,2020/02/07,2023-11-20,Activo,25.0,Occidente
2725,Carlos Flores,usuario2725@outlook.com,3116082621,35,,Cúcuta,Alimentos,683266.88,2697083.5,1.4,Tarjeta Crédito,18 May 2020,10-11-2023,activo,13.0,Sur
2726,Sandra Flores,usuario2726@gmail.com,3101565964,26,Masculino,  Cartagena  ,deportes,523376.85,,7.6,Tarjeta Crédito,12/08/2022,10-02-2020,inactivo,10.0,Oriente
2727,Diana Sánchez,usuario2727@outlook.com,3005231935,62,,barranquilla,Tecnología,13904.68,2124428.72,7.8,efectivo,2023-02-01,2024/03/17,Pendiente,18.0,Sur
2728,Laura Rodríguez,usuario2728@outlook.com,3001379228,55,f,CALI,Tecnología,111100.25,5592718.12,3.6,efectivo,18/09/2020,02-16-2024,activo,4.0,Occidente
2729,Andrés Pérez,usuario2729@empresa.co,3016551924,58,MASCULINO,  Cartagena  ,Hogar,363204.36,2362015.12,1.6,Tarjeta Débito,09-11-2022,25 May 2022,Cancelado,28.0,Occidente
2730,María Ramírez,usuario2730@empresa.co,3202440151,74,Male,Barranquilla,Tecnología,301686.51,2147406.02,,Nequi,2020/10/31,30/05/2021,Pendiente,31.0,Oriente
2731,Ana López,usuario2731@hotmail.com,3009505552,51,M,Cali,ROPA,61022.29,3716325.07,4.1,Tarjeta Crédito,2023-09-28,2021/03/26,pendiente,4.0,Centro
2732,Carlos Martínez,usuario2732@empresa.co,3109237425,52,Female,Manizales,Hogar,106832.51,2497817.9,5.6,efectivo,24 May 2021,07-05-2024,pendiente,41.0,Centro
2733,Laura López,usuario2733@hotmail.com,3123505291,40,MASCULINO,medellin,Ropa,156440.92,2386074.37,,tarjeta débito,,,pendiente,33.0,Sur
2734,,usuario2734@gmail.com,3122710501,32,Femenino,Cali,alimentos,77313.53,4500801.75,4.0,tarjeta débito,18-11-2020,16-02-2020,Cancelado,11.0,Norte
2735,Luis García,usuario2735@outlook.com,,46,,Manizales,Tecnología,10023.62,4525703.26,6.9,,01-16-2022,02 Sep 2022,Inactivo,39.0,Occidente
2736,Andrés López,,3201712617,44,m,medellin,ROPA,142526.1,99999999.0,6.8,Tarjeta Débito,14-09-2021,17/11/2023,Pendiente,16.0,Oriente
2737,Sandra Pérez,usuario2737@empresa.co,3127233301,37,Male,BOGOTA,Tecnología,83282.25,4146406.74,5.1,efectivo,21-12-2024,30-10-2020,pendiente,12.0,Sur
2738,Juan Pérez,usuario2738@empresa.co,3126427337,,Female,Bucaramanga,Ropa,292405.22,3817125.26,1.4,pse,09-05-2023,,Pendiente,46.0,Norte
2739,María Ramírez,usuario2739@hotmail.com,3152437078,66,Femenino,CALI,deportes,305920.36,1509088.2,,efectivo,2024/06/19,2024/06/04,Cancelado,33.0,Centro
2740,Andrés Rodríguez,usuario2740@outlook.com,3019627825,40,MASCULINO,Medellín,alimentos,76341.55,1493427.79,1.9,PSE,2021/05/21,,Cancelado,31.0,
2741,,usuario2741@empresa.co,3153499226,52,f,Cartagena,Hogar,286096.28,3505294.2,9.4,Efectivo,08-10-2023,24/07/2020,inactivo,10.0,Sur
2742,Ana Martínez,usuario2742@hotmail.com,3208751978,,Female,medellin,Electrónica,154301.2,3144642.04,5.0,,,2020/08/05,Inactivo,25.0,Centro
2743,Luis Flores,usuario2743@hotmail.com,3208197271,66,m,medellin,Ropa,49291627.5,4181814.63,8.3,Tarjeta Débito,03-12-2022,2022-12-08,ACTIVO,39.0,Oriente
2744,Luis González,usuario2744@gmail.com,3019913032,18,f,Cali,Deportes,298593.92,5308000.37,1.3,Tarjeta Débito,2023-06-04,,inactivo,23.0,Sur
2745,Pedro Rodríguez,usuario2745@hotmail.com,3109237573,69,,Medellín,Tecnología,23762.18,3942172.48,6.5,TARJETA CREDITO,2021-01-14,10-15-2024,pendiente,37.0,Centro
2746,Sergio López,usuario2746@hotmail.com,3128221633,32,,barranquilla,Ropa,377241.15,2766831.01,5.2,TARJETA CREDITO,01-02-2021,11-23-2021,Cancelado,44.0,Sur
2747,María Pérez,usuario2747@empresa.co,3108080131,53,f,Cartagena,Ropa,273452.58,4860587.02,1.9,efectivo,06/04/2024,2022/05/29,pendiente,9.0,
2748,Luis Torres,usuario2748@gmail.com,3157647496,44,FEMENINO,Bucaramanga,Ropa,746066.38,3052126.11,5.7,pse,11 Feb 2021,24-10-2021,pendiente,49.0,Sur
2749,Pedro Torres,usuario2749@hotmail.com,3151874729,45,M,Cartagena,Electrónica,504755.55,2911633.72,7.3,Tarjeta Débito,23/01/2020,01-11-2021,inactivo,21.0,Centro
2750,Paola González,usuario2750@outlook.com,,28,F,Manizales,deportes,36783.93,2829710.58,1.9,PSE,08-02-2020,08-03-2023,Inactivo,7.0,Occidente
2751,Luis Rivera,usuario2751@outlook.com,3101216489,59,,Santa Marta,Deportes,34123.81,4946808.71,11.0,pse,05/07/2020,08 Oct 2021,ACTIVO,15.0,Norte
2752,María Pérez,usuario2752@yahoo.com,3001219585,42,FEMENINO,Medellín,Tecnología,354006.0,4237820.44,4.5,Tarjeta Crédito,2023-07-04,2020/06/01,Activo,36.0,Norte
2753,Ana García,usuario2753@outlook.com,3119962857,23,Masculino,Pereira,deportes,102753.95,2913383.13,5.7,Nequi,29 May 2023,16/06/2024,Activo,19.0,Norte
2754,,usuario2754@hotmail.com,3002618645,33,FEMENINO,Santa Marta,HOGAR,520151.56,1505462.13,1.8,Nequi,29-04-2022,15-09-2024,Inactivo,13.0,Norte
2755,Ana Rivera,usuario2755@hotmail.com,3205279006,69,Male,Cúcuta,deportes,1138258.14,,8.4,,2023-04-26,05/03/2022,Pendiente,45.0,Centro
2756,Pedro Gómez,,,69,f,medellin,deportes,9052.39,3165161.78,4.2,PSE,10-03-2023,10-10-2022,ACTIVO,19.0,Centro
2757,Ana Rodríguez,usuario2757@yahoo.com,3111340577,35,Femenino,Pereira,Electrónica,11371.04,5206676.43,5.7,Tarjeta Débito,2023-12-06,25/07/2022,inactivo,27.0,Centro
2758,Luis Rivera,usuario2758@outlook.com,3158798447,65,Female,BOGOTA,Tecnología,342804.28,4344608.65,2.4,pse,10/02/2024,25-11-2020,Inactivo,45.0,Sur
2759,Natalia Gómez,usuario2759@empresa.co,,35,Male,Bucaramanga,electronica,108539.36,2098594.12,,,05-14-2024,2020/04/29,Pendiente,4.0,
2760,Sandra Rodríguez,usuario2760@yahoo.com,3114205995,72,FEMENINO,Bucaramanga,ROPA,109362.01,2136651.21,7.5,efectivo,27-09-2023,,Pendiente,11.0,Norte
2761,Pedro Sánchez,usuario2761@empresa.co,3107876527,0,m,Cali,alimentos,272718.58,3760855.05,4.0,efectivo,20/07/2021,2024-12-16,ACTIVO,3.0,
2762,Paola López,usuario2762@gmail.com,3113544416,58,f,Bogotá,deportes,14694.69,2199098.6,2.9,tarjeta débito,2021/07/15,11/02/2022,ACTIVO,19.0,Norte
2763,Paola González,usuario2763@yahoo.com,3101725512,46,FEMENINO,Santa Marta,HOGAR,72268.62,2679446.37,4.2,,2023-03-13,10-01-2022,ACTIVO,2.0,Occidente
2764,Juan Torres,usuario2764@yahoo.com,3108671583,57,Femenino,Pereira,electronica,138967.98,3645512.22,6.3,Tarjeta Crédito,15/05/2020,07-03-2024,Inactivo,32.0,Oriente
2765,Juan López,,3005077258,38,MASCULINO,Cali,HOGAR,,2864343.34,5.0,pse,12 Jan 2024,2021/05/24,Pendiente,14.0,
2766,Laura Rivera,usuario2766@hotmail.com,3124634386,,m,Bogotá,ROPA,257905.49,4962406.82,4.3,Efectivo,09-13-2022,19-11-2020,Inactivo,22.0,
2767,Pedro Torres,usuario2767@empresa.co,3104850743,,F,Manizales,Deportes,90838.22,3270511.87,3.2,efectivo,06 May 2021,2024/01/15,inactivo,26.0,Occidente
2768,Paola Martínez,usuario2768@hotmail.com,,29,m,Pereira,Tecnología,142056.34,99999999.0,6.9,PSE,26-11-2021,2022/01/07,Activo,17.0,Occidente
2769,Diana Ramírez,usuario2769@hotmail.com,3205273836,36,Female,Pereira,deportes,45345.31,3368067.81,5.6,PSE,,24/05/2021,inactivo,41.0,Sur
2770,Diana López,usuario2770@gmail.com,3008406470,63,Masculino,Cúcuta,Electrónica,213667.33,4482190.24,4.5,tarjeta débito,2024-04-07,15/06/2022,pendiente,26.0,Sur
2771,Diana Sánchez,usuario2771@hotmail.com,,18,Male,CALI,alimentos,48199.55,5671698.93,1.8,pse,04 Sep 2021,2024/11/14,Cancelado,5.0,Centro
2772,Sandra Ramírez,usuario2772@yahoo.com,3109109631,27,MASCULINO,Cartagena,deportes,248145.19,2040232.94,7.3,efectivo,2022/02/15,2022/03/22,pendiente,38.0,Sur
2773,Ana Rivera,usuario2773@empresa.co,3008681241,,m,Cali,ROPA,81447.87,2722304.72,1.4,Tarjeta Crédito,02-28-2021,17-05-2024,Inactivo,6.0,Oriente
2774,Juan Rodríguez,usuario2774@gmail.com,000,44,,  Cartagena  ,Ropa,233335.2,5604059.57,5.9,Tarjeta Débito,14-02-2023,07-15-2020,pendiente,12.0,Sur
2775,Sandra García,usuario2775@hotmail.com,3004227368,69,M,Medellín,HOGAR,500088.31,3390002.73,4.8,Tarjeta Débito,14 May 2021,22-05-2021,ACTIVO,8.0,Centro
2776,,usuario2776@outlook.com,3128654568,41,F,Manizales,Deportes,25583.3,4755343.14,6.4,Tarjeta Débito,2021/12/18,22 Jul 2022,activo,19.0,Occidente
2777,Luis González,usuario2777@hotmail.com,3157788478,68,Male,Bogotá,Electrónica,120288.4,4007850.58,8.3,,24/07/2020,2024-09-29,ACTIVO,19.0,Norte
2778,Ana Gómez,usuario2778@empresa.co,3152900529,,F,Bogotá,Deportes,319197.45,3082819.26,1.1,efectivo,2023-06-08,14-12-2024,inactivo,48.0,Norte
2779,Paola Rivera,usuario2779@empresa.co,3201793151,66,M,BOGOTA,Alimentos,128878.82,3062401.75,4.1,,2020-04-05,,pendiente,42.0,Oriente
2780,Pedro García,usuario2780@gmail.com,3117468608,21,F,Bogotá,Tecnología,184508.95,2450946.31,8.4,PSE,16 Aug 2024,2024/05/17,pendiente,30.0,Oriente
2781,Pedro Ramírez,usuario2781@empresa.co,,43,,Medellín,Ropa,,3970933.0,7.8,efectivo,2023/02/13,2022/12/26,pendiente,6.0,Sur
2782,Carlos Ramírez,usuario2782@outlook.com,3112538293,999,Masculino,CALI,Ropa,249290.12,1987174.13,6.0,TARJETA CREDITO,2023/02/05,01/06/2024,Activo,47.0,Centro
2783,Carlos Rodríguez,usuario2783@hotmail.com,3112268962,75,Female,Santa Marta,ROPA,659727.24,4719290.42,3.3,Nequi,2023-11-18,07-10-2022,Cancelado,18.0,Occidente
2784,Juan Ramírez,usuario2784@yahoo.com,3009610718,70,M,CALI,Hogar,90869.79,2298138.44,,TARJETA CREDITO,08/02/2022,2023-08-23,Pendiente,30.0,
2785,Ana Rivera,usuario2785@outlook.com,3157146079,18,M,Santa Marta,Hogar,15066.14,3869275.69,7.6,Efectivo,23/11/2022,22 Jan 2021,Activo,,Oriente
2786,María González,usuario2786@gmail.com,3202391686,67,Masculino,barranquilla,Deportes,311420.43,2832164.35,,Efectivo,2024/02/23,06 Dec 2023,Pendiente,44.0,Centro
2787,Carlos Rivera,,,42,,Cúcuta,Tecnología,400342.39,3537884.01,8.9,efectivo,10-16-2023,2021/03/24,Activo,17.0,
2788,Luis Flores,sin_email,3016004075,46,F,  Cartagena  ,Electrónica,69081.34,4880590.22,3.7,TARJETA CREDITO,03-12-2024,2023-03-30,pendiente,43.0,Sur
2789,Ana Sánchez,usuario2789@yahoo.com,3001989874,20,M,Cartagena,Ropa,84094.42,2843520.37,3.1,Tarjeta Crédito,12-20-2020,,Inactivo,28.0,Sur
2790,Juan Ramírez,usuario2790@empresa.co,3106707847,65,FEMENINO,Manizales,ROPA,628615.51,3342791.8,5.2,Nequi,2023-01-12,2022-03-28,Pendiente,13.0,Occidente
2791,Paola Rodríguez,usuario2791@gmail.com,3124170093,51,Female,medellin,ROPA,56556.01,5649373.11,9.2,Tarjeta Crédito,08 Sep 2023,2023-04-12,ACTIVO,,Sur
2792,Natalia Sánchez,usuario2792@gmail.com,3116199530,31,MASCULINO,CALI,Hogar,508239.51,3040977.12,6.1,Efectivo,12/08/2023,2023-07-10,Cancelado,46.0,Centro
2793,Pedro Rivera,usuario2793@hotmail.com,3012560341,61,,CALI,Hogar,382714.82,,9.0,Nequi,06-09-2022,02 Mar 2021,activo,50.0,Centro
2794,Pedro López,usuario2794@outlook.com,3129405396,38,Femenino,Bucaramanga,Ropa,131401.81,6018972.64,6.8,pse,25-02-2020,30/09/2021,ACTIVO,20.0,
2795,Luis Torres,usuario2795@hotmail.com,000,64,MASCULINO,Manizales,Hogar,,2393405.0,3.0,pse,10-20-2023,10-01-2022,activo,49.0,Centro
2796,Miguel Ramírez,usuario2796@gmail.com,3209001320,,MASCULINO,  Cartagena  ,deportes,180294.48,2663586.48,8.6,TARJETA CREDITO,2021/06/04,2020-11-26,pendiente,25.0,Norte
2797,Luis Ramírez,usuario2797@hotmail.com,3202508156,51,Female,Santa Marta,Hogar,838597.06,3015341.13,8.1,pse,10/03/2024,13 Dec 2021,pendiente,27.0,Centro
2798,Luis Ramírez,usuario2798gmail.com,3118444761,48,M,Pereira,Hogar,255931.86,4703290.8,9.3,,28 Jul 2021,2020/11/09,Cancelado,6.0,Norte
2799,Sergio Martínez,usuario2799@empresa.co,3126731439,30,Masculino,Cali,alimentos,286235.66,3899290.36,2.0,TARJETA CREDITO,,,inactivo,23.0,Occidente
2800,Jorge Sánchez,usuario2800@empresa.co,3208424023,21,M,Medellín,Hogar,212871.67,2326088.74,5.5,efectivo,2022-06-25,2022-03-27,Activo,1.0,Centro
2801,Carlos Rodríguez,usuario2801@yahoo.com,3121998160,31,f,Santa Marta,ROPA,52180.89,3675598.56,2.2,tarjeta débito,01 Jun 2024,06/05/2020,Pendiente,19.0,Occidente
2802,Ana López,usuario2802@hotmail.com,3017411364,33,F,barranquilla,Ropa,124868.28,2110989.23,6.9,Tarjeta Crédito,02-29-2024,27 Dec 2022,ACTIVO,7.0,Norte
2803,Diana Torres,usuario2803@hotmail.com,3015380015,38,M,barranquilla,alimentos,622358.14,,2.8,Nequi,17 Sep 2024,03-25-2021,inactivo,45.0,Norte
2804,Paola Torres,usuario2804@yahoo.com,3114121625,,Female,BOGOTA,deportes,158345.66,5150638.75,1.6,TARJETA CREDITO,26/01/2024,25/10/2022,Activo,33.0,Norte
2805,Miguel Rodríguez,usuario2805@gmail.com,3004651817,55,,Bogotá,HOGAR,138744.61,2594949.87,1.7,pse,05 May 2024,05-02-2024,Activo,45.0,Sur
2806,Carlos Martínez,usuario2806@empresa.co,,68,Femenino,Santa Marta,Deportes,163724.7,3215391.42,,Nequi,09-26-2022,07 Apr 2020,inactivo,43.0,Centro
2807,Luis Rivera,,3159642144,20,Masculino,Medellín,Deportes,195047.99,3185375.36,7.4,tarjeta débito,2024-06-16,20-03-2023,Pendiente,26.0,Sur
2808,María Flores,usuario2808@empresa.co,3101836854,62,Male,barranquilla,Tecnología,354180.82,2750778.6,2.7,Tarjeta Débito,27 Sep 2024,09-20-2024,Activo,38.0,Oriente
2809,María González,usuario2809@hotmail.com,3204571190,56,Masculino,BOGOTA,HOGAR,1159369.07,4587066.16,5.4,pse,2020/09/28,2021/03/25,Inactivo,19.0,Oriente
2810,Pedro Flores,usuario2810@yahoo.com,3012569824,67,F,Pereira,deportes,382488.7,3567405.69,9.7,,,05-10-2022,Activo,45.0,Centro
2811,Jorge Pérez,usuario2811@empresa.co,3003685872,28,Masculino,Barranquilla,deportes,387454.2,2714478.73,6.9,TARJETA CREDITO,2023/11/03,20/02/2022,activo,23.0,Oriente
2812,Paola Ramírez,usuario2812@gmail.com,no tiene,61,f,CALI,HOGAR,28305960.0,3870828.7,7.2,PSE,03-23-2024,,inactivo,49.0,Centro
2813,María Sánchez,,3153824655,66,Masculino,Pereira,Hogar,176857.65,3340250.14,5.2,Efectivo,2024/08/22,03/12/2022,inactivo,16.0,Centro
2814,Miguel López,usuario2814@yahoo.com,3106867775,21,Male,Bogotá,electronica,,5013595.74,8.5,pse,30 Dec 2023,05-25-2021,Cancelado,45.0,
2815,Diana Pérez,usuario2815outlook.com,3208854738,27,f,Cali,HOGAR,92815.46,2511771.72,9.1,Tarjeta Crédito,25 Apr 2024,02-10-2021,pendiente,39.0,Occidente
2816,,usuario2816@gmail.com,,68,f,Bogotá,alimentos,,3153236.17,7.1,Tarjeta Débito,12/06/2020,2024-10-13,Inactivo,17.0,
2817,Luis Torres,usuario2817@outlook.com,3105166452,49,Masculino,Cúcuta,Deportes,275099.94,3867679.18,5.3,Tarjeta Crédito,2023-03-25,12/11/2022,inactivo,34.0,Sur
2818,Natalia Martínez,usuario2818@outlook.com,3003581099,53,M,medellin,Tecnología,68146.25,2779725.01,7.4,,21-07-2023,27-01-2023,ACTIVO,6.0,Sur
2819,Sandra Flores,usuario2819@gmail.com,3157014039,66,Masculino,Pereira,Deportes,30088.38,5156264.34,7.9,TARJETA CREDITO,22-11-2023,12-22-2022,Activo,49.0,Occidente
2820,Luis Rodríguez,usuario2820@gmail.com,3104226044,75,Female,Cali,HOGAR,303107.67,4568371.31,5.1,tarjeta débito,19-03-2024,21/05/2021,ACTIVO,23.0,
2821,María García,usuario2821@gmail.com,3155632713,30,Male,  Cartagena  ,electronica,,2963805.43,6.5,PSE,2022/12/19,07-08-2021,activo,24.0,
2822,Luis Sánchez,usuario2822@hotmail.com,3014078590,,F,Santa Marta,Hogar,752838.13,3546415.46,4.4,,2022/09/08,2023-08-29,Inactivo,49.0,Centro
2823,Sergio Pérez,usuario2823@gmail.com,3119630863,64,Femenino,Pereira,Ropa,193005.75,2801065.4,2.8,tarjeta débito,12-01-2023,13-10-2022,inactivo,,Centro
2824,Diana López,usuario2824@hotmail.com,3152842672,75,f,Santa Marta,Alimentos,852802.74,3681767.32,1.1,Tarjeta Crédito,24-04-2023,2020/07/22,Inactivo,3.0,Centro
2825,Laura Ramírez,usuario2825@empresa.co,3101498297,,Masculino,BOGOTA,Deportes,553288.35,4192175.38,4.3,Tarjeta Débito,05-26-2023,27/05/2024,inactivo,26.0,Centro
2826,Carlos Torres,,3125528846,53,Male,medellin,Ropa,346318.81,4053729.98,8.4,TARJETA CREDITO,09-07-2020,2020/02/10,activo,34.0,Oriente
2827,Miguel García,usuario2827@hotmail.com,3002386204,62,,Pereira,alimentos,41471.38,2538768.28,2.2,PSE,04/07/2023,11-15-2024,Inactivo,34.0,
2828,Carlos López,usuario2828@hotmail.com,3113695389,54,Femenino,Bogotá,electronica,25702.25,2804238.47,7.1,tarjeta débito,2023-07-07,21 Dec 2020,Activo,32.0,Occidente
2829,Paola López,usuario2829@gmail.com,3204588773,40,Femenino,  Cartagena  ,deportes,205352.55,5148610.24,8.0,tarjeta débito,21/07/2020,2021/11/14,Cancelado,43.0,Oriente
2830,Paola Ramírez,usuario2830@empresa.co,3017244565,47,Male,Cartagena,Ropa,162907.26,4433459.46,9.6,Tarjeta Débito,2023-06-01,2022-08-29,Cancelado,36.0,Occidente
2831,Natalia Gómez,usuario2831@hotmail.com,N/A,71,Male,barranquilla,Tecnología,397981.79,2259839.7,8.5,tarjeta débito,05 Mar 2023,2021-11-20,pendiente,3.0,Sur
2832,Paola Rodríguez,usuario2832@empresa.co,3127274866,73,Masculino,Cartagena,ROPA,315825.73,4600632.88,7.8,PSE,10/11/2023,26 Feb 2023,Activo,1.0,Centro
2833,Carlos Martínez,usuario2833@empresa.co,,22,Male,Bogotá,Deportes,263452.14,3162560.94,6.6,Efectivo,18-01-2020,2024/09/11,Inactivo,15.0,
2834,Carlos Rivera,usuario2834@yahoo.com,3015842852,46,f,medellin,HOGAR,678618.28,5956862.79,,Tarjeta Crédito,12-08-2021,14 Oct 2021,activo,16.0,Centro
2835,Ana Torres,usuario2835@outlook.com,3108117318,34,f,CALI,Tecnología,228799.23,2453864.01,,Nequi,21 May 2023,2021-09-26,Activo,43.0,Oriente
2836,Laura Rivera,usuario2836@gmail.com,3205789298,47,,barranquilla,Tecnología,81521.84,3341474.21,5.3,Efectivo,2023-12-20,25 Jun 2021,Activo,33.0,Occidente
2837,Laura Gómez,usuario2837@gmail.com,000,,,barranquilla,deportes,166992.39,4362707.41,1.5,pse,2023-12-27,19/10/2022,activo,46.0,Norte
2838,María Gómez,sin_email,3006060739,42,FEMENINO,Cúcuta,alimentos,77673.02,2106360.01,5.4,efectivo,29/11/2020,09/02/2023,pendiente,34.0,Norte
2839,Diana Rivera,usuario2839gmail.com,3115645311,74,Male,BOGOTA,Tecnología,50037.63,2002330.31,2.0,Efectivo,11/10/2022,24/08/2021,inactivo,31.0,Occidente
2840,Carlos Ramírez,usuario2840@gmail.com,3114278043,,MASCULINO,Cúcuta,Electrónica,191394.62,2398109.62,4.0,tarjeta débito,23 Sep 2020,29/12/2024,activo,6.0,Sur
2841,Ana García,usuario2841@empresa.co,3121647124,67,FEMENINO,Cúcuta,Deportes,690989.59,3777353.82,1.9,Efectivo,04 Dec 2024,12-31-2021,Pendiente,19.0,Centro
2842,Ana Pérez,usuario2842@hotmail.com,3112632047,38,Female,  Cartagena  ,ROPA,1344027.16,4504674.94,,pse,02-16-2024,18-06-2020,Pendiente,16.0,Sur
2843,Juan López,usuario2843@gmail.com,3004808415,60,MASCULINO,barranquilla,Deportes,194418.66,3280166.63,9.2,efectivo,03 Mar 2023,2022/04/30,Activo,46.0,Oriente
2844,Jorge Flores,usuario2844@outlook.com,3001088488,70,Femenino,Manizales,Electrónica,367961.36,4341281.8,1.3,Tarjeta Crédito,2021-04-15,07-11-2023,Pendiente,39.0,Norte
2845,María Rodríguez,usuario2845@yahoo.com,3101594388,51,M,Bucaramanga,Electrónica,521249.41,6275226.86,,tarjeta débito,,24-12-2020,pendiente,13.0,Oriente
2846,Ana Rivera,usuario2846@hotmail.com,3202619844,67,Masculino,barranquilla,Ropa,359828.7,3926620.32,6.0,TARJETA CREDITO,06-30-2022,,ACTIVO,25.0,Occidente
2847,Diana Flores,sin_email,3153757692,57,Femenino,CALI,Deportes,105577.13,1442920.32,7.0,tarjeta débito,2021/09/16,03-10-2020,Pendiente,17.0,Sur
2848,Paola Ramírez,usuario2848@yahoo.com,3014823415,44,f,Manizales,deportes,226589.88,4136438.5,9.2,efectivo,04 Aug 2021,2024/07/02,Cancelado,35.0,Centro
2849,Ana Torres,usuario2849@hotmail.com,3112847812,25,Female,  Cartagena  ,Ropa,179775.5,2477644.92,8.8,Tarjeta Crédito,01-22-2023,24/11/2021,pendiente,29.0,Oriente
2850,Sandra Flores,usuario2850@gmail.com,3007137093,60,Male,barranquilla,Hogar,165995.91,4448385.14,2.8,TARJETA CREDITO,,,pendiente,35.0,Norte
2851,Jorge Ramírez,usuario2851@empresa.co,3118429567,0,Male,Bogotá,Hogar,765075.43,4278953.4,5.6,Tarjeta Crédito,06-20-2023,2020-07-06,Activo,41.0,Sur
2852,Sandra Torres,usuario2852@gmail.com,3103210748,20,,Pereira,alimentos,53899.8,3990645.66,4.2,Efectivo,,09-29-2024,Inactivo,35.0,Occidente
2853,,usuario2853@empresa.co,3129417962,49,MASCULINO,Medellín,Electrónica,259697.79,4869145.5,6.4,Tarjeta Débito,13/06/2022,30-10-2022,Inactivo,8.0,Norte
2854,Jorge Gómez,usuario2854@empresa.co,3111493395,20,M,  Cartagena  ,deportes,100400.22,3475041.81,6.1,tarjeta débito,29 Jul 2023,02-11-2020,pendiente,20.0,Sur
2855,Juan Flores,usuario2855@gmail.com,3108731171,71,M,Santa Marta,Tecnología,316796.85,2505634.95,1.8,tarjeta débito,2024/04/04,2020/06/01,inactivo,49.0,Oriente
2856,Miguel Sánchez,,3014306323,49,M,Bucaramanga,Deportes,755211.71,2217923.47,3.2,,,20-06-2022,ACTIVO,47.0,Occidente
2857,Pedro González,usuario2857@gmail.com,3005081765,62,M,Medellín,alimentos,263800.03,4633001.91,5.5,pse,,2023/06/27,pendiente,37.0,Centro
2858,Miguel Torres,usuario2858@gmail.com,3156248922,21,M,Pereira,Alimentos,188397.25,3350800.02,6.7,pse,29-12-2024,23/09/2021,Pendiente,47.0,Sur
2859,Sandra González,usuario2859@yahoo.com,3002767586,56,m,Santa Marta,ROPA,147519.33,-1000.0,7.1,efectivo,26 Apr 2020,18/08/2020,Inactivo,6.0,Sur
2860,Sergio Sánchez,usuario2860@hotmail.com,3011094816,18,,Santa Marta,Alimentos,25418.78,3370430.73,2.4,PSE,08-25-2023,2023/03/04,Pendiente,40.0,Norte
2861,Carlos Sánchez,usuario2861@outlook.com,3202736432,31,MASCULINO,BOGOTA,Ropa,245845.73,0.0,1.8,PSE,2020-05-07,11-06-2024,Activo,10.0,Centro
2862,Pedro Rivera,sin_email,3153725695,74,Male,barranquilla,ROPA,960797.15,3137876.03,5.5,,30 Jan 2023,23 Apr 2022,ACTIVO,22.0,
2863,Natalia Torres,usuario2863@yahoo.com,3124956001,47,Femenino,Pereira,Hogar,21706.8,4110987.94,6.9,TARJETA CREDITO,01-12-2024,19 May 2023,pendiente,16.0,Oriente
2864,Miguel Flores,usuario2864@gmail.com,3156949878,21,f,Cali,Ropa,149164.59,2747108.63,2.3,Tarjeta Crédito,2021-05-25,2021-02-15,Cancelado,15.0,Oriente
2865,María Flores,usuario2865@yahoo.com,3013333028,65,Masculino,Bogotá,electronica,817547.55,2950838.71,3.8,,2022/04/21,08-03-2021,pendiente,45.0,Oriente
2866,Sandra Martínez,usuario2866@empresa.co,no tiene,44,m,Cartagena,alimentos,159336.65,4847331.63,3.4,PSE,,2021-06-17,Activo,34.0,Sur
2867,Natalia Flores,usuario2867@gmail.com,3207220321,68,F,Barranquilla,alimentos,42020.43,5156707.48,9.1,pse,07-29-2020,21-12-2020,Activo,20.0,
2868,,usuario2868@yahoo.com,N/A,70,,BOGOTA,ROPA,385743.66,4063110.22,5.5,Tarjeta Crédito,2022-01-02,,ACTIVO,38.0,Sur
2869,Carlos Torres,usuario2869@hotmail.com,3201004604,51,f,Manizales,Ropa,91348.88,4196693.22,1.0,Efectivo,18/06/2024,24-09-2021,inactivo,35.0,
2870,Sergio Rivera,usuario2870@gmail.com,3126763891,,M,Santa Marta,electronica,530644.38,3231771.26,7.2,tarjeta débito,22-03-2021,2023/08/11,Inactivo,16.0,Oriente
2871,María González,usuario2871@empresa.co,3117831141,150,FEMENINO,Santa Marta,alimentos,312750.41,4195872.41,6.9,pse,2021/05/05,11-19-2024,Activo,8.0,Centro
2872,Diana Gómez,usuario2872@hotmail.com,3124800850,0,MASCULINO,CALI,Deportes,420302.28,2959679.62,,Tarjeta Débito,09-12-2020,2021-03-03,Cancelado,18.0,Sur
2873,Miguel Rodríguez,usuario2873@hotmail.com,3202575193,24,f,Medellín,Hogar,,3395442.95,1.4,pse,11-23-2023,2021-12-12,pendiente,41.0,
2874,Andrés Ramírez,usuario2874@yahoo.com,3201983018,32,Masculino,CALI,electronica,263771.69,3064137.9,7.7,PSE,11-25-2020,16/04/2021,Activo,25.0,Norte
2875,,usuario2875@empresa.co,,30,Femenino,BOGOTA,electronica,,3767515.99,3.9,TARJETA CREDITO,12-01-2024,10-03-2024,activo,1.0,Occidente
2876,Laura García,usuario2876@empresa.co,3106876259,60,Femenino,CALI,Tecnología,53975.06,4056926.77,6.0,tarjeta débito,2024/09/21,11 Apr 2020,inactivo,27.0,Oriente
2877,Miguel González,usuario2877@yahoo.com,3157582882,58,f,Bucaramanga,Ropa,231678.31,3384252.72,2.9,,01 Jun 2024,13/11/2024,ACTIVO,48.0,Centro
2878,Laura García,usuario2878hotmail.com,,53,FEMENINO,Santa Marta,Hogar,102082.5,2818910.34,8.9,TARJETA CREDITO,2021-03-07,10-07-2023,Cancelado,11.0,Oriente
2879,Pedro López,usuario2879@yahoo.com,3012470788,44,M,Medellín,ROPA,78042.4,5856404.08,6.9,Tarjeta Crédito,02 Jun 2020,02-04-2024,pendiente,2.0,Occidente
2880,Juan Ramírez,usuario2880@outlook.com,3105397213,67,F,Cartagena,Deportes,15921.26,3629628.67,8.9,Tarjeta Débito,2024-03-04,24-06-2021,Cancelado,41.0,Norte
2881,Natalia Flores,usuario2881@outlook.com,3009067986,40,Female,Medellín,deportes,255235.22,4910064.25,2.8,Efectivo,10-09-2021,2023-07-28,inactivo,50.0,Norte
2882,Jorge Rivera,usuario2882@gmail.com,3156571837,62,F,Bogotá,Hogar,8529.85,,9.1,tarjeta débito,,2022-07-15,activo,24.0,Occidente
2883,Juan Gómez,usuario2883@outlook.com,3105428818,74,MASCULINO,Santa Marta,Tecnología,,3684598.69,9.2,,13-04-2021,2021-11-26,pendiente,43.0,Norte
2884,Andrés González,usuario2884@gmail.com,3158429648,68,f,medellin,Electrónica,708648.58,,7.4,efectivo,07-06-2020,2022-12-07,activo,2.0,
2885,María Sánchez,usuario2885@hotmail.com,3013027560,43,M,Santa Marta,Ropa,55649.25,5108738.47,2.8,,02/08/2024,2023/05/04,Inactivo,7.0,Occidente
2886,Luis Flores,usuario2886@empresa.co,3008529778,60,Female,Cali,ROPA,492644.44,5263322.78,,tarjeta débito,25/04/2020,2024/09/25,pendiente,6.0,Sur
2887,Andrés Sánchez,usuario2887@yahoo.com,3102382795,56,Masculino,Pereira,deportes,936956.12,3335130.69,1.5,Efectivo,21 Mar 2022,2022/05/30,Activo,1.0,Norte
2888,Pedro García,usuario2888@gmail.com,3108793212,40,Female,CALI,Tecnología,142711.97,4386124.8,,,2021-11-23,2023/10/18,inactivo,37.0,Sur
2889,Jorge Pérez,usuario2889@yahoo.com,,53,Male,Bucaramanga,Deportes,93245.8,3519243.6,,PSE,2020/05/11,10/03/2022,pendiente,4.0,Centro
2890,María Rivera,usuario2890@outlook.com,3103114317,38,,Cali,electronica,753187.87,5215539.11,6.3,Tarjeta Débito,,04/09/2021,ACTIVO,45.0,Norte
2891,Ana Martínez,usuario2891@hotmail.com,3101877557,44,M,medellin,Alimentos,225667.89,0.0,,Tarjeta Crédito,04-18-2021,09 Nov 2022,ACTIVO,41.0,Norte
2892,María López,usuario2892@hotmail.com,3115107156,45,MASCULINO,Bucaramanga,deportes,54625.35,3158973.29,2.0,Nequi,03-09-2022,2020-12-17,Cancelado,,
2893,Sergio Gómez,usuario2893@empresa.co,3105980843,38,f,Manizales,Tecnología,62564.69,4932267.71,,Tarjeta Crédito,08/11/2024,27-08-2022,Cancelado,44.0,Sur
2894,Paola Rivera,usuario2894@gmail.com,3208272117,54,F,Bucaramanga,ROPA,728054.13,1664147.17,8.7,pse,09/07/2024,2023-12-09,activo,18.0,Norte
2895,Carlos López,,3156574033,42,f,BOGOTA,alimentos,289737.94,2899465.97,1.4,Tarjeta Crédito,08/07/2020,2024/06/07,pendiente,1.0,Oriente
2896,Sergio Martínez,usuario2896@empresa.co,3106106479,65,Masculino,  Cartagena  ,Tecnología,588778.53,2626402.63,9.8,pse,2023/09/15,,Cancelado,,Oriente
2897,Natalia Gómez,usuario2897@empresa.co,3116784940,46,FEMENINO,medellin,Alimentos,406319.27,2338709.13,7.3,Nequi,05-30-2020,2020/05/30,Activo,22.0,
2898,Pedro Rodríguez,usuario2898@empresa.co,3122059967,43,M,Pereira,Deportes,169496.4,4139961.73,4.0,PSE,2023-01-02,15/02/2023,Activo,15.0,Oriente
2899,Juan Pérez,usuario2899@gmail.com,3157772602,,F,Cúcuta,Tecnología,7279.13,2457556.3,6.4,,2021/09/14,08-20-2023,ACTIVO,24.0,Occidente
2900,Miguel Torres,usuario2900@gmail.com,3016040968,,,Bogotá,Hogar,233614.05,4682380.84,7.1,tarjeta débito,11-19-2021,14 Feb 2021,inactivo,32.0,Sur
2901,Laura Rodríguez,usuario2901@hotmail.com,3014335708,19,Masculino,Manizales,Deportes,167226.63,5554761.61,3.1,,06-23-2024,2024/05/29,activo,3.0,
2902,Ana Pérez,usuario2902@hotmail.com,3126915972,74,FEMENINO,Santa Marta,Tecnología,55323.5,,7.4,Efectivo,2023/04/23,23-03-2024,Activo,29.0,Centro
2903,María Rodríguez,usuario2903@yahoo.com,N/A,37,m,BOGOTA,alimentos,138155.24,0.0,4.8,Tarjeta Crédito,31 Jul 2022,08/06/2021,Activo,13.0,
2904,Miguel González,,3115359640,31,M,Cali,Electrónica,231789.35,5443617.96,100.0,tarjeta débito,,06-11-2024,Pendiente,28.0,Occidente
2905,Luis Torres,usuario2905@outlook.com,3152678886,19,F,Barranquilla,Ropa,130354.2,5225202.02,5.8,Nequi,24/04/2024,2022-10-13,pendiente,30.0,Occidente
2906,Sandra Rodríguez,usuario2906@outlook.com,3119894444,62,Masculino,Cúcuta,Deportes,236741.7,4871356.53,5.6,Efectivo,,14-05-2023,Pendiente,40.0,Oriente
2907,Juan Rivera,usuario2907@empresa.co,3006699859,53,Female,medellin,deportes,165883.3,3707283.26,2.3,PSE,2022/05/04,2022-02-25,pendiente,15.0,Sur
2908,Carlos Rodríguez,usuario2908@yahoo.com,3111115720,54,MASCULINO,Cartagena,Alimentos,351553.86,3813627.28,6.7,,20-05-2023,2023/02/24,pendiente,21.0,Centro
2909,Sergio Martínez,usuario2909@gmail.com,3124248028,27,,Cartagena,alimentos,51666.23,1525621.18,4.1,tarjeta débito,17 Jun 2022,2020-02-24,Activo,45.0,
2910,Andrés Rodríguez,usuario2910@outlook.com,3152079308,47,FEMENINO,medellin,deportes,142562.93,3536219.85,7.8,Tarjeta Débito,11-27-2024,2020-05-14,Inactivo,47.0,Sur
2911,Jorge Rivera,usuario2911@hotmail.com,3205568932,26,MASCULINO,barranquilla,Ropa,1145752.01,2842322.72,5.1,Tarjeta Débito,09-26-2023,14 Aug 2022,Pendiente,24.0,
2912,Andrés Rodríguez,usuario2912@empresa.co,3114466275,74,m,barranquilla,Electrónica,358846.8,5114196.95,3.3,PSE,12-09-2022,03-25-2022,pendiente,26.0,Oriente
2913,Jorge Pérez,usuario2913@gmail.com,3123482646,32,Masculino,Santa Marta,Alimentos,627692.51,5510062.92,1.0,Nequi,2020-10-10,23/05/2020,inactivo,30.0,Occidente
2914,Sergio Rodríguez,usuario2914@gmail.com,3121772446,37,m,BOGOTA,ROPA,117513.78,1971638.0,7.5,Tarjeta Débito,2023-03-11,2024/03/05,Inactivo,9.0,
2915,Carlos Rodríguez,usuario2915@yahoo.com,3128446401,43,Female,Bogotá,deportes,555580.02,4621621.68,,Tarjeta Crédito,2024/08/09,2023/02/20,inactivo,17.0,Sur
2916,Carlos Martínez,usuario2916@empresa.co,3008365170,31,f,BOGOTA,alimentos,7643.93,5575408.95,10.0,efectivo,18 Aug 2021,15/02/2023,ACTIVO,19.0,Sur
2917,Paola Pérez,usuario2917@outlook.com,3112571492,64,m,medellin,Deportes,347721.09,5721641.79,,Nequi,2021-09-17,11/05/2022,activo,12.0,Centro
2918,Laura Rivera,usuario2918@yahoo.com,3122954313,48,FEMENINO,Cartagena,Tecnología,296647.5,3146562.42,5.9,PSE,02-02-2022,2024/11/10,inactivo,2.0,Occidente
2919,Luis Torres,usuario2919@gmail.com,,70,MASCULINO,Santa Marta,Alimentos,159626.7,3072642.32,8.0,pse,2024-04-18,25/04/2021,Cancelado,39.0,Oriente
2920,Diana García,usuario2920@outlook.com,3129378883,62,FEMENINO,Manizales,HOGAR,139120.86,5610843.2,8.8,Efectivo,2024-09-01,,activo,28.0,Sur
2921,Pedro García,usuario2921@outlook.com,3003939474,24,F,Barranquilla,deportes,55655.75,2149079.8,9.4,Efectivo,2020/07/11,,ACTIVO,7.0,Centro
2922,Natalia Martínez,usuario2922@outlook.com,3124899660,37,Female,Cartagena,Electrónica,304058.43,0.0,6.6,tarjeta débito,08/10/2020,26 May 2020,Activo,30.0,Occidente
2923,Laura Sánchez,usuario2923@gmail.com,3101300072,,Masculino,Bogotá,ROPA,134749.62,2137749.01,2.3,Tarjeta Débito,10/09/2020,04/05/2023,Cancelado,47.0,Oriente
2924,María Sánchez,usuario2924@empresa.co,,42,Masculino,Bucaramanga,ROPA,217807.6,3392258.81,9.9,,21-03-2020,01-08-2021,activo,30.0,
2925,Luis Sánchez,usuario2925@yahoo.com,3012079233,-5,m,barranquilla,deportes,150579.23,2390522.63,2.3,Tarjeta Débito,12 Sep 2020,2024/01/12,Pendiente,17.0,Sur
2926,Sandra Rodríguez,usuario2926@hotmail.com,3126302857,39,FEMENINO,barranquilla,Electrónica,68067.52,3643996.24,3.1,PSE,03/12/2023,2024-07-19,ACTIVO,50.0,Norte
2927,Diana Martínez,usuario2927@yahoo.com,3203669853,70,Male,  Cartagena  ,Deportes,,5381558.4,7.6,TARJETA CREDITO,2023/09/10,07-08-2023,pendiente,2.0,Norte
2928,Sergio Rivera,usuario2928@empresa.co,3103362267,73,Masculino,Manizales,ROPA,253257.34,6725112.19,1.3,efectivo,2022-09-20,12 Dec 2020,inactivo,,Norte
2929,Pedro Ramírez,,3127326723,67,Masculino,Medellín,Hogar,1216057.16,3467028.78,4.6,tarjeta débito,15 Feb 2022,16 Nov 2022,ACTIVO,,Oriente
2930,Andrés Ramírez,usuario2930@hotmail.com,3201890157,59,F,Manizales,Tecnología,,3766258.28,5.3,,2024/02/16,2020-12-07,Pendiente,34.0,Norte
2931,Jorge Rodríguez,usuario2931@outlook.com,3109774122,18,,Cúcuta,ROPA,61052.12,4705670.45,5.6,pse,2021-07-23,02-02-2020,inactivo,22.0,
2932,Ana Torres,usuario2932@hotmail.com,3004015852,58,Femenino,medellin,Deportes,398206.83,3684285.58,8.8,,20-09-2022,2021-12-25,Activo,2.0,Oriente
2933,Sandra Rivera,usuario2933@gmail.com,3114897030,37,,Santa Marta,Hogar,128099.45,2791117.44,5.8,Tarjeta Crédito,04-09-2021,08-15-2021,pendiente,11.0,Occidente
2934,Paola García,usuario2934@hotmail.com,3122556484,38,Masculino,barranquilla,Electrónica,515299.52,,3.0,Nequi,,29-11-2023,Inactivo,22.0,Sur
2935,María García,usuario2935@gmail.com,---,27,f,Bucaramanga,Deportes,474094.1,2819299.14,4.9,TARJETA CREDITO,17-10-2020,2022/05/15,Cancelado,30.0,Sur
2936,Miguel Gómez,,3008345554,62,Male,Manizales,Deportes,605596.09,2215112.99,7.0,pse,2020/08/04,11/11/2024,Pendiente,6.0,Norte
2937,Sandra López,usuario2937@yahoo.com,3115077182,21,Male,Bucaramanga,deportes,270355.08,4023745.22,1.8,efectivo,2023/05/14,09-27-2021,pendiente,14.0,
2938,,usuario2938@yahoo.com,3127221465,43,M,medellin,alimentos,59356.03,,8.9,TARJETA CREDITO,2021-09-05,2022/10/19,pendiente,17.0,Centro
2939,Jorge Martínez,usuario2939@gmail.com,3209257875,66,FEMENINO,Barranquilla,deportes,350202.06,3292672.59,2.5,Nequi,2022/10/05,03-16-2023,ACTIVO,26.0,Oriente
2940,Ana Rodríguez,usuario2940@yahoo.com,3128980166,50,MASCULINO,barranquilla,ROPA,236807.61,-1000.0,2.5,,31 Oct 2021,2023/11/17,pendiente,34.0,Sur
2941,Paola González,usuario2941@yahoo.com,3101011805,45,F,Cúcuta,Tecnología,642484.82,1962694.03,4.8,Tarjeta Débito,29-05-2024,16/09/2021,inactivo,31.0,Oriente
2942,Juan González,usuario2942@yahoo.com,3014023746,43,,  Cartagena  ,deportes,231397.68,2811961.34,5.6,Tarjeta Débito,28-10-2024,,Pendiente,,Sur
2943,Natalia Rodríguez,usuario2943@empresa.co,3009857352,39,Masculino,Cartagena,alimentos,150252.46,2406488.38,1.1,TARJETA CREDITO,31 Dec 2022,,Inactivo,18.0,Norte
2944,Pedro Gómez,usuario2944@gmail.com,3017854859,54,Female,Pereira,alimentos,116783.6,5169701.32,2.8,Efectivo,10-05-2021,2022/12/24,activo,43.0,Sur
2945,Pedro González,usuario2945@outlook.com,3201108766,53,Masculino,Barranquilla,Tecnología,372743.92,5576396.25,1.8,Nequi,03 Jun 2024,2020-07-02,inactivo,,Sur
2946,Diana Ramírez,usuario2946@hotmail.com,3118275392,23,FEMENINO,Cartagena,Ropa,300548.81,3223416.77,8.4,Tarjeta Débito,2022-08-29,01-08-2021,inactivo,27.0,Occidente
2947,Diana González,usuario2947@yahoo.com,3208319839,45,M,Barranquilla,electronica,367658.77,3716216.58,6.0,Tarjeta Crédito,2020/02/08,04/07/2021,Activo,17.0,Sur
2948,Laura Flores,usuario2948@yahoo.com,3123989025,26,MASCULINO,Medellín,alimentos,309182.74,4032257.67,7.1,tarjeta débito,04-10-2022,2023/09/17,activo,26.0,Sur
2949,Pedro Flores,usuario2949@yahoo.com,3102754366,48,,Bucaramanga,ROPA,167645.58,4963768.01,9.7,Tarjeta Débito,17/03/2024,2022/09/11,ACTIVO,25.0,Norte
2950,Miguel García,usuario2950@yahoo.com,3158734530,49,f,Cali,Electrónica,76017.86,4375028.52,,efectivo,14/09/2023,05/01/2023,Activo,46.0,
2951,Sergio Rodríguez,usuario2951@empresa.co,3207753943,54,Femenino,Bogotá,ROPA,64610.24,4730953.63,6.3,Nequi,2023-12-20,17-02-2023,inactivo,32.0,Norte
2952,Luis Torres,usuario2952@hotmail.com,3005414991,57,,barranquilla,alimentos,59239.37,3944234.73,6.1,Efectivo,2024-04-14,08-09-2023,activo,26.0,Norte
2953,Diana López,usuario2953@gmail.com,3129220334,51,MASCULINO,Santa Marta,Tecnología,47579.67,3501582.57,3.9,Tarjeta Crédito,,21 Oct 2022,inactivo,10.0,Oriente
2954,Laura García,usuario2954@yahoo.com,3123714624,22,MASCULINO,BOGOTA,Electrónica,469966.31,3058875.6,5.3,Nequi,,01/07/2021,inactivo,14.0,Centro
2955,María Flores,usuario2955@yahoo.com,3129807118,45,F,Cali,Electrónica,169459.29,3548238.93,3.9,pse,2021-01-22,2024/09/21,Cancelado,,Occidente
2956,Andrés Rodríguez,usuario2956@gmail.com,3113591804,54,Masculino,Bucaramanga,Ropa,1177838.26,4746367.16,5.5,TARJETA CREDITO,22 Apr 2024,2020-02-16,inactivo,27.0,
2957,,usuario2957@empresa.co,3006998589,60,F,barranquilla,Alimentos,250476.78,0.0,5.9,Tarjeta Crédito,01-08-2020,2024/11/03,inactivo,30.0,Centro
2958,Miguel Sánchez,usuario2958@gmail.com,3007099797,41,F,  Cartagena  ,Tecnología,113927.03,2863185.24,6.0,Tarjeta Débito,18-08-2020,13-02-2021,ACTIVO,12.0,Sur
2959,,usuario2959@empresa.co,3118316475,38,Masculino,Santa Marta,HOGAR,148057.05,3339912.47,5.8,tarjeta débito,,21 Feb 2021,Inactivo,26.0,Sur
2960,Paola Rodríguez,usuario2960@empresa.co,3127381902,59,Femenino,Bogotá,Electrónica,209097.21,2353385.29,9.3,Tarjeta Crédito,2020/01/02,2020-04-05,inactivo,23.0,
2961,Paola Sánchez,usuario2961@yahoo.com,3019964991,,FEMENINO,BOGOTA,Electrónica,119954.51,2161631.32,9.5,PSE,2024/02/09,10/09/2022,Cancelado,47.0,Sur
2962,Pedro Sánchez,usuario2962@hotmail.com,3017033506,40,Female,Cali,Alimentos,102581.38,2796278.28,8.0,,11-10-2024,2022/06/17,Inactivo,17.0,Sur
2963,Paola Torres,usuario2963@hotmail.com,3206839083,69,Masculino,  Cartagena  ,Deportes,,2777065.12,9.5,Efectivo,02-05-2021,2022-10-12,pendiente,5.0,Norte
2964,Juan Rivera,usuario2964@empresa.co,3102108038,27,Male,Cúcuta,Hogar,7434925.0,2715222.11,5.3,efectivo,2023/02/11,2021-01-27,Cancelado,27.0,Oriente
2965,Sergio Flores,usuario2965@empresa.co,3109481945,70,F,Santa Marta,Ropa,370016.2,3196779.57,6.1,PSE,14 Sep 2021,17 Feb 2024,Activo,,
2966,Juan Torres,usuario2966@yahoo.com,3104355515,61,m,Cali,HOGAR,53801.81,2077966.84,2.3,TARJETA CREDITO,12-02-2020,02-09-2020,Inactivo,4.0,Sur
2967,Jorge Rodríguez,usuario2967@empresa.co,3126794654,66,Male,Bucaramanga,Ropa,115330.52,4184278.58,8.8,Tarjeta Débito,2020-04-14,04-06-2021,Cancelado,37.0,Centro
2968,Jorge Sánchez,usuario2968@outlook.com,3004976563,23,M,Medellín,Electrónica,192247.06,,4.2,TARJETA CREDITO,2024/08/12,04-16-2024,inactivo,24.0,Centro
2969,Diana Martínez,usuario2969@gmail.com,3157090624,21,Masculino,CALI,Electrónica,565543.75,2980085.39,100.0,Tarjeta Crédito,03-24-2021,08 May 2024,Activo,46.0,
2970,Pedro González,usuario2970@empresa.co,3011783887,57,Masculino,Pereira,deportes,266684.08,2091574.59,-1.0,tarjeta débito,,2023-02-14,Cancelado,41.0,
2971,Carlos Pérez,,3127385148,73,Female,medellin,HOGAR,137136.47,3421734.92,3.8,tarjeta débito,,29 Aug 2021,pendiente,3.0,Oriente
2972,Juan González,usuario2972@yahoo.com,3105411790,36,Male,barranquilla,Alimentos,177705.88,4468628.47,1.5,Tarjeta Crédito,2021/05/01,10-18-2022,activo,48.0,Centro
2973,Sandra Martínez,usuario2973@empresa.co,3204877898,,Femenino,Cali,Tecnología,101768.38,3199347.1,8.0,PSE,2023/09/20,12-12-2022,activo,33.0,Centro
2974,Ana Flores,usuario2974@outlook.com,3121745975,25,f,Santa Marta,electronica,188451.05,4010615.61,,efectivo,24/12/2022,,Cancelado,16.0,Occidente
2975,Ana Rivera,usuario2975@gmail.com,3002740167,48,Male,Medellín,Hogar,,4184293.08,3.4,PSE,04-04-2022,29/09/2023,pendiente,3.0,Norte
2976,Juan García,usuario2976@hotmail.com,3017101602,,FEMENINO,barranquilla,Hogar,1668388.63,3520653.18,6.7,pse,22-07-2021,2024-03-04,inactivo,40.0,Oriente
2977,Diana Rodríguez,usuario2977@hotmail.com,3128149950,52,m,Pereira,Deportes,17633.99,6104619.55,5.0,,10/07/2024,25/10/2024,inactivo,49.0,Occidente
2978,Andrés González,,3156505299,52,FEMENINO,Manizales,Hogar,168569.65,2262883.38,5.4,,11 Apr 2023,24 Mar 2022,Pendiente,37.0,Sur
2979,Sergio González,usuario2979@yahoo.com,3118956709,34,m,medellin,ROPA,690468.22,3454556.64,9.9,Efectivo,09-21-2021,2020/02/24,inactivo,19.0,Norte
2980,Sandra Gómez,usuario2980@empresa.co,3208584748,57,m,BOGOTA,electronica,,3228530.59,6.8,,21-04-2020,2021/06/21,inactivo,13.0,Norte
2981,Natalia López,usuario2981@yahoo.com,3203100674,27,F,barranquilla,deportes,200733.29,4352144.17,6.3,TARJETA CREDITO,02-14-2023,08-22-2024,pendiente,6.0,Oriente
2982,Diana García,usuario2982@gmail.com,3201765867,60,,Cali,Deportes,382416.5,2421335.37,,,2024/06/27,17-02-2020,Pendiente,50.0,
2983,Carlos Gómez,usuario2983@empresa.co,3156882536,,Masculino,medellin,alimentos,208015.78,1730250.29,8.9,efectivo,06/01/2020,19/06/2021,Pendiente,,Norte
2984,Luis Torres,usuario2984@yahoo.com,3005136067,60,m,BOGOTA,Electrónica,230683.73,,1.1,,25-06-2023,2023/07/17,inactivo,50.0,Centro
2985,Ana Ramírez,usuario2985@hotmail.com,3204860041,34,M,Manizales,Alimentos,178061.03,2369947.94,4.5,Nequi,16-06-2020,20 Oct 2023,ACTIVO,26.0,
2986,Paola Torres,usuario2986@gmail.com,3115360778,36,m,Cúcuta,HOGAR,194496.41,4013081.12,5.4,TARJETA CREDITO,14/06/2020,10/05/2024,Activo,25.0,Sur
2987,Miguel Torres,usuario2987@outlook.com,3127107442,62,Femenino,Pereira,Ropa,144116.44,2793305.75,7.8,,,03-10-2024,activo,5.0,Oriente
2988,Natalia Pérez,usuario2988@yahoo.com,3001814856,21,Male,CALI,Tecnología,256280.41,4248960.44,,TARJETA CREDITO,27/05/2024,18-03-2022,ACTIVO,15.0,Norte
2989,Pedro Gómez,usuario2989@outlook.com,3202075775,18,m,Pereira,ROPA,692306.27,4583857.58,6.4,Tarjeta Débito,16/02/2024,08-09-2021,inactivo,9.0,Norte
2990,Miguel Rivera,,3101939866,desconocido,Masculino,CALI,Alimentos,151156.54,2971853.99,2.6,,25 Feb 2022,2021-08-04,inactivo,12.0,Centro
2991,Miguel González,usuario2991@yahoo.com,,72,Male,barranquilla,Tecnología,69974.84,3583689.27,2.7,Tarjeta Débito,28-11-2022,2020/07/12,inactivo,28.0,Occidente
2992,Miguel Pérez,usuario2992@hotmail.com,3004248870,41,Male,Cartagena,Hogar,497636.53,4391999.25,8.4,Nequi,15/11/2023,09 Nov 2024,Pendiente,13.0,Sur
2993,María Martínez,usuario2993@empresa.co,,19,Femenino,Medellín,ROPA,299734.36,2185586.75,1.1,Efectivo,08/08/2020,05-06-2022,activo,15.0,Occidente
2994,Laura Sánchez,sin_email,3209712858,74,Femenino,barranquilla,electronica,35384.71,2570253.24,1.4,efectivo,2021/12/05,08-02-2022,Inactivo,16.0,Oriente
2995,Luis Gómez,usuario2995@outlook.com,3207315663,32,f,Bogotá,deportes,55014.94,5205811.96,5.5,pse,22 Feb 2020,2021-07-28,Pendiente,6.0,Centro
2996,Andrés Sánchez,usuario2996@gmail.com,3109828367,50,,barranquilla,electronica,548039.25,4470284.51,9.5,Efectivo,12-18-2020,22-08-2022,Inactivo,15.0,Oriente
2997,Luis Sánchez,usuario2997@yahoo.com,3108187746,24,F,barranquilla,ROPA,98936.26,5730016.22,8.1,tarjeta débito,2024-06-02,03 May 2022,Cancelado,6.0,Occidente
2998,Laura Ramírez,usuario2998@yahoo.com,3128945916,49,F,Bogotá,alimentos,11712589.0,1805439.7,6.9,PSE,2024/08/19,2020/11/16,activo,10.0,Norte
2999,María Rodríguez,usuario2999@empresa.co,3204238434,52,f,Medellín,deportes,5978.12,3725288.07,3.3,TARJETA CREDITO,,14/05/2024,Activo,42.0,Norte
3000,Juan García,usuario3000@gmail.com,3005308258,30,Male,Cali,deportes,11693.98,3817945.23,5.1,efectivo,06-11-2021,,activo,40.0,Oriente
3001,Carlos Rodríguez,usuario3001@outlook.com,3125162036,47,,Santa Marta,alimentos,212340.6,,9.5,TARJETA CREDITO,05-22-2022,20 Aug 2024,ACTIVO,5.0,Norte
3002,Andrés García,usuario3002@outlook.com,3102198688,63,Masculino,Barranquilla,Ropa,114782.42,4503075.33,3.6,Tarjeta Crédito,10 Oct 2022,02-20-2022,activo,1.0,Sur
3003,Andrés Torres,usuario3003@yahoo.com,3111276117,,FEMENINO,medellin,Deportes,942759.71,1995310.52,,Tarjeta Crédito,06 Dec 2023,03-15-2024,activo,19.0,Centro
3004,Ana Pérez,usuario3004@hotmail.com,3111482732,51,M,Cartagena,Tecnología,,3241505.27,5.5,pse,30-06-2020,14 Jul 2024,ACTIVO,19.0,Occidente
3005,Sandra Rivera,usuario3005@hotmail.com,3154188616,49,Masculino,Cartagena,Tecnología,343198.44,3056200.82,1.8,tarjeta débito,02-08-2021,05-07-2022,activo,50.0,Norte
3006,Juan Sánchez,usuario3006@empresa.co,3202466833,28,m,  Cartagena  ,ROPA,208348.86,6750464.97,3.5,Nequi,19/09/2021,2020/06/24,ACTIVO,,Norte
3007,Paola Pérez,usuario3007@hotmail.com,3009495147,,,Cúcuta,HOGAR,947887.12,-1000.0,7.0,Efectivo,01-13-2023,28/08/2024,pendiente,30.0,Sur
3008,Sandra Sánchez,usuario3008@outlook.com,3111947543,40,f,Cali,electronica,62348.84,5860705.9,9.1,tarjeta débito,06-19-2020,12-31-2021,Inactivo,37.0,Norte
3009,Carlos Gómez,usuario3009@yahoo.com,3007517389,33,Masculino,Bogotá,alimentos,112724.48,3759966.81,9.2,Nequi,2023-12-27,2024-11-12,activo,11.0,Sur
3010,Natalia López,usuario3010@outlook.com,3152356473,50,Male,BOGOTA,Deportes,349093.9,4184703.44,7.5,,02-14-2024,2022/11/10,Activo,38.0,Occidente
3011,Natalia Flores,usuario3011@outlook.com,3118039442,21,f,Manizales,deportes,270748.12,4756122.05,5.4,,13-07-2024,25-04-2021,Cancelado,21.0,Centro
3012,Jorge Rivera,usuario3012@yahoo.com,3157699199,74,Female,BOGOTA,Deportes,35042.83,4506842.14,6.8,Tarjeta Crédito,2020/01/15,02 Dec 2022,inactivo,43.0,Occidente
3013,Carlos Torres,usuario3013@outlook.com,3206753648,70,Masculino,Barranquilla,electronica,804705.47,3982696.37,4.4,Tarjeta Crédito,25/01/2023,08 Dec 2021,activo,21.0,Norte
3014,Jorge Sánchez,usuario3014@outlook.com,3206006461,53,Femenino,barranquilla,Alimentos,234652.64,99999999.0,7.5,efectivo,05 Jul 2023,18/05/2023,Cancelado,5.0,
3015,Andrés Gómez,usuario3015@gmail.com,3006773480,32,m,Medellín,HOGAR,74650.3,2645055.29,6.9,efectivo,11-02-2024,2021-02-14,pendiente,22.0,Oriente
3016,Paola López,usuario3016@hotmail.com,,75,m,Bogotá,HOGAR,167949.5,3735419.6,9.8,PSE,21 Nov 2020,13/02/2022,Pendiente,28.0,Centro
3017,Natalia González,usuario3017@yahoo.com,,26,MASCULINO,Santa Marta,Tecnología,72625.36,2075949.61,4.8,,22/09/2021,03-10-2020,Pendiente,10.0,Occidente
3018,Juan Martínez,usuario3018@gmail.com,,42,Femenino,Barranquilla,Alimentos,67840.78,3247855.92,5.6,Efectivo,2023-06-09,28 Apr 2024,Inactivo,5.0,Sur
3019,Natalia Rivera,usuario3019gmail.com,,61,Femenino,medellin,electronica,120187.89,4673057.19,8.9,Tarjeta Crédito,15 Dec 2023,08-15-2024,Inactivo,33.0,Oriente
3020,Jorge Pérez,usuario3020@empresa.co,,58,Masculino,Manizales,Electrónica,491576.74,2202216.49,8.1,efectivo,14/02/2021,31 Mar 2023,inactivo,46.0,Sur
3021,Natalia Rodríguez,usuario3021@outlook.com,3018018802,44,F,barranquilla,HOGAR,357599.49,3725152.7,8.7,,2021/06/16,,activo,1.0,Centro
3022,Carlos Rodríguez,usuario3022@empresa.co,3157700831,27,F,Bogotá,Hogar,121826.94,2244379.93,9.3,,2020/02/29,06-14-2024,Cancelado,15.0,Norte
3023,Ana Flores,usuario3023@hotmail.com,3003040369,37,F,medellin,Hogar,476534.72,1689613.57,9.5,tarjeta débito,06-02-2024,26-12-2021,ACTIVO,22.0,Centro
3024,,usuario3024@empresa.co,3007431063,39,Female,Santa Marta,Tecnología,425469.53,4138429.81,8.7,PSE,,24 Nov 2020,Activo,3.0,Oriente
3025,,usuario3025@hotmail.com,3129053885,26,m,Cúcuta,ROPA,630700.63,1263620.13,2.9,TARJETA CREDITO,2023-06-09,04-12-2023,Pendiente,4.0,Centro
3026,Ana Ramírez,usuario3026@yahoo.com,3151673289,26,FEMENINO,barranquilla,alimentos,,1684591.46,8.5,Nequi,13/07/2021,2021/03/09,activo,11.0,Occidente
3027,Natalia Sánchez,usuario3027@empresa.co,3206165358,61,M,Bogotá,HOGAR,341229.35,,3.2,PSE,2021-11-25,2020/11/19,Inactivo,23.0,Centro
3028,Pedro Gómez,usuario3028@empresa.co,3017858674,73,F,Bucaramanga,Electrónica,204921.08,,,efectivo,27/09/2023,2023/01/27,activo,46.0,Oriente
3029,Andrés Flores,usuario3029@gmail.com,3207940546,62,F,  Cartagena  ,Tecnología,214413.25,3950504.65,5.1,Efectivo,30-12-2022,12/11/2021,pendiente,28.0,Sur
3030,Carlos Rodríguez,usuario3030@hotmail.com,3106858186,51,FEMENINO,Barranquilla,deportes,654434.83,4123038.62,5.2,tarjeta débito,,12-12-2023,inactivo,13.0,Oriente
3031,Carlos Pérez,usuario3031@hotmail.com,3101599789,45,Masculino,Manizales,Alimentos,273022.73,3493054.0,9.1,Efectivo,10 Sep 2024,04-27-2024,Cancelado,39.0,Oriente
3032,Paola García,usuario3032@empresa.co,3101559038,67,,Manizales,Alimentos,41178.73,2976572.85,2.4,Tarjeta Crédito,12-08-2022,02-03-2021,activo,40.0,
3033,Laura Ramírez,usuario3033@outlook.com,3125925008,54,Femenino,Cúcuta,alimentos,542135.36,4414615.69,4.7,,19-09-2024,10-06-2022,Inactivo,2.0,Oriente
3034,Carlos Rivera,usuario3034yahoo.com,3156891782,38,Female,Cúcuta,Hogar,135395.77,1165289.43,6.0,Tarjeta Débito,15/02/2022,06-20-2020,Activo,11.0,
3035,Miguel Flores,usuario3035@hotmail.com,3013110205,N/A,MASCULINO,medellin,electronica,396875.11,4984111.23,6.8,,2020/10/24,2021-09-17,Pendiente,42.0,Occidente
3036,Laura Flores,usuario3036@hotmail.com,,25,Femenino,Santa Marta,electronica,729602.15,3368391.79,8.8,efectivo,2024-01-20,03 Jun 2020,inactivo,,Occidente
3037,Andrés Ramírez,usuario3037@gmail.com,,71,,Bucaramanga,HOGAR,225061.25,2489852.89,10.0,Efectivo,30/03/2023,2022/03/02,Pendiente,49.0,Oriente
3038,Diana García,usuario3038@outlook.com,3156481850,64,F,Medellín,alimentos,1506111.82,2865095.27,8.8,efectivo,27/11/2020,08-17-2020,Activo,35.0,Norte
3039,Ana Sánchez,usuario3039@outlook.com,3008925651,,Female,Cúcuta,deportes,309286.42,2550680.56,,Efectivo,16/03/2024,21 Sep 2021,ACTIVO,,Occidente
3040,María Flores,usuario3040@gmail.com,3105167173,44,,barranquilla,alimentos,191292.96,5693912.38,,pse,2024/07/16,2023-11-21,activo,,Norte
3041,Sergio Rodríguez,usuario3041@yahoo.com,3013550323,37,M,Pereira,alimentos,103340.85,4196303.43,3.8,TARJETA CREDITO,01/06/2024,13/09/2021,Pendiente,38.0,
3042,Ana Torres,,3009550693,70,,Bucaramanga,Alimentos,205757.56,4012622.73,4.3,TARJETA CREDITO,2021-06-08,28/06/2022,Activo,,Centro
3043,Pedro Torres,usuario3043@yahoo.com,3204392216,65,,Cali,deportes,1042439.2,2262832.82,6.4,Tarjeta Crédito,20 Feb 2023,12/06/2023,inactivo,32.0,Sur
3044,Ana Sánchez,usuario3044@gmail.com,3111671574,67,F,Santa Marta,HOGAR,76105.5,4352145.03,4.6,Efectivo,03/11/2023,15-02-2022,Pendiente,22.0,Norte
3045,Diana Sánchez,usuario3045@yahoo.com,3108618492,26,,Cartagena,deportes,66952.71,2503210.3,8.4,,27/11/2021,2021-07-14,ACTIVO,,
3046,Paola López,usuario3046@empresa.co,3116134378,66,M,Cartagena,HOGAR,76008.56,3034660.9,,Tarjeta Crédito,21-11-2021,02-10-2023,Pendiente,39.0,Oriente
3047,Sandra Rivera,usuario3047@empresa.co,3158077825,57,FEMENINO,Bucaramanga,alimentos,11900.69,1803842.35,2.5,TARJETA CREDITO,,18 Jun 2020,Inactivo,30.0,Centro
3048,Sergio Rodríguez,usuario3048@gmail.com,3113552426,54,,Cartagena,Alimentos,177582.94,4017219.84,6.4,efectivo,13-02-2023,11 Nov 2024,activo,35.0,Occidente
3049,Paola Ramírez,usuario3049@outlook.com,3156462607,56,MASCULINO,  Cartagena  ,electronica,938282.44,2936110.85,1.4,Efectivo,03-08-2021,2023-11-19,Inactivo,50.0,
3050,Diana Sánchez,usuario3050@yahoo.com,3126131798,61,Masculino,Bogotá,ROPA,294684.51,3497997.45,3.0,Nequi,27-08-2021,06-26-2024,Activo,44.0,
3051,Andrés Flores,usuario3051@empresa.co,3125516577,,Femenino,Pereira,deportes,275999.65,4030855.86,9.2,,05-21-2024,21/10/2020,Activo,3.0,Oriente
3052,Sergio Rivera,usuario3052@outlook.com,3008152868,999,FEMENINO,Cartagena,Hogar,132593.87,4137060.0,6.3,PSE,,2023/01/22,activo,42.0,Oriente
3053,Paola Sánchez,usuario3053@empresa.co,3154748438,72,Male,medellin,Tecnología,331717.18,3672239.99,8.1,,2024/06/13,24-02-2024,Cancelado,28.0,
3054,Laura González,usuario3054@yahoo.com,3152641955,63,f,barranquilla,alimentos,14740228.5,3359493.99,6.7,pse,02-10-2024,,Cancelado,25.0,Norte
3055,Andrés Flores,usuario3055@outlook.com,3107301305,29,f,barranquilla,Deportes,70771.05,4294381.74,3.2,Efectivo,21 Feb 2023,2020-05-15,Pendiente,5.0,Centro
3056,Jorge Torres,usuario3056@gmail.com,3017702552,49,MASCULINO,Cúcuta,ROPA,134698.26,,1.6,efectivo,2024-07-17,2024/11/02,pendiente,30.0,Sur
3057,Andrés Rivera,usuario3057@outlook.com,3202073954,28,FEMENINO,Manizales,HOGAR,111021.24,,6.0,Efectivo,2021/03/12,23/01/2023,ACTIVO,14.0,Norte
3058,Paola Martínez,usuario3058@hotmail.com,3102964030,20,F,  Cartagena  ,Tecnología,,2585840.75,4.2,Nequi,2020/07/23,03-10-2022,Cancelado,47.0,Occidente
3059,Natalia Martínez,usuario3059@yahoo.com,3101495353,18,Masculino,Manizales,ROPA,282705.0,4882890.73,7.2,Nequi,15 May 2023,23-10-2023,Inactivo,,Sur
3060,,usuario3060@outlook.com,3155956268,44,Femenino,Pereira,Hogar,37261.65,3927869.49,3.7,Tarjeta Débito,07/02/2021,06-13-2022,inactivo,42.0,Sur
3061,Carlos Torres,usuario3061@hotmail.com,3111232776,60,,Santa Marta,deportes,224299.77,362013.96,6.9,Tarjeta Crédito,,01 Jun 2021,ACTIVO,40.0,
3062,Sandra Pérez,usuario3062@empresa.co,,66,,Cúcuta,HOGAR,732867.1,2495691.7,1.8,pse,08-13-2020,26/05/2023,pendiente,12.0,Norte
3063,Carlos Pérez,sin_email,3202575308,29,M,Manizales,Deportes,258689.11,1353295.59,3.0,efectivo,,2022-06-30,Inactivo,20.0,Oriente
3064,Pedro González,usuario3064@hotmail.com,3014812933,46,F,Cúcuta,Tecnología,228088.83,2361761.71,,Tarjeta Crédito,01-08-2020,04-22-2021,ACTIVO,21.0,Norte
3065,Jorge Rodríguez,usuario3065@yahoo.com,3122520384,49,MASCULINO,barranquilla,Electrónica,282617.67,4433348.03,6.4,Tarjeta Débito,2021-11-08,,activo,43.0,Sur
3066,Miguel Gómez,usuario3066@outlook.com,3019845083,73,FEMENINO,Cúcuta,electronica,95658.28,4176372.72,7.2,Efectivo,11/08/2024,08-26-2023,Inactivo,11.0,Sur
3067,Jorge Torres,usuario3067empresa.co,3152303557,33,m,  Cartagena  ,electronica,366844.89,5442055.79,8.4,PSE,2021-02-06,2021-06-19,Cancelado,18.0,Oriente
3068,Sergio Sánchez,usuario3068@gmail.com,3209751348,67,Femenino,Bogotá,Hogar,118361.88,,6.6,TARJETA CREDITO,13/06/2024,17-03-2021,ACTIVO,15.0,Centro
3069,Diana Gómez,usuario3069@hotmail.com,3126689718,,M,Barranquilla,alimentos,251313.69,2664389.38,4.0,Tarjeta Débito,14 Jul 2020,,inactivo,35.0,
3070,Carlos Rodríguez,usuario3070@outlook.com,3002517422,42,Masculino,Cali,Alimentos,515879.18,2962495.48,,TARJETA CREDITO,05 Dec 2021,2023-06-19,Pendiente,5.0,Centro
3071,Diana Rodríguez,usuario3071@hotmail.com,3008166271,43,F,medellin,HOGAR,,3450945.59,9.2,efectivo,2021/03/01,2023-09-17,Activo,50.0,
3072,Ana Torres,usuario3072@outlook.com,000,65,Masculino,Barranquilla,electronica,304509.8,3722837.02,3.2,PSE,11-11-2023,11-17-2020,Inactivo,24.0,
3073,Sandra González,usuario3073@yahoo.com,3103842158,52,M,  Cartagena  ,HOGAR,57643.82,5583903.98,1.3,PSE,14/01/2020,2020/05/11,Inactivo,6.0,Sur
3074,María González,usuario3074@outlook.com,3016450992,74,MASCULINO,medellin,Hogar,153748.58,4367763.35,2.5,TARJETA CREDITO,09/03/2023,13-05-2023,activo,34.0,Occidente
3075,Carlos Rodríguez,usuario3075@outlook.com,3207059159,20,MASCULINO,Santa Marta,deportes,33224.22,4668404.94,9.0,efectivo,10-15-2023,2021/08/19,Pendiente,37.0,Sur
3076,Natalia Flores,usuario3076@outlook.com,3006043331,46,Femenino,Cartagena,Hogar,154414.86,2461635.1,2.3,TARJETA CREDITO,21 Mar 2023,21 Nov 2023,ACTIVO,48.0,Centro
3077,Miguel Torres,usuario3077@hotmail.com,3207511257,74,Masculino,Santa Marta,Tecnología,170172.48,3659462.5,7.1,Nequi,15/11/2023,2020/10/11,Inactivo,21.0,Norte
3078,Ana Torres,usuario3078@gmail.com,3206436421,,MASCULINO,Medellín,Ropa,68527.84,4427419.31,8.3,PSE,19 Mar 2024,08/06/2020,ACTIVO,40.0,Sur
3079,Paola Martínez,usuario3079@hotmail.com,3105610252,51,FEMENINO,Cúcuta,Hogar,373406.9,4225947.59,7.2,TARJETA CREDITO,2024-03-26,04-05-2021,Cancelado,2.0,Occidente
3080,Miguel Rodríguez,usuario3080@yahoo.com,,65,Femenino,Bucaramanga,Deportes,327787.29,1871412.12,5.5,,2022/11/26,2024/04/26,Pendiente,47.0,Norte
3081,Pedro García,usuario3081@empresa.co,3156318255,,Female,barranquilla,Electrónica,165202.18,4365606.35,6.0,Nequi,27/01/2022,30-04-2020,activo,9.0,Oriente
3082,Juan González,usuario3082@yahoo.com,3019697546,66,f,Bogotá,Hogar,,3523310.85,4.1,Tarjeta Débito,19/01/2022,25/07/2023,activo,26.0,
3083,Luis Rivera,usuario3083@hotmail.com,3006603345,21,Male,Bogotá,ROPA,296580.85,3505572.98,1.7,Efectivo,21-02-2021,,Pendiente,12.0,Oriente
3084,Miguel Pérez,usuario3084@yahoo.com,3208147970,46,Female,Bogotá,Electrónica,193320.98,,4.9,tarjeta débito,27 Feb 2024,2021/08/19,activo,31.0,Oriente
3085,Sergio Martínez,usuario3085@gmail.com,3009466886,37,m,Medellín,alimentos,,0.0,,efectivo,2023-02-24,2024/06/07,pendiente,20.0,Sur
3086,Andrés Martínez,usuario3086@yahoo.com,3159031570,36,Male,CALI,Tecnología,292582.92,3580358.18,9.2,Nequi,07-19-2022,2020-11-04,Pendiente,46.0,Occidente
3087,Ana López,usuario3087@hotmail.com,3016685929,45,Femenino,Bucaramanga,Hogar,143368.83,3702508.32,0.0,Tarjeta Débito,2021-06-14,19 Dec 2022,ACTIVO,8.0,Norte
3088,,usuario3088@yahoo.com,3129402694,21,Masculino,medellin,Tecnología,37989.57,3419698.95,1.7,efectivo,12 Oct 2021,08/12/2024,inactivo,,Centro
3089,Pedro Pérez,,3126629100,75,Male,BOGOTA,alimentos,130493.64,3722417.67,9.3,efectivo,30 Jul 2023,03-22-2021,Pendiente,31.0,
3090,Pedro Sánchez,usuario3090@empresa.co,3202318620,71,MASCULINO,Cúcuta,alimentos,685692.25,1398140.5,4.2,Tarjeta Débito,01-18-2022,08 Oct 2023,inactivo,24.0,Centro
3091,Pedro López,usuario3091@yahoo.com,3017519709,23,m,medellin,Ropa,684654.69,1919337.61,3.0,PSE,26-03-2020,16/06/2020,pendiente,31.0,Norte
3092,Juan Rodríguez,usuario3092@outlook.com,3128005383,25,MASCULINO,medellin,electronica,74767.72,3533418.83,1.3,Nequi,02/05/2021,03-07-2020,Activo,24.0,Centro
3093,Carlos Flores,usuario3093@gmail.com,3017176616,55,m,Pereira,Electrónica,90837.69,3937340.46,2.2,,2024/12/25,23-04-2021,Inactivo,50.0,
3094,Diana Sánchez,usuario3094@hotmail.com,3129143593,62,F,Cúcuta,ROPA,346672.03,1181654.81,8.6,PSE,2024/06/25,06-29-2023,Activo,11.0,Norte
3095,María Ramírez,usuario3095@gmail.com,,43,Masculino,CALI,Ropa,169151.18,3386098.09,2.8,Tarjeta Débito,03-17-2022,11-06-2021,activo,50.0,Oriente
3096,Paola Rivera,usuario3096@gmail.com,3105871834,46,MASCULINO,Barranquilla,Hogar,8002.53,2759138.21,4.5,Nequi,18/12/2020,27/07/2020,Activo,4.0,Oriente
3097,Miguel Ramírez,usuario3097@hotmail.com,3123857425,,MASCULINO,BOGOTA,Tecnología,440857.22,,2.3,Tarjeta Crédito,2021/02/16,2022-08-22,activo,13.0,Centro
3098,Carlos Flores,usuario3098@yahoo.com,3155555138,75,Femenino,Bucaramanga,HOGAR,339269.79,3072066.9,11.0,efectivo,,08-07-2024,Pendiente,30.0,Norte
3099,Paola Gómez,usuario3099@outlook.com,,30,M,Cartagena,Electrónica,,4292803.2,4.4,TARJETA CREDITO,,02/08/2023,Activo,42.0,Centro
3100,Andrés Rivera,usuario3100@gmail.com,3009428451,23,f,Medellín,ROPA,101473.27,5265178.88,7.5,pse,11-29-2023,16 Feb 2023,Cancelado,22.0,
3101,Natalia Torres,usuario3101@hotmail.com,3126379709,62,Female,Cúcuta,Deportes,64320.2,2683980.73,2.5,pse,2023-11-09,2023/12/27,Activo,32.0,Norte
3102,Natalia González,usuario3102@gmail.com,3116121465,63,MASCULINO,Santa Marta,deportes,116489.33,3468231.87,8.9,Efectivo,2022/04/12,13 Sep 2020,activo,18.0,Centro
3103,Luis Rodríguez,sin_email,3123419404,63,Male,Cúcuta,Electrónica,191845.35,4212402.84,4.8,tarjeta débito,2023/03/24,2024-09-24,Cancelado,,Norte
3104,Diana Flores,usuario3104@empresa.co,3123514761,23,,Barranquilla,Electrónica,9138.1,2183968.34,5.7,Tarjeta Débito,24 Nov 2023,2021-09-27,ACTIVO,29.0,
3105,María García,usuario3105outlook.com,3116918016,46,Femenino,Cali,Alimentos,394222.65,5062026.21,8.1,pse,08 Jun 2024,16 Sep 2020,Pendiente,47.0,Occidente
3106,Natalia Pérez,usuario3106@empresa.co,3128589032,23,Masculino,  Cartagena  ,HOGAR,95233.54,2885000.2,2.4,efectivo,2021/09/24,21 Jan 2023,Inactivo,27.0,Norte
3107,Juan Pérez,usuario3107@hotmail.com,3008814277,42,Male,Bogotá,HOGAR,8468.27,-1000.0,9.4,TARJETA CREDITO,30/08/2020,,Cancelado,43.0,Occidente
3108,Luis Martínez,usuario3108@empresa.co,3202149603,50,Masculino,  Cartagena  ,Tecnología,290274.19,1901149.71,3.1,Efectivo,27 Jun 2021,24 Mar 2022,ACTIVO,,Centro
3109,Paola Rivera,usuario3109@empresa.co,,28,Femenino,Cúcuta,Electrónica,119212.25,4387881.68,4.9,Efectivo,29/12/2020,10 Dec 2021,inactivo,16.0,Oriente
3110,,sin_email,3154876158,42,Femenino,Santa Marta,alimentos,70652.38,3518569.92,,tarjeta débito,2024/05/05,2020-11-16,ACTIVO,32.0,Oriente
3111,Sandra Flores,usuario3111@gmail.com,3113650024,,F,  Cartagena  ,Hogar,150155.88,6421101.62,9.3,PSE,2020/08/15,19/08/2022,Cancelado,37.0,Sur
3112,,usuario3112@gmail.com,3124674948,39,FEMENINO,Cúcuta,Hogar,,2435131.55,9.5,pse,05/04/2022,,inactivo,48.0,Sur
3113,Miguel García,usuario3113@empresa.co,3159398677,60,FEMENINO,Cúcuta,HOGAR,,4978196.18,5.4,pse,2021-06-10,,pendiente,10.0,Sur
3114,Pedro González,usuario3114@yahoo.com,3154637043,28,FEMENINO,Barranquilla,Hogar,107261.06,4913486.44,,,2023/10/12,04-22-2022,ACTIVO,23.0,Norte
3115,Luis Sánchez,usuario3115@hotmail.com,3129144209,29,Femenino,Pereira,Electrónica,206708.25,4782834.82,7.4,efectivo,12-12-2020,01-12-2021,Pendiente,44.0,
3116,Carlos Pérez,usuario3116@gmail.com,3115161952,21,MASCULINO,CALI,Deportes,10843.71,4736878.03,8.4,Efectivo,2024-03-01,05-04-2022,Cancelado,37.0,Norte
3117,Sergio Martínez,usuario3117@gmail.com,3019810101,37,m,Bucaramanga,Electrónica,291246.03,-1000.0,9.3,Tarjeta Crédito,03 Dec 2024,06/10/2020,pendiente,32.0,Occidente
3118,Luis Martínez,usuario3118@yahoo.com,3159432642,46,Female,Cúcuta,Deportes,238475.0,2907635.57,7.1,pse,02/03/2023,23 Nov 2024,Cancelado,15.0,
3119,,sin_email,3152240484,29,,Bucaramanga,alimentos,148661.0,4003481.59,5.0,Efectivo,2021/07/21,11-26-2023,ACTIVO,18.0,Centro
3120,María Ramírez,usuario3120@outlook.com,3155328392,26,Femenino,Bucaramanga,deportes,569962.58,4915261.25,1.9,efectivo,22-10-2020,10-24-2022,inactivo,12.0,
3121,Diana Martínez,usuario3121@gmail.com,3117057334,18,Femenino,Cali,Deportes,637416.36,2613281.04,7.8,Tarjeta Crédito,11-03-2022,09/05/2020,inactivo,23.0,Oriente
3122,Jorge López,usuario3122@gmail.com,3114748293,34,f,Barranquilla,Ropa,64299.76,4213273.42,3.1,Efectivo,2022-10-09,25/01/2020,Inactivo,26.0,Norte
3123,Carlos Pérez,usuario3123@yahoo.com,3119823846,,m,Pereira,ROPA,42736.15,3464669.26,9.3,efectivo,04 Nov 2024,17/05/2021,activo,10.0,Sur
3124,Carlos Rodríguez,usuario3124@yahoo.com,,49,MASCULINO,Pereira,Ropa,373743.63,3207566.6,1.3,Tarjeta Crédito,2020/11/05,2024/05/20,Activo,6.0,Occidente
3125,Andrés Ramírez,sin_email,,18,Male,Cali,Alimentos,14784.36,2767725.59,8.7,Tarjeta Crédito,09-22-2022,08 Nov 2020,Inactivo,4.0,Sur
3126,,usuario3126@gmail.com,3102617349,49,F,Pereira,Hogar,21700.99,2849125.46,11.0,,2020-04-24,2023/10/30,pendiente,26.0,Sur
3127,Andrés Ramírez,usuario3127@empresa.co,3015921164,55,FEMENINO,medellin,ROPA,262380.5,4379679.35,1.5,PSE,,2023-06-25,Pendiente,46.0,Centro
3128,Andrés López,usuario3128@empresa.co,3009844538,47,,Cartagena,electronica,257685.73,4644357.48,8.3,Tarjeta Crédito,,2021-10-03,ACTIVO,25.0,Oriente
3129,Paola González,usuario3129@gmail.com,3152423759,23,f,Barranquilla,Alimentos,314635.5,4371292.77,4.3,Nequi,06-06-2022,,Inactivo,31.0,Oriente
3130,Diana López,usuario3130@outlook.com,3001647255,18,,Manizales,HOGAR,238784.66,4127868.21,2.3,efectivo,22 Apr 2023,2023/04/22,Pendiente,8.0,Sur
3131,Juan López,usuario3131@empresa.co,,53,f,barranquilla,deportes,80225.57,5090006.51,7.5,Efectivo,03 Feb 2024,2022-09-29,inactivo,25.0,Norte
3132,Sergio Ramírez,usuario3132@outlook.com,3005117021,58,FEMENINO,medellin,Hogar,15725805.0,6952252.37,3.3,Nequi,09 Jan 2020,2022/06/24,ACTIVO,18.0,
3133,Luis Ramírez,usuario3133@yahoo.com,3018966153,70,Female,Manizales,deportes,520859.57,5043125.03,7.9,Tarjeta Crédito,19 Mar 2023,03/07/2022,Inactivo,6.0,Occidente
3134,Sergio González,usuario3134@gmail.com,3008781212,29,f,barranquilla,Hogar,201169.19,4696685.16,5.2,Tarjeta Crédito,14 Nov 2020,21-12-2020,Cancelado,15.0,Centro
3135,Luis Torres,usuario3135@empresa.co,3127587846,59,Male,barranquilla,Hogar,50295.59,2770623.28,1.6,efectivo,2022-12-29,19 Aug 2022,ACTIVO,8.0,Norte
3136,Natalia Martínez,usuario3136outlook.com,3106131713,27,FEMENINO,Medellín,Tecnología,295727.51,3000123.43,3.6,pse,2020-05-10,,Activo,37.0,Occidente
3137,Miguel González,usuario3137@hotmail.com,3129259959,60,,Bucaramanga,electronica,18068.1,,,Tarjeta Débito,,06-05-2023,activo,,Oriente
3138,Juan Sánchez,usuario3138@empresa.co,3159466315,56,Male,Manizales,alimentos,64170.18,2875832.0,3.3,Tarjeta Débito,2022-12-17,17/03/2020,pendiente,26.0,Oriente
3139,Jorge Flores,usuario3139@outlook.com,3018116159,23,M,medellin,electronica,,,5.7,pse,25-07-2023,01 Mar 2024,activo,23.0,
3140,,usuario3140@hotmail.com,3001700187,,MASCULINO,CALI,alimentos,870280.73,6288855.81,6.8,Tarjeta Débito,10 May 2024,15/02/2020,Activo,1.0,
3141,Sandra Ramírez,usuario3141@yahoo.com,3129476217,29,MASCULINO,Santa Marta,Deportes,805056.62,3283375.31,8.9,efectivo,22-09-2020,2023/05/05,Cancelado,26.0,Sur
3142,Natalia Rivera,usuario3142@yahoo.com,3157190186,36,Male,Cúcuta,Deportes,564475.2,5157493.85,9.2,pse,,22/06/2022,Activo,21.0,Norte
3143,Luis Pérez,usuario3143@yahoo.com,3154080944,62,,Cúcuta,electronica,92055.37,795944.96,-1.0,efectivo,19 Mar 2022,11-09-2023,Inactivo,49.0,Occidente
3144,Andrés Gómez,usuario3144@empresa.co,3005961051,54,MASCULINO,Barranquilla,HOGAR,204358.12,-1000.0,8.7,tarjeta débito,01 Mar 2020,05 Jul 2020,Inactivo,11.0,Norte
3145,Laura Sánchez,,3152687672,29,MASCULINO,Manizales,Alimentos,77715.9,2946663.19,6.3,tarjeta débito,,04 Jun 2020,Inactivo,12.0,
3146,Laura Rodríguez,usuario3146@outlook.com,3153810119,65,M,medellin,electronica,1346542.56,3275218.45,7.1,Efectivo,2024-06-09,2024-03-19,Cancelado,15.0,
3147,Diana Martínez,usuario3147@hotmail.com,3111521048,20,Female,Bogotá,Tecnología,47041.81,5430108.02,1.1,Tarjeta Débito,05/12/2023,,Pendiente,44.0,Norte
3148,Sandra Flores,usuario3148@gmail.com,N/A,37,MASCULINO,Barranquilla,Tecnología,39021.01,3453127.29,6.3,,2024/02/13,2021-06-07,activo,30.0,Oriente
3149,Luis Torres,usuario3149@empresa.co,3129299933,75,,barranquilla,alimentos,130492.13,5731562.85,9.4,pse,24 Aug 2021,10/12/2024,Inactivo,37.0,Occidente
3150,Natalia Rivera,sin_email,3012901000,22,Male,Santa Marta,Deportes,357560.62,3961843.42,4.5,Efectivo,24 Aug 2021,2022/08/22,Inactivo,14.0,Oriente
3151,Jorge Pérez,usuario3151@yahoo.com,3015115846,71,f,Manizales,Alimentos,177374.24,3938134.47,4.1,tarjeta débito,25/11/2024,30/07/2022,activo,41.0,Norte
3152,Laura Martínez,usuario3152@outlook.com,3117374368,36,M,Cali,Hogar,97432.53,2600864.79,,Tarjeta Crédito,2023/11/20,11-16-2023,activo,47.0,Occidente
3153,Jorge Ramírez,usuario3153@hotmail.com,3129478608,25,FEMENINO,barranquilla,alimentos,,,8.7,,10/02/2021,2020-06-07,Pendiente,24.0,
3154,Ana Pérez,usuario3154@yahoo.com,3105214854,35,f,Pereira,alimentos,212567.81,4134691.45,8.6,efectivo,10/11/2021,2023-09-06,Inactivo,6.0,Norte
3155,Jorge Ramírez,usuario3155@outlook.com,3125828291,44,MASCULINO,Cali,Alimentos,36882.5,3354264.07,6.5,TARJETA CREDITO,21/06/2021,19 Feb 2020,pendiente,24.0,Occidente
3156,Luis López,usuario3156@outlook.com,3008581658,62,MASCULINO,medellin,Electrónica,28454.48,4125926.79,7.6,Efectivo,2022-04-26,,ACTIVO,,
3157,Andrés Rodríguez,usuario3157@yahoo.com,3013180013,21,Femenino,Medellín,Deportes,680156.85,4397019.25,8.4,efectivo,16/12/2023,12-12-2024,ACTIVO,30.0,Occidente
3158,Jorge Ramírez,usuario3158@empresa.co,,64,Male,Manizales,Hogar,125581.63,99999999.0,1.9,Tarjeta Débito,19/09/2024,21/07/2022,activo,40.0,
3159,Sandra González,usuario3159@outlook.com,3101517023,51,MASCULINO,Santa Marta,deportes,454359.57,1534301.33,4.6,pse,03-25-2024,08 Oct 2022,Pendiente,30.0,
3160,Luis López,usuario3160@outlook.com,3018658263,48,Masculino,Santa Marta,Hogar,572419.12,3521157.24,8.1,efectivo,13/12/2023,10/08/2022,Activo,,Norte
3161,Andrés Gómez,usuario3161@outlook.com,3109556048,56,Femenino,  Cartagena  ,Deportes,81119.69,,7.1,TARJETA CREDITO,21/07/2021,2023-07-16,ACTIVO,50.0,Occidente
3162,Carlos López,usuario3162@gmail.com,3114547188,63,Femenino,Cali,electronica,80694.13,3711347.81,5.4,Tarjeta Débito,29 May 2020,08/10/2022,Inactivo,4.0,Norte
3163,Jorge Ramírez,usuario3163@hotmail.com,3203138536,56,Male,Cúcuta,Hogar,178399.5,3986517.4,4.2,efectivo,16-03-2020,2020-07-12,Inactivo,38.0,Sur
3164,Natalia Martínez,usuario3164@hotmail.com,3115456081,34,Male,Barranquilla,Electrónica,397016.74,3053140.53,7.1,efectivo,2020/09/15,2021/07/07,inactivo,11.0,
3165,Natalia Flores,usuario3165@empresa.co,3015859143,57,m,BOGOTA,Hogar,1072604.67,3177281.39,5.0,pse,,2020-01-26,activo,23.0,Centro
3166,Carlos Sánchez,usuario3166@outlook.com,3006548210,26,F,medellin,deportes,462022.39,3618548.5,8.7,Tarjeta Crédito,2021-11-25,2024-07-05,Inactivo,20.0,Oriente
3167,Jorge Torres,usuario3167@hotmail.com,,49,M,Medellín,Tecnología,66857.4,2456202.74,8.6,PSE,16 Sep 2022,,inactivo,32.0,Oriente
3168,Sandra Rivera,usuario3168@yahoo.com,3201086788,58,,CALI,electronica,16389.71,3077156.85,0.0,TARJETA CREDITO,04-17-2024,06-04-2022,Pendiente,39.0,Sur
3169,Pedro Gómez,usuario3169@gmail.com,3124536709,69,F,  Cartagena  ,Ropa,144903.99,,,TARJETA CREDITO,18 Oct 2020,2023-10-29,Activo,1.0,Centro
3170,Carlos Pérez,usuario3170@yahoo.com,3155783917,57,FEMENINO,Cartagena,deportes,203286.62,3259770.66,1.5,TARJETA CREDITO,07-11-2021,07-03-2024,inactivo,2.0,Sur
3171,Carlos Rivera,usuario3171@hotmail.com,3018580213,36,Female,Cartagena,Deportes,129467.87,3580638.61,2.6,Tarjeta Crédito,2022-05-23,30 Jan 2021,Cancelado,14.0,Occidente
3172,Laura Ramírez,usuario3172@gmail.com,3101207441,18,f,Santa Marta,ROPA,578045.61,99999999.0,6.8,pse,13/11/2020,2020-07-19,ACTIVO,40.0,Norte
3173,Pedro Sánchez,usuario3173@outlook.com,3157442318,47,Male,  Cartagena  ,HOGAR,5608.41,849503.72,5.7,pse,,24 Dec 2024,inactivo,50.0,Norte
3174,Natalia Rodríguez,usuario3174@hotmail.com,3123894846,25,M,Manizales,alimentos,286655.37,3131828.13,6.0,Efectivo,25/03/2021,2024-12-01,Inactivo,35.0,
3175,Pedro Sánchez,usuario3175@yahoo.com,3153717563,31,m,barranquilla,HOGAR,364817.84,2561808.91,,Efectivo,19 Jan 2021,16/02/2020,inactivo,32.0,Centro
3176,Jorge Gómez,usuario3176@gmail.com,3117232866,44,Female,medellin,alimentos,147878.69,5086604.19,9.5,,2023-05-12,2020-03-21,Inactivo,48.0,
3177,Laura Rodríguez,usuario3177@yahoo.com,000,39,f,medellin,Ropa,87965.93,,8.9,tarjeta débito,14/03/2024,09-06-2020,Inactivo,32.0,Oriente
3178,María Martínez,usuario3178@hotmail.com,no tiene,69,MASCULINO,medellin,Hogar,27566.89,2274497.66,3.8,Tarjeta Débito,14/04/2024,2020/08/28,Inactivo,6.0,
3179,Sergio Rodríguez,sin_email,3019510518,18,,Cúcuta,deportes,145636.05,2980380.22,7.9,Nequi,2024/03/22,26-04-2022,pendiente,36.0,Sur
3180,Ana Gómez,,3003395597,62,MASCULINO,Cartagena,electronica,195550.61,,,efectivo,,,activo,12.0,Occidente
3181,Andrés Flores,usuario3181@yahoo.com,,68,M,Manizales,Electrónica,116605.09,99999999.0,1.4,,18 Jun 2024,03-03-2021,Pendiente,11.0,Occidente
3182,Natalia Ramírez,usuario3182@empresa.co,3202475185,150,Femenino,Pereira,Hogar,,,,efectivo,20 Jul 2020,04-23-2023,Inactivo,24.0,Sur
3183,Jorge Gómez,usuario3183@gmail.com,3123855158,38,f,Cúcuta,Tecnología,84765.81,2704632.42,8.1,efectivo,,18/01/2024,Activo,50.0,Occidente
3184,Luis Rivera,usuario3184@empresa.co,3019470365,25,MASCULINO,BOGOTA,Tecnología,117365.14,,7.2,Tarjeta Débito,2022/09/14,29-04-2024,Inactivo,32.0,Norte
3185,Laura Rodríguez,usuario3185@outlook.com,3205699770,39,Masculino,  Cartagena  ,HOGAR,6662.57,3026092.01,4.1,Tarjeta Crédito,01 Aug 2023,07-12-2024,ACTIVO,28.0,Norte
3186,Pedro Sánchez,usuario3186@empresa.co,3155858390,54,Femenino,Barranquilla,electronica,259451.25,3817781.91,5.8,Tarjeta Débito,26-12-2023,2020-06-08,inactivo,,Occidente
3187,Miguel García,usuario3187@hotmail.com,3203693284,19,,barranquilla,Deportes,528516.03,4215265.38,3.2,Tarjeta Débito,2024-04-12,09-08-2024,activo,28.0,Norte
3188,,usuario3188@empresa.co,3111044342,30,Male,Cali,Hogar,149331.2,2945359.79,5.5,Tarjeta Crédito,12 Dec 2022,12/06/2022,activo,47.0,Centro
3189,Miguel Gómez,usuario3189@hotmail.com,3208562847,39,M,Bucaramanga,Hogar,57109.11,5122881.2,,efectivo,22-09-2022,02-08-2021,Activo,,Norte
3190,Ana Flores,usuario3190@yahoo.com,3118202395,48,Masculino,medellin,ROPA,55936.6,2583265.72,8.5,efectivo,14 Sep 2022,,Pendiente,40.0,Centro
3191,Carlos Rodríguez,usuario3191@yahoo.com,,69,f,Manizales,ROPA,693384.77,1595174.99,5.0,TARJETA CREDITO,2022-01-13,2024-12-30,Inactivo,6.0,Norte
3192,Natalia Gómez,usuario3192@hotmail.com,3157767370,,f,Cali,electronica,135517.84,3859450.69,,PSE,25-05-2022,25/04/2021,activo,,Oriente
3193,Paola Martínez,usuario3193@gmail.com,3153130106,27,f,Pereira,HOGAR,47001.42,4296307.44,3.8,Tarjeta Crédito,21 Apr 2021,02-06-2021,inactivo,39.0,Occidente
3194,Pedro Rodríguez,usuario3194@empresa.co,3111630606,75,FEMENINO,Bogotá,Tecnología,623907.47,1866114.14,3.5,Nequi,26/12/2024,14 Aug 2024,pendiente,41.0,Occidente
3195,Pedro Sánchez,,3004879451,75,Male,Cartagena,Ropa,539454.99,2477564.02,,Nequi,2021-11-25,01/08/2024,inactivo,14.0,Occidente
3196,Laura Pérez,usuario3196@empresa.co,3103616808,68,F,  Cartagena  ,deportes,182673.87,1276243.54,2.4,Efectivo,13 Mar 2021,03 Oct 2023,inactivo,35.0,Norte
3197,Andrés Gómez,usuario3197@empresa.co,3012476862,65,FEMENINO,Cartagena,Hogar,91644.65,4262653.54,,Nequi,01-08-2021,05-07-2022,Inactivo,25.0,Sur
3198,Paola Ramírez,usuario3198@outlook.com,3129394631,N/A,Female,CALI,Alimentos,260527.59,2328414.94,6.9,efectivo,06-19-2021,23 Apr 2021,Inactivo,37.0,
3199,Miguel López,usuario3199@hotmail.com,3009524064,64,m,Cúcuta,Electrónica,294586.94,2598768.61,8.2,TARJETA CREDITO,13-07-2020,2023-11-15,ACTIVO,36.0,Sur
3200,María Sánchez,usuario3200@yahoo.com,3151046155,53,MASCULINO,barranquilla,deportes,238548.14,2722822.47,7.9,pse,23 Aug 2022,2024/04/03,Activo,1.0,Norte
3201,Juan García,usuario3201@empresa.co,3014347398,31,Femenino,Bogotá,ROPA,139927.02,5622355.84,7.2,Nequi,08 Dec 2024,10-21-2021,activo,12.0,Norte
3202,Juan Martínez,usuario3202@yahoo.com,3003763786,39,Masculino,Cúcuta,ROPA,47692.07,5944572.97,,tarjeta débito,2021/05/12,06-27-2024,Activo,20.0,Sur
3203,Sandra Gómez,usuario3203@outlook.com,3016929835,74,,Cali,alimentos,544575.78,3298430.81,4.5,tarjeta débito,2021/05/29,2021/12/15,Activo,47.0,Norte
3204,Ana Rivera,usuario3204@outlook.com,3109604876,22,Female,Bucaramanga,Tecnología,426827.42,5148860.92,8.0,efectivo,28 Dec 2020,2020-06-17,activo,17.0,Centro
3205,Carlos García,usuario3205@gmail.com,3107633885,35,f,BOGOTA,Alimentos,,3448614.41,4.7,TARJETA CREDITO,07/11/2020,21-06-2023,Inactivo,26.0,Oriente
3206,Paola González,usuario3206@yahoo.com,3116124926,39,F,Cali,Ropa,70311.9,,,Tarjeta Débito,2022/07/04,09-02-2024,Cancelado,23.0,
3207,Carlos García,usuario3207@outlook.com,3106739496,58,m,CALI,ROPA,264732.59,5135350.2,7.1,TARJETA CREDITO,24/12/2022,14/08/2023,pendiente,16.0,Norte
3208,Jorge González,,,28,,BOGOTA,Alimentos,58109.53,3462843.75,6.8,,05-01-2021,16 Mar 2024,ACTIVO,46.0,Occidente
3209,Andrés Pérez,,3152056932,42,MASCULINO,Cali,electronica,315540.77,1660508.54,9.9,Tarjeta Crédito,2021/02/22,02-03-2022,activo,20.0,Centro
3210,Laura Pérez,usuario3210@gmail.com,3015270076,25,FEMENINO,Santa Marta,Tecnología,7727157.0,753122.44,6.4,Nequi,11-28-2024,,activo,28.0,Occidente
3211,Sandra López,usuario3211@hotmail.com,3109410115,66,m,Bogotá,ROPA,15526.23,1985300.48,5.6,Tarjeta Débito,30-10-2020,2023/11/06,Pendiente,4.0,Centro
3212,Andrés López,usuario3212@hotmail.com,3101147943,72,FEMENINO,Barranquilla,HOGAR,67631.31,3609224.8,6.8,Tarjeta Débito,2020/12/08,27-08-2023,Cancelado,32.0,
3213,Juan López,usuario3213@hotmail.com,3102055500,20,M,Cúcuta,electronica,401783.17,,2.7,,10-30-2023,2023-12-20,Pendiente,39.0,Centro
3214,María López,usuario3214@outlook.com,000,23,,medellin,alimentos,1509305.0,0.0,,Tarjeta Débito,2024-03-15,10/09/2020,Inactivo,32.0,Occidente
3215,Andrés Gómez,usuario3215@empresa.co,3108555482,33,Masculino,CALI,HOGAR,86968.97,4403647.53,1.7,tarjeta débito,19-02-2024,,Inactivo,,
3216,Jorge Rivera,usuario3216@hotmail.com,3207270493,71,Femenino,Bogotá,HOGAR,142640.64,5018125.11,1.9,Tarjeta Crédito,2021/04/27,11-26-2024,activo,36.0,
3217,Luis Flores,usuario3217@gmail.com,3005968760,31,FEMENINO,Cúcuta,Deportes,517575.68,3104103.38,,Efectivo,08-10-2022,11-06-2024,Cancelado,36.0,Sur
3218,Pedro Flores,usuario3218@outlook.com,3207223286,29,f,Santa Marta,Hogar,300327.29,3596202.52,1.1,TARJETA CREDITO,2022-08-30,08-07-2021,Pendiente,9.0,Norte
3219,Laura Flores,usuario3219@gmail.com,3203867900,68,MASCULINO,Santa Marta,Deportes,118676.11,3324931.96,3.2,,2023-10-27,24 Nov 2021,activo,18.0,Occidente
3220,Carlos Torres,usuario3220@gmail.com,3153562257,,,CALI,alimentos,85751.82,4686564.68,8.8,tarjeta débito,2022-01-11,05-01-2023,Cancelado,27.0,Oriente
3221,Diana Torres,usuario3221@yahoo.com,3209407060,23,F,Bogotá,electronica,212166.02,5017539.31,,TARJETA CREDITO,2023-04-10,03-04-2023,Activo,36.0,Centro
3222,Sandra López,usuario3222@gmail.com,3154828602,19,Female,Cali,HOGAR,170745.31,2938575.39,5.8,tarjeta débito,12-05-2022,04-26-2023,pendiente,50.0,
3223,Miguel Ramírez,usuario3223@empresa.co,3111047992,75,M,Bucaramanga,electronica,100505.83,4599950.21,1.9,efectivo,08-06-2023,01-29-2021,Cancelado,1.0,Centro
3224,Jorge González,usuario3224@yahoo.com,3115855014,30,m,BOGOTA,Electrónica,,2745227.52,1.1,efectivo,26/02/2024,,ACTIVO,4.0,Norte
3225,Luis Martínez,usuario3225@gmail.com,3006413719,48,Masculino,Barranquilla,HOGAR,143915.2,3780274.01,7.9,pse,12-05-2023,2022/07/25,Pendiente,39.0,Oriente
3226,Sergio Rivera,usuario3226@yahoo.com,3118543684,51,m,  Cartagena  ,Electrónica,72192.35,2036462.08,6.3,PSE,01/04/2022,,activo,26.0,Sur
3227,Carlos Rivera,usuario3227@empresa.co,3014474367,38,m,Bucaramanga,HOGAR,131533.36,5432047.89,11.0,Tarjeta Crédito,25 Oct 2020,25/11/2023,Inactivo,46.0,Norte
3228,Sergio González,usuario3228@gmail.com,3011602072,73,,Cali,Tecnología,1129308.47,576927.39,3.7,Tarjeta Crédito,27/05/2024,03-01-2021,activo,12.0,
3229,Diana Torres,usuario3229@outlook.com,---,51,,Barranquilla,ROPA,501622.8,3685502.24,4.3,Efectivo,2022-09-19,19/12/2020,Inactivo,5.0,Oriente
3230,Diana Torres,usuario3230@empresa.co,3002428365,26,MASCULINO,Cartagena,Ropa,40341.21,2855805.97,2.3,pse,,2020/01/24,ACTIVO,23.0,Oriente
3231,Paola García,usuario3231@empresa.co,,20,Masculino,  Cartagena  ,Electrónica,32667.38,3787007.4,4.0,Tarjeta Crédito,20 May 2023,2020/07/09,Cancelado,7.0,Sur
3232,Luis Sánchez,usuario3232@gmail.com,3118262883,63,m,Santa Marta,electronica,44578.08,3484599.52,6.4,Tarjeta Débito,2021/08/17,27-04-2021,Activo,42.0,Centro
3233,Carlos Flores,usuario3233@hotmail.com,3003743597,25,F,barranquilla,Tecnología,261264.19,2037330.76,5.5,PSE,06-15-2024,20-02-2021,pendiente,29.0,Sur
3234,Jorge López,usuario3234@outlook.com,3118123996,,MASCULINO,Cartagena,alimentos,107877.39,3273018.63,5.0,Nequi,2024/06/07,2022/06/20,Cancelado,50.0,Norte
3235,Natalia Sánchez,usuario3235@empresa.co,3156767856,61,,Manizales,Alimentos,20560.76,4453094.41,2.0,pse,03-03-2020,06-22-2024,Activo,18.0,Occidente
3236,Natalia Sánchez,usuario3236@hotmail.com,3152285618,73,FEMENINO,  Cartagena  ,ROPA,508315.9,1493554.16,5.5,,2020-09-30,2021-05-24,Activo,27.0,Occidente
3237,Paola Pérez,usuario3237@yahoo.com,3206942880,47,m,CALI,Tecnología,176502.87,0.0,2.3,PSE,2023/05/20,2023-06-17,Cancelado,4.0,Norte
3238,Jorge Flores,usuario3238@outlook.com,3112791771,24,Female,BOGOTA,electronica,313691.17,3840653.59,6.3,Tarjeta Débito,18 Aug 2023,01-02-2020,Inactivo,23.0,Occidente
3239,Sandra Martínez,usuario3239@outlook.com,3012350338,60,FEMENINO,Medellín,Alimentos,212718.23,1759434.85,2.2,PSE,2021/05/27,12-19-2020,ACTIVO,26.0,
3240,Pedro González,usuario3240@empresa.co,3119990307,19,m,Cali,HOGAR,55815.47,4073497.44,8.5,TARJETA CREDITO,09-09-2023,,pendiente,15.0,Centro
3241,Ana Rodríguez,usuario3241@gmail.com,3016994590,37,Male,Cartagena,Tecnología,140492.85,2951460.37,5.0,Nequi,,2024/11/01,Inactivo,7.0,
3242,Jorge Rivera,usuario3242@hotmail.com,3156784787,31,Female,Cartagena,Deportes,65334.46,3950348.47,1.2,efectivo,28/06/2020,04-23-2023,Activo,34.0,Centro
3243,Juan Rivera,usuario3243@hotmail.com,3205111638,30,Female,Cúcuta,ROPA,208632.79,4372020.5,2.9,Tarjeta Crédito,03-02-2020,07/12/2022,Cancelado,2.0,Sur
3244,Diana Martínez,usuario3244@outlook.com,3118096932,52,f,Manizales,Ropa,35177.95,3594307.95,100.0,Tarjeta Crédito,,27-04-2023,inactivo,,Oriente
3245,Diana López,usuario3245@yahoo.com,3009493338,46,Male,Manizales,electronica,164212.66,4858403.48,8.4,pse,05-06-2021,25 Jun 2024,Inactivo,17.0,Norte
3246,Natalia García,usuario3246@yahoo.com,3005361039,35,Femenino,Santa Marta,deportes,914184.92,3044575.49,,TARJETA CREDITO,,2021-05-20,Pendiente,25.0,
3247,María Rivera,,3009870655,35,Female,Manizales,ROPA,3003146.0,3237972.39,3.0,efectivo,12-14-2021,22/11/2021,activo,34.0,Centro
3248,Juan García,usuario3248@empresa.co,---,57,MASCULINO,BOGOTA,electronica,235811.14,2065647.21,7.5,,03 Nov 2023,2021/11/28,Cancelado,33.0,Sur
3249,Miguel Rodríguez,usuario3249@yahoo.com,3019266103,24,M,CALI,Deportes,,2327953.29,7.0,pse,2024/03/11,29 Sep 2020,inactivo,39.0,Norte
3250,María Martínez,usuario3250@gmail.com,3111236365,40,m,  Cartagena  ,Hogar,471921.09,1696186.99,3.7,Tarjeta Crédito,2023/11/03,22 May 2022,inactivo,6.0,Sur
3251,Jorge Pérez,usuario3251@yahoo.com,,35,Male,Cali,deportes,131793.08,,9.0,tarjeta débito,03-29-2023,,Inactivo,23.0,Norte
3252,Luis Torres,usuario3252@yahoo.com,3007134463,63,Femenino,Pereira,Ropa,,4168121.62,4.8,TARJETA CREDITO,08-19-2023,17/06/2024,activo,13.0,Sur
3253,Laura González,usuario3253@hotmail.com,3207970179,54,F,Santa Marta,Electrónica,268867.92,2909542.22,1.0,Efectivo,2021-01-08,28-08-2024,Inactivo,44.0,Norte
3254,Paola Sánchez,usuario3254@empresa.co,3153021246,22,Male,Bucaramanga,electronica,441206.72,3586646.56,2.0,pse,02 Dec 2020,2020-10-14,Cancelado,30.0,Occidente
3255,Juan López,usuario3255@outlook.com,3202092708,75,Masculino,Pereira,Ropa,190288.13,1719011.95,4.7,Efectivo,11-06-2022,21 Jun 2024,Activo,13.0,Occidente
3256,Carlos Torres,usuario3256@hotmail.com,,46,F,Bucaramanga,Electrónica,52120.22,3946759.84,11.0,tarjeta débito,11-12-2020,2022/06/06,ACTIVO,9.0,
3257,Sandra Ramírez,usuario3257@empresa.co,3125488555,-5,F,barranquilla,ROPA,195329.44,2094874.97,7.0,,28 Mar 2020,22/11/2022,inactivo,23.0,Centro
3258,María Flores,,3108655948,61,Male,Bucaramanga,electronica,46418.07,2828868.05,3.7,Nequi,2020-08-26,2020-01-19,Inactivo,18.0,Oriente
3259,Carlos López,usuario3259@yahoo.com,3154227576,999,F,barranquilla,ROPA,41309.63,,6.4,TARJETA CREDITO,17/10/2022,2022/08/04,Inactivo,38.0,Oriente
3260,,usuario3260@outlook.com,3154762675,999,m,medellin,Tecnología,836552.08,3379268.42,7.6,TARJETA CREDITO,2021-06-09,25-11-2022,pendiente,36.0,
3261,Ana González,usuario3261@empresa.co,3122700027,63,Male,barranquilla,HOGAR,,2540026.39,9.3,Tarjeta Crédito,24/02/2022,2021-01-03,Pendiente,43.0,Occidente
3262,Sandra Torres,usuario3262@yahoo.com,3101323723,55,f,Bogotá,HOGAR,282747.09,4029902.91,1.2,PSE,2024-09-30,2024-08-11,Cancelado,12.0,Sur
3263,Ana Martínez,usuario3263@empresa.co,3109239363,62,M,Bucaramanga,ROPA,757584.96,3291054.06,3.8,Efectivo,25 Oct 2023,26 May 2021,Inactivo,40.0,Occidente
3264,Pedro Torres,usuario3264@gmail.com,3127681990,57,MASCULINO,medellin,Tecnología,542112.15,1594335.72,6.1,PSE,10-17-2020,11-14-2021,activo,35.0,
3265,Pedro Rivera,usuario3265@empresa.co,3108234820,39,F,Cali,alimentos,181234.07,3389995.67,9.1,Efectivo,2020-03-25,24/02/2023,inactivo,16.0,Norte
3266,Miguel García,usuario3266@outlook.com,000,63,Male,Santa Marta,Hogar,234168.95,4292863.97,2.9,PSE,2023-07-04,04 Nov 2023,Activo,18.0,Norte
3267,Ana Martínez,,3002913040,69,FEMENINO,Cartagena,HOGAR,166352.23,2258101.97,8.0,efectivo,14-07-2023,24-12-2024,Inactivo,22.0,Occidente
3268,Ana Torres,usuario3268@outlook.com,3018433073,66,Female,Barranquilla,Tecnología,52699.23,2578826.73,1.3,TARJETA CREDITO,14 Mar 2022,10/04/2022,ACTIVO,40.0,Occidente
3269,Miguel Pérez,usuario3269@hotmail.com,3008646918,54,Female,  Cartagena  ,Alimentos,66055.13,3797910.05,5.4,Tarjeta Débito,13-08-2020,,pendiente,42.0,
3270,Ana Ramírez,usuario3270@hotmail.com,3151134528,70,MASCULINO,Bogotá,Alimentos,190185.95,,6.8,Tarjeta Débito,30 Apr 2022,19/01/2021,activo,1.0,
3271,Sergio Ramírez,usuario3271@empresa.co,3152652086,62,Femenino,Cartagena,ROPA,959973.01,4348643.31,3.0,Tarjeta Crédito,25/07/2021,20/09/2022,activo,32.0,Occidente
3272,Paola Pérez,usuario3272@yahoo.com,3004186153,47,m,  Cartagena  ,electronica,87175.58,3559952.68,7.9,PSE,19/07/2020,2022-09-26,Inactivo,39.0,Centro
3273,Jorge Martínez,usuario3273@outlook.com,3116438471,59,,Cartagena,electronica,198948.84,4579147.48,2.6,efectivo,07-20-2024,2024/04/15,pendiente,5.0,Occidente
3274,Luis Gómez,usuario3274@outlook.com,,47,m,Barranquilla,Tecnología,,3975451.41,8.0,Efectivo,07-01-2024,10-09-2024,inactivo,10.0,Sur
3275,Laura Flores,usuario3275@gmail.com,3001046265,32,M,BOGOTA,deportes,349261.34,3549261.4,9.5,TARJETA CREDITO,04-04-2022,11 May 2023,Inactivo,26.0,Norte
3276,Luis Torres,usuario3276@yahoo.com,3152760042,75,MASCULINO,barranquilla,deportes,18934.12,3195599.92,6.8,Nequi,12-06-2024,2022/10/03,Inactivo,49.0,
3277,Pedro López,usuario3277@gmail.com,3016718280,41,M,Cartagena,Tecnología,44108.06,3691211.19,1.5,tarjeta débito,2021/08/10,05/01/2023,inactivo,13.0,
3278,Juan Rivera,usuario3278@hotmail.com,3159210351,62,Male,Cali,deportes,69375.94,3460090.17,3.0,Tarjeta Débito,10-11-2021,2024-01-03,ACTIVO,15.0,Occidente
3279,María Martínez,usuario3279@outlook.com,3119007135,39,Male,Cartagena,Hogar,178448.91,2943020.48,,Efectivo,2021/08/10,28/04/2022,activo,26.0,Oriente
3280,Laura Torres,usuario3280@yahoo.com,3202904768,74,Masculino,Pereira,Hogar,34131.01,3332993.09,1.4,,2023/12/14,16/09/2020,Activo,34.0,Oriente
3281,Jorge López,usuario3281@empresa.co,3101991208,49,m,Cartagena,Ropa,222284.11,2669107.69,7.2,efectivo,01-20-2024,26-06-2022,pendiente,47.0,Norte
3282,Juan Gómez,usuario3282@empresa.co,3007523727,,FEMENINO,CALI,Alimentos,26769.96,3679237.48,1.7,pse,2024-10-24,26 Mar 2023,pendiente,29.0,Sur
3283,Sandra Torres,usuario3283@yahoo.com,3106740752,40,,Bucaramanga,deportes,245640.18,3541979.42,2.2,tarjeta débito,2023-11-04,10-23-2021,inactivo,12.0,Sur
3284,María Martínez,usuario3284@hotmail.com,3107031923,72,Female,Cali,Tecnología,63551.48,3196242.04,5.3,TARJETA CREDITO,06-09-2024,10-16-2022,Inactivo,15.0,Centro
3285,Miguel Pérez,usuario3285@empresa.co,3128937620,67,Masculino,Cali,deportes,147634.54,5070318.42,1.2,Efectivo,17-02-2023,13/12/2024,ACTIVO,43.0,Oriente
3286,Andrés Sánchez,usuario3286@gmail.com,3151520658,54,,Bogotá,Hogar,125809.47,3023593.26,5.0,Tarjeta Crédito,03-26-2023,02-19-2024,activo,,Occidente
3287,Carlos Ramírez,usuario3287@yahoo.com,3124264086,24,Masculino,Barranquilla,Ropa,1148717.19,4242275.17,9.9,Tarjeta Débito,20/06/2022,2022/01/19,activo,39.0,Sur
3288,Diana Gómez,usuario3288@outlook.com,3106836076,63,Masculino,Cúcuta,electronica,127074.19,3880244.07,1.5,Tarjeta Crédito,2022/09/05,02-10-2024,Cancelado,8.0,
3289,Paola Rivera,usuario3289@outlook.com,3112790984,38,Female,Cartagena,Alimentos,36099.42,2060410.36,4.0,PSE,2021-08-10,16-01-2024,Cancelado,13.0,Oriente
3290,Juan González,usuario3290@gmail.com,3124372151,22,FEMENINO,Santa Marta,Hogar,204479.49,5263859.31,6.5,PSE,2020-07-25,22/05/2021,Activo,9.0,Centro
3291,Paola Pérez,usuario3291@outlook.com,3156297853,52,Male,Bogotá,Electrónica,21483.3,4002495.13,7.5,Efectivo,,12-14-2020,Cancelado,5.0,Occidente
3292,Natalia Ramírez,usuario3292@gmail.com,,55,Femenino,Bucaramanga,Tecnología,235366.91,3454791.28,8.5,efectivo,03-01-2021,05-10-2020,Pendiente,24.0,Occidente
3293,Diana Ramírez,usuario3293@outlook.com,3001771797,57,M,  Cartagena  ,Electrónica,640339.45,3372243.89,3.6,tarjeta débito,06 Mar 2020,2021-01-28,Cancelado,43.0,Centro
3294,Ana Rodríguez,usuario3294empresa.co,3019341522,28,,Barranquilla,electronica,34171.15,3759380.9,6.6,Tarjeta Crédito,14 Feb 2023,03/08/2024,Pendiente,20.0,Occidente
3295,Miguel Gómez,usuario3295@yahoo.com,,42,Female,CALI,Ropa,12316.36,4708779.45,,efectivo,25-02-2023,03-10-2024,Inactivo,11.0,Sur
3296,Miguel Torres,usuario3296@hotmail.com,3115643210,0,Female,medellin,ROPA,7920.64,99999999.0,8.8,Tarjeta Crédito,14-06-2024,21-04-2024,pendiente,46.0,
3297,Ana Rodríguez,usuario3297@yahoo.com,3108990187,55,F,Barranquilla,ROPA,106134.37,3485456.14,2.1,,06-24-2023,29-07-2022,ACTIVO,6.0,Oriente
3298,Juan González,usuario3298@yahoo.com,3151724733,45,FEMENINO,Medellín,Tecnología,71235.75,3492511.69,8.7,efectivo,12-14-2021,,Inactivo,28.0,Centro
3299,Miguel González,usuario3299@yahoo.com,3019365802,39,Female,BOGOTA,electronica,1528613.5,3531980.13,9.9,,2022-09-26,10-04-2022,pendiente,24.0,Centro
3300,Paola Sánchez,usuario3300@empresa.co,3159370860,33,Masculino,  Cartagena  ,Alimentos,164590.23,1970555.96,7.6,PSE,2021/10/05,07-29-2021,ACTIVO,27.0,Sur
3301,Diana González,usuario3301@yahoo.com,3104294007,60,,CALI,Hogar,81540.59,5051242.45,5.8,PSE,24/04/2021,26 Jul 2023,Pendiente,13.0,Centro
3302,Jorge González,usuario3302@gmail.com,3108922382,desconocido,Masculino,Santa Marta,Deportes,45651.02,3311008.78,9.5,tarjeta débito,2020/01/20,31/10/2023,activo,32.0,Sur
3303,Ana Gómez,usuario3303@empresa.co,3151939475,49,Female,Bucaramanga,Hogar,192300.39,3884762.74,4.9,Tarjeta Débito,,11-24-2023,Activo,29.0,Oriente
3304,,usuario3304@gmail.com,3018232000,56,Femenino,Cartagena,Ropa,30733.85,,6.7,efectivo,11/01/2023,,pendiente,16.0,
3305,Natalia Pérez,usuario3305@outlook.com,3009224056,53,,Barranquilla,deportes,142665.23,2712273.02,9.6,Tarjeta Crédito,30/01/2023,,Activo,4.0,Sur
3306,Laura Torres,usuario3306@empresa.co,3114622076,46,Female,CALI,Deportes,856767.55,3824141.85,4.7,PSE,2021-09-18,01-10-2020,Inactivo,32.0,Sur
3307,Juan Sánchez,usuario3307@empresa.co,3124150472,43,Male,Manizales,ROPA,151654.44,0.0,9.9,PSE,05 Apr 2022,,Pendiente,40.0,Centro
3308,Juan Gómez,usuario3308outlook.com,3155457503,-5,Female,Santa Marta,electronica,16208.77,4449556.46,1.8,pse,2024/09/20,2022-03-14,pendiente,11.0,Occidente
3309,Laura García,usuario3309@yahoo.com,3007772462,56,M,barranquilla,alimentos,58187.86,5453712.57,9.8,TARJETA CREDITO,25 Sep 2023,2023/01/01,inactivo,46.0,Occidente
3310,Sandra Rivera,usuario3310@outlook.com,3102356111,42,Male,Cali,Deportes,291637.97,5286202.22,4.2,PSE,10 Apr 2022,12-07-2020,Activo,30.0,Norte
3311,Juan Sánchez,usuario3311outlook.com,3106916371,59,f,barranquilla,deportes,174910.44,4238947.59,7.7,,29-07-2020,2022/07/28,ACTIVO,45.0,Norte
3312,,usuario3312@gmail.com,,23,f,BOGOTA,deportes,49546.93,2807534.18,1.9,,,2022/06/05,activo,36.0,Sur
3313,Ana Torres,usuario3313@empresa.co,3014287387,26,Femenino,Pereira,HOGAR,161180.55,5880343.85,6.5,tarjeta débito,17 Feb 2021,,Activo,46.0,Sur
3314,Natalia Martínez,usuario3314@yahoo.com,3109556101,75,Masculino,BOGOTA,Ropa,607306.74,4499454.51,9.2,efectivo,,2023-01-21,Activo,40.0,Norte
3315,,,3152890632,69,FEMENINO,Cali,ROPA,318117.87,,1.8,Nequi,2024/11/09,16/09/2020,inactivo,27.0,Occidente
3316,Ana Sánchez,usuario3316@outlook.com,3203670584,,FEMENINO,Bucaramanga,Deportes,499884.18,1716525.44,2.9,TARJETA CREDITO,,2021-02-26,ACTIVO,11.0,Sur
3317,Sergio Gómez,usuario3317@hotmail.com,3016507835,27,,CALI,Tecnología,100406.06,3124466.0,7.4,pse,06-23-2021,2022/02/13,pendiente,6.0,Occidente
3318,Paola Rivera,usuario3318@hotmail.com,3007037629,36,FEMENINO,BOGOTA,HOGAR,79621.14,3574894.2,9.0,Tarjeta Débito,11/04/2021,12/09/2021,Inactivo,32.0,Norte
3319,Sandra García,usuario3319@outlook.com,3116375214,54,FEMENINO,Cúcuta,Deportes,91597.24,2675508.32,,PSE,2024-10-10,07/09/2024,Pendiente,9.0,Centro
3320,Diana Pérez,usuario3320@gmail.com,3153526996,31,M,Cartagena,ROPA,118241.76,3785402.89,9.5,pse,2021-07-20,2020/09/27,Pendiente,44.0,Oriente
3321,Diana García,usuario3321@yahoo.com,3018697070,38,f,CALI,Alimentos,66102.5,5677412.87,2.0,efectivo,19/10/2020,2020/08/01,ACTIVO,10.0,
3322,Andrés Rivera,usuario3322@outlook.com,3005330717,68,f,Bucaramanga,Deportes,151598.02,1802238.09,8.4,tarjeta débito,2021/05/31,07-10-2021,Activo,23.0,Oriente
3323,Natalia Sánchez,usuario3323@outlook.com,3124360723,37,,Santa Marta,Hogar,465587.73,2888800.26,4.8,PSE,03-06-2021,03-06-2023,activo,11.0,Occidente
3324,Natalia González,usuario3324@hotmail.com,3103815593,45,M,  Cartagena  ,Ropa,27995896.5,5656542.78,2.7,Tarjeta Crédito,,2022/01/21,activo,42.0,
3325,Andrés Gómez,usuario3325@empresa.co,3126372158,40,Femenino,barranquilla,Deportes,232273.68,1911861.08,2.5,Tarjeta Débito,10 Mar 2024,13 Sep 2020,inactivo,27.0,Norte
3326,Luis Martínez,usuario3326@outlook.com,3109809225,55,FEMENINO,BOGOTA,Hogar,270802.16,5762387.4,8.2,efectivo,03-09-2024,29-05-2023,Activo,26.0,Oriente
3327,Laura García,usuario3327@hotmail.com,3001191769,,F,Barranquilla,electronica,426027.56,6939310.43,4.8,tarjeta débito,21/01/2024,01 Nov 2023,ACTIVO,7.0,Norte
3328,Sergio Rodríguez,usuario3328@gmail.com,3119258021,43,Male,Santa Marta,ROPA,,4708991.37,8.5,PSE,18-05-2021,06 Jan 2020,activo,24.0,
3329,Sergio Torres,usuario3329@hotmail.com,,72,F,CALI,Electrónica,989010.6,3137343.12,,PSE,06/12/2021,04-07-2024,activo,20.0,
3330,Andrés García,usuario3330@gmail.com,3117689626,41,,barranquilla,Hogar,541251.89,3330160.19,5.7,Nequi,,2020-12-29,Pendiente,17.0,Occidente
3331,Carlos Torres,usuario3331@hotmail.com,3101518046,21,,BOGOTA,Deportes,,4416093.44,1.3,Efectivo,09/02/2024,2020/08/30,inactivo,41.0,Norte
3332,Juan Martínez,usuario3332@empresa.co,3014607071,,Female,BOGOTA,Ropa,267635.08,3532973.97,3.8,efectivo,03-31-2022,08-01-2024,Pendiente,31.0,Norte
3333,Laura López,usuario3333@yahoo.com,3011879231,40,MASCULINO,Bucaramanga,Ropa,38589.35,3260880.69,1.5,PSE,10-09-2021,2023/12/04,ACTIVO,41.0,
3334,Juan García,usuario3334@outlook.com,,36,Masculino,barranquilla,Deportes,28708.0,820571.38,2.5,PSE,03/09/2020,20 Jul 2024,Activo,7.0,Oriente
3335,Ana Flores,usuario3335@empresa.co,3114667226,33,m,Cali,ROPA,267439.13,2893157.35,3.7,,02/03/2022,11-17-2022,ACTIVO,42.0,Sur
3336,Luis García,usuario3336@yahoo.com,3103570072,55,FEMENINO,Medellín,Alimentos,,2618763.98,4.0,,2022/04/29,21/05/2022,pendiente,44.0,Oriente
3337,Jorge García,usuario3337@gmail.com,3123989912,38,MASCULINO,Cartagena,electronica,100645.11,1075355.86,7.3,Efectivo,01-26-2022,03/03/2020,pendiente,18.0,Occidente
3338,Luis Rodríguez,usuario3338yahoo.com,3111414588,43,MASCULINO,Cúcuta,deportes,460939.42,4058827.3,8.4,Tarjeta Débito,2021/04/11,2021-02-13,Pendiente,42.0,Occidente
3339,María García,usuario3339@empresa.co,3157714590,52,,Bucaramanga,electronica,,3316726.6,6.4,TARJETA CREDITO,23 Jul 2024,12-24-2020,inactivo,44.0,Centro
3340,Pedro Ramírez,usuario3340@hotmail.com,3012122417,29,f,Manizales,Deportes,278931.99,1783788.23,7.8,efectivo,26 Feb 2021,07/04/2021,pendiente,21.0,Occidente
3341,Juan González,usuario3341@outlook.com,3109212076,30,Female,medellin,Ropa,609607.32,2547182.46,5.3,,11-11-2020,02 Dec 2021,Pendiente,,Occidente
3342,Natalia Pérez,usuario3342@hotmail.com,3007038769,71,M,BOGOTA,Alimentos,132211.44,2654590.53,7.6,Tarjeta Débito,01/07/2024,2024/08/09,Inactivo,6.0,
3343,Diana Gómez,usuario3343@empresa.co,3013063502,71,f,CALI,HOGAR,148924.29,3288445.53,2.4,TARJETA CREDITO,2020-02-01,15 Feb 2022,Pendiente,22.0,Centro
3344,María Ramírez,usuario3344@gmail.com,3105037496,36,Femenino,Cúcuta,Electrónica,90942.48,1862462.55,8.0,TARJETA CREDITO,12/09/2022,26/11/2023,ACTIVO,7.0,
3345,Carlos Sánchez,usuario3345@hotmail.com,3018462306,60,m,Bucaramanga,Tecnología,62597.23,3413327.58,2.0,efectivo,30/09/2022,2020-03-03,Activo,10.0,Occidente
3346,Carlos Gómez,usuario3346@gmail.com,3111719689,18,Female,Manizales,deportes,812193.05,2466230.06,1.6,Efectivo,2022/09/10,25-11-2020,Pendiente,38.0,Sur
3347,Jorge Rivera,,3009832569,-5,,barranquilla,Deportes,457301.54,3147676.71,7.7,,2022-08-03,2023/06/12,Inactivo,39.0,Norte
3348,Laura Ramírez,usuario3348@hotmail.com,3017860312,74,FEMENINO,Pereira,deportes,100353.04,3179797.15,8.9,PSE,,20 Apr 2021,Cancelado,28.0,Oriente
3349,Miguel García,usuario3349@empresa.co,3019643351,45,f,Manizales,Hogar,148396.13,4064867.83,,tarjeta débito,18/10/2021,2024-01-02,ACTIVO,4.0,Occidente
3350,Sergio López,usuario3350@yahoo.com,3017907567,26,FEMENINO,Pereira,Electrónica,44413.68,3979181.7,9.8,PSE,07 Apr 2020,12-29-2020,Activo,50.0,Norte
3351,Carlos López,usuario3351@hotmail.com,3126636435,59,m,Bogotá,electronica,263361.23,2842593.62,3.3,Efectivo,09/11/2022,17 Nov 2023,Activo,,
3352,Laura García,usuario3352@outlook.com,3114483545,73,m,Cali,Tecnología,38753.4,2549871.74,4.8,Efectivo,,2020/10/29,activo,4.0,Norte
3353,,usuario3353@hotmail.com,,68,f,CALI,electronica,638204.98,2405082.67,9.4,Tarjeta Crédito,17/09/2022,2020/04/30,pendiente,3.0,Centro
3354,Natalia López,usuario3354@hotmail.com,3007174996,45,F,  Cartagena  ,Hogar,187722.35,99999999.0,9.9,TARJETA CREDITO,03 Jul 2021,05-31-2021,inactivo,48.0,Norte
3355,Sandra García,usuario3355@outlook.com,3102367723,47,M,CALI,Deportes,111815.18,5275967.22,4.7,PSE,25-08-2022,2021/08/07,ACTIVO,10.0,Oriente
3356,Paola Rivera,usuario3356@empresa.co,3127782288,53,F,Cartagena,Electrónica,45279.38,4478627.18,,pse,12-04-2024,08-02-2024,Pendiente,14.0,Occidente
3357,Natalia González,usuario3357@gmail.com,3159139529,42,,Cartagena,Tecnología,128947.51,4588175.44,4.6,pse,2024-11-13,16-11-2022,Activo,11.0,Centro
3358,Andrés Sánchez,usuario3358@hotmail.com,3123495018,29,,Bogotá,Electrónica,175921.3,,3.4,Tarjeta Crédito,2020/08/17,09-20-2022,Cancelado,11.0,Sur
3359,Pedro Rivera,usuario3359@outlook.com,3128607011,18,f,barranquilla,deportes,363084.41,,8.4,tarjeta débito,13 Apr 2022,02-29-2020,activo,,
3360,Luis González,usuario3360@empresa.co,3159995637,72,Female,Medellín,Deportes,353645.15,,6.0,tarjeta débito,12/02/2023,2024-05-11,pendiente,7.0,Sur
3361,Luis Sánchez,usuario3361@outlook.com,3154219576,63,Male,Medellín,ROPA,7398.78,3450408.86,1.8,Tarjeta Débito,10-09-2024,06-30-2024,ACTIVO,36.0,
3362,Miguel Rivera,usuario3362@empresa.co,3005093255,44,m,  Cartagena  ,alimentos,435830.14,,8.0,Tarjeta Débito,2022-02-03,04/12/2021,ACTIVO,16.0,Norte
3363,Paola Gómez,usuario3363@gmail.com,3003176690,54,f,CALI,Deportes,64943.63,4539723.25,1.1,Efectivo,2021/12/30,13/09/2021,Inactivo,39.0,Centro
3364,Diana Rodríguez,usuario3364@outlook.com,3006480075,20,f,Cartagena,HOGAR,32516.72,3700690.92,5.2,Tarjeta Crédito,,12-13-2022,pendiente,5.0,Oriente
3365,Paola Torres,usuario3365@gmail.com,3013592688,63,f,Barranquilla,Electrónica,260946.28,3072361.09,7.0,Efectivo,24 May 2024,05/03/2023,Pendiente,36.0,
3366,Carlos García,usuario3366@gmail.com,3009965458,55,m,Cali,Deportes,255418.89,3244037.09,9.6,PSE,12-06-2023,29 Jan 2022,Cancelado,18.0,Oriente
3367,Natalia García,usuario3367@empresa.co,3157886335,62,f,CALI,Ropa,,5212104.01,,Tarjeta Débito,2024-03-28,09-23-2024,Activo,43.0,Norte
3368,María López,usuario3368empresa.co,3207333261,64,MASCULINO,Bogotá,Ropa,233212.66,4715551.78,7.3,pse,06-02-2024,10 Apr 2021,Cancelado,2.0,Centro
3369,Sandra González,usuario3369@outlook.com,3019445208,72,Masculino,Bucaramanga,Deportes,196713.89,3965011.22,8.9,PSE,05-08-2022,10 Feb 2024,Activo,37.0,Sur
3370,Jorge González,usuario3370@outlook.com,3108926914,67,Femenino,medellin,electronica,101868.13,1561252.88,5.2,Tarjeta Crédito,11-23-2022,05/07/2022,Inactivo,36.0,Oriente
3371,María García,usuario3371@outlook.com,3002076305,51,Masculino,Cartagena,alimentos,208788.11,4536740.81,9.2,Tarjeta Crédito,14 Jun 2021,12-10-2020,Activo,2.0,Oriente
3372,Ana Torres,usuario3372@gmail.com,3129475130,N/A,F,Santa Marta,electronica,8446.34,3424322.14,,Tarjeta Crédito,08-10-2022,2023/04/20,Cancelado,26.0,Occidente
3373,Ana Martínez,usuario3373empresa.co,3005940794,48,FEMENINO,Santa Marta,Hogar,256279.46,2507436.29,6.5,Efectivo,03 Oct 2020,09-23-2024,pendiente,2.0,Occidente
3374,Natalia Gómez,usuario3374@hotmail.com,3007818644,60,Female,Bogotá,Hogar,172579.31,3474923.52,7.3,PSE,06-10-2021,10-21-2020,inactivo,47.0,
3375,Andrés Torres,usuario3375@yahoo.com,no tiene,22,F,Barranquilla,deportes,82810.94,2848852.63,6.7,,31/10/2023,2021/06/20,Inactivo,42.0,Sur
3376,Ana Ramírez,,3017195497,52,m,  Cartagena  ,electronica,447666.34,3307379.89,4.0,tarjeta débito,11-05-2024,13/08/2022,pendiente,44.0,Occidente
3377,Miguel Martínez,usuario3377@hotmail.com,3152042917,37,,Manizales,Tecnología,146416.87,3162340.34,9.3,Nequi,26 Sep 2023,11-01-2021,Inactivo,31.0,Sur
3378,Juan López,usuario3378@gmail.com,3127838021,75,M,Cali,Ropa,,4918866.13,5.6,tarjeta débito,10/03/2022,2023/08/31,activo,19.0,Occidente
3379,Pedro Pérez,usuario3379@hotmail.com,3127974116,67,F,Medellín,electronica,179270.28,3946366.71,,Tarjeta Débito,05 Aug 2022,26/11/2021,inactivo,49.0,
3380,Laura González,usuario3380@empresa.co,3158261993,,Male,Manizales,Tecnología,117672.69,2615136.74,9.7,,08/08/2024,14/02/2024,inactivo,45.0,Norte
3381,Sandra Sánchez,usuario3381@empresa.co,3201155864,75,,CALI,alimentos,465867.27,,9.4,efectivo,29/06/2023,13 Jul 2024,activo,35.0,
3382,Jorge Sánchez,usuario3382@outlook.com,3207819294,64,MASCULINO,Santa Marta,Deportes,17502.85,4740640.18,5.3,TARJETA CREDITO,2023/06/19,03-06-2023,inactivo,,
3383,Luis Rodríguez,usuario3383@hotmail.com,3119816195,40,m,Santa Marta,ROPA,3264223.5,,5.3,Nequi,2023-08-16,2020-10-17,inactivo,43.0,Sur
3384,,usuario3384yahoo.com,,69,Femenino,barranquilla,Electrónica,35704.49,3821727.96,3.6,TARJETA CREDITO,06 Dec 2021,09-02-2024,pendiente,42.0,Occidente
3385,Sergio Pérez,usuario3385@empresa.co,3158435411,28,f,Manizales,ROPA,217332.32,,,,10-16-2020,13-08-2022,Inactivo,13.0,Norte
3386,Natalia Rodríguez,usuario3386@empresa.co,3017817518,,FEMENINO,Santa Marta,alimentos,339615.78,3530444.73,3.8,Nequi,28-04-2023,23/02/2024,Cancelado,16.0,Sur
3387,Luis Martínez,usuario3387@gmail.com,3011345635,65,F,Cartagena,HOGAR,104207.0,4604177.39,6.8,tarjeta débito,10 Jan 2020,02/11/2024,Activo,,Norte
3388,Pedro Ramírez,usuario3388@yahoo.com,3018659755,68,MASCULINO,Cartagena,Electrónica,13262.37,2032664.42,9.5,Tarjeta Crédito,15-07-2022,12/06/2020,Inactivo,4.0,Occidente
3389,Ana Flores,usuario3389@empresa.co,3003665861,21,F,Medellín,HOGAR,46561.21,3353006.21,0.0,PSE,2021-08-17,2024-04-09,Inactivo,1.0,Occidente
3390,Ana González,usuario3390@outlook.com,3012199032,55,FEMENINO,medellin,Hogar,332260.63,3560791.2,1.6,Efectivo,2022-07-07,2022/01/21,activo,30.0,Norte
3391,Diana Rodríguez,usuario3391@outlook.com,3107341455,21,M,Bucaramanga,Ropa,131346.85,4179630.01,3.2,tarjeta débito,09-02-2020,08-07-2024,Inactivo,19.0,Norte
3392,Juan Sánchez,usuario3392@outlook.com,3206685708,36,Masculino,barranquilla,Alimentos,237599.65,2731711.61,4.9,Tarjeta Débito,07 Mar 2022,06-18-2022,activo,46.0,Centro
3393,Andrés Rivera,usuario3393@hotmail.com,,57,Female,medellin,Deportes,143790.52,5089949.97,1.1,Efectivo,11-17-2022,2020/05/17,Inactivo,13.0,Centro
3394,Sergio López,usuario3394@outlook.com,3011166380,,FEMENINO,Bogotá,ROPA,111287.9,3754937.44,1.9,TARJETA CREDITO,11-10-2022,09-05-2022,Pendiente,13.0,Sur
3395,Laura Gómez,sin_email,3109286175,26,Masculino,Bucaramanga,Tecnología,324189.37,,3.6,Tarjeta Crédito,2024-06-20,20/10/2022,inactivo,28.0,Sur
3396,Laura Rivera,usuario3396@yahoo.com,3154700560,72,FEMENINO,Pereira,electronica,670868.79,2364166.48,7.8,Efectivo,04 Feb 2024,2022/11/08,Activo,29.0,Occidente
3397,Andrés García,usuario3397@hotmail.com,,34,Masculino,Santa Marta,Hogar,184769.92,4274252.78,8.7,Tarjeta Débito,08/12/2020,11-11-2020,Cancelado,13.0,Sur
3398,Laura Ramírez,usuario3398@hotmail.com,3101464354,35,M,medellin,Electrónica,183604.19,3768006.46,9.9,pse,25/05/2024,,pendiente,41.0,Occidente
3399,Sandra Pérez,usuario3399@gmail.com,3109556319,34,Masculino,CALI,alimentos,271872.19,1945326.7,,PSE,24-05-2022,28/12/2020,Pendiente,23.0,Sur
3400,Paola López,usuario3400@hotmail.com,3015669348,,Female,Cali,Alimentos,28311.3,2904011.99,3.2,Nequi,08-12-2022,09-26-2021,pendiente,36.0,Occidente
3401,Sergio López,usuario3401@hotmail.com,no tiene,29,m,Santa Marta,Alimentos,436043.8,,4.3,,10-24-2023,2023/12/11,ACTIVO,1.0,Occidente
3402,Jorge Martínez,usuario3402@hotmail.com,3016914711,65,f,  Cartagena  ,deportes,235750.65,1642008.13,3.8,TARJETA CREDITO,2021/12/01,19-07-2020,inactivo,7.0,Centro
3403,Sandra García,usuario3403@outlook.com,3011521229,46,f,Pereira,deportes,442172.69,1358990.56,7.3,Efectivo,04-29-2024,,Activo,22.0,Sur
3404,Jorge González,usuario3404@gmail.com,3202058156,29,,medellin,electronica,26201.85,4370709.68,2.1,TARJETA CREDITO,02-03-2022,02 Jul 2021,Cancelado,20.0,Centro
3405,Luis Torres,usuario3405@empresa.co,3121309683,62,m,Bogotá,electronica,2091805.5,,4.8,Tarjeta Crédito,2021/08/06,14/08/2023,Inactivo,30.0,Norte
3406,Laura García,usuario3406@yahoo.com,3159116406,29,MASCULINO,Manizales,Alimentos,452785.22,3873640.52,,TARJETA CREDITO,12 Feb 2020,27 Dec 2020,pendiente,26.0,
3407,Ana Rivera,usuario3407@empresa.co,3103344145,73,Female,Cartagena,Ropa,358332.63,3814340.48,9.9,Nequi,14/12/2020,24/03/2023,Cancelado,36.0,Norte
3408,Ana Torres,,3011833278,,FEMENINO,Santa Marta,electronica,297044.29,2967702.62,,pse,,09-29-2021,Pendiente,25.0,
3409,Sergio Rivera,usuario3409@yahoo.com,3207183949,27,Masculino,Bucaramanga,alimentos,80683.92,5181212.03,3.6,PSE,03 Apr 2024,2023-01-31,pendiente,35.0,Occidente
3410,María Torres,usuario3410@outlook.com,3001432452,70,MASCULINO,CALI,Alimentos,176694.4,3552535.29,4.2,Tarjeta Crédito,02 Mar 2023,,pendiente,43.0,Occidente
3411,Juan Flores,usuario3411@empresa.co,3102255302,49,F,Cali,Hogar,61270.77,4786515.78,6.6,Tarjeta Débito,24/10/2022,02-29-2024,inactivo,21.0,
3412,Luis Gómez,usuario3412@empresa.co,3109466235,44,m,Cúcuta,Ropa,173372.77,6123813.05,,PSE,09-21-2020,28-04-2023,Pendiente,26.0,Occidente
3413,Laura Ramírez,usuario3413@gmail.com,3011324825,33,Masculino,Santa Marta,Deportes,31682.45,2336097.59,1.4,Efectivo,2023-04-22,13/07/2020,Pendiente,6.0,Sur
3414,Sandra Ramírez,usuario3414@empresa.co,3128042673,64,m,Pereira,HOGAR,7984.1,3385082.44,6.7,TARJETA CREDITO,06/10/2023,2023-09-01,ACTIVO,32.0,Oriente
3415,Natalia Ramírez,usuario3415@yahoo.com,3115608412,31,m,Manizales,HOGAR,,4371504.5,3.9,pse,16 Mar 2023,16/09/2022,activo,34.0,Sur
3416,María García,usuario3416@empresa.co,3125459632,71,Male,CALI,deportes,571763.59,3871723.36,-1.0,Tarjeta Crédito,25 Oct 2020,06-12-2022,pendiente,39.0,Centro
3417,Ana Sánchez,usuario3417@hotmail.com,,59,Femenino,Bucaramanga,alimentos,182413.14,99999999.0,8.4,Tarjeta Débito,06-23-2024,2023/07/01,Inactivo,15.0,Norte
3418,Pedro Gómez,sin_email,3017002993,70,Female,Bucaramanga,Tecnología,89739.77,2654910.57,1.7,efectivo,01 Nov 2022,20 Jul 2023,pendiente,38.0,Centro
3419,Sandra Rodríguez,,3204070956,28,m,Cartagena,electronica,276555.78,1763843.06,8.0,pse,07/03/2023,2020-12-11,Inactivo,33.0,Oriente
3420,Diana López,usuario3420@yahoo.com,3003266891,48,F,Cali,electronica,805106.28,2987396.79,,tarjeta débito,09-23-2022,2021-05-10,Activo,39.0,
3421,Carlos Torres,usuario3421@empresa.co,3121701518,65,FEMENINO,Cali,electronica,514869.06,2608108.04,4.4,pse,13/12/2023,2023-03-25,inactivo,4.0,Norte
3422,Luis Martínez,usuario3422@gmail.com,---,52,f,medellin,deportes,502885.9,,2.6,Tarjeta Crédito,2022/10/01,2020-03-19,activo,25.0,
3423,Sandra Ramírez,usuario3423@gmail.com,3117180277,61,FEMENINO,Santa Marta,ROPA,476604.66,3525829.98,9.9,Tarjeta Crédito,2021-12-28,27 Mar 2021,ACTIVO,35.0,
3424,Natalia Gómez,usuario3424@yahoo.com,3102173552,48,Masculino,Barranquilla,HOGAR,238992.79,2865888.35,,Efectivo,26 Nov 2024,01-07-2020,Inactivo,4.0,Norte
3425,Paola Flores,usuario3425@yahoo.com,3118399218,51,Femenino,barranquilla,Deportes,130789.27,2989576.55,3.2,Tarjeta Débito,08-01-2021,11-27-2024,Cancelado,,Oriente
3426,,usuario3426@gmail.com,3203675135,18,M,Cúcuta,Ropa,64201.47,3736713.56,4.4,efectivo,25/11/2024,2023/01/24,Activo,25.0,
3427,María Torres,usuario3427@hotmail.com,3104508939,69,Male,Cali,Hogar,67926.6,3163568.21,9.4,Tarjeta Débito,08-21-2024,06-09-2022,activo,8.0,
3428,,usuario3428@yahoo.com,3117593372,61,Female,Cartagena,HOGAR,815372.71,3581966.56,2.6,tarjeta débito,2024/10/08,11-12-2023,pendiente,14.0,Norte
3429,Laura Sánchez,usuario3429@yahoo.com,3108351759,51,MASCULINO,Manizales,deportes,223664.46,3025713.06,4.1,Efectivo,05-20-2020,2020-02-01,pendiente,8.0,Occidente
3430,Natalia Rodríguez,usuario3430@outlook.com,3155883423,20,F,medellin,Alimentos,31890.02,2984440.16,4.5,TARJETA CREDITO,09-12-2021,09-24-2024,Activo,25.0,Norte
3431,Paola Torres,usuario3431@hotmail.com,3101130470,52,,Cali,HOGAR,271489.9,2884110.61,1.8,Tarjeta Crédito,20-05-2021,18-07-2020,inactivo,21.0,Occidente
3432,Diana Martínez,usuario3432@hotmail.com,3101320795,72,Masculino,barranquilla,HOGAR,,5861009.36,,Tarjeta Débito,23-11-2020,,inactivo,44.0,Centro
3433,Paola García,usuario3433@gmail.com,3121788007,59,,BOGOTA,HOGAR,121684.52,3292196.66,8.0,Tarjeta Débito,2021-02-21,2021-08-05,inactivo,17.0,Occidente
3434,Laura Torres,usuario3434@yahoo.com,3202715495,39,MASCULINO,BOGOTA,alimentos,,2367246.97,7.1,TARJETA CREDITO,2020-03-07,01-09-2024,Pendiente,9.0,Norte
3435,Ana Pérez,usuario3435@outlook.com,3018519194,69,Female,BOGOTA,electronica,134800.86,4361286.25,8.1,Efectivo,25 Jan 2020,2023/03/20,ACTIVO,37.0,Sur
3436,Ana García,usuario3436@outlook.com,3116860633,59,m,Bogotá,ROPA,451373.06,5743954.52,3.7,TARJETA CREDITO,30-01-2020,24/11/2024,Cancelado,20.0,Oriente
3437,Laura López,usuario3437@gmail.com,,47,m,medellin,deportes,528601.88,2489258.21,6.7,Tarjeta Crédito,04/05/2022,04-12-2024,Cancelado,41.0,Norte
3438,Paola Sánchez,usuario3438@outlook.com,3005134027,65,MASCULINO,Santa Marta,deportes,331671.97,3693914.94,1.0,Nequi,2021-04-11,2020/09/05,Cancelado,50.0,Sur
3439,Pedro Flores,,,61,f,Medellín,deportes,597044.56,465726.77,2.6,Tarjeta Débito,14-12-2021,09-12-2024,Activo,49.0,Sur
3440,Juan Torres,usuario3440@gmail.com,3109407754,30,f,Manizales,Electrónica,190438.69,3251984.69,3.4,Nequi,2022-08-23,2021/12/24,Cancelado,16.0,Centro
3441,Luis Flores,usuario3441@yahoo.com,3124389978,61,F,Cali,HOGAR,414112.39,4350107.95,8.3,efectivo,14/04/2021,04-15-2023,pendiente,15.0,
3442,Andrés Sánchez,usuario3442@yahoo.com,3207952281,29,FEMENINO,Manizales,electronica,366118.2,3620944.63,5.8,pse,2020-09-28,29 Mar 2021,ACTIVO,17.0,Centro
3443,Sandra Pérez,usuario3443@yahoo.com,3013906336,18,Femenino,barranquilla,ROPA,449414.35,3029083.56,3.1,TARJETA CREDITO,,2023-06-08,Cancelado,22.0,Oriente
3444,Jorge Sánchez,usuario3444@empresa.co,3005356696,71,FEMENINO,Bucaramanga,deportes,1038492.3,2127207.16,4.3,Nequi,17-03-2023,2021-04-20,ACTIVO,25.0,Norte
3445,Sergio Pérez,usuario3445@hotmail.com,3156642825,999,Masculino,BOGOTA,Alimentos,149779.02,3401179.49,7.6,Tarjeta Crédito,30-08-2024,08-09-2022,ACTIVO,41.0,Centro
3446,Miguel Flores,usuario3446@outlook.com,3114953548,24,Femenino,Bucaramanga,Electrónica,51418.59,2863269.68,9.1,Nequi,23/04/2021,2022-08-25,Pendiente,24.0,Sur
3447,Sergio González,usuario3447@hotmail.com,3104666690,40,m,CALI,Alimentos,143020.82,2995350.86,1.3,efectivo,2020-10-17,21-04-2022,ACTIVO,31.0,
3448,,usuario3448@gmail.com,3129350925,36,Masculino,Cali,HOGAR,42868.23,2529585.68,8.3,pse,20-01-2022,01-12-2021,ACTIVO,49.0,
3449,Miguel Flores,usuario3449@gmail.com,,20,,Bucaramanga,Tecnología,245106.99,4495043.1,2.6,Tarjeta Débito,2024/02/16,01-23-2021,pendiente,14.0,Norte
3450,Diana Rivera,usuario3450@empresa.co,3011624433,,Femenino,Santa Marta,Hogar,22500.02,3456996.9,6.1,PSE,03-25-2022,04-10-2023,ACTIVO,16.0,Occidente
3451,Miguel Pérez,usuario3451@outlook.com,3124751761,56,Male,Cúcuta,electronica,653930.98,5696261.45,6.6,Tarjeta Crédito,29 Apr 2021,31-08-2024,Activo,7.0,Centro
3452,,usuario3452@gmail.com,3118835192,71,Masculino,Barranquilla,Alimentos,318263.81,3077205.14,4.0,PSE,,2022/06/09,Cancelado,1.0,Oriente
3453,Miguel Pérez,usuario3453@outlook.com,3007651858,56,Femenino,Cúcuta,HOGAR,412515.23,1375378.65,,pse,2023-08-31,24-11-2024,inactivo,24.0,Oriente
3454,Andrés Gómez,sin_email,3128989222,63,Male,Cartagena,alimentos,258992.83,2204969.41,4.1,Nequi,2024-03-12,,Pendiente,22.0,Occidente
3455,Miguel Ramírez,usuario3455@empresa.co,3151798153,23,Female,Cali,ROPA,342181.65,4257953.75,6.2,Tarjeta Débito,15-05-2022,10-10-2022,inactivo,17.0,Occidente
3456,Andrés López,usuario3456@yahoo.com,3152350095,26,Masculino,Bucaramanga,Tecnología,68185.6,1463424.98,9.8,pse,07/11/2024,04-01-2020,activo,10.0,Sur
3457,Pedro Flores,usuario3457@empresa.co,3202109193,66,f,Cúcuta,alimentos,76989.65,2208939.7,6.7,tarjeta débito,09-26-2023,13/06/2021,Activo,21.0,Sur
3458,Natalia García,usuario3458@yahoo.com,3114365626,54,MASCULINO,Pereira,electronica,466787.38,3877341.48,8.3,PSE,2024-01-30,08-11-2021,Inactivo,40.0,Sur
3459,Laura López,usuario3459@gmail.com,3001919069,29,f,Cali,ROPA,,6620367.73,6.5,PSE,2021-08-17,2024/10/06,Pendiente,32.0,Occidente
3460,Jorge Torres,usuario3460@outlook.com,3107406464,62,Male,CALI,ROPA,26998595.0,4477799.39,9.3,PSE,19 Mar 2024,03-11-2020,ACTIVO,7.0,
3461,María Flores,usuario3461@empresa.co,3153762273,36,m,Barranquilla,alimentos,71199.09,2895191.72,8.8,Efectivo,2023/11/07,05/01/2023,Inactivo,7.0,Sur
3462,Sergio Martínez,usuario3462@empresa.co,3115593236,22,MASCULINO,Manizales,Hogar,182169.53,2239820.79,4.8,tarjeta débito,2021-06-26,2023-11-14,activo,6.0,Norte
3463,Juan Ramírez,usuario3463@empresa.co,3158429582,35,MASCULINO,Cartagena,Tecnología,81563.69,3839411.76,8.9,tarjeta débito,02/07/2021,30-01-2024,Cancelado,38.0,Norte
3464,Miguel Ramírez,usuario3464@gmail.com,3209601514,62,Femenino,Medellín,Ropa,382459.99,3498813.38,3.9,PSE,2024-12-25,22/05/2023,Cancelado,29.0,Oriente
3465,Ana González,sin_email,3018755834,67,FEMENINO,  Cartagena  ,electronica,54368.66,,1.9,tarjeta débito,09-25-2022,19 Jan 2020,Cancelado,7.0,Centro
3466,Diana Rivera,usuario3466@outlook.com,3112063660,34,MASCULINO,medellin,Tecnología,1225969.92,-1000.0,4.6,efectivo,04-03-2024,16/09/2021,Inactivo,23.0,Oriente
3467,Ana Martínez,usuario3467@hotmail.com,3206750970,22,Male,Medellín,HOGAR,331556.76,2414424.52,,PSE,03/10/2021,2020-11-01,Inactivo,4.0,Centro
3468,Jorge Rodríguez,usuario3468@gmail.com,3116124222,21,Masculino,BOGOTA,Deportes,228852.18,2580177.13,8.2,Nequi,07-25-2022,09-04-2022,Inactivo,46.0,Occidente
3469,María Sánchez,usuario3469@gmail.com,3118403599,39,Male,Medellín,Ropa,109110.48,2474455.46,1.0,tarjeta débito,09/11/2021,2020/07/20,Activo,20.0,Occidente
3470,María Ramírez,usuario3470@outlook.com,3005423319,34,FEMENINO,barranquilla,alimentos,161137.02,4355584.99,8.2,Nequi,24 Sep 2024,2024/07/16,Inactivo,24.0,Norte
3471,,usuario3471@gmail.com,3115638387,34,m,  Cartagena  ,Ropa,92313.87,1232354.95,2.2,tarjeta débito,2022-06-01,13/01/2024,ACTIVO,10.0,Sur
3472,Pedro García,,3124878197,22,,Cali,Deportes,740377.43,2722818.4,5.1,Nequi,25-08-2021,15/04/2024,pendiente,42.0,Oriente
3473,Sergio Ramírez,usuario3473@yahoo.com,3008734467,30,Masculino,Medellín,alimentos,,,9.9,TARJETA CREDITO,06-01-2020,29 Dec 2021,Inactivo,36.0,Norte
3474,Luis Rodríguez,usuario3474@empresa.co,3121187183,29,,Barranquilla,deportes,125044.04,5263430.62,6.5,Nequi,13-08-2020,2022/05/15,Activo,11.0,Centro
3475,Laura Ramírez,,3129010704,24,f,Cúcuta,ROPA,20696.07,,4.4,Efectivo,02/03/2021,08 Aug 2021,Cancelado,6.0,
3476,Pedro Rodríguez,usuario3476@gmail.com,3001999345,67,Female,Bucaramanga,HOGAR,64933.99,-226258.09,4.9,Tarjeta Débito,09-03-2024,28 Apr 2023,Activo,40.0,Sur
3477,Diana Rodríguez,usuario3477@outlook.com,3102807491,57,m,barranquilla,electronica,217784.24,3978637.27,6.5,PSE,,11-08-2020,Activo,9.0,Oriente
3478,,usuario3478@empresa.co,3123870570,46,Femenino,  Cartagena  ,Ropa,303474.13,3906276.92,1.1,Efectivo,05-15-2020,,Activo,50.0,Sur
3479,,usuario3479@gmail.com,3207618903,24,FEMENINO,Medellín,deportes,228071.93,3541191.91,5.1,efectivo,26-08-2021,19 Apr 2023,Activo,2.0,
3480,Carlos Rodríguez,usuario3480@yahoo.com,,,Femenino,Medellín,deportes,230948.59,4667257.71,6.8,efectivo,2021-06-26,2020/02/01,Inactivo,6.0,Sur
3481,Carlos Rivera,usuario3481@hotmail.com,3014956012,desconocido,f,Pereira,Electrónica,464749.75,3414583.56,8.8,Nequi,2021/10/17,13/03/2024,Activo,,Centro
3482,Paola Rodríguez,usuario3482@gmail.com,3002919758,46,Female,Manizales,alimentos,172194.66,4476437.19,1.5,Tarjeta Crédito,21 Jun 2024,09-10-2022,pendiente,6.0,Norte
3483,,usuario3483@outlook.com,3013929212,,,Barranquilla,ROPA,7114.24,3303737.85,6.6,Tarjeta Débito,2020-02-16,19 Oct 2024,inactivo,46.0,Sur
3484,Sergio García,usuario3484@hotmail.com,,59,F,Manizales,electronica,254256.3,,1.7,Tarjeta Crédito,05-03-2021,16/04/2024,activo,50.0,
3485,Paola López,usuario3485@empresa.co,3012198204,20,Male,Cartagena,Ropa,421172.09,2271956.6,2.9,Tarjeta Débito,15-06-2022,28/11/2021,Pendiente,3.0,Oriente
3486,Miguel Rivera,usuario3486@outlook.com,3153342513,35,F,  Cartagena  ,electronica,571216.75,2064625.89,8.2,Nequi,2024-11-28,2020/08/04,ACTIVO,1.0,Oriente
3487,María Pérez,usuario3487@hotmail.com,3124170396,39,f,BOGOTA,Alimentos,187120.95,5069417.0,9.4,Tarjeta Débito,05-07-2023,2020-12-25,Activo,24.0,Centro
3488,Jorge Gómez,usuario3488@yahoo.com,3159169967,54,Male,barranquilla,Electrónica,30369.89,,4.0,pse,2021-12-19,2022/05/09,Activo,8.0,Occidente
3489,Diana Martínez,usuario3489@gmail.com,3115105689,,M,Cúcuta,Hogar,915253.26,4055207.51,4.2,PSE,2023-03-20,29-10-2023,ACTIVO,2.0,Oriente
3490,Sandra Martínez,usuario3490@outlook.com,3124284770,67,Male,Manizales,electronica,209609.9,3765160.28,3.9,efectivo,2023/12/18,02 Jun 2020,Inactivo,,Sur
3491,Ana Rivera,usuario3491@yahoo.com,3011873686,45,m,Pereira,Electrónica,116644.33,3157329.75,1.7,,02 Jun 2023,30 Aug 2020,Pendiente,23.0,
3492,Luis González,usuario3492@hotmail.com,3003564905,64,Female,barranquilla,HOGAR,370007.9,4954014.78,4.8,Nequi,08/12/2022,2022/07/15,Activo,9.0,Occidente
3493,María Torres,usuario3493@hotmail.com,3016415690,68,,Cali,Hogar,219230.48,1233348.01,,TARJETA CREDITO,2023/12/11,19 Jan 2022,Inactivo,9.0,Oriente
3494,Paola González,usuario3494@empresa.co,3015490185,0,,barranquilla,ROPA,559347.78,3824817.46,100.0,Tarjeta Crédito,2024-12-29,16/06/2021,Activo,28.0,
3495,Diana Rodríguez,usuario3495@hotmail.com,,,,BOGOTA,HOGAR,150471.81,2887101.25,3.3,Efectivo,14 Feb 2024,02-23-2020,pendiente,39.0,Oriente
3496,Paola Rivera,usuario3496@gmail.com,3013188928,70,Female,BOGOTA,ROPA,426100.9,3903818.5,7.1,TARJETA CREDITO,09-06-2021,2020/08/06,pendiente,,Occidente
3497,Natalia López,usuario3497@hotmail.com,3116089225,25,m,Cali,Electrónica,349619.22,2382814.34,7.2,Efectivo,2021/12/03,2022/06/13,inactivo,45.0,Norte
3498,Luis Pérez,usuario3498@gmail.com,3111734109,40,FEMENINO,Bogotá,ROPA,203924.07,0.0,4.3,Tarjeta Crédito,2022-06-19,2022-12-16,Activo,,Norte
3499,Sandra González,usuario3499@empresa.co,,37,MASCULINO,Cali,alimentos,474502.74,2615652.87,9.9,Nequi,10-04-2024,31-10-2020,Pendiente,31.0,Centro
3500,Carlos Rivera,usuario3500@outlook.com,3209590553,58,,Medellín,HOGAR,101717.77,4316040.79,3.9,Efectivo,2023-01-29,07-03-2023,ACTIVO,5.0,Occidente
3501,María González,usuario3501@hotmail.com,3015205076,59,MASCULINO,Bucaramanga,Deportes,215046.76,,9.9,PSE,2023-03-31,10/04/2020,Activo,28.0,Occidente
3502,Paola Gómez,usuario3502@empresa.co,3111422730,52,,Cartagena,Deportes,479002.97,3927124.9,7.8,PSE,26 Jan 2020,08-14-2024,ACTIVO,12.0,
3503,Juan Gómez,usuario3503@hotmail.com,3011261877,39,Masculino,CALI,deportes,684868.29,4517782.98,,TARJETA CREDITO,,17-01-2024,ACTIVO,29.0,Norte
3504,Miguel García,sin_email,3018777971,47,FEMENINO,  Cartagena  ,ROPA,103869.52,4584544.83,4.7,tarjeta débito,2022-02-21,16/07/2022,ACTIVO,4.0,Occidente
3505,Miguel López,usuario3505@gmail.com,3151364540,36,Femenino,Cartagena,Deportes,345759.02,,6.2,TARJETA CREDITO,24-11-2024,06-06-2020,Activo,12.0,
3506,Jorge Martínez,usuario3506@empresa.co,3205501201,29,Male,Cali,Ropa,439846.32,5607722.01,5.4,,2021/01/12,09-09-2022,Inactivo,42.0,Norte
3507,Luis Pérez,usuario3507@empresa.co,3004128133,42,FEMENINO,Barranquilla,Ropa,56279.81,3783159.22,2.2,Tarjeta Crédito,2023-08-12,2023-12-13,inactivo,47.0,Occidente
3508,Diana Ramírez,usuario3508@hotmail.com,,37,Masculino,Santa Marta,Hogar,657778.04,684029.17,9.1,Tarjeta Débito,20-09-2022,24/06/2022,Pendiente,43.0,
3509,Miguel Flores,usuario3509@gmail.com,3018258299,75,m,Cúcuta,electronica,914974.09,4853962.59,8.2,PSE,03/08/2024,2020-06-21,Pendiente,38.0,Norte
3510,Sergio Rodríguez,usuario3510@yahoo.com,3123221591,62,Male,Cúcuta,Tecnología,279139.56,5136988.28,5.2,efectivo,30-03-2021,27 Aug 2024,Cancelado,13.0,Centro
3511,Luis Sánchez,usuario3511@hotmail.com,3019238757,23,Male,Barranquilla,HOGAR,87337.27,4627374.23,6.3,tarjeta débito,2022-05-31,,Pendiente,17.0,Centro
3512,Diana Rodríguez,usuario3512@hotmail.com,3156560010,46,MASCULINO,BOGOTA,Tecnología,36119.77,6169850.68,8.2,,2022/10/20,24/07/2020,activo,22.0,Sur
3513,Natalia Flores,usuario3513@yahoo.com,3124175122,26,Femenino,Cartagena,Tecnología,99934.38,2420458.03,9.6,Tarjeta Crédito,25-08-2020,08/01/2023,inactivo,8.0,Centro
3514,Natalia Martínez,usuario3514@empresa.co,3115858344,,f,BOGOTA,deportes,14019.52,,4.0,Efectivo,24-06-2022,2022-11-29,pendiente,29.0,Sur
3515,Sandra Ramírez,usuario3515@empresa.co,3115471938,,,Manizales,Alimentos,544110.63,2721882.06,7.1,Efectivo,2023-11-14,07 May 2023,inactivo,32.0,Sur
3516,Andrés Torres,usuario3516@yahoo.com,,33,Female,Bucaramanga,Tecnología,521142.08,4424832.18,3.9,PSE,19-12-2024,07-06-2020,inactivo,42.0,Occidente
3517,Luis Gómez,usuario3517@empresa.co,3115473605,22,Masculino,Santa Marta,alimentos,18393.25,3594789.69,5.4,PSE,2024/07/08,27-09-2023,pendiente,38.0,
3518,Laura Ramírez,usuario3518@empresa.co,3009997804,59,Masculino,Cartagena,Tecnología,,2318011.12,7.8,Tarjeta Crédito,,,activo,38.0,Centro
3519,Miguel González,usuario3519@empresa.co,3104326545,52,F,barranquilla,Electrónica,78540.05,99999999.0,3.7,TARJETA CREDITO,2022/06/23,2023/07/12,inactivo,25.0,Centro
3520,Paola Sánchez,usuario3520@hotmail.com,3007901254,69,MASCULINO,Barranquilla,Electrónica,116318.21,5460505.87,1.6,tarjeta débito,17/11/2022,2022-11-26,Inactivo,5.0,Centro
3521,Diana Ramírez,usuario3521@gmail.com,3104801482,19,Female,Manizales,Tecnología,,2900733.28,7.8,efectivo,27-01-2023,06-09-2022,ACTIVO,50.0,
3522,Laura Flores,usuario3522@hotmail.com,3109698423,,Femenino,Cartagena,ROPA,,4704528.89,3.6,,2021/10/05,11-12-2024,activo,3.0,Centro
3523,Sandra Ramírez,usuario3523@hotmail.com,3209921884,desconocido,Femenino,Bogotá,deportes,,3908618.62,7.7,Efectivo,23 Jun 2020,22-06-2020,Activo,36.0,Centro
3524,Ana Gómez,usuario3524@hotmail.com,3018536999,,FEMENINO,Cali,HOGAR,10688.88,4805670.02,8.8,TARJETA CREDITO,19/11/2020,12-10-2021,ACTIVO,11.0,Occidente
3525,Miguel Rivera,usuario3525@hotmail.com,3116307288,69,f,BOGOTA,Alimentos,116097.66,4563305.61,2.8,Tarjeta Débito,11/05/2023,2024-07-01,pendiente,39.0,Oriente
3526,Carlos Ramírez,usuario3526@outlook.com,3206105120,51,,Manizales,Ropa,397475.97,3089224.76,3.0,Efectivo,20-05-2022,21 Oct 2022,Pendiente,27.0,Sur
3527,Paola Sánchez,usuario3527@gmail.com,3015421429,61,,BOGOTA,deportes,419826.07,2976225.56,1.8,tarjeta débito,2021/09/11,04-23-2024,Cancelado,30.0,Occidente
3528,Ana Rivera,usuario3528@empresa.co,3156517286,52,Femenino,CALI,Alimentos,9777.02,3327259.0,8.7,Efectivo,2021-10-31,,pendiente,15.0,Norte
3529,Miguel Ramírez,usuario3529@yahoo.com,3013276316,55,MASCULINO,Santa Marta,deportes,237224.69,,5.9,,2021-12-19,07 Nov 2023,activo,26.0,Centro
3530,Sergio López,usuario3530@yahoo.com,3112208160,22,F,barranquilla,Electrónica,41126.8,5489676.52,4.0,pse,24/02/2022,2021/06/13,ACTIVO,39.0,Oriente
3531,Pedro Ramírez,usuario3531@gmail.com,3207170883,,m,Bogotá,Alimentos,851744.3,4969346.29,6.5,TARJETA CREDITO,2020-11-26,30 Jul 2023,Cancelado,38.0,Norte
3532,Paola Rodríguez,usuario3532@yahoo.com,3002134274,59,Femenino,Pereira,Deportes,235601.18,3545797.32,7.8,tarjeta débito,19-06-2023,2023/07/29,Inactivo,,Oriente
3533,Paola Martínez,usuario3533@outlook.com,3114647395,,Masculino,BOGOTA,electronica,181883.93,3090616.91,5.5,,2021-02-19,07-26-2020,Pendiente,30.0,Norte
3534,Jorge Torres,usuario3534@hotmail.com,3015392793,57,MASCULINO,Cali,Electrónica,398300.35,4803274.05,9.2,efectivo,07/09/2022,2023-01-30,Activo,43.0,Sur
3535,Laura Ramírez,usuario3535@gmail.com,3103429626,,Female,medellin,alimentos,273144.94,4010487.33,5.4,Tarjeta Crédito,12-02-2021,22/01/2021,Activo,17.0,Centro
3536,Ana Rivera,usuario3536@outlook.com,3106966504,26,Female,medellin,ROPA,119770.1,,4.4,Nequi,20-04-2021,2022-12-14,Cancelado,47.0,Sur
3537,Sergio Pérez,,3103442610,,f,Bogotá,Alimentos,,3097433.61,9.0,PSE,09-06-2021,12-25-2024,Cancelado,7.0,Occidente
3538,Luis García,,3006941272,75,Femenino,Cúcuta,Deportes,108197.34,3434990.86,4.7,Tarjeta Crédito,16 Mar 2023,2023/12/07,activo,14.0,Norte
3539,Miguel Pérez,usuario3539@hotmail.com,3159250551,68,FEMENINO,CALI,HOGAR,668672.84,3107794.2,,TARJETA CREDITO,2021-05-27,,Cancelado,41.0,Sur
3540,Sandra López,usuario3540@yahoo.com,3159565213,57,MASCULINO,Cali,ROPA,23453.66,2935465.45,4.8,efectivo,24/02/2021,,Cancelado,9.0,Oriente
3541,,usuario3541@gmail.com,3008575738,55,Male,Cali,Deportes,750978.16,,7.1,pse,2022-07-17,17/12/2020,Cancelado,13.0,
3542,Laura Torres,,3152907181,-5,Male,Manizales,Deportes,324790.55,1963308.03,6.4,efectivo,27 Jul 2020,06 Apr 2024,Cancelado,2.0,Occidente
3543,Andrés Torres,usuario3543@outlook.com,3158974320,56,,Bucaramanga,deportes,372769.1,2929597.74,8.0,efectivo,20-10-2024,20 Mar 2022,Inactivo,,Centro
3544,Miguel Rivera,usuario3544@outlook.com,3016674186,32,Masculino,Medellín,Tecnología,298426.57,1412527.47,7.6,tarjeta débito,06/05/2020,27-11-2022,pendiente,25.0,Sur
3545,Sergio García,usuario3545@outlook.com,3001405983,0,m,Bucaramanga,deportes,47492.47,7414719.61,1.9,tarjeta débito,21 Jan 2021,02/11/2021,pendiente,3.0,Occidente
3546,Paola Rivera,usuario3546@outlook.com,3013307839,69,M,Santa Marta,HOGAR,133541.37,3889249.35,,efectivo,,06/12/2021,Inactivo,22.0,Sur
3547,Diana Rivera,usuario3547@yahoo.com,,65,Female,Cúcuta,Ropa,831987.54,4519769.62,2.8,Nequi,06/12/2023,03-22-2024,Cancelado,16.0,Occidente
3548,Laura Ramírez,usuario3548@outlook.com,3158285926,38,,Bucaramanga,electronica,638409.72,5239293.92,7.1,Nequi,2022-08-16,21 Jul 2023,pendiente,30.0,Oriente
3549,Miguel López,usuario3549@gmail.com,3128022301,61,F,medellin,deportes,88119.79,2061238.1,-1.0,pse,07/03/2020,29 Apr 2020,activo,49.0,
3550,Jorge Torres,usuario3550@yahoo.com,3003636485,26,Female,BOGOTA,Tecnología,238447.72,2043730.69,3.0,Tarjeta Crédito,2021/04/28,,Inactivo,22.0,
3551,,usuario3551@yahoo.com,3201030183,68,m,  Cartagena  ,electronica,97154.64,3691768.89,5.0,TARJETA CREDITO,2023-01-27,26-05-2021,Activo,11.0,Occidente
3552,Diana Gómez,usuario3552@empresa.co,3111481364,20,,Bucaramanga,Ropa,56209.39,2512213.17,4.2,Efectivo,,2020/12/05,inactivo,50.0,Sur
3553,María Gómez,usuario3553@outlook.com,3114197592,39,F,Cali,Tecnología,28033.84,1931757.44,4.9,tarjeta débito,,2020-07-05,Cancelado,36.0,
3554,,usuario3554@hotmail.com,3204899931,150,Masculino,barranquilla,alimentos,151716.48,2355921.05,9.0,Tarjeta Crédito,25 May 2023,01-04-2023,activo,30.0,Sur
3555,Juan López,usuario3555@outlook.com,3011983805,44,Masculino,barranquilla,alimentos,292094.24,1077795.15,9.5,tarjeta débito,14-11-2020,24-02-2020,Pendiente,50.0,
3556,Andrés Rodríguez,usuario3556@outlook.com,,41,Female,Barranquilla,Deportes,316529.9,4183916.93,3.8,Tarjeta Débito,08 Oct 2023,2022/06/10,Pendiente,6.0,Occidente
3557,Pedro López,usuario3557@empresa.co,3011198832,46,f,Bogotá,Hogar,220851.31,2712135.14,,Tarjeta Crédito,2023/12/08,2021-07-20,Cancelado,42.0,Norte
3558,Pedro Flores,usuario3558@hotmail.com,3002024581,55,m,Cartagena,Deportes,218737.07,4380406.19,9.2,efectivo,2023/12/11,04/11/2024,activo,20.0,Occidente
3559,Natalia Ramírez,usuario3559@yahoo.com,3003909920,,FEMENINO,Bucaramanga,Electrónica,454579.35,3229441.21,6.4,TARJETA CREDITO,02-08-2023,,inactivo,,Occidente
3560,,usuario3560@empresa.co,3012885049,72,M,BOGOTA,Alimentos,219066.16,,3.4,TARJETA CREDITO,14-06-2022,26/12/2023,Activo,49.0,Norte
3561,Jorge González,usuario3561@gmail.com,3004310155,42,Femenino,BOGOTA,Ropa,218582.93,3989563.49,8.0,PSE,07-04-2022,24 Jun 2023,Inactivo,41.0,Sur
3562,Luis Ramírez,usuario3562@hotmail.com,3129889099,19,m,CALI,deportes,362551.62,1108877.37,3.5,,15 Mar 2023,2024-11-03,Pendiente,50.0,
3563,Paola Ramírez,usuario3563@empresa.co,3006607770,23,,Medellín,alimentos,71848.17,1288732.04,3.2,TARJETA CREDITO,03-16-2021,2021-08-27,pendiente,41.0,
3564,Juan González,usuario3564@gmail.com,3102763312,,Male,medellin,Electrónica,263459.61,3780835.06,5.5,Tarjeta Débito,02-21-2023,11/09/2020,Inactivo,7.0,Centro
3565,Andrés Pérez,usuario3565@hotmail.com,3123693673,23,Female,Cartagena,Alimentos,408048.82,4214230.12,6.3,tarjeta débito,31/12/2022,2021/04/17,inactivo,41.0,Occidente
3566,Luis López,usuario3566@hotmail.com,3101926704,55,Female,Cali,Electrónica,,3317484.2,5.0,,19 Oct 2024,12 Nov 2024,Activo,25.0,Centro
3567,Luis Pérez,usuario3567gmail.com,3207609344,44,Femenino,Cartagena,ROPA,353525.23,4136701.34,3.3,efectivo,01-03-2021,2024-07-08,Activo,22.0,Sur
3568,Paola García,usuario3568@gmail.com,3103340475,68,F,Pereira,Hogar,284887.48,871444.89,1.2,Nequi,23 Oct 2023,08 Apr 2020,Cancelado,15.0,Oriente
3569,Pedro Rodríguez,usuario3569@yahoo.com,3157150188,62,Female,Cúcuta,Deportes,485524.98,2462169.66,3.2,,24/03/2021,2021-06-28,Activo,21.0,
3570,Juan Rivera,usuario3570@empresa.co,3019558698,27,Masculino,Pereira,HOGAR,194357.91,4855520.16,4.8,PSE,2023/01/05,,activo,9.0,Centro
3571,Paola Sánchez,usuario3571@yahoo.com,3129023577,51,MASCULINO,Barranquilla,Hogar,45046.77,3414911.56,1.2,Efectivo,2020-12-18,2024-06-14,pendiente,17.0,Oriente
3572,,usuario3572@gmail.com,3006323792,33,m,Manizales,Alimentos,198058.26,3778205.29,1.2,Nequi,02-06-2024,12-01-2022,activo,8.0,Centro
3573,Diana Sánchez,usuario3573@outlook.com,3013935576,57,Female,Medellín,Hogar,198171.45,,4.8,Efectivo,,12-06-2021,Cancelado,16.0,
3574,Andrés Ramírez,usuario3574@empresa.co,3151860177,56,Female,Bogotá,Deportes,415918.52,297557.21,3.8,TARJETA CREDITO,,2023-04-09,Inactivo,15.0,Sur
3575,Sergio Gómez,usuario3575@yahoo.com,3154343349,49,Masculino,Cúcuta,HOGAR,132822.2,2450884.95,2.8,Nequi,09 Oct 2024,05/05/2020,Cancelado,49.0,Oriente
3576,Natalia Rodríguez,usuario3576@empresa.co,3159726969,23,Male,barranquilla,ROPA,226881.76,6174191.05,11.0,pse,01-02-2021,03-10-2021,pendiente,44.0,
3577,Natalia Sánchez,usuario3577@outlook.com,3007288713,68,Female,Cúcuta,Hogar,49686.54,3830511.38,7.9,tarjeta débito,10 Dec 2020,02-09-2021,Activo,16.0,
3578,Carlos Rodríguez,sin_email,3116525832,44,Male,  Cartagena  ,Deportes,220016.48,5256413.94,2.9,Tarjeta Crédito,15-05-2022,05 Apr 2020,inactivo,17.0,Centro
3579,Diana Rodríguez,usuario3579@outlook.com,3207798093,,Masculino,Cúcuta,Ropa,153698.8,3611436.13,1.5,Efectivo,08-25-2022,2021-06-01,pendiente,18.0,Occidente
3580,María Ramírez,usuario3580@empresa.co,3103525681,25,F,Pereira,electronica,33199422.5,6435823.13,,Tarjeta Débito,19 Oct 2021,01 Feb 2021,Pendiente,21.0,
3581,Pedro Pérez,usuario3581@outlook.com,3117794261,24,FEMENINO,Cartagena,Alimentos,141380.27,3600497.53,6.1,tarjeta débito,2024/05/27,12-01-2022,ACTIVO,32.0,Norte
3582,Diana Flores,usuario3582@hotmail.com,,73,m,CALI,Ropa,36044.1,1220501.09,1.3,Efectivo,2024-03-18,29 Oct 2023,ACTIVO,14.0,Centro
3583,Sergio García,usuario3583@hotmail.com,3125300376,52,m,Medellín,Hogar,148206.83,5932150.02,4.6,Nequi,20 Feb 2024,05-04-2022,activo,20.0,Oriente
3584,María Torres,usuario3584@outlook.com,3014082659,47,Female,Cali,HOGAR,335769.19,1667928.02,2.4,,09/06/2022,2024-09-11,Inactivo,24.0,Occidente
3585,Jorge Rivera,usuario3585@yahoo.com,3201385089,60,m,Cartagena,ROPA,139322.23,4656873.76,7.5,PSE,2021/05/31,01/01/2022,activo,31.0,Sur
3586,Juan Martínez,usuario3586@gmail.com,,21,f,Cúcuta,alimentos,86249.99,4943201.81,5.7,,2024/04/14,,Inactivo,25.0,Centro
3587,María Torres,usuario3587@empresa.co,3012643081,68,Female,Bucaramanga,Tecnología,626332.89,1277589.33,4.0,TARJETA CREDITO,07/12/2020,2022/04/04,Activo,15.0,Occidente
3588,Luis García,usuario3588@hotmail.com,3008279453,72,,Pereira,Deportes,114795.89,2789422.1,4.3,Nequi,27 Apr 2023,07-10-2020,Activo,40.0,Occidente
3589,Ana González,usuario3589@gmail.com,3128405762,48,Male,CALI,Ropa,728475.08,2361930.07,2.6,Tarjeta Crédito,2024-02-14,2021/06/15,Inactivo,31.0,Norte
3590,Natalia Rivera,usuario3590@yahoo.com,3158226908,28,MASCULINO,Santa Marta,Tecnología,1386747.81,4898399.46,7.1,Tarjeta Crédito,,02-14-2024,Pendiente,47.0,Centro
3591,Ana González,usuario3591@empresa.co,3005268919,20,FEMENINO,Santa Marta,alimentos,116562.11,3746890.83,4.9,tarjeta débito,16/04/2021,2021/08/25,Inactivo,19.0,Norte
3592,Sandra Gómez,usuario3592@gmail.com,3003693536,150,Femenino,BOGOTA,Ropa,87882.12,2347994.76,,tarjeta débito,04 Oct 2022,06-15-2024,ACTIVO,38.0,Norte
3593,María González,usuario3593@yahoo.com,3124613536,45,Female,CALI,Deportes,299390.77,5524134.52,9.2,Nequi,28/07/2022,,Activo,39.0,Oriente
3594,Laura Pérez,usuario3594@yahoo.com,3009447564,57,Masculino,Medellín,Deportes,423150.97,,8.8,Nequi,2022/02/11,11-25-2020,Pendiente,50.0,
3595,María Martínez,,3007224142,66,F,Cúcuta,HOGAR,253516.01,4496414.46,,,11-03-2024,2022-08-15,Activo,12.0,Norte
3596,Natalia López,usuario3596@gmail.com,3014436784,24,F,  Cartagena  ,electronica,82692.15,2640767.94,8.7,Nequi,04/01/2021,19 Mar 2022,activo,46.0,
3597,Laura Pérez,usuario3597@yahoo.com,3109386291,52,Masculino,Medellín,deportes,107606.4,1889165.35,1.7,Efectivo,05-07-2020,2020-02-22,Pendiente,50.0,Sur
3598,Luis González,usuario3598@hotmail.com,3103029550,68,F,Medellín,Electrónica,165328.22,1962701.28,,Tarjeta Crédito,2024-09-22,22-07-2021,activo,16.0,Occidente
3599,María Pérez,usuario3599@gmail.com,3203063778,,Female,Medellín,alimentos,284533.76,3221687.78,3.8,PSE,2023/04/17,09-07-2021,ACTIVO,6.0,Norte
3600,,,3205199699,22,MASCULINO,CALI,Ropa,297673.36,3490494.33,7.0,TARJETA CREDITO,2024-03-18,2023/11/25,inactivo,15.0,Oriente
3601,Ana Sánchez,,3159625109,64,F,Cali,Hogar,,4283614.65,1.7,Tarjeta Crédito,28-03-2021,05-13-2020,Pendiente,38.0,Centro
3602,Jorge Sánchez,usuario3602@empresa.co,3005686727,55,Male,Cúcuta,HOGAR,106603.13,3626343.6,7.9,TARJETA CREDITO,27/10/2020,20 Mar 2023,Inactivo,27.0,Occidente
3603,Jorge Sánchez,usuario3603@gmail.com,3205043336,30,FEMENINO,Medellín,Deportes,764212.86,5636865.22,6.3,Efectivo,27 Apr 2020,2023-10-06,Pendiente,8.0,Centro
3604,Carlos Ramírez,usuario3604@empresa.co,3121156397,75,Masculino,Cúcuta,electronica,48751.66,3257416.35,3.8,tarjeta débito,2023/09/08,15 Jul 2024,pendiente,27.0,Sur
3605,Pedro López,usuario3605@hotmail.com,3112773259,67,M,Manizales,ROPA,192679.37,,-1.0,efectivo,2024-03-28,23-02-2023,inactivo,5.0,Centro
3606,Sergio Pérez,usuario3606@empresa.co,3156617151,32,M,barranquilla,HOGAR,165995.31,3254221.15,3.9,,25-10-2020,2023/10/31,Pendiente,39.0,Occidente
3607,Carlos Rodríguez,usuario3607@outlook.com,3019103075,65,F,CALI,Deportes,536597.64,3522537.01,9.7,,30/05/2021,2020-03-23,activo,14.0,Sur
3608,María Sánchez,,3102668632,30,M,Cartagena,electronica,207601.51,3635321.23,3.5,Tarjeta Crédito,11-08-2020,12-27-2021,Cancelado,26.0,Occidente
3609,Luis González,usuario3609@empresa.co,3008110052,32,Masculino,barranquilla,HOGAR,502585.68,1569349.11,3.8,Tarjeta Crédito,24 Jan 2022,,activo,5.0,Occidente
3610,Miguel Sánchez,usuario3610@yahoo.com,3124140490,N/A,Female,Cali,ROPA,143946.59,-1000.0,5.0,Efectivo,21 Oct 2020,2020/05/14,Activo,33.0,Oriente
3611,Diana Sánchez,usuario3611@outlook.com,3204334979,74,Masculino,Pereira,Ropa,652984.1,5083470.42,5.6,Efectivo,30/11/2024,2020/06/08,activo,41.0,
3612,Andrés Rivera,sin_email,3015368473,31,FEMENINO,Cúcuta,ROPA,392744.06,2887935.67,4.7,Efectivo,2024/04/22,13-07-2023,ACTIVO,14.0,Centro
3613,Jorge Rivera,usuario3613@gmail.com,3102987959,47,F,Cartagena,Alimentos,290910.68,-1000.0,1.0,Tarjeta Crédito,2024-02-20,06-12-2020,Cancelado,40.0,Occidente
3614,Natalia López,usuario3614@yahoo.com,3114340491,41,Male,Medellín,Deportes,261404.27,4024834.7,7.6,Tarjeta Débito,2023/09/29,25 Feb 2024,activo,20.0,Oriente
3615,Pedro Pérez,usuario3615@gmail.com,3126362226,64,Masculino,  Cartagena  ,HOGAR,412379.65,5812786.5,7.0,pse,2024-06-14,2022-10-25,activo,,Occidente
3616,Natalia González,usuario3616@hotmail.com,3017047806,40,Masculino,Medellín,Deportes,16820.93,,8.5,PSE,10/07/2024,2024-02-26,inactivo,5.0,Centro
3617,Luis González,usuario3617@empresa.co,3101474129,30,Female,CALI,Hogar,131917.33,99999999.0,2.3,tarjeta débito,2020-10-28,08-28-2021,Inactivo,40.0,Sur
3618,María Rivera,usuario3618@empresa.co,3105497054,20,M,Medellín,HOGAR,167617.24,,7.7,Efectivo,10/08/2024,27/11/2023,Inactivo,3.0,Norte
3619,Ana Pérez,usuario3619@outlook.com,3114965924,21,Female,Manizales,HOGAR,191375.0,3051165.43,4.3,Tarjeta Débito,06-09-2022,2022/12/07,Pendiente,4.0,Sur
3620,Diana García,usuario3620@outlook.com,3004055808,25,m,BOGOTA,deportes,141214.16,99999999.0,6.4,efectivo,01 Jan 2023,09-15-2024,pendiente,1.0,Sur
3621,Ana Pérez,usuario3621@gmail.com,3007555354,47,m,Cali,Hogar,225725.46,4162437.09,5.7,TARJETA CREDITO,11 Apr 2022,13-09-2023,ACTIVO,26.0,
3622,María Torres,usuario3622@yahoo.com,3203332169,66,MASCULINO,Barranquilla,Hogar,144797.02,2676720.01,3.5,Tarjeta Débito,09/06/2021,2021/09/21,inactivo,48.0,Sur
3623,Sergio Sánchez,usuario3623@empresa.co,3208073434,74,FEMENINO,CALI,Electrónica,295063.8,4449430.06,3.1,Efectivo,02-01-2022,06-20-2024,pendiente,,Oriente
3624,Diana Martínez,usuario3624@empresa.co,N/A,28,f,Cartagena,Tecnología,53375.54,2393979.85,7.6,Tarjeta Débito,30 Jun 2022,,ACTIVO,11.0,Norte
3625,Pedro Rivera,usuario3625@empresa.co,3206021681,58,M,BOGOTA,Deportes,24208.86,2442796.18,2.7,pse,20-04-2023,2022/03/16,Cancelado,32.0,Centro
3626,Laura Rodríguez,usuario3626@outlook.com,3118025480,75,FEMENINO,Pereira,Deportes,20995.58,,3.6,PSE,2021/04/27,2020/04/04,ACTIVO,1.0,Oriente
3627,Ana Martínez,usuario3627@outlook.com,3159192109,53,f,Pereira,deportes,18738.37,2187621.6,,efectivo,10-04-2024,07-12-2024,Inactivo,40.0,
3628,,usuario3628@empresa.co,3129534641,23,M,Bogotá,HOGAR,,3178266.13,5.3,TARJETA CREDITO,2021-12-03,03-08-2024,Inactivo,39.0,Norte
3629,Diana Rivera,usuario3629@empresa.co,3127465456,51,m,Barranquilla,Ropa,65759.69,6031243.01,5.8,Tarjeta Débito,15-05-2024,29-09-2023,Pendiente,8.0,
3630,Natalia Martínez,usuario3630@hotmail.com,3019734521,31,MASCULINO,Santa Marta,HOGAR,16943112.0,3178630.64,2.4,Efectivo,09-01-2023,,Activo,2.0,Centro
3631,Sergio González,usuario3631hotmail.com,3104660992,71,F,Bogotá,deportes,373276.28,3763359.51,4.2,Nequi,,03-04-2022,Inactivo,31.0,Centro
3632,Ana Torres,usuario3632@outlook.com,3209735513,18,Masculino,Cúcuta,electronica,1095084.35,3194386.22,1.8,PSE,14 Sep 2020,08-05-2024,inactivo,28.0,Occidente
3633,,usuario3633@yahoo.com,3203606037,65,,Bogotá,HOGAR,359594.75,1486914.46,1.3,pse,23/06/2022,24-01-2020,Activo,29.0,
3634,Diana Torres,usuario3634@empresa.co,3209586060,33,Masculino,Medellín,Ropa,205852.53,3654863.42,5.1,,22/10/2024,25-11-2020,Activo,11.0,Oriente
3635,Miguel Martínez,usuario3635@gmail.com,,55,m,Barranquilla,Alimentos,220224.84,3680615.38,6.0,efectivo,2022/11/26,2021/04/05,Cancelado,,Sur
3636,Laura García,usuario3636@empresa.co,3113711949,55,FEMENINO,barranquilla,Hogar,36340.63,1820473.07,3.3,Efectivo,05-07-2022,02/05/2024,activo,1.0,Norte
3637,María Sánchez,usuario3637@hotmail.com,3106398507,54,F,Medellín,Tecnología,474411.21,3583497.85,5.5,Efectivo,2021/04/24,2023/03/26,pendiente,36.0,Sur
3638,Ana Flores,usuario3638@gmail.com,3005150555,44,m,Manizales,HOGAR,76014.59,4179278.83,5.1,efectivo,2022-11-22,2023-01-24,activo,36.0,Occidente
3639,Juan Rivera,usuario3639@empresa.co,3206492105,20,F,Medellín,Tecnología,206465.83,3709885.37,8.4,Nequi,2020-10-01,09 Mar 2022,inactivo,16.0,Occidente
3640,Miguel Sánchez,usuario3640@hotmail.com,3156622508,64,F,Santa Marta,Tecnología,81348.73,3612449.97,,Tarjeta Crédito,01-14-2022,22-03-2023,activo,44.0,Norte
3641,Diana López,usuario3641@outlook.com,3004264038,20,MASCULINO,Manizales,Tecnología,30200.57,2568135.75,3.4,PSE,,14/05/2023,Pendiente,1.0,Oriente
3642,Jorge Sánchez,,000,43,FEMENINO,Medellín,ROPA,419815.48,3062441.47,9.4,Tarjeta Crédito,09-06-2020,05 Jul 2020,Activo,14.0,
3643,Paola Rodríguez,usuario3643@outlook.com,3006077803,69,Femenino,Santa Marta,alimentos,595931.98,3406411.47,7.0,TARJETA CREDITO,2021-03-21,2020-02-19,Cancelado,36.0,Occidente
3644,Paola Flores,usuario3644@empresa.co,3109114478,24,Female,Bogotá,Hogar,235789.55,3816676.61,3.0,efectivo,12-25-2024,,ACTIVO,3.0,Oriente
3645,Pedro Flores,usuario3645@hotmail.com,3008550756,33,,Barranquilla,deportes,146722.61,6305867.61,6.8,pse,31 Jan 2021,12 Feb 2022,Activo,34.0,Centro
3646,Juan Torres,usuario3646@gmail.com,3202067215,66,MASCULINO,Pereira,alimentos,218304.47,3339189.32,9.9,tarjeta débito,2020/05/02,22/09/2022,ACTIVO,8.0,Oriente
3647,,usuario3647@yahoo.com,3017888732,,m,CALI,deportes,208899.0,2782292.2,7.7,Tarjeta Crédito,2022/08/19,09-03-2022,pendiente,40.0,Norte
3648,Carlos Sánchez,usuario3648@gmail.com,3128509798,31,f,Barranquilla,ROPA,536181.8,4667562.63,8.7,Tarjeta Débito,,10-18-2022,Cancelado,15.0,Centro
3649,Ana Torres,usuario3649@empresa.co,3012753248,36,M,CALI,Electrónica,89565.7,-1000.0,9.3,Efectivo,2023/07/19,2023/10/03,activo,13.0,Centro
3650,Ana Rivera,usuario3650@hotmail.com,3114035772,23,MASCULINO,Medellín,Electrónica,126495.56,4450097.68,5.3,efectivo,2024-03-11,2023-07-24,Activo,30.0,Occidente
3651,Pedro Pérez,usuario3651@hotmail.com,3106060061,,FEMENINO,Barranquilla,HOGAR,96497.81,5010855.29,-1.0,Efectivo,12/01/2021,2021/02/01,Cancelado,23.0,Centro
3652,Sandra Flores,usuario3652@empresa.co,3128118514,28,MASCULINO,medellin,ROPA,18801.76,-1000.0,9.3,Tarjeta Crédito,22-06-2023,11-30-2024,Pendiente,12.0,
3653,Sandra Sánchez,usuario3653@hotmail.com,3002968568,72,F,Cartagena,Electrónica,333288.94,,,Tarjeta Débito,2021/02/02,10 Jun 2020,Inactivo,13.0,Sur
3654,Paola Flores,usuario3654@empresa.co,3155419930,55,m,Manizales,Tecnología,41731.39,2509426.68,1.1,Tarjeta Débito,2023-10-07,02 Jun 2020,inactivo,35.0,Oriente
3655,Sandra Flores,usuario3655@hotmail.com,3152725099,,MASCULINO,Cúcuta,alimentos,219184.25,3608721.61,4.4,PSE,2020-09-05,09-16-2020,Pendiente,5.0,Oriente
3656,María Ramírez,usuario3656empresa.co,3002922432,67,F,Cali,HOGAR,115694.41,4935986.02,9.5,Tarjeta Débito,2020/06/30,2020-09-29,Inactivo,23.0,Occidente
3657,Sergio Martínez,usuario3657@gmail.com,3115996895,63,F,Medellín,Electrónica,60120.46,1934118.07,3.9,tarjeta débito,26 Nov 2020,05/05/2023,ACTIVO,25.0,Sur
3658,Paola Pérez,usuario3658@hotmail.com,3016948084,68,FEMENINO,CALI,Deportes,44365.25,3541843.39,4.1,Tarjeta Crédito,2022/09/02,30 Oct 2020,pendiente,29.0,Occidente
3659,Ana Gómez,usuario3659@outlook.com,3207782834,58,FEMENINO,barranquilla,deportes,96044.54,3593458.24,9.4,PSE,07-21-2024,17-06-2020,ACTIVO,41.0,Occidente
3660,Ana Rodríguez,sin_email,3206535093,58,MASCULINO,Cúcuta,deportes,298582.26,3962307.56,4.3,Tarjeta Débito,31-05-2022,10-11-2023,Activo,22.0,Norte
3661,Ana Pérez,usuario3661@outlook.com,,,Female,Bogotá,Electrónica,322080.02,3465090.31,2.1,Efectivo,03-01-2021,26/10/2022,Cancelado,5.0,Occidente
3662,Paola Torres,usuario3662@empresa.co,3102862950,42,MASCULINO,Barranquilla,Hogar,545821.01,3879518.02,4.0,,13 Jun 2020,21 Jan 2024,Cancelado,24.0,Occidente
3663,Paola Martínez,usuario3663@hotmail.com,N/A,39,Female,medellin,Hogar,191900.43,3207151.71,8.3,Efectivo,2023/05/19,2021-05-11,Activo,24.0,Norte
3664,Laura Gómez,usuario3664@empresa.co,3011250261,36,Femenino,Cali,Alimentos,25643.9,4092841.9,,Nequi,2021-12-01,,Pendiente,50.0,Norte
3665,Carlos González,usuario3665@hotmail.com,3006816980,35,Female,medellin,Tecnología,148263.91,4027105.0,3.7,TARJETA CREDITO,09/11/2021,25 Apr 2023,activo,43.0,
3666,,usuario3666@empresa.co,3002017131,57,F,Santa Marta,ROPA,79302.14,3409978.74,8.1,TARJETA CREDITO,28 Sep 2023,2023-08-29,Pendiente,43.0,Norte
3667,Pedro Rodríguez,,3118805641,68,F,BOGOTA,Hogar,244653.8,3568806.03,,Tarjeta Crédito,2022-12-28,01 Jan 2023,Cancelado,33.0,Centro
3668,Sandra Rivera,usuario3668@hotmail.com,3005157524,61,M,Manizales,Ropa,,4309677.91,10.0,Tarjeta Débito,2024/10/24,27 Jan 2020,Inactivo,19.0,Oriente
3669,Miguel Sánchez,usuario3669@yahoo.com,3004451861,74,Female,CALI,Alimentos,518904.99,2935395.58,4.0,,22/08/2022,,Activo,30.0,Norte
3670,Jorge Rivera,,3006182801,21,Male,BOGOTA,Tecnología,507852.43,3606241.36,8.6,TARJETA CREDITO,31 Aug 2020,06/07/2023,Pendiente,23.0,Occidente
3671,Juan Rodríguez,usuario3671@gmail.com,3158650019,61,,Medellín,electronica,55419.23,3952871.19,2.0,PSE,20/01/2024,06-18-2023,pendiente,43.0,Sur
3672,Juan González,usuario3672@gmail.com,N/A,21,Female,Manizales,Tecnología,100221.26,1778319.54,7.8,Tarjeta Crédito,08-05-2022,01/07/2020,activo,40.0,Centro
3673,Jorge Martínez,usuario3673@hotmail.com,3207466266,41,Male,barranquilla,Ropa,893740.0,4209425.06,5.8,Tarjeta Crédito,05/11/2021,09-05-2024,pendiente,31.0,Centro
3674,María Sánchez,usuario3674@outlook.com,3008282893,20,Femenino,Medellín,Tecnología,,3562626.48,1.9,efectivo,05-07-2022,2022-07-17,Inactivo,42.0,Centro
3675,Juan Flores,usuario3675@empresa.co,3128923145,29,,Santa Marta,alimentos,570401.39,4138757.65,5.8,TARJETA CREDITO,06 Apr 2020,02-25-2022,Activo,30.0,Centro
3676,Ana Torres,usuario3676@empresa.co,3122093856,63,Female,Bucaramanga,alimentos,22890.46,2156507.83,1.8,,13/03/2024,27 Feb 2023,activo,30.0,Norte
3677,Andrés González,usuario3677@gmail.com,3125578554,desconocido,FEMENINO,Pereira,ROPA,76704.67,3306870.6,7.9,tarjeta débito,2022-02-03,2023-10-01,ACTIVO,6.0,Occidente
3678,Paola Rivera,sin_email,3156647442,26,Femenino,Bogotá,deportes,1118725.13,6265060.95,9.9,Tarjeta Crédito,,20 Sep 2021,inactivo,38.0,Occidente
3679,Sandra López,usuario3679@yahoo.com,3152030417,33,Female,Pereira,HOGAR,193282.12,2288408.8,1.6,tarjeta débito,2022-07-18,11-29-2021,Activo,47.0,Oriente
3680,Paola Martínez,usuario3680@outlook.com,3156691025,59,f,  Cartagena  ,Hogar,67762.82,5405519.98,4.5,Tarjeta Crédito,2024/11/22,19 Dec 2020,inactivo,39.0,Sur
3681,Juan Martínez,usuario3681@hotmail.com,3152804298,66,Masculino,medellin,Tecnología,,1630681.53,7.3,TARJETA CREDITO,,03-22-2022,activo,50.0,Sur
3682,Natalia Sánchez,usuario3682gmail.com,3205467025,62,FEMENINO,Manizales,ROPA,120521.39,4268372.9,2.6,Tarjeta Débito,2023/04/11,24 Nov 2022,inactivo,40.0,Sur
3683,Natalia Torres,usuario3683@gmail.com,3156261555,65,Femenino,Medellín,alimentos,12705.15,3894178.78,1.9,TARJETA CREDITO,2021/10/08,2021-04-11,inactivo,9.0,Occidente
3684,Luis Torres,usuario3684@yahoo.com,3121513994,38,MASCULINO,Cartagena,Tecnología,94935.22,2695945.31,4.3,tarjeta débito,2023-07-09,2022-03-11,pendiente,26.0,Centro
3685,Juan Pérez,usuario3685@gmail.com,3202748443,35,FEMENINO,Santa Marta,Ropa,776917.38,-332292.95,8.6,pse,04/05/2024,2023/12/31,Cancelado,36.0,
3686,Pedro Pérez,,3157563983,45,m,barranquilla,Hogar,19814.61,2425372.04,8.6,Tarjeta Débito,02 Apr 2022,2020/06/11,Inactivo,,Oriente
3687,Sergio Torres,sin_email,3204714940,22,F,BOGOTA,deportes,21963.88,2322010.58,7.6,Tarjeta Crédito,18/08/2024,16-10-2021,Inactivo,45.0,
3688,Natalia Torres,usuario3688@empresa.co,3113753830,46,Femenino,barranquilla,Electrónica,214385.64,2923593.78,1.6,Nequi,22/03/2020,22 Apr 2021,Inactivo,34.0,Centro
3689,,usuario3689@outlook.com,3005162130,51,M,Cúcuta,HOGAR,116361.15,3060325.95,5.2,efectivo,,12/04/2022,Pendiente,49.0,Oriente
3690,Pedro Ramírez,,,48,m,medellin,HOGAR,85703532.0,2060547.24,1.8,TARJETA CREDITO,,2024/12/22,inactivo,47.0,Sur
3691,María Ramírez,usuario3691@yahoo.com,3103860481,61,f,Santa Marta,electronica,310740.7,4041790.35,100.0,tarjeta débito,2022-10-25,16 Dec 2022,Pendiente,34.0,Norte
3692,Ana González,usuario3692@gmail.com,3009837278,75,M,Medellín,Tecnología,930898.52,3232912.03,0.0,Nequi,01-12-2021,,Pendiente,13.0,Centro
3693,Carlos Pérez,usuario3693@gmail.com,3016243683,57,m,Bucaramanga,Electrónica,453667.84,0.0,11.0,tarjeta débito,01-15-2024,2024/01/18,Activo,,Oriente
3694,Pedro Rivera,,,61,FEMENINO,  Cartagena  ,HOGAR,16324.94,1772540.45,8.6,efectivo,31/08/2020,25/04/2024,activo,8.0,
3695,Luis Gómez,usuario3695@yahoo.com,3119604428,69,m,medellin,electronica,30703.9,4672637.04,3.9,Efectivo,01-19-2023,04-08-2021,ACTIVO,45.0,Oriente
3696,Miguel Pérez,usuario3696@hotmail.com,3159594294,74,m,Barranquilla,Deportes,52126.59,3446685.33,,Tarjeta Débito,15/03/2020,15/03/2023,Pendiente,2.0,
3697,Diana López,usuario3697yahoo.com,3124862967,999,Masculino,Cali,Alimentos,976742.66,3560407.55,,TARJETA CREDITO,2020-10-28,2021/05/15,activo,43.0,Norte
3698,Pedro González,usuario3698@gmail.com,,43,m,Bogotá,Deportes,505762.91,-1000.0,1.1,Tarjeta Crédito,05/08/2021,03-24-2021,ACTIVO,47.0,Oriente
3699,Andrés Torres,usuario3699@hotmail.com,3114322685,36,Femenino,medellin,Electrónica,80640.42,2763686.71,1.8,efectivo,,11-23-2020,Cancelado,26.0,
3700,Pedro Gómez,usuario3700@outlook.com,3119312726,22,Male,Medellín,Ropa,63524.61,2724007.02,9.0,pse,02-08-2021,2023/01/05,Pendiente,24.0,
3701,Diana Flores,usuario3701yahoo.com,3105451238,35,Femenino,Bogotá,Alimentos,299788.68,2737426.46,9.0,TARJETA CREDITO,31 May 2021,,activo,29.0,Oriente
3702,Sergio García,usuario3702@empresa.co,3153523029,27,FEMENINO,medellin,HOGAR,51905.14,,6.5,Tarjeta Crédito,09-08-2020,2021-06-10,activo,20.0,Norte
3703,Andrés Gómez,usuario3703@outlook.com,3122120891,73,Femenino,Manizales,Alimentos,935863.49,1912017.72,7.9,pse,,2021/05/02,activo,23.0,Occidente
3704,Sandra Pérez,usuario3704@hotmail.com,3007410292,58,Female,BOGOTA,alimentos,324914.11,5187250.04,4.7,TARJETA CREDITO,01-26-2023,2024/04/18,Inactivo,23.0,Occidente
3705,Pedro Ramírez,usuario3705@empresa.co,3012862180,,M,Barranquilla,Hogar,26787.5,2795631.58,4.9,Tarjeta Crédito,06-12-2021,2020/01/07,Activo,46.0,Norte
3706,Jorge Rodríguez,,3126166523,61,M,CALI,Ropa,12856.79,5062527.12,3.7,PSE,11 Jul 2023,20-10-2024,inactivo,25.0,
3707,,usuario3707@empresa.co,3207923746,26,FEMENINO,barranquilla,electronica,108485.91,4269888.12,3.7,Nequi,12-27-2020,07 May 2021,ACTIVO,43.0,Oriente
3708,Luis Sánchez,usuario3708@yahoo.com,3013534695,44,F,BOGOTA,Deportes,74407.64,99999999.0,7.7,tarjeta débito,11-15-2024,02-09-2020,inactivo,47.0,Norte
3709,,usuario3709@hotmail.com,,59,,Bucaramanga,Alimentos,724390.12,621372.34,6.3,Tarjeta Crédito,10-24-2021,21 Sep 2022,ACTIVO,11.0,Oriente
3710,Paola Sánchez,usuario3710@gmail.com,3011361489,,Femenino,  Cartagena  ,Ropa,823133.37,2192249.47,9.4,tarjeta débito,2024/07/11,2021/09/23,pendiente,13.0,Occidente
3711,Juan García,usuario3711@gmail.com,3202901835,19,MASCULINO,Bucaramanga,Alimentos,448767.51,2112383.39,6.4,TARJETA CREDITO,06-25-2024,,activo,40.0,Occidente
3712,Andrés Ramírez,usuario3712@gmail.com,3016901774,32,f,Santa Marta,electronica,384054.26,2975400.18,1.5,Tarjeta Crédito,26 Jan 2022,2022-08-30,Cancelado,46.0,Norte
3713,María González,usuario3713@yahoo.com,3153557557,51,,Barranquilla,HOGAR,85061.68,2429437.37,1.7,PSE,17-01-2021,10-09-2021,Cancelado,8.0,Centro
3714,Pedro Torres,usuario3714@empresa.co,3202705616,44,Female,barranquilla,HOGAR,1432695.11,2450260.72,7.6,tarjeta débito,2020/08/19,12/05/2024,Inactivo,,Occidente
3715,Juan González,usuario3715@gmail.com,3001555948,59,F,CALI,alimentos,474895.94,4098136.45,4.8,,2020/10/18,05-08-2024,Activo,42.0,Sur
3716,Diana Martínez,usuario3716@yahoo.com,3111222278,38,,Medellín,Electrónica,558990.18,3318400.94,7.3,pse,2023/02/04,06-02-2023,inactivo,37.0,Norte
3717,Laura Martínez,,3004129178,60,M,  Cartagena  ,ROPA,112671.7,4383440.9,6.8,pse,02-15-2021,31-03-2022,Activo,35.0,Oriente
3718,Natalia Rivera,usuario3718@yahoo.com,3155708628,71,MASCULINO,barranquilla,electronica,97626.57,684146.52,1.8,TARJETA CREDITO,2023/08/25,05 Nov 2023,Inactivo,38.0,
3719,Ana García,usuario3719@yahoo.com,3154313008,47,F,Bogotá,alimentos,127261.96,4197040.8,,tarjeta débito,2020-05-03,2023-04-05,inactivo,8.0,Oriente
3720,Luis Torres,usuario3720@hotmail.com,3153384499,26,Male,Pereira,Electrónica,299615.78,2428085.37,8.6,Nequi,2020-05-15,05/11/2023,Inactivo,16.0,Centro
3721,Carlos Torres,usuario3721empresa.co,3114947407,37,Femenino,Cali,Alimentos,331324.82,3484666.82,5.7,Nequi,06/07/2022,15 Apr 2020,activo,11.0,Norte
3722,,usuario3722@hotmail.com,3013829783,34,f,  Cartagena  ,Tecnología,534670.3,6663908.87,7.0,,06 Oct 2021,15/05/2021,Cancelado,13.0,Sur
3723,Sandra Rivera,usuario3723@hotmail.com,3112735142,41,f,Medellín,Deportes,380342.77,1670826.83,7.7,efectivo,23-01-2021,2022/05/11,Activo,34.0,Oriente
3724,Carlos Flores,usuario3724@hotmail.com,3154132367,67,m,Cali,Deportes,211245.39,2070114.35,2.3,,27 Dec 2023,06-26-2021,inactivo,28.0,Sur
3725,Sergio Martínez,usuario3725@outlook.com,,27,Female,Santa Marta,electronica,19279.3,3960092.7,9.3,tarjeta débito,18-02-2024,03/02/2020,Inactivo,34.0,Norte
3726,Carlos Flores,usuario3726@empresa.co,3156423566,47,MASCULINO,barranquilla,Alimentos,,3702601.08,1.8,PSE,20 Sep 2022,08-04-2022,Inactivo,43.0,Centro
3727,Laura Martínez,usuario3727@yahoo.com,3101030502,57,Female,Santa Marta,Electrónica,177895.16,429219.23,4.2,tarjeta débito,06-16-2023,,activo,31.0,Sur
3728,Carlos Rivera,usuario3728@hotmail.com,3104847152,63,m,Cúcuta,deportes,608346.16,3354510.74,2.5,pse,11-04-2022,06-30-2021,pendiente,8.0,
3729,Diana González,usuario3729@yahoo.com,3159565993,29,m,BOGOTA,HOGAR,174271.49,,8.5,TARJETA CREDITO,2023/11/26,28-08-2023,Inactivo,20.0,Sur
3730,Ana Rivera,usuario3730@gmail.com,3127993854,71,FEMENINO,Medellín,Ropa,103668.03,5782759.66,4.4,Tarjeta Débito,02-15-2022,02 Dec 2020,Activo,33.0,Sur
3731,Pedro Ramírez,usuario3731@empresa.co,3101929546,75,F,Pereira,Deportes,90514.18,4982421.95,5.8,TARJETA CREDITO,,2022-12-31,pendiente,9.0,Occidente
3732,Ana García,usuario3732@outlook.com,3117869101,27,M,CALI,HOGAR,86776.65,2206008.73,5.5,efectivo,09-08-2022,2022/08/13,Activo,28.0,Sur
3733,Sandra Flores,usuario3733@yahoo.com,3207652511,25,FEMENINO,Cúcuta,Ropa,80471.25,3942313.22,7.4,,04-03-2023,2020/02/03,ACTIVO,19.0,Centro
3734,,usuario3734@hotmail.com,3011331484,,,Cartagena,HOGAR,19816198.0,4582403.93,1.1,Tarjeta Crédito,17/05/2022,,activo,30.0,Sur
3735,,usuario3735@outlook.com,3151647538,26,Female,Bogotá,electronica,305974.63,6079217.13,2.3,Tarjeta Crédito,05-07-2021,2020/06/26,Pendiente,46.0,
3736,Miguel Rivera,usuario3736@yahoo.com,3159069369,41,,Cartagena,Deportes,432507.2,4960945.84,6.7,tarjeta débito,15 Feb 2024,2023/01/12,Cancelado,26.0,Norte
3737,Juan Ramírez,usuario3737@yahoo.com,3107965613,53,Masculino,Cúcuta,HOGAR,273182.13,4279321.18,6.7,,08-19-2020,2023-06-03,Activo,31.0,Oriente
3738,Sergio Martínez,usuario3738@yahoo.com,3117450103,60,Femenino,Pereira,Electrónica,137207.96,1900475.95,7.8,,01-23-2024,23 Apr 2021,Cancelado,8.0,Sur
3739,Natalia Ramírez,usuario3739@gmail.com,3015461419,40,f,Barranquilla,Tecnología,1282004.84,3895659.97,5.1,TARJETA CREDITO,20 May 2023,10/03/2022,pendiente,35.0,Oriente
3740,Miguel Flores,usuario3740@yahoo.com,3014876587,46,Female,medellin,electronica,21206.22,4477297.57,2.4,PSE,16-12-2024,,activo,4.0,Sur
3741,Sergio Torres,sin_email,3105532373,28,f,Pereira,Tecnología,35937.12,2272624.67,,,05 Jul 2022,2022/08/23,Cancelado,50.0,Sur
3742,Miguel Flores,usuario3742@gmail.com,3005213196,25,f,Bucaramanga,Electrónica,6398.39,4790907.53,6.9,Tarjeta Crédito,01 Feb 2023,23-08-2024,Pendiente,22.0,Centro
3743,Paola Rivera,usuario3743@outlook.com,3103887014,43,F,CALI,Electrónica,25464.21,1613551.57,3.4,Tarjeta Crédito,,11 Mar 2021,pendiente,14.0,Norte
3744,Ana Martínez,usuario3744@outlook.com,3151192465,67,M,medellin,deportes,,4778074.8,5.4,tarjeta débito,04/06/2023,20 Feb 2021,ACTIVO,10.0,Norte
3745,Carlos López,usuario3745@outlook.com,3154239722,47,FEMENINO,Bogotá,HOGAR,584866.22,,8.2,,09-07-2023,18/10/2021,Cancelado,,Sur
3746,Juan González,sin_email,3105783452,27,Masculino,Santa Marta,electronica,164857.91,7132383.88,9.5,Tarjeta Débito,12-01-2023,07-18-2023,Inactivo,41.0,Sur
3747,Carlos Rivera,usuario3747@outlook.com,3102860076,,f,medellin,Ropa,349817.88,2304039.75,4.1,PSE,04 May 2022,18-07-2021,pendiente,,Occidente
3748,,usuario3748@gmail.com,3002492020,50,m,barranquilla,ROPA,339089.24,3315299.37,2.7,pse,01-03-2022,10-21-2020,Inactivo,47.0,
3749,Sandra Torres,usuario3749@gmail.com,000,63,,Santa Marta,HOGAR,37384.54,3530775.16,1.4,pse,2022/05/26,,pendiente,1.0,Centro
3750,María Pérez,usuario3750@outlook.com,3207902627,75,f,barranquilla,electronica,14622.51,3890459.16,5.6,pse,16 Feb 2021,08/02/2024,Inactivo,42.0,Occidente
3751,Luis Torres,usuario3751@yahoo.com,3127623835,66,FEMENINO,Cali,Electrónica,25934.5,,6.8,PSE,09/11/2024,2020-09-16,ACTIVO,27.0,Occidente
3752,,usuario3752@outlook.com,3013257646,54,M,Cúcuta,electronica,359469.87,1027004.33,2.3,Nequi,27 Oct 2023,13-12-2021,Cancelado,1.0,Centro
3753,Jorge Torres,usuario3753empresa.co,3159940213,69,Masculino,Bogotá,Alimentos,26813616.5,6475712.38,5.6,Efectivo,23/06/2021,2020/10/05,pendiente,5.0,Sur
3754,Laura Flores,usuario3754@empresa.co,3102500380,46,FEMENINO,Barranquilla,deportes,165258.32,2887018.86,,Tarjeta Débito,,07-07-2021,Inactivo,11.0,Occidente
3755,Andrés García,usuario3755@outlook.com,3119000833,25,,Medellín,Hogar,916633.62,,3.6,efectivo,2022-12-08,07-10-2022,activo,32.0,Sur
3756,María Pérez,usuario3756@gmail.com,3111072867,75,Male,Medellín,electronica,193476.08,2068395.59,,pse,2021/09/29,2021/08/05,pendiente,49.0,Centro
3757,Juan Martínez,usuario3757@empresa.co,3101187244,,Female,Santa Marta,Deportes,406295.3,1488174.9,8.5,TARJETA CREDITO,11/12/2022,12 Dec 2020,activo,43.0,Norte
3758,Jorge Sánchez,usuario3758@gmail.com,3109680545,25,Masculino,Pereira,Ropa,296235.19,2959531.58,4.8,Tarjeta Débito,13 Nov 2020,2022-01-06,Pendiente,11.0,
3759,Carlos García,usuario3759@outlook.com,3004632072,43,,Bogotá,Electrónica,444463.72,3478790.19,3.7,TARJETA CREDITO,03/09/2020,09-04-2020,pendiente,18.0,Norte
3760,Diana Flores,usuario3760@gmail.com,3107876060,32,Female,  Cartagena  ,alimentos,225589.9,6299601.98,5.1,PSE,08-10-2023,,Activo,34.0,Oriente
3761,Paola González,usuario3761@yahoo.com,3011963694,23,Masculino,CALI,Hogar,757357.49,3871996.67,7.2,pse,2022-12-02,2022-08-13,inactivo,8.0,Sur
3762,Sergio Rodríguez,usuario3762@outlook.com,3109421981,56,F,Cúcuta,alimentos,117503.33,4556259.94,4.1,Efectivo,,12-12-2022,ACTIVO,48.0,Occidente
3763,Sandra Rodríguez,usuario3763@gmail.com,3153919740,55,m,Bogotá,Alimentos,117959.89,2401634.24,1.2,pse,03-11-2024,26/02/2022,ACTIVO,42.0,Occidente
3764,Diana García,usuario3764@yahoo.com,,68,FEMENINO,Cúcuta,Electrónica,142402.3,2200791.5,6.7,TARJETA CREDITO,09-08-2022,06-05-2024,Inactivo,12.0,Occidente
3765,Pedro Torres,usuario3765@gmail.com,3117803785,35,MASCULINO,BOGOTA,HOGAR,87260.83,2655986.83,6.3,,02-03-2021,03-12-2024,Activo,26.0,Norte
3766,Ana Ramírez,usuario3766@yahoo.com,3018863001,23,Masculino,Medellín,HOGAR,288200.25,3062894.67,4.5,Tarjeta Débito,20-10-2021,,inactivo,27.0,Centro
3767,Laura Flores,usuario3767@empresa.co,3121006089,46,Masculino,Pereira,Alimentos,16494.98,4026834.5,2.8,tarjeta débito,2022-04-21,04 May 2021,ACTIVO,1.0,Occidente
3768,Andrés García,usuario3768@outlook.com,3004011353,23,Male,Pereira,Alimentos,417738.81,2912114.76,100.0,PSE,2020-04-22,30/12/2022,activo,49.0,Centro
3769,Juan Pérez,usuario3769@hotmail.com,3126924889,43,Female,  Cartagena  ,electronica,375979.89,4503030.16,8.6,Tarjeta Débito,02-23-2021,2020-11-21,pendiente,28.0,Occidente
3770,Luis Torres,usuario3770@hotmail.com,N/A,38,,Pereira,alimentos,1131625.49,3062476.24,2.2,Tarjeta Crédito,05-07-2023,05 Jul 2022,Inactivo,50.0,Centro
3771,Paola López,usuario3771@hotmail.com,3113850168,50,Male,Pereira,Deportes,283055.88,99999999.0,5.4,Efectivo,08/03/2024,23/02/2024,ACTIVO,36.0,Norte
3772,Ana Gómez,usuario3772@yahoo.com,3106072352,60,Female,Bucaramanga,ROPA,404374.01,4288109.83,5.6,pse,30 Nov 2022,,Cancelado,8.0,Occidente
3773,Diana Rivera,usuario3773@empresa.co,3103908853,27,Female,  Cartagena  ,electronica,1512079.5,5372702.02,4.4,tarjeta débito,2020/08/31,2022/01/07,ACTIVO,22.0,Sur
3774,Jorge Rivera,usuario3774@hotmail.com,3204371537,45,Masculino,medellin,Tecnología,14763.65,4765101.91,9.8,PSE,19-10-2021,09-04-2022,Pendiente,39.0,Norte
3775,Sandra Rodríguez,usuario3775@hotmail.com,,41,m,BOGOTA,Deportes,14811.24,6098847.85,6.6,tarjeta débito,,11 Mar 2023,inactivo,18.0,
3776,Andrés Martínez,usuario3776@empresa.co,3112713506,,Masculino,Bogotá,Tecnología,266693.83,4867297.4,2.9,tarjeta débito,,10-15-2020,activo,47.0,Sur
3777,Paola Flores,usuario3777@gmail.com,3129364268,37,Male,barranquilla,Deportes,131964.65,6057345.05,1.5,Nequi,2023/07/17,28-11-2024,Cancelado,40.0,
3778,Sergio Pérez,usuario3778@yahoo.com,3014669634,73,M,Santa Marta,HOGAR,584497.26,2591321.68,9.0,Tarjeta Débito,09-22-2023,18/06/2022,Cancelado,24.0,Sur
3779,Sergio Flores,usuario3779@empresa.co,3109488471,31,Femenino,Bucaramanga,Electrónica,545702.12,4867825.35,6.3,Nequi,29/06/2022,,Inactivo,19.0,Oriente
3780,Laura Ramírez,usuario3780@empresa.co,,46,F,Pereira,ROPA,129158.8,5318369.55,9.9,Nequi,2022/08/07,2023-12-26,inactivo,26.0,Occidente
3781,Diana González,usuario3781@outlook.com,3121322774,44,,  Cartagena  ,Hogar,147994.9,1314585.05,8.8,PSE,02-09-2024,22-07-2021,inactivo,9.0,
3782,Natalia Rivera,sin_email,---,36,M,Cali,Tecnología,135164.04,3313665.31,1.1,efectivo,28-08-2021,17 Aug 2021,Inactivo,12.0,Oriente
3783,Carlos Ramírez,usuario3783@yahoo.com,3206175956,64,Male,Cartagena,Deportes,495907.28,3700356.46,8.5,TARJETA CREDITO,25/07/2020,08-05-2020,pendiente,25.0,Sur
3784,Diana Rodríguez,usuario3784@empresa.co,3109311038,45,m,Bucaramanga,Deportes,126842.54,6323083.96,7.8,Nequi,03-03-2022,27 Apr 2023,activo,42.0,
3785,Paola Gómez,usuario3785@outlook.com,3203171627,44,MASCULINO,Bucaramanga,ROPA,116472.24,2703979.89,1.7,pse,2021-11-28,23-11-2024,Inactivo,49.0,Sur
3786,Ana Pérez,,3016645500,55,F,Bucaramanga,HOGAR,172443.95,,1.1,Efectivo,,2023-01-06,activo,22.0,Sur
3787,Luis López,usuario3787@gmail.com,3159995235,27,FEMENINO,Barranquilla,Electrónica,246127.05,1693581.26,2.9,tarjeta débito,11 Oct 2024,31-05-2022,Pendiente,30.0,Occidente
3788,Diana Martínez,usuario3788@gmail.com,3001510699,48,f,Santa Marta,Alimentos,116410.43,3639103.64,7.5,pse,2021-01-29,06 Dec 2023,activo,39.0,Centro
3789,Sergio Ramírez,usuario3789@outlook.com,3117611053,51,Female,  Cartagena  ,Hogar,617504.17,4080124.37,10.0,,,13-07-2022,inactivo,14.0,Norte
3790,Pedro García,usuario3790@gmail.com,3018147355,22,Masculino,CALI,Deportes,242030.44,5085044.42,9.9,Nequi,04-11-2020,17 Jun 2022,activo,32.0,Oriente
3791,Miguel Rivera,usuario3791@empresa.co,3205984618,55,MASCULINO,Medellín,Electrónica,432840.77,1930646.99,3.2,Efectivo,2020-05-12,2022/06/03,pendiente,10.0,Sur
3792,Laura Torres,usuario3792@empresa.co,3151311738,23,f,BOGOTA,alimentos,500294.62,3378372.2,7.5,TARJETA CREDITO,2022/02/21,21 Sep 2021,Inactivo,29.0,Centro
3793,Sergio Torres,usuario3793@empresa.co,3012941281,,Female,Bogotá,Electrónica,463369.61,2128685.86,1.7,Tarjeta Débito,2023/04/26,04-03-2024,Pendiente,14.0,Centro
3794,Luis Sánchez,usuario3794@empresa.co,3117100474,35,Female,Cúcuta,Alimentos,89746.6,,2.1,tarjeta débito,2022/12/25,02/06/2022,Inactivo,2.0,Centro
3795,Sergio Rodríguez,usuario3795hotmail.com,3104789579,53,Femenino,Bogotá,ROPA,902930.5,3662591.04,6.1,,19 Aug 2022,04-30-2021,Pendiente,39.0,Centro
3796,Andrés González,usuario3796@gmail.com,,54,Male,Cartagena,Tecnología,199084.82,2673050.87,,PSE,25-12-2021,2023/01/11,Cancelado,22.0,Norte
3797,Jorge Ramírez,usuario3797@outlook.com,3012451023,26,,Cali,alimentos,862854.21,,3.8,Efectivo,,2023-05-28,Cancelado,7.0,Oriente
3798,María Rodríguez,usuario3798@hotmail.com,3128853363,71,,Cúcuta,Alimentos,418819.44,3031911.65,3.2,efectivo,30 Jan 2021,2021/08/25,inactivo,5.0,Sur
3799,Juan Rodríguez,usuario3799@empresa.co,3007595505,53,,Santa Marta,Tecnología,358126.25,3123247.13,1.8,tarjeta débito,2023/03/07,03-02-2022,inactivo,24.0,Sur
3800,Sergio Gómez,usuario3800@gmail.com,3207046763,70,FEMENINO,Bucaramanga,ROPA,307298.97,4495524.82,5.3,,22/11/2021,02-12-2023,Pendiente,2.0,Norte
3801,Jorge Flores,usuario3801@gmail.com,3009046590,71,,Pereira,Electrónica,138646.74,3231721.41,8.4,TARJETA CREDITO,03-25-2023,,Activo,19.0,
3802,Diana González,usuario3802@hotmail.com,3008456432,49,Male,Bucaramanga,Ropa,483633.82,4004647.63,3.0,Nequi,2022-02-16,16/02/2020,Inactivo,46.0,Norte
3803,Sergio Rodríguez,usuario3803@gmail.com,3008842687,47,Male,Santa Marta,HOGAR,126051.22,5170425.33,4.5,PSE,14/04/2023,10-08-2021,pendiente,48.0,
3804,Paola Gómez,usuario3804@yahoo.com,3019180519,68,Male,Bucaramanga,HOGAR,75251.48,2047696.13,,pse,10-02-2021,03 Apr 2024,Inactivo,36.0,Norte
3805,Andrés Flores,usuario3805@outlook.com,3001412977,,f,Medellín,Electrónica,88738.14,2625404.43,8.8,pse,2021/01/04,,Activo,39.0,Centro
3806,Sandra López,usuario3806@gmail.com,3004358093,58,Male,  Cartagena  ,Hogar,18070.52,3364153.38,4.6,tarjeta débito,10/06/2024,11-13-2021,Inactivo,29.0,Centro
3807,Andrés Sánchez,usuario3807@gmail.com,3009737296,48,Male,Barranquilla,HOGAR,207111.87,6417307.49,7.7,PSE,02-20-2022,02-18-2023,Cancelado,22.0,Oriente
3808,Jorge Rodríguez,,3125030924,60,,  Cartagena  ,Ropa,8716.54,4363325.18,8.2,PSE,2023-09-06,13 Sep 2024,Cancelado,29.0,Norte
3809,María López,usuario3809@hotmail.com,3126417791,44,Masculino,Manizales,Deportes,10970.94,2938037.15,6.9,Nequi,2020/07/22,08-20-2023,ACTIVO,34.0,Occidente
3810,,usuario3810@yahoo.com,3205282215,62,Male,barranquilla,electronica,119846.41,1871143.86,2.5,TARJETA CREDITO,02-21-2024,25-11-2022,Inactivo,48.0,Centro
3811,,usuario3811@empresa.co,3125084352,19,F,Cúcuta,deportes,,3584671.29,9.5,Tarjeta Débito,2022/05/30,2021/11/03,inactivo,24.0,Centro
3812,María Flores,usuario3812@empresa.co,3117528025,35,Male,Manizales,Electrónica,17235.88,3190144.09,2.7,Tarjeta Débito,2023-11-01,05 Sep 2020,pendiente,14.0,Oriente
3813,Sergio Rodríguez,usuario3813@outlook.com,3001837950,22,Male,CALI,deportes,573512.9,1320085.39,5.7,Nequi,2020/08/11,,inactivo,5.0,Oriente
3814,Carlos Sánchez,,,41,Female,Cali,alimentos,661422.3,1560580.07,5.8,TARJETA CREDITO,05-04-2021,10 Apr 2024,Pendiente,30.0,Occidente
3815,Juan Martínez,usuario3815@gmail.com,3151009853,54,MASCULINO,Manizales,Electrónica,93734.21,3083462.81,,Nequi,02-15-2022,21-07-2020,pendiente,20.0,Sur
3816,Pedro López,usuario3816@gmail.com,3013689948,34,MASCULINO,Bucaramanga,alimentos,377690.12,3571652.19,5.7,Nequi,2020/03/10,2020-01-01,activo,4.0,
3817,Laura González,usuario3817@hotmail.com,3126958403,48,FEMENINO,barranquilla,Tecnología,96846.19,2553586.98,4.4,Tarjeta Débito,24-09-2020,,Pendiente,14.0,Oriente
3818,Diana Gómez,usuario3818@gmail.com,3152074333,70,Masculino,Cartagena,HOGAR,178974.51,3631578.62,,pse,,03 May 2020,Inactivo,,
3819,Andrés Torres,usuario3819@gmail.com,3154436740,50,FEMENINO,CALI,Alimentos,110579.47,1169006.76,5.6,tarjeta débito,,13/07/2020,Cancelado,9.0,Centro
3820,Andrés Torres,usuario3820@hotmail.com,3209818090,19,F,Bucaramanga,Deportes,,3103987.86,7.5,Tarjeta Débito,18/01/2020,2020/01/23,Activo,13.0,Occidente
3821,Diana Ramírez,usuario3821@outlook.com,3112478785,28,Male,Santa Marta,HOGAR,822912.2,4201973.64,8.5,Tarjeta Débito,,29/05/2023,activo,9.0,
3822,Andrés Pérez,usuario3822@outlook.com,3159167100,27,f,barranquilla,Ropa,120427.15,4315138.32,4.7,PSE,05-05-2020,24 May 2023,Cancelado,32.0,Occidente
3823,María Ramírez,usuario3823@gmail.com,3101306663,74,M,Medellín,Deportes,47697.4,3125508.89,1.2,Tarjeta Crédito,2023/05/19,2020-11-22,Inactivo,23.0,Oriente
3824,Laura González,usuario3824@gmail.com,3157093393,40,,Cartagena,deportes,148936.16,3681563.43,3.5,PSE,03-12-2024,,pendiente,16.0,Norte
3825,Luis Flores,usuario3825@hotmail.com,3119442701,35,Male,Barranquilla,Deportes,986729.71,1374225.87,3.0,Efectivo,10-01-2020,27/12/2022,inactivo,42.0,
3826,Miguel García,usuario3826@hotmail.com,3121445204,58,F,Bogotá,Deportes,37551.32,3413943.86,7.6,Nequi,06-28-2023,08-20-2020,Pendiente,25.0,Oriente
3827,Sergio López,usuario3827@gmail.com,3119326235,40,m,  Cartagena  ,Ropa,299111.6,3281268.59,8.5,Efectivo,06 Sep 2021,01-05-2020,Activo,36.0,Occidente
3828,Diana Gómez,usuario3828@hotmail.com,3121894778,,MASCULINO,Cali,Ropa,27972.16,4193134.17,2.3,Efectivo,26/10/2021,13 Jun 2023,inactivo,37.0,
3829,,usuario3829@empresa.co,3002453466,58,Femenino,Barranquilla,Ropa,436097.44,2471943.39,6.7,efectivo,04-03-2020,11/07/2022,inactivo,3.0,Occidente
3830,Pedro Flores,usuario3830@yahoo.com,3154188282,50,f,CALI,ROPA,,5182726.29,100.0,Tarjeta Crédito,2023/11/03,05-12-2024,Inactivo,30.0,
3831,Jorge García,usuario3831@yahoo.com,3159943762,58,Male,medellin,Deportes,440478.21,2647278.78,4.1,Tarjeta Débito,2022/10/22,10-01-2020,Pendiente,40.0,Sur
3832,María García,,3118731100,24,M,barranquilla,deportes,15652.42,4852368.58,4.0,,10 Oct 2024,03/04/2024,inactivo,21.0,Norte
3833,Luis Flores,sin_email,3122517038,28,Male,Cartagena,ROPA,22537.35,2721973.43,9.3,Nequi,30 Jul 2024,19/06/2020,Inactivo,17.0,Norte
3834,Diana Torres,usuario3834@outlook.com,3012077996,73,M,Bucaramanga,Deportes,459821.65,5228135.74,5.4,pse,03-27-2024,27-07-2022,Inactivo,31.0,
3835,Jorge Gómez,usuario3835@yahoo.com,3111923369,72,f,Cúcuta,Tecnología,165054.21,5583660.04,5.1,TARJETA CREDITO,2023-05-24,2020/12/27,Cancelado,34.0,Oriente
3836,Sergio López,usuario3836@outlook.com,3125925865,37,,barranquilla,deportes,377139.75,5688277.55,9.7,,09/08/2022,2021-10-23,pendiente,,
3837,Sandra Flores,usuario3837@yahoo.com,3127542278,62,FEMENINO,Cúcuta,Deportes,224216.83,3984868.81,,PSE,07-26-2023,14 Aug 2020,inactivo,6.0,Sur
3838,Juan Sánchez,usuario3838yahoo.com,3205337351,24,Female,Cúcuta,Tecnología,459061.63,2327712.78,9.7,efectivo,2021/12/18,2023-11-23,pendiente,17.0,Occidente
3839,Pedro García,usuario3839@outlook.com,3118651383,40,F,  Cartagena  ,HOGAR,45880.94,4972402.69,9.0,Efectivo,,2022/04/19,Cancelado,17.0,Oriente
3840,Natalia Gómez,,3019555113,18,MASCULINO,barranquilla,deportes,235785.0,,4.9,Nequi,11-04-2022,01 Jan 2024,Inactivo,,Sur
3841,Carlos Ramírez,usuario3841@yahoo.com,3115474146,36,Femenino,Cali,Tecnología,138087.27,1500305.55,2.1,,07-27-2020,05-03-2023,pendiente,,Sur
3842,Laura Flores,usuario3842@hotmail.com,3015149849,49,Femenino,Manizales,alimentos,,3721751.03,2.1,efectivo,2024-03-11,26/11/2022,Cancelado,36.0,
3843,Diana García,usuario3843@hotmail.com,3016959229,28,,Cartagena,Tecnología,94765.69,5218286.75,5.4,PSE,2021-09-28,12-01-2024,Cancelado,5.0,Sur
3844,,usuario3844@hotmail.com,3205675632,27,Female,CALI,Electrónica,167130.3,5170180.13,3.0,TARJETA CREDITO,27/11/2024,14/11/2021,activo,,Oriente
3845,María García,usuario3845@gmail.com,3151492216,71,Masculino,CALI,deportes,27631.27,5304012.14,4.2,Nequi,24/11/2024,23/12/2021,ACTIVO,2.0,Centro
3846,María García,usuario3846@hotmail.com,3106538038,75,,Pereira,ROPA,425638.62,4236988.28,7.9,Efectivo,03 Jun 2020,2024/07/15,Activo,5.0,
3847,Sandra Flores,usuario3847@gmail.com,3103249805,62,,BOGOTA,Deportes,128316.51,-1000.0,4.9,PSE,2024-05-20,18-07-2022,Cancelado,7.0,Norte
3848,María García,usuario3848@hotmail.com,3105041563,51,Male,barranquilla,deportes,93270.48,1197975.38,6.5,efectivo,03 Feb 2020,25/05/2021,pendiente,20.0,Sur
3849,Laura Flores,,3158021200,63,Masculino,medellin,ROPA,300505.37,1815852.76,6.4,Tarjeta Débito,07 Mar 2021,03-06-2022,ACTIVO,43.0,Occidente
3850,Natalia García,usuario3850@outlook.com,3102919548,66,Female,Pereira,electronica,341036.01,3268004.15,7.5,tarjeta débito,11/11/2021,2023-10-05,activo,46.0,Norte
3851,Laura López,usuario3851@empresa.co,3125268769,44,Male,Cali,Deportes,926730.17,3093593.53,1.4,Efectivo,2023/03/23,01-20-2021,pendiente,17.0,Centro
3852,Pedro Flores,usuario3852@outlook.com,,22,F,BOGOTA,electronica,205697.73,2607472.12,4.2,PSE,12-17-2024,,inactivo,14.0,Occidente
3853,Paola Pérez,usuario3853@outlook.com,3205381759,26,F,Medellín,deportes,,2620671.28,2.7,Tarjeta Débito,30-10-2020,24/02/2020,ACTIVO,37.0,Sur
3854,Ana Flores,usuario3854@empresa.co,,48,Male,Pereira,Electrónica,101273.96,2705825.51,4.6,Efectivo,26-10-2020,2021/02/03,Activo,33.0,Centro
3855,Jorge Pérez,usuario3855@empresa.co,3202512603,62,MASCULINO,CALI,Electrónica,307028.97,5403500.99,1.3,PSE,04 Apr 2021,20-08-2023,Inactivo,37.0,Sur
3856,Paola Sánchez,usuario3856@outlook.com,3114653723,70,Masculino,medellin,Electrónica,33513.16,5924665.19,3.9,TARJETA CREDITO,2024-01-08,2024/01/28,activo,7.0,Norte
3857,Paola Pérez,usuario3857@gmail.com,3113650522,56,m,Manizales,Tecnología,167964.42,1225420.69,6.8,Tarjeta Crédito,01-18-2024,2023/08/30,activo,37.0,Norte
3858,Diana López,usuario3858@outlook.com,3004777487,39,Femenino,Santa Marta,Tecnología,934638.46,4693874.96,3.5,PSE,18 May 2023,2024-10-07,ACTIVO,42.0,Norte
3859,Sandra Torres,usuario3859@outlook.com,3126652072,37,Male,Bucaramanga,HOGAR,6966.42,3171743.58,3.5,TARJETA CREDITO,27 Jun 2023,2023/07/16,Pendiente,44.0,
3860,Juan Sánchez,usuario3860@yahoo.com,3108981061,,M,Bucaramanga,Electrónica,73831.71,4694940.52,7.7,Tarjeta Débito,2022/06/02,12-04-2024,Inactivo,23.0,Centro
3861,Jorge Gómez,usuario3861@empresa.co,3006567489,32,F,Bucaramanga,alimentos,254480.22,5468923.75,7.0,TARJETA CREDITO,11-18-2023,25-12-2022,inactivo,31.0,Oriente
3862,Sandra Rivera,usuario3862@empresa.co,3103906951,62,F,CALI,Hogar,127178.49,640202.03,4.4,PSE,17/05/2022,13/12/2020,inactivo,2.0,Oriente
3863,Andrés Gómez,usuario3863@hotmail.com,3124274290,32,Male,Manizales,electronica,240775.71,2807572.95,6.1,,25-04-2022,2023/01/17,Inactivo,18.0,Centro
3864,Luis Gómez,usuario3864@hotmail.com,3014587504,31,M,barranquilla,Electrónica,453582.5,-1000.0,3.3,pse,04-02-2022,28 Jul 2023,Pendiente,12.0,
3865,Ana Martínez,usuario3865@yahoo.com,3009988386,23,,Pereira,Ropa,75312.0,6351526.98,1.4,PSE,2020-06-11,2022-08-31,Pendiente,14.0,Sur
3866,,usuario3866@gmail.com,---,66,Femenino,Bogotá,electronica,665836.72,1372225.74,-1.0,pse,2020-05-17,2020-02-23,Cancelado,44.0,Occidente
3867,,sin_email,3111293260,22,Male,Bucaramanga,Tecnología,15232.73,2905462.44,8.1,Nequi,2024/04/27,18-11-2022,Pendiente,25.0,Centro
3868,Andrés Torres,usuario3868@outlook.com,3118214865,,,Santa Marta,Hogar,15942.1,4240205.81,3.7,Tarjeta Débito,2024/10/28,07-18-2020,inactivo,49.0,Oriente
3869,Paola Sánchez,usuario3869@gmail.com,000,45,MASCULINO,Manizales,Deportes,335775.04,3808870.2,,Nequi,,26/06/2022,pendiente,25.0,Centro
3870,Paola Martínez,usuario3870@yahoo.com,3006179708,,f,Santa Marta,HOGAR,61580.04,4522376.86,4.0,pse,09-13-2022,2024/10/31,inactivo,14.0,Norte
3871,Sergio Torres,usuario3871@gmail.com,3107611747,68,M,  Cartagena  ,Deportes,889881.89,3545537.99,7.7,Tarjeta Crédito,13-03-2021,08-10-2022,Pendiente,37.0,Centro
3872,María Rivera,usuario3872@gmail.com,3012004621,55,Femenino,Cúcuta,Alimentos,468092.78,4020037.4,8.9,Tarjeta Débito,18-07-2022,20 Oct 2023,Pendiente,12.0,Sur
3873,Natalia Flores,usuario3873@hotmail.com,3019119261,-5,M,Medellín,deportes,44817.5,3526538.21,9.9,Efectivo,2020-08-20,06 Aug 2021,Activo,36.0,
3874,Juan Gómez,usuario3874@outlook.com,3125929391,20,MASCULINO,Manizales,Tecnología,212666.06,4520905.2,9.4,Efectivo,10-29-2024,12-02-2024,inactivo,14.0,
3875,Luis Rodríguez,usuario3875@gmail.com,3125666189,desconocido,,Pereira,Tecnología,1251625.01,5112063.3,3.5,pse,05-07-2020,19 Jul 2021,Inactivo,29.0,Norte
3876,Natalia Rodríguez,usuario3876@outlook.com,3151932092,,MASCULINO,Barranquilla,HOGAR,178279.39,,4.1,,14-10-2021,23/04/2020,activo,48.0,Occidente
3877,Sandra Torres,sin_email,3203019668,25,MASCULINO,barranquilla,Ropa,31138.99,2071762.38,9.0,efectivo,2022-05-13,2022-12-15,Inactivo,4.0,Centro
3878,Pedro Martínez,usuario3878@empresa.co,3129747886,31,,Cúcuta,Deportes,32540.96,0.0,,Nequi,21 Sep 2024,2020/01/20,Cancelado,6.0,Occidente
3879,Sandra Sánchez,usuario3879@hotmail.com,3017459762,30,f,Bogotá,HOGAR,527399.37,3757035.38,5.4,Tarjeta Crédito,10/01/2021,2020/08/03,Inactivo,30.0,Centro
3880,Miguel García,usuario3880@outlook.com,3204831115,40,,Cali,deportes,462358.17,2711368.06,7.7,PSE,2024-12-05,24 Feb 2024,inactivo,22.0,Centro
3881,Natalia Rivera,usuario3881outlook.com,3157396013,,f,Cúcuta,alimentos,1058211.69,4584201.79,6.7,efectivo,2020/04/13,14 Jul 2021,activo,26.0,
3882,Miguel Pérez,sin_email,3009503058,65,FEMENINO,Pereira,HOGAR,22611.28,2627779.48,2.2,Tarjeta Débito,02 Jan 2022,13 Jan 2020,Pendiente,46.0,Centro
3883,Sergio Sánchez,usuario3883@yahoo.com,3107874584,55,f,Cartagena,Hogar,6371605.5,3141656.04,7.7,TARJETA CREDITO,28/06/2022,2024-11-25,Pendiente,1.0,Centro
3884,María Martínez,usuario3884@gmail.com,3001522405,28,F,Bogotá,deportes,577473.2,3221058.75,7.3,Tarjeta Débito,2021/10/15,2024/09/10,Activo,38.0,Oriente
3885,Pedro Pérez,usuario3885@yahoo.com,3204001226,67,Male,  Cartagena  ,Electrónica,601689.83,3366121.56,6.6,Tarjeta Débito,2024-05-25,04/06/2023,inactivo,29.0,Norte
3886,Miguel Ramírez,usuario3886@empresa.co,3209233871,33,m,Santa Marta,deportes,171550.19,4458997.77,,pse,2024/02/10,09-09-2022,Inactivo,6.0,Occidente
3887,Miguel Pérez,usuario3887@gmail.com,,22,Masculino,Cali,Electrónica,49611.42,1346104.38,2.4,,08 Feb 2021,2023-09-16,pendiente,6.0,Norte
3888,Luis Rodríguez,usuario3888@outlook.com,3016815579,55,Femenino,Medellín,deportes,123475.89,3011460.53,9.8,pse,2020/06/11,04-13-2021,Inactivo,13.0,Oriente
3889,,usuario3889@hotmail.com,3015530580,51,Male,Santa Marta,Electrónica,,2754455.37,7.6,Tarjeta Crédito,02-27-2021,07 Jan 2022,Inactivo,39.0,Norte
3890,Natalia Rodríguez,usuario3890@outlook.com,3111992961,30,,Cartagena,alimentos,24511.63,,2.4,Efectivo,2020/02/12,,Activo,22.0,Oriente
3891,Andrés Gómez,usuario3891@gmail.com,3159755463,28,F,Cúcuta,Ropa,254440.27,2896534.14,7.6,pse,2022/04/28,10-27-2020,inactivo,32.0,Sur
3892,Paola Flores,usuario3892@hotmail.com,3115076165,52,m,Bucaramanga,alimentos,390655.27,511431.03,1.8,efectivo,12-09-2020,22-09-2024,Cancelado,37.0,Occidente
3893,Laura González,usuario3893@yahoo.com,3153078704,,Female,BOGOTA,Electrónica,66137.69,2694946.58,4.2,Efectivo,2022-07-07,10 Feb 2023,Activo,3.0,Oriente
3894,Pedro González,usuario3894yahoo.com,3104139710,31,M,CALI,Alimentos,64604.87,3722050.64,9.0,Efectivo,25-12-2020,09 Apr 2022,activo,15.0,Occidente
3895,Luis Martínez,usuario3895@empresa.co,,72,M,Santa Marta,deportes,,3815949.06,8.5,Efectivo,2022-06-10,2022-04-09,Activo,14.0,Occidente
3896,Sergio Pérez,usuario3896@yahoo.com,3107311982,41,MASCULINO,CALI,Electrónica,479655.76,5014630.69,3.2,,10 Jul 2024,20-06-2023,pendiente,8.0,Oriente
3897,María Sánchez,usuario3897gmail.com,3015772749,29,MASCULINO,CALI,Alimentos,602386.34,3653386.7,,Tarjeta Crédito,11/12/2020,23 May 2022,inactivo,45.0,Centro
3898,Jorge Flores,usuario3898@outlook.com,3115320022,24,MASCULINO,BOGOTA,HOGAR,16386.95,3250965.41,4.1,,08 Feb 2021,05/08/2022,Cancelado,25.0,Centro
3899,Miguel Gómez,usuario3899@outlook.com,3206026338,40,Femenino,Bogotá,Electrónica,574182.92,6027652.63,2.2,tarjeta débito,,13-02-2021,ACTIVO,46.0,Oriente
3900,Diana Rivera,usuario3900@outlook.com,3114289136,45,Masculino,Pereira,Tecnología,139667.95,2768968.32,4.5,TARJETA CREDITO,04-10-2023,2024/03/15,Cancelado,31.0,
3901,Sergio Sánchez,usuario3901@hotmail.com,3016075169,32,Masculino,Cartagena,Ropa,630069.3,3762866.78,3.0,efectivo,2022-10-23,12/10/2023,Cancelado,26.0,Oriente
3902,Luis Ramírez,,3153063156,66,f,barranquilla,Hogar,41400.27,3986757.3,4.6,tarjeta débito,12-09-2020,17-10-2020,Cancelado,45.0,Norte
3903,Juan González,usuario3903@hotmail.com,3003968786,25,Male,CALI,Hogar,23208.34,3788474.62,3.4,,03-02-2023,2024-07-17,Cancelado,35.0,Oriente
3904,Juan García,usuario3904empresa.co,3012112684,51,F,CALI,Alimentos,142199.82,3122585.55,1.0,Nequi,25/09/2023,26 Jun 2023,activo,20.0,Sur
3905,Ana Rodríguez,usuario3905@outlook.com,3205336694,66,MASCULINO,Bucaramanga,alimentos,93328.9,5081456.12,8.0,Tarjeta Crédito,,2023-03-01,Inactivo,33.0,
3906,Miguel Pérez,usuario3906@hotmail.com,3011906432,36,M,Cúcuta,HOGAR,543848.25,5509258.32,,Efectivo,,2024-01-20,pendiente,1.0,Centro
3907,,usuario3907@gmail.com,3109405394,20,Masculino,barranquilla,Electrónica,67940.56,5564467.88,4.1,efectivo,2021-09-08,04-25-2022,ACTIVO,14.0,
3908,Sergio Pérez,usuario3908@hotmail.com,,49,Masculino,CALI,deportes,207860.14,3026966.73,9.0,Efectivo,06-09-2022,2023/01/11,Activo,20.0,Sur
3909,María Rodríguez,usuario3909@outlook.com,3128683969,36,Femenino,barranquilla,Ropa,190604.31,2285810.75,9.4,PSE,15-07-2020,10-12-2023,activo,18.0,Norte
3910,Pedro Pérez,usuario3910@yahoo.com,3107457133,65,FEMENINO,barranquilla,Ropa,106777.14,6071734.49,1.6,Tarjeta Crédito,22-06-2023,10-26-2023,Cancelado,7.0,Sur
3911,Miguel Ramírez,usuario3911@gmail.com,3018636101,71,FEMENINO,Cúcuta,deportes,33268.48,3288881.23,4.3,,30/11/2022,14-08-2023,ACTIVO,26.0,Sur
3912,Ana Sánchez,usuario3912@hotmail.com,3123318896,53,Female,Pereira,Ropa,191576.1,2178547.48,7.1,tarjeta débito,13 Jul 2021,2022/12/13,pendiente,30.0,Norte
3913,Carlos Rivera,usuario3913@empresa.co,3151309640,72,,Barranquilla,Deportes,569245.41,4132615.06,1.9,Tarjeta Crédito,09-02-2020,2024/01/03,Inactivo,11.0,Norte
3914,Luis Gómez,usuario3914@empresa.co,3001902099,72,Female,Medellín,HOGAR,171680.46,4518802.54,8.0,Tarjeta Crédito,09 Nov 2020,21/12/2024,activo,26.0,Oriente
3915,Natalia Rodríguez,usuario3915@hotmail.com,3118674243,999,m,Santa Marta,HOGAR,254741.58,,7.0,Tarjeta Crédito,2023-07-15,17 Jan 2022,Activo,43.0,Sur
3916,Juan Ramírez,usuario3916@empresa.co,,41,f,Santa Marta,Hogar,88415.91,4545078.33,3.5,tarjeta débito,11-06-2020,03-09-2020,Inactivo,45.0,Occidente
3917,Miguel Sánchez,usuario3917@outlook.com,3019735721,61,M,Manizales,alimentos,464290.87,2321075.28,5.7,Efectivo,13 Oct 2024,2020-12-15,pendiente,15.0,Sur
3918,Ana Flores,usuario3918@empresa.co,3159847215,24,f,BOGOTA,alimentos,41987.39,3371520.99,3.2,pse,15/02/2020,,Cancelado,46.0,Oriente
3919,Laura Martínez,usuario3919@hotmail.com,,51,m,Medellín,Hogar,846538.82,2916773.91,4.0,tarjeta débito,05-09-2022,14 Sep 2024,Inactivo,9.0,
3920,Carlos Rodríguez,usuario3920@empresa.co,3114951256,23,Female,BOGOTA,electronica,34473.91,4415316.01,3.4,pse,08/08/2020,26/01/2023,Activo,35.0,
3921,Andrés Ramírez,,3019883812,43,f,Santa Marta,ROPA,69056.12,,4.2,Tarjeta Débito,2020-02-19,17/01/2024,pendiente,29.0,Occidente
3922,Luis Pérez,usuario3922@hotmail.com,3129103656,55,Masculino,  Cartagena  ,alimentos,503814.53,2205327.4,6.2,Tarjeta Débito,11-23-2023,15 Apr 2020,Cancelado,49.0,
3923,María López,usuario3923@empresa.co,3122339485,65,Masculino,Manizales,Ropa,13137.54,4064663.54,,PSE,05 May 2022,16 Oct 2020,Activo,12.0,
3924,Luis Rodríguez,usuario3924@outlook.com,3113531382,28,Masculino,Cúcuta,deportes,,4416135.69,,pse,20/09/2020,25/02/2022,activo,49.0,
3925,Andrés González,usuario3925@yahoo.com,3104052996,0,m,Santa Marta,Deportes,188937.29,3661400.27,7.5,efectivo,07-09-2023,08-20-2021,Inactivo,5.0,Norte
3926,Natalia Ramírez,usuario3926@gmail.com,3122778288,56,,Santa Marta,deportes,572963.95,867483.45,8.1,efectivo,2020-07-16,28-01-2021,activo,47.0,Centro
3927,Sergio García,usuario3927@outlook.com,3202606884,43,Female,BOGOTA,Tecnología,154014.55,2921575.54,8.5,Nequi,09/08/2022,2020-05-05,inactivo,31.0,Norte
3928,Natalia Torres,usuario3928@hotmail.com,3123843851,71,Male,Cali,electronica,36063.41,1363572.21,7.9,tarjeta débito,22-07-2020,12 Dec 2021,Pendiente,45.0,Oriente
3929,Ana Rivera,usuario3929@yahoo.com,3001416754,49,,Barranquilla,electronica,276328.31,4868368.47,6.9,TARJETA CREDITO,25-11-2023,2020/06/02,Pendiente,44.0,Oriente
3930,Juan Rivera,usuario3930@outlook.com,,63,MASCULINO,  Cartagena  ,ROPA,38444.3,3015154.27,8.7,pse,30-01-2020,2021/07/26,activo,48.0,
3931,Carlos García,usuario3931@gmail.com,3208904661,55,FEMENINO,Bucaramanga,HOGAR,94418.34,,2.6,Nequi,08-05-2023,10/10/2024,activo,21.0,Oriente
3932,Natalia Rivera,usuario3932@yahoo.com,3201268680,68,Female,Medellín,Alimentos,142006.8,4135642.09,1.0,tarjeta débito,2024/02/02,2024-05-24,Activo,20.0,Oriente
3933,Pedro Gómez,usuario3933@outlook.com,3004484302,43,,Cúcuta,Ropa,217481.71,3387354.9,7.9,TARJETA CREDITO,03-04-2023,30 Oct 2021,Inactivo,24.0,Occidente
3934,,usuario3934@outlook.com,3207224085,60,m,Pereira,Electrónica,41334.72,3440039.22,1.5,tarjeta débito,17/04/2022,07-20-2022,inactivo,14.0,Centro
3935,Sandra Rodríguez,,,43,Masculino,medellin,ROPA,84126.1,3103558.07,9.5,efectivo,2023-12-16,18 Jun 2022,pendiente,29.0,Oriente
3936,Miguel Gómez,usuario3936@hotmail.com,3129467918,50,Masculino,Bogotá,deportes,,,8.8,Efectivo,11/07/2020,09/04/2023,activo,11.0,Norte
3937,Ana López,sin_email,3019455568,67,M,CALI,Electrónica,376270.72,,4.2,TARJETA CREDITO,10-11-2024,13-11-2023,Inactivo,29.0,Occidente
3938,María Pérez,usuario3938@gmail.com,3128419309,25,f,Cúcuta,HOGAR,149193.74,1315404.13,2.1,PSE,04 Sep 2023,2024-08-28,Pendiente,22.0,Centro
3939,Paola Torres,usuario3939@outlook.com,3152927173,49,,Bucaramanga,HOGAR,135705.41,3651981.97,,Nequi,25/10/2021,08-09-2023,Pendiente,1.0,Centro
3940,Natalia Sánchez,usuario3940@outlook.com,,26,Male,Santa Marta,Deportes,72492.03,1105171.23,,Nequi,2021-01-23,2020/12/19,activo,34.0,Norte
3941,Natalia Gómez,usuario3941@yahoo.com,3102302767,,f,Pereira,Electrónica,197178.54,3447917.97,4.0,tarjeta débito,,2022/06/28,inactivo,5.0,Occidente
3942,Sandra Pérez,usuario3942@outlook.com,3209969360,71,Female,  Cartagena  ,Hogar,42074.74,2830509.57,5.1,Efectivo,01-01-2024,16 Jun 2022,activo,24.0,Sur
3943,María Torres,usuario3943@hotmail.com,,desconocido,Masculino,Bogotá,HOGAR,142567.35,1700269.52,3.6,,26/12/2023,05-10-2023,Activo,9.0,Oriente
3944,Sergio López,usuario3944@hotmail.com,3118323143,,FEMENINO,Bucaramanga,alimentos,211953.51,2949003.69,3.2,Nequi,15 Oct 2022,01-07-2023,Cancelado,8.0,Centro
3945,Pedro Flores,usuario3945@empresa.co,3002816984,56,FEMENINO,barranquilla,electronica,20574.08,4188959.13,,Nequi,07-21-2024,2022/01/01,activo,45.0,Oriente
3946,Laura Martínez,usuario3946@outlook.com,3019531715,27,f,BOGOTA,Hogar,83227.81,4317515.14,3.4,Nequi,21/04/2020,04 Sep 2024,Pendiente,24.0,Centro
3947,Natalia Flores,sin_email,3112653175,57,F,Bogotá,Tecnología,98548.4,911763.83,2.2,Tarjeta Débito,06-09-2022,06-06-2023,ACTIVO,6.0,Centro
3948,Laura Torres,usuario3948@yahoo.com,3125971736,22,Femenino,Bucaramanga,electronica,311072.24,3717224.08,4.3,tarjeta débito,03-07-2024,2022/08/10,Inactivo,2.0,Sur
3949,María Sánchez,usuario3949@hotmail.com,3002513545,51,M,Bucaramanga,deportes,137085.62,3556411.03,4.0,Nequi,20 Dec 2021,2023-08-01,pendiente,34.0,Sur
3950,Andrés Flores,usuario3950@hotmail.com,3155755798,68,,Santa Marta,ROPA,6018.85,3121805.18,3.0,Efectivo,07 May 2023,17 Aug 2021,activo,49.0,Norte
3951,Carlos López,usuario3951@gmail.com,,36,Female,Medellín,ROPA,25071.92,3821568.64,9.7,tarjeta débito,2023/12/11,29-04-2024,Cancelado,15.0,Oriente
3952,Juan Rodríguez,sin_email,3204385905,49,,Cartagena,Alimentos,88997.09,2927060.53,3.8,TARJETA CREDITO,2021-03-29,,Pendiente,12.0,
3953,Jorge Gómez,usuario3953@empresa.co,3108126421,52,Femenino,BOGOTA,Hogar,225153.28,4703121.82,4.0,TARJETA CREDITO,19-05-2023,01-06-2022,Activo,21.0,Sur
3954,,usuario3954@empresa.co,3002017625,73,,Manizales,Tecnología,387181.47,5832719.67,5.2,Nequi,16/05/2024,15-08-2022,activo,8.0,Oriente
3955,Jorge Martínez,usuario3955@empresa.co,3111657576,19,FEMENINO,Cúcuta,electronica,6593.78,2807861.39,3.8,Nequi,,2024-05-19,pendiente,36.0,Occidente
3956,María Gómez,usuario3956@gmail.com,3011281417,20,Femenino,BOGOTA,Deportes,114865.88,5234865.31,2.3,Nequi,12-11-2020,27/03/2021,inactivo,25.0,Oriente
3957,Sergio Pérez,usuario3957@empresa.co,3019248490,74,Masculino,BOGOTA,ROPA,97369.72,4656352.06,4.4,Tarjeta Crédito,2020-04-28,12 May 2020,Cancelado,39.0,
3958,Pedro Rivera,usuario3958@outlook.com,3008036235,42,Female,Medellín,alimentos,76460.32,6065189.38,8.5,Efectivo,2020/03/30,2021/08/09,activo,44.0,Sur
3959,Juan Pérez,usuario3959@hotmail.com,3119989406,72,FEMENINO,Cali,deportes,187934.25,2230546.59,6.2,TARJETA CREDITO,07 Apr 2022,04-02-2023,ACTIVO,24.0,
3960,María Torres,usuario3960@gmail.com,3002866047,47,Masculino,Cali,electronica,270708.54,4167919.43,4.1,Tarjeta Crédito,2022/04/27,24 Jun 2024,ACTIVO,9.0,Norte
3961,Sergio Gómez,usuario3961@gmail.com,3113962401,,Female,Bucaramanga,Hogar,500479.92,3938591.24,3.7,,01-29-2024,2023/08/09,pendiente,37.0,Oriente
3962,Carlos Rivera,usuario3962@gmail.com,3125256604,60,F,Medellín,HOGAR,436854.14,3091080.0,9.4,Tarjeta Débito,05 Oct 2023,2023/02/25,Cancelado,3.0,
3963,Diana Gómez,,3019050161,37,m,Bucaramanga,Hogar,435573.87,3470708.68,100.0,Efectivo,2024/05/01,10/01/2020,pendiente,22.0,Occidente
3964,Sergio González,usuario3964@hotmail.com,3105124779,28,M,Manizales,alimentos,204584.23,186347.13,2.4,pse,03-09-2023,01-10-2023,activo,9.0,Centro
3965,Paola Gómez,usuario3965@outlook.com,3107734958,26,Masculino,Bucaramanga,alimentos,295003.67,99999999.0,5.8,Nequi,2023-03-13,01-28-2023,Pendiente,30.0,Oriente
3966,Laura Ramírez,usuario3966@empresa.co,3113774689,42,,Barranquilla,deportes,376505.75,1770777.71,6.7,Tarjeta Crédito,01-02-2020,2024/03/18,Inactivo,29.0,Norte
3967,Paola Sánchez,usuario3967@empresa.co,3151977934,25,Masculino,Santa Marta,Alimentos,1207577.42,4158109.47,2.7,Tarjeta Débito,2023/09/05,06-29-2021,pendiente,37.0,Centro
3968,Miguel Gómez,usuario3968@hotmail.com,3123423069,49,MASCULINO,Bogotá,deportes,132649.6,,2.9,Tarjeta Débito,2020-08-20,2020-07-25,ACTIVO,46.0,Sur
3969,Laura López,usuario3969@hotmail.com,3201317892,61,Male,  Cartagena  ,electronica,,3363343.78,8.1,Tarjeta Débito,,17-05-2022,Activo,6.0,Norte
3970,Natalia Rodríguez,usuario3970@outlook.com,3117266238,48,M,Cúcuta,alimentos,251677.1,3659664.07,5.0,Efectivo,2022/08/21,15/09/2021,Activo,3.0,Norte
3971,María Gómez,usuario3971@outlook.com,3154666398,72,Male,Medellín,Deportes,600614.15,4079989.77,5.2,PSE,2023-11-27,,ACTIVO,46.0,Sur
3972,Ana González,usuario3972@yahoo.com,,21,F,Bucaramanga,Electrónica,29460.14,2196262.82,8.3,pse,2020/12/24,16-07-2023,inactivo,44.0,Norte
3973,Paola Ramírez,usuario3973@gmail.com,3001457394,49,m,Santa Marta,electronica,259948.19,3831734.18,5.0,tarjeta débito,02 Nov 2021,2021-01-05,inactivo,36.0,Oriente
3974,María Rivera,usuario3974@empresa.co,3117445905,42,MASCULINO,medellin,alimentos,135701.64,,3.3,TARJETA CREDITO,07-17-2021,2020/05/16,inactivo,12.0,
3975,Sandra Pérez,usuario3975@yahoo.com,3004014658,40,Femenino,Santa Marta,deportes,1281839.19,3487030.07,7.0,tarjeta débito,2021-03-13,2020-11-29,pendiente,40.0,Occidente
3976,Natalia Flores,usuario3976@outlook.com,3206258514,36,f,Cartagena,Hogar,97806.32,2981317.56,8.3,PSE,08-05-2022,2022/10/15,Pendiente,17.0,Centro
3977,Juan López,usuario3977@outlook.com,3015700435,19,f,Cúcuta,alimentos,283283.22,4020366.22,3.2,pse,2022/01/05,19/09/2021,activo,25.0,Oriente
3978,Carlos Martínez,usuario3978@outlook.com,3202349598,26,M,Bogotá,ROPA,284987.73,4050673.96,6.0,Nequi,27 Sep 2021,09-21-2020,Activo,32.0,Occidente
3979,Juan Martínez,usuario3979@gmail.com,,40,MASCULINO,CALI,Electrónica,101371.8,1684852.57,6.1,Tarjeta Débito,2021/11/30,2021-12-30,inactivo,28.0,Norte
3980,Sandra Rodríguez,usuario3980@hotmail.com,3159282005,55,,Cali,Alimentos,173505.18,4134348.44,5.7,,01/02/2024,26/08/2023,Cancelado,30.0,Norte
3981,Luis González,usuario3981@gmail.com,3008853810,,MASCULINO,Santa Marta,HOGAR,69170029.0,3674067.03,9.4,Tarjeta Crédito,,29-12-2022,Cancelado,,
3982,Ana Rivera,usuario3982@gmail.com,3113500233,39,MASCULINO,Cúcuta,HOGAR,306927.58,719901.51,7.9,pse,25/07/2023,13 Nov 2023,pendiente,41.0,Occidente
3983,Paola Gómez,usuario3983@outlook.com,3001976032,45,,  Cartagena  ,electronica,460791.31,3458031.98,,Nequi,12 Sep 2020,2020/10/09,inactivo,46.0,Occidente
3984,María Flores,usuario3984@empresa.co,3001509184,40,,Medellín,electronica,324295.23,3173061.29,2.7,TARJETA CREDITO,,,activo,11.0,Occidente
3985,Sandra Rivera,usuario3985@yahoo.com,3108796312,21,f,medellin,Alimentos,581301.56,2724319.45,1.9,Tarjeta Crédito,15-05-2023,2021-09-23,ACTIVO,50.0,
3986,Sergio Rodríguez,usuario3986@hotmail.com,3005184827,33,m,Bogotá,deportes,677037.96,4769137.1,,Tarjeta Débito,25 Sep 2020,05 Apr 2024,inactivo,5.0,
3987,Laura Martínez,usuario3987@empresa.co,,37,M,Cartagena,HOGAR,23076.18,5067648.23,7.1,Tarjeta Débito,03-14-2021,18-10-2022,activo,14.0,Occidente
3988,Diana Martínez,usuario3988@outlook.com,3209372926,62,FEMENINO,Medellín,Electrónica,824263.07,1968812.37,1.4,PSE,09-08-2020,2021-11-12,Inactivo,32.0,Oriente
3989,Natalia García,usuario3989@hotmail.com,3202304892,150,Female,medellin,Electrónica,463967.78,3588020.91,7.7,,22/06/2023,01-18-2020,Pendiente,27.0,Oriente
3990,Diana Rivera,usuario3990@gmail.com,3109401868,28,F,CALI,Alimentos,414746.96,2527099.38,5.1,Tarjeta Crédito,04-13-2022,2020-08-28,Inactivo,49.0,Oriente
3991,Paola García,usuario3991@yahoo.com,3006688673,,Femenino,Medellín,Deportes,84975.48,3950583.77,3.4,pse,2023/12/15,04-24-2023,Pendiente,40.0,Sur
3992,Sandra Sánchez,usuario3992@yahoo.com,,47,,CALI,ROPA,75623.12,1737600.67,,Tarjeta Débito,02-21-2020,02-03-2023,Cancelado,48.0,Occidente
3993,Juan García,usuario3993@yahoo.com,3203805479,45,FEMENINO,barranquilla,Ropa,806926.61,3417204.62,7.3,Nequi,07-07-2020,10-18-2024,pendiente,25.0,
3994,Paola Gómez,usuario3994@outlook.com,3206544345,75,M,Bogotá,Deportes,262762.48,3635768.32,5.8,efectivo,08 Aug 2022,22/04/2020,Activo,4.0,Occidente
3995,Paola Rodríguez,,3208663175,19,f,Cúcuta,Ropa,321073.08,4079174.16,1.9,Tarjeta Crédito,01/03/2020,2023/04/22,pendiente,49.0,Norte
3996,Miguel Gómez,usuario3996@outlook.com,3018273137,55,FEMENINO,Manizales,Alimentos,110799.46,4298515.38,2.4,Nequi,2021/04/22,2020/12/10,Activo,4.0,Oriente
3997,Ana Rodríguez,usuario3997@gmail.com,000,,,Cúcuta,Alimentos,633119.95,1935261.53,4.3,Efectivo,04-18-2020,01/11/2023,Cancelado,5.0,Oriente
3998,Carlos Flores,usuario3998@gmail.com,3105066811,54,F,BOGOTA,electronica,87950.07,2487553.4,3.1,TARJETA CREDITO,06-08-2021,,activo,,
3999,Carlos Rivera,usuario3999@outlook.com,3003722491,54,F,CALI,HOGAR,490822.96,3092106.33,8.1,efectivo,13-05-2024,08-19-2020,activo,16.0,Occidente
4000,Luis García,usuario4000@hotmail.com,3016878782,49,Femenino,BOGOTA,Electrónica,80894.64,99999999.0,5.0,PSE,03-07-2023,,Cancelado,,
4001,Laura Martínez,usuario4001@hotmail.com,3203458658,61,Masculino,Cali,Deportes,85033.31,1240554.6,4.2,Nequi,,21-05-2024,pendiente,47.0,Norte
4002,Carlos González,usuario4002@empresa.co,3109815813,49,FEMENINO,Cúcuta,Tecnología,510958.55,,4.9,Efectivo,2023-09-08,08 Jan 2023,Inactivo,5.0,Centro
4003,Natalia Sánchez,usuario4003@outlook.com,3019804220,66,,Barranquilla,HOGAR,275805.1,3166863.14,4.3,Tarjeta Débito,06 Aug 2022,09-15-2022,Inactivo,42.0,Occidente
4004,Jorge Sánchez,usuario4004@outlook.com,3009548574,28,,BOGOTA,Deportes,7556.15,1979442.28,4.2,,25-04-2022,24/09/2021,inactivo,44.0,Oriente
4005,María García,usuario4005@hotmail.com,3113827921,41,Masculino,Pereira,deportes,274045.54,1565345.83,4.7,Tarjeta Débito,07-10-2022,13-07-2020,ACTIVO,7.0,Oriente
4006,Natalia Flores,usuario4006@empresa.co,3017457343,30,Femenino,  Cartagena  ,electronica,,2380991.23,5.1,TARJETA CREDITO,2023/04/08,08/06/2022,activo,35.0,Oriente
4007,Sandra Rivera,usuario4007@empresa.co,3122382830,72,f,Cali,Ropa,209698.22,2864021.87,5.8,TARJETA CREDITO,03 Jan 2021,2024-12-02,Inactivo,21.0,Norte
4008,Juan Ramírez,usuario4008@gmail.com,3005194198,22,MASCULINO,Bucaramanga,Ropa,182249.04,3690266.0,1.8,tarjeta débito,2022/05/01,2022/06/02,Cancelado,46.0,Oriente
4009,Miguel Torres,usuario4009@yahoo.com,3101033105,52,MASCULINO,Santa Marta,Electrónica,124214.88,2077567.61,8.2,PSE,,22/06/2020,Pendiente,35.0,Occidente
4010,Diana Martínez,usuario4010@gmail.com,3126762463,34,Masculino,Cartagena,electronica,179672.12,3040835.79,7.8,Tarjeta Crédito,11-01-2023,2023/09/12,pendiente,25.0,Oriente
4011,Carlos Martínez,usuario4011@empresa.co,3103964000,,,  Cartagena  ,electronica,812272.92,5086354.06,1.7,TARJETA CREDITO,2021/10/09,2022/06/24,Cancelado,35.0,Norte
4012,Ana Martínez,usuario4012@gmail.com,3119625810,43,f,CALI,deportes,861715.82,5196407.23,6.4,tarjeta débito,05/08/2022,29/04/2022,Activo,8.0,Occidente
4013,Jorge Torres,usuario4013@yahoo.com,3151865596,57,FEMENINO,Bogotá,ROPA,186272.03,99999999.0,3.8,pse,28 Sep 2023,14 Sep 2024,Cancelado,34.0,Oriente
4014,Sergio García,usuario4014@yahoo.com,3007574522,23,Male,medellin,alimentos,118032.11,7098568.18,3.8,efectivo,2023-06-29,2020-11-19,Cancelado,27.0,Centro
4015,Luis Flores,usuario4015@yahoo.com,3016871031,55,Femenino,Cartagena,Alimentos,117221.32,4084929.2,4.9,Efectivo,10/09/2023,2024-12-24,inactivo,13.0,Occidente
4016,Paola Sánchez,usuario4016gmail.com,3113385261,39,Masculino,Bogotá,HOGAR,80628.65,3039039.96,9.3,Nequi,2023-04-09,25/08/2022,Inactivo,18.0,
4017,Sandra Sánchez,usuario4017@empresa.co,3123468392,54,F,medellin,alimentos,561957.22,4044389.9,7.4,PSE,26-05-2020,13/08/2023,Inactivo,22.0,
4018,Ana Flores,usuario4018@hotmail.com,,48,MASCULINO,CALI,HOGAR,44862.37,5007314.09,4.7,tarjeta débito,2024/05/04,16/07/2021,activo,37.0,Centro
4019,Diana Martínez,usuario4019@outlook.com,3005014938,40,Male,Cúcuta,Deportes,633712.77,99999999.0,9.0,Nequi,21 Oct 2021,13/07/2023,pendiente,11.0,Occidente
4020,María González,usuario4020@gmail.com,3203885963,59,m,Barranquilla,Ropa,162495.27,4100175.29,3.4,Nequi,24 Jun 2021,2020-12-04,activo,42.0,Centro
4021,Miguel Rodríguez,usuario4021@outlook.com,3012619102,50,m,barranquilla,HOGAR,138781.28,0.0,2.8,PSE,06/12/2020,18 Nov 2020,ACTIVO,27.0,Sur
4022,Andrés González,usuario4022@empresa.co,3007702515,45,f,Barranquilla,electronica,335828.29,4355193.49,9.8,Tarjeta Crédito,16 Jan 2020,04-22-2024,ACTIVO,26.0,Centro
4023,Ana González,usuario4023@outlook.com,3012855274,38,MASCULINO,barranquilla,ROPA,91490.1,3621056.42,7.0,,2021-06-12,2024-03-17,ACTIVO,14.0,
4024,Diana Gómez,,3126607190,43,f,Manizales,alimentos,351092.13,1983899.16,7.1,tarjeta débito,24-11-2023,2024/06/29,activo,27.0,
4025,Natalia Rodríguez,usuario4025@outlook.com,3151984157,50,f,Barranquilla,Tecnología,103685.66,1410664.86,4.3,efectivo,23-08-2024,2022-07-26,Activo,,Sur
4026,Luis García,usuario4026@gmail.com,,66,Masculino,barranquilla,HOGAR,1442336.95,4978367.79,8.6,Nequi,04-09-2023,,activo,42.0,Sur
4027,Pedro Rivera,usuario4027@outlook.com,3102249311,74,M,barranquilla,HOGAR,190084.39,1802916.7,2.4,Tarjeta Débito,26/08/2022,09 Oct 2021,Inactivo,31.0,
4028,Jorge Rivera,usuario4028@empresa.co,3008169370,,F,Cali,ROPA,23511.75,3832526.73,5.6,PSE,05-13-2020,06-30-2021,Inactivo,17.0,
4029,Jorge Martínez,usuario4029@empresa.co,,73,Femenino,Pereira,Hogar,29861.48,5359516.16,4.1,,10-11-2022,2023-04-20,Activo,3.0,Norte
4030,Ana Rivera,usuario4030outlook.com,3002057022,49,Femenino,Bogotá,Alimentos,78937.81,4676455.2,7.0,tarjeta débito,2022/12/23,19 Jan 2021,pendiente,47.0,Sur
4031,Andrés González,usuario4031@hotmail.com,3202783596,70,Masculino,Santa Marta,Ropa,180910.62,4671950.09,7.6,Tarjeta Débito,08-02-2024,26/11/2022,Activo,50.0,Oriente
4032,Miguel González,usuario4032@yahoo.com,3106166118,47,M,barranquilla,ROPA,895233.4,841222.78,9.5,pse,15/09/2022,30-09-2020,Activo,30.0,
4033,Miguel Rivera,usuario4033@yahoo.com,3113563191,58,f,medellin,Alimentos,489023.92,3560367.14,8.2,Efectivo,23 Dec 2021,08-12-2020,Inactivo,42.0,Oriente
4034,Jorge González,usuario4034@yahoo.com,3116225057,57,FEMENINO,Bogotá,Hogar,739375.02,4306226.56,5.6,Tarjeta Crédito,2022/07/22,03-27-2021,Cancelado,42.0,Sur
4035,Miguel Rivera,,3109495115,45,Femenino,Santa Marta,deportes,679436.22,0.0,4.5,pse,12-07-2021,04/05/2020,Inactivo,24.0,Occidente
4036,Diana Gómez,usuario4036@gmail.com,3154813284,64,FEMENINO,Cali,Alimentos,151649.98,2858590.72,1.9,tarjeta débito,2021-11-10,2023/06/02,Pendiente,30.0,Norte
4037,Laura Rodríguez,usuario4037@hotmail.com,3119488843,51,F,Santa Marta,ROPA,272339.93,2932069.91,7.0,Efectivo,10-02-2020,2022-06-11,inactivo,10.0,
4038,Juan Rodríguez,usuario4038@gmail.com,,47,Female,Manizales,electronica,39816.06,4302366.84,8.2,efectivo,2021-01-18,17-01-2023,Activo,43.0,Norte
4039,Sandra Martínez,sin_email,3101774843,27,m,  Cartagena  ,Tecnología,796225.33,3481456.2,3.4,Tarjeta Débito,,07 Mar 2022,pendiente,28.0,Occidente
4040,Diana Rodríguez,usuario4040@yahoo.com,3017267435,66,M,Cali,alimentos,78704.98,5803486.3,3.9,pse,2023/07/18,20-12-2021,Cancelado,49.0,Oriente
4041,Luis Gómez,usuario4041@yahoo.com,3158836983,45,Masculino,CALI,Alimentos,247892.64,3413787.98,4.4,Nequi,2020/05/11,2022-11-20,activo,,Centro
4042,María López,usuario4042@hotmail.com,3122533383,73,M,Barranquilla,Deportes,74141.75,,6.3,efectivo,13/04/2021,2021/10/24,activo,43.0,
4043,Diana Rodríguez,usuario4043@empresa.co,3155484725,22,FEMENINO,Santa Marta,Deportes,175617.08,,5.9,PSE,16/01/2021,22/09/2024,Cancelado,39.0,Sur
4044,Sergio Torres,usuario4044@gmail.com,3202778775,72,F,Santa Marta,Deportes,268721.33,3521130.21,2.3,Tarjeta Crédito,22-12-2023,05-05-2020,Inactivo,30.0,Centro
4045,Luis González,usuario4045@outlook.com,3006313758,70,Masculino,Bucaramanga,Tecnología,456671.72,4086778.7,6.6,Tarjeta Crédito,06 Apr 2024,2024/12/09,Pendiente,3.0,Occidente
4046,María Martínez,sin_email,3007283462,28,FEMENINO,Pereira,Hogar,33806.84,4069607.06,9.8,efectivo,18/08/2020,12 Nov 2020,Inactivo,14.0,
4047,Diana Pérez,usuario4047@yahoo.com,3002021715,56,FEMENINO,CALI,HOGAR,82893.3,2760316.01,5.1,pse,16-12-2020,13/06/2023,Inactivo,38.0,
4048,Laura Gómez,usuario4048@empresa.co,3111080045,33,FEMENINO,BOGOTA,Electrónica,202055.4,3952814.11,6.7,tarjeta débito,27 Apr 2024,18 Sep 2023,ACTIVO,,Occidente
4049,Andrés Martínez,usuario4049@hotmail.com,3123750815,30,F,medellin,alimentos,117480.49,4802917.36,4.4,Efectivo,2022/06/08,06-09-2020,inactivo,22.0,Occidente
4050,Paola Flores,usuario4050@hotmail.com,3001409489,,Female,  Cartagena  ,alimentos,46694.36,3014296.25,4.4,tarjeta débito,2021-09-03,15 Dec 2020,inactivo,4.0,
4051,Natalia López,usuario4051@hotmail.com,3205873756,37,F,Bucaramanga,Deportes,17202713.5,,3.5,,2022-09-04,15 Apr 2024,Cancelado,37.0,
4052,Natalia García,usuario4052@hotmail.com,3117920832,53,M,Pereira,Deportes,630073.65,,2.0,Tarjeta Crédito,2020/04/14,09-21-2022,ACTIVO,35.0,Centro
4053,Miguel Ramírez,usuario4053@empresa.co,3202830407,45,F,Pereira,Alimentos,220266.94,3333261.2,11.0,Nequi,2021/03/18,2020-06-05,Activo,7.0,Occidente
4054,Natalia Rivera,usuario4054@gmail.com,3105456739,20,MASCULINO,Bucaramanga,Ropa,152798.04,2366095.03,100.0,pse,,2022/09/29,Inactivo,39.0,Norte
4055,Diana Rivera,usuario4055@outlook.com,3006826621,35,m,Cartagena,Deportes,1279807.59,3888945.5,2.7,Tarjeta Crédito,22/10/2022,03-19-2022,ACTIVO,25.0,Centro
4056,Carlos López,usuario4056gmail.com,,34,,BOGOTA,deportes,105677.02,3077554.04,7.2,PSE,29/04/2023,20/09/2021,Inactivo,31.0,
4057,Diana Gómez,usuario4057@outlook.com,3207967667,35,MASCULINO,Santa Marta,electronica,23324.73,-1000.0,2.9,,27-03-2022,02-08-2022,inactivo,9.0,Sur
4058,Luis Torres,usuario4058@hotmail.com,3006131956,29,M,Pereira,Electrónica,376874.75,4771469.36,6.8,pse,30 Apr 2021,05 Dec 2023,Activo,43.0,Norte
4059,Carlos Gómez,usuario4059@empresa.co,3207220860,20,Male,medellin,Deportes,261210.11,3847410.72,6.3,Tarjeta Débito,,15-08-2021,inactivo,29.0,Oriente
4060,Ana Flores,usuario4060@yahoo.com,3105317553,49,Masculino,Cali,Tecnología,125690.3,3563772.96,9.6,,30/11/2024,2020-02-29,Cancelado,4.0,Oriente
4061,Diana Rodríguez,usuario4061@hotmail.com,3103818789,21,,Bogotá,alimentos,351014.34,,3.7,pse,2023-11-01,2020/12/19,inactivo,33.0,Norte
4062,Miguel Rivera,,3109600354,23,Male,Cali,deportes,253865.79,3984929.66,11.0,Tarjeta Crédito,2024/05/01,13/10/2024,Activo,30.0,
4063,Ana Torres,usuario4063@hotmail.com,3016297674,37,Masculino,medellin,Deportes,409583.32,2554359.86,9.5,Efectivo,18/01/2021,2020-12-31,pendiente,33.0,Norte
4064,Jorge Rivera,usuario4064@outlook.com,3107119712,75,F,BOGOTA,alimentos,192876.3,3315331.54,7.0,pse,06-05-2023,,pendiente,3.0,
4065,María Torres,usuario4065@empresa.co,3102149423,75,,Pereira,Tecnología,211984.78,4350357.74,9.5,TARJETA CREDITO,18-06-2024,28/09/2020,pendiente,32.0,Occidente
4066,Ana Gómez,usuario4066@hotmail.com,---,60,Female,Barranquilla,ROPA,282412.14,,5.7,Efectivo,09-12-2022,16-10-2023,Cancelado,15.0,
4067,Sandra López,usuario4067@outlook.com,3006442429,43,Masculino,  Cartagena  ,Deportes,975676.5,5168418.92,3.9,Nequi,13/05/2023,2023/06/09,activo,17.0,Sur
4068,Pedro Torres,usuario4068@hotmail.com,3203844417,64,FEMENINO,CALI,Deportes,38450.42,2058353.0,9.1,Nequi,29-02-2020,2020-02-28,Pendiente,9.0,Oriente
4069,,usuario4069@outlook.com,3154273854,33,Masculino,CALI,Tecnología,268777.65,3209077.07,5.0,Tarjeta Crédito,01-21-2024,09-23-2022,Pendiente,17.0,Occidente
4070,Carlos Sánchez,usuario4070@outlook.com,3113816964,65,MASCULINO,Pereira,Ropa,58694.99,2670501.51,9.2,efectivo,31/05/2024,20/05/2021,Inactivo,13.0,Occidente
4071,Laura Rodríguez,usuario4071@hotmail.com,3017150710,25,f,CALI,electronica,,,,,2023-02-14,09-26-2024,activo,20.0,Sur
4072,Pedro Sánchez,usuario4072@hotmail.com,3104754963,71,,Cúcuta,Electrónica,550363.46,3893616.38,,PSE,18 Aug 2023,17 Nov 2023,inactivo,37.0,Norte
4073,Jorge Pérez,usuario4073@hotmail.com,3207220327,67,FEMENINO,Bucaramanga,alimentos,232876.99,,8.0,pse,03-04-2022,18 Jul 2021,pendiente,1.0,Norte
4074,Andrés Sánchez,,3126313914,34,f,Santa Marta,deportes,256073.58,2341527.15,5.2,efectivo,2020/02/29,26/03/2022,Activo,25.0,Centro
4075,Sandra Gómez,usuario4075@hotmail.com,3114474077,23,f,Bogotá,Tecnología,313537.12,1359389.47,7.6,Efectivo,08-02-2024,14 Jun 2023,activo,37.0,Oriente
4076,Sergio Martínez,usuario4076@hotmail.com,3157285316,25,Masculino,Bogotá,electronica,286385.26,4686245.68,,,,26 Jan 2021,ACTIVO,29.0,Centro
4077,Sergio Gómez,usuario4077@yahoo.com,3206633270,38,Female,Bogotá,HOGAR,54303.76,1081858.24,7.0,pse,29/02/2024,06-04-2024,activo,35.0,Norte
4078,Ana Torres,usuario4078@outlook.com,3003593179,55,Femenino,BOGOTA,electronica,166436.72,2391134.26,9.7,Tarjeta Crédito,08/10/2023,2020/12/04,activo,7.0,Sur
4079,Sergio González,usuario4079@yahoo.com,3201510132,69,,barranquilla,Hogar,538783.74,3959512.32,5.2,pse,02-01-2021,05-01-2020,activo,17.0,
4080,Laura Sánchez,usuario4080@yahoo.com,3158744338,33,Masculino,Cartagena,Alimentos,399010.98,99999999.0,6.4,Tarjeta Crédito,14 Jul 2022,20-01-2020,Activo,3.0,Sur
4081,Laura Rodríguez,usuario4081@gmail.com,3127351241,31,FEMENINO,Santa Marta,ROPA,272018.14,-1000.0,,Nequi,,20/11/2024,activo,10.0,Occidente
4082,Natalia González,,3203649366,29,MASCULINO,BOGOTA,ROPA,58550.67,3074783.76,5.3,,08 May 2024,2024-08-10,ACTIVO,1.0,
4083,Sandra Pérez,usuario4083@empresa.co,3112330809,35,FEMENINO,Cúcuta,Alimentos,94092.42,,6.7,TARJETA CREDITO,,14/03/2021,pendiente,42.0,Sur
4084,Carlos Rodríguez,usuario4084@gmail.com,3019589684,34,Femenino,barranquilla,electronica,386962.9,2205798.33,1.8,,2022-12-16,01 Jan 2022,pendiente,7.0,Occidente
4085,Luis Gómez,usuario4085@empresa.co,3005512303,21,Femenino,Medellín,Alimentos,122744.35,2576172.15,3.5,TARJETA CREDITO,31/07/2021,2022-04-06,Pendiente,33.0,Occidente
4086,Jorge González,usuario4086@empresa.co,,41,,Pereira,HOGAR,218733.61,3966600.82,5.6,Nequi,2022-02-22,08 Mar 2023,inactivo,2.0,Norte
4087,Pedro Pérez,usuario4087@hotmail.com,3126134989,25,M,Santa Marta,alimentos,126274.89,3568404.44,6.9,efectivo,10/09/2024,12-28-2024,Cancelado,6.0,Occidente
4088,María Martínez,usuario4088@hotmail.com,3015739392,45,Masculino,barranquilla,Ropa,10311151.5,,4.5,PSE,2024/03/26,24/06/2022,ACTIVO,,Norte
4089,Juan Rodríguez,usuario4089@hotmail.com,3014919790,33,Masculino,Bucaramanga,ROPA,677763.18,1364387.62,1.4,PSE,09/01/2021,02-10-2021,Cancelado,31.0,Centro
4090,Andrés Torres,usuario4090@hotmail.com,3201288333,74,Female,Santa Marta,deportes,152988.88,4149828.39,7.0,tarjeta débito,2021-03-08,2023-05-12,Inactivo,19.0,Occidente
4091,Jorge González,usuario4091@empresa.co,3154288344,27,Femenino,BOGOTA,Deportes,154671.56,,3.7,Tarjeta Crédito,2022/02/25,2022/11/09,inactivo,37.0,
4092,Ana Rodríguez,usuario4092@hotmail.com,,63,M,medellin,Deportes,138621.18,4144326.8,4.6,efectivo,09 Sep 2020,2020/06/08,Pendiente,6.0,Oriente
4093,Carlos Pérez,usuario4093@empresa.co,3005097986,37,Male,Cartagena,Deportes,20147.81,748880.38,5.2,,29/04/2020,2020/11/09,activo,26.0,Oriente
4094,Ana García,usuario4094@gmail.com,3015145150,,m,Medellín,Alimentos,47416.94,99999999.0,6.5,tarjeta débito,18/03/2020,01/03/2020,Activo,29.0,Oriente
4095,Jorge Flores,usuario4095@hotmail.com,3127875190,56,Male,Pereira,Tecnología,395528.3,2721715.14,3.9,Nequi,2023-01-21,23-10-2022,pendiente,4.0,
4096,Carlos Flores,usuario4096@yahoo.com,3127844931,,f,Bucaramanga,Tecnología,194423.14,3011137.93,7.8,PSE,20-08-2023,02-05-2024,Cancelado,35.0,Centro
4097,Andrés Martínez,usuario4097@gmail.com,3127787455,69,F,  Cartagena  ,Deportes,166977.49,1712694.11,1.2,PSE,31/05/2023,2020/03/22,ACTIVO,26.0,Oriente
4098,Carlos Martínez,usuario4098@empresa.co,3109592176,62,,BOGOTA,deportes,446043.18,2569611.08,3.3,PSE,2023-04-12,09-15-2022,inactivo,47.0,Oriente
4099,Sergio González,usuario4099@hotmail.com,3105021836,60,F,  Cartagena  ,HOGAR,612106.86,1863849.59,1.3,Nequi,24/03/2024,2023/08/03,Activo,,Centro
4100,Miguel Ramírez,usuario4100@outlook.com,3202447080,53,F,Medellín,alimentos,330670.41,3442968.39,7.4,PSE,,,inactivo,7.0,Centro
4101,Sergio Flores,usuario4101@gmail.com,3001241076,58,MASCULINO,Medellín,deportes,870473.45,,1.1,Nequi,10/11/2023,,ACTIVO,45.0,Sur
4102,Natalia Rivera,usuario4102@yahoo.com,3157723267,41,M,Pereira,ROPA,83786.38,5143196.4,4.0,Tarjeta Crédito,03/11/2022,2021/05/23,pendiente,10.0,Occidente
4103,Jorge López,usuario4103@empresa.co,,61,Male,  Cartagena  ,Hogar,,2351404.92,2.0,Tarjeta Crédito,,27-08-2021,Pendiente,7.0,Sur
4104,Juan Torres,usuario4104@yahoo.com,3121926864,73,Male,barranquilla,electronica,1095395.97,2688072.85,5.1,pse,12/08/2023,2022/12/17,ACTIVO,15.0,Norte
4105,Paola Sánchez,usuario4105@hotmail.com,3017929162,46,MASCULINO,BOGOTA,alimentos,156101.84,2125154.52,,Tarjeta Débito,24/01/2024,,pendiente,34.0,Sur
4106,Carlos Rivera,usuario4106@empresa.co,3156085610,43,,Barranquilla,HOGAR,140860.11,3244997.57,7.6,efectivo,29/06/2020,18/08/2020,Cancelado,10.0,Sur
4107,Andrés García,usuario4107@outlook.com,3105316251,34,Masculino,Cúcuta,Deportes,663184.01,0.0,6.2,Tarjeta Crédito,01 Jun 2024,31/01/2022,inactivo,24.0,Centro
4108,Andrés Ramírez,usuario4108@outlook.com,3157388026,70,F,medellin,ROPA,58477.94,2628339.88,9.9,Nequi,01/08/2023,21-04-2020,Cancelado,30.0,
4109,Laura Gómez,usuario4109@empresa.co,3106074936,37,MASCULINO,Cúcuta,Ropa,168334.65,1480293.17,4.5,pse,2021/09/23,2022-03-16,activo,50.0,Centro
4110,Diana Rivera,usuario4110@hotmail.com,3002276204,74,m,Barranquilla,Ropa,107957.21,3173388.72,5.2,TARJETA CREDITO,10-23-2022,11-02-2022,ACTIVO,24.0,Occidente
4111,Laura Rivera,usuario4111@yahoo.com,,46,Female,Medellín,Hogar,10308.95,4690479.49,9.6,Nequi,2022-03-22,05-19-2022,activo,16.0,Centro
4112,,usuario4112@hotmail.com,3121751145,74,m,Cúcuta,HOGAR,74038.17,3707389.93,1.6,Efectivo,19-02-2023,22-06-2024,Pendiente,,
4113,María Martínez,usuario4113@yahoo.com,3011629918,59,Masculino,Manizales,Deportes,559561.92,,9.1,Tarjeta Débito,2023/04/10,15 Jun 2020,pendiente,31.0,
4114,Laura Pérez,usuario4114@outlook.com,3112503888,20,M,Barranquilla,electronica,36186.55,4464274.36,8.0,Tarjeta Débito,02-11-2024,26 Feb 2022,Pendiente,20.0,Oriente
4115,Carlos Rodríguez,usuario4115@hotmail.com,3008735808,23,Masculino,  Cartagena  ,Ropa,503434.27,3577766.41,2.5,,11-06-2022,2024/04/16,Inactivo,3.0,
4116,Ana González,usuario4116@yahoo.com,3101331499,49,FEMENINO,medellin,Hogar,757827.61,4238360.41,2.3,Nequi,05-20-2024,2024-09-29,Pendiente,26.0,Occidente
4117,Ana Sánchez,usuario4117@empresa.co,3105647465,44,Male,Barranquilla,Electrónica,574133.16,3243587.92,6.1,pse,2020-02-21,10-07-2024,ACTIVO,47.0,Centro
4118,Luis Sánchez,usuario4118@gmail.com,3107722897,39,F,Bogotá,Alimentos,8193.48,375545.59,1.2,PSE,05 Aug 2024,,Pendiente,17.0,Sur
4119,Sandra García,usuario4119@outlook.com,3123542284,74,Male,barranquilla,deportes,92864.23,1205048.22,5.1,Efectivo,2023/05/04,27 May 2024,pendiente,2.0,
4120,Andrés Pérez,usuario4120@gmail.com,3101645673,24,Femenino,BOGOTA,Tecnología,,2184018.31,5.6,Tarjeta Débito,25-07-2021,16-04-2020,pendiente,48.0,Sur
4121,,usuario4121@outlook.com,3105307450,62,Masculino,medellin,deportes,192792.2,5384036.28,8.6,Tarjeta Débito,2020/06/26,15 Nov 2020,Activo,40.0,Norte
4122,Andrés Rodríguez,usuario4122@outlook.com,3129141407,22,f,BOGOTA,deportes,45316.07,3674039.59,2.8,Efectivo,2024/06/05,16 Jun 2021,Activo,9.0,Sur
4123,Juan Martínez,usuario4123@empresa.co,3156681256,56,Masculino,Santa Marta,Electrónica,411247.03,261812.99,5.9,Nequi,26/08/2020,12-02-2022,Cancelado,43.0,Oriente
4124,Diana Gómez,usuario4124@yahoo.com,3154679760,53,m,Pereira,Hogar,19451.59,5004262.26,8.4,pse,09 Dec 2020,2021-08-23,Activo,41.0,
4125,Miguel Pérez,usuario4125@gmail.com,3006575868,47,m,Santa Marta,Electrónica,146333.97,,8.6,tarjeta débito,2021-04-10,,Activo,25.0,
4126,Miguel Gómez,usuario4126@gmail.com,3102838926,66,Male,Cúcuta,Hogar,67196.69,1288994.16,1.0,Tarjeta Débito,14-03-2020,21/01/2024,Inactivo,43.0,Sur
4127,Carlos Pérez,usuario4127@outlook.com,3009578679,desconocido,f,Barranquilla,Tecnología,105739.8,3282988.89,3.2,pse,12-21-2022,10-02-2023,inactivo,50.0,
4128,Ana Martínez,usuario4128@empresa.co,3018441240,46,Femenino,Cúcuta,alimentos,159102.63,3841875.08,8.7,tarjeta débito,14/02/2021,2024/07/03,Pendiente,12.0,
4129,Miguel Gómez,usuario4129@empresa.co,3001027886,26,F,Manizales,Alimentos,290680.94,3714027.49,4.0,Nequi,06 Oct 2024,2021/05/17,Pendiente,49.0,
4130,Sergio Torres,usuario4130@hotmail.com,3153661573,,FEMENINO,Manizales,Electrónica,61641.03,5631819.01,6.2,PSE,19 Sep 2024,2023/09/19,ACTIVO,,
4131,Sergio Pérez,usuario4131@hotmail.com,3011415896,37,Masculino,Manizales,deportes,137930.85,3871087.68,7.4,,06-10-2020,2022-02-04,Cancelado,1.0,Occidente
4132,Juan Sánchez,usuario4132@outlook.com,3006466692,23,MASCULINO,medellin,electronica,127446.48,6056269.52,8.9,Nequi,13/08/2022,23 Jan 2021,ACTIVO,23.0,
4133,Diana González,usuario4133@yahoo.com,3157989159,33,Male,Bogotá,ROPA,244205.04,2314502.6,3.7,PSE,01-08-2021,15/07/2022,Cancelado,47.0,Norte
4134,Carlos Pérez,usuario4134@gmail.com,3115785151,67,Masculino,Cartagena,Alimentos,45504.61,3669095.77,7.9,efectivo,15-06-2023,2022/09/26,Activo,37.0,Centro
4135,Natalia López,usuario4135@empresa.co,3153074882,66,F,barranquilla,electronica,9642.56,5314486.39,5.9,pse,2021-07-27,2021-08-27,Cancelado,11.0,
4136,Carlos Ramírez,usuario4136@gmail.com,3208476057,56,f,Cali,Electrónica,186974.12,1440176.31,6.1,TARJETA CREDITO,2021-10-07,21-10-2020,ACTIVO,4.0,
4137,Jorge Torres,usuario4137@hotmail.com,3201923148,68,,Bucaramanga,electronica,212061.5,2091160.23,9.6,Tarjeta Débito,09-12-2020,,activo,1.0,
4138,Diana Flores,sin_email,3154931061,46,f,medellin,alimentos,78916.87,3853729.37,5.3,Tarjeta Crédito,05-01-2022,05 Sep 2020,ACTIVO,41.0,
4139,Diana Martínez,usuario4139@hotmail.com,3014942582,65,MASCULINO,  Cartagena  ,electronica,134071.75,3965651.9,9.4,PSE,11-30-2020,,pendiente,19.0,
4140,Natalia Torres,,3209572211,29,FEMENINO,  Cartagena  ,Tecnología,295036.23,3322114.83,7.8,Tarjeta Crédito,,23-03-2020,activo,2.0,Norte
4141,Jorge Gómez,usuario4141@hotmail.com,3011020235,70,,BOGOTA,Alimentos,78135.34,2020418.54,1.9,pse,05-07-2021,27 Mar 2023,activo,42.0,Centro
4142,Luis Sánchez,usuario4142@gmail.com,3203281043,36,F,Medellín,Ropa,71751.69,4785090.23,1.7,Nequi,29 Mar 2020,2020/05/25,Pendiente,21.0,Occidente
4143,Jorge García,usuario4143@outlook.com,N/A,44,Female,Cúcuta,Deportes,215923.02,2873475.42,1.2,Tarjeta Crédito,15 Jul 2023,2024-09-11,activo,32.0,
4144,Luis Rivera,usuario4144@empresa.co,3155773582,43,Masculino,Cúcuta,deportes,79380.41,6206148.53,,pse,04-06-2022,2020-04-24,Pendiente,25.0,Sur
4145,Miguel Gómez,usuario4145@hotmail.com,3108762200,71,M,Bucaramanga,alimentos,114600.19,2992724.75,5.1,Efectivo,07 Jan 2023,16/07/2021,Pendiente,49.0,Norte
4146,Laura González,usuario4146@gmail.com,,32,F,Cali,Deportes,482679.36,4805330.86,,tarjeta débito,23-09-2022,,ACTIVO,12.0,Oriente
4147,,usuario4147@outlook.com,,,Masculino,Cúcuta,Alimentos,155519.54,5042827.02,1.7,Tarjeta Crédito,2022/06/01,07 Mar 2023,pendiente,41.0,Sur
4148,Juan Rivera,usuario4148@empresa.co,3004095332,,m,Bogotá,Ropa,21972.4,2610050.41,9.4,tarjeta débito,2023/08/30,20-07-2024,Pendiente,49.0,Occidente
4149,Luis Rodríguez,usuario4149@outlook.com,3008312219,57,Male,Barranquilla,Electrónica,334074.75,4631805.59,4.0,pse,08/04/2022,23 Jun 2023,Pendiente,17.0,Occidente
4150,Natalia Rodríguez,usuario4150@gmail.com,3112651850,23,m,Bogotá,ROPA,196806.93,2172158.65,3.3,Efectivo,2024-05-15,10-31-2022,inactivo,17.0,
4151,Miguel López,usuario4151@gmail.com,3126586192,30,m,Pereira,Tecnología,91955.78,4022320.06,7.8,,15/05/2023,26 Jul 2021,ACTIVO,17.0,Norte
4152,Carlos Ramírez,usuario4152@outlook.com,3001957370,72,F,barranquilla,ROPA,239842.58,,6.3,pse,2024-11-06,11/12/2022,activo,40.0,Occidente
4153,Sandra González,usuario4153@empresa.co,3008863412,43,FEMENINO,Cúcuta,Deportes,424292.62,3852562.54,5.0,pse,11-08-2022,07-02-2020,Activo,18.0,Occidente
4154,Sergio García,usuario4154@outlook.com,3207335595,56,F,  Cartagena  ,ROPA,141242.31,,2.0,TARJETA CREDITO,2023/10/20,05 Jul 2021,inactivo,,Occidente
4155,Andrés Rivera,usuario4155@empresa.co,3004105906,23,,Bucaramanga,alimentos,282247.39,2639221.47,7.9,efectivo,,18 Jun 2024,Activo,50.0,Occidente
4156,Carlos Martínez,usuario4156@empresa.co,3123061350,28,f,Pereira,ROPA,66033.02,5419101.44,5.2,,2024-02-21,13/06/2020,activo,17.0,Norte
4157,Pedro García,usuario4157@yahoo.com,3112761315,25,m,Cúcuta,Hogar,136194.45,4781379.6,8.7,pse,11/03/2020,02-04-2020,Pendiente,35.0,Oriente
4158,Sandra Flores,usuario4158@empresa.co,3013652349,,m,Cartagena,alimentos,27424.46,4889372.07,,efectivo,06/12/2022,15-02-2024,ACTIVO,8.0,Oriente
4159,Ana Flores,usuario4159@empresa.co,3156487716,67,Femenino,medellin,ROPA,447516.88,4323181.68,3.8,Nequi,2024/01/31,,Inactivo,44.0,Norte
4160,Sandra Gómez,usuario4160@empresa.co,3159293528,47,Female,Bucaramanga,Electrónica,329686.02,4107573.96,6.9,Tarjeta Crédito,13/12/2024,2024/01/24,ACTIVO,47.0,Norte
4161,Natalia Rodríguez,usuario4161@empresa.co,3202188700,49,MASCULINO,Cúcuta,alimentos,222003.01,3854350.92,6.3,tarjeta débito,02-08-2022,07-25-2023,Activo,48.0,Centro
4162,Pedro Torres,sin_email,,63,F,Manizales,ROPA,149998.35,1709048.5,7.1,PSE,07-17-2023,04/10/2020,inactivo,26.0,Occidente
4163,María Pérez,usuario4163@gmail.com,3019430829,73,Male,Cartagena,Electrónica,96060.11,2356629.37,3.1,Tarjeta Débito,2021-10-08,30-07-2020,Pendiente,32.0,Occidente
4164,Carlos Gómez,usuario4164@empresa.co,3007867500,35,Female,barranquilla,ROPA,111589.22,4063846.04,100.0,PSE,10-02-2020,01/11/2024,Cancelado,30.0,Oriente
4165,Pedro Martínez,usuario4165@hotmail.com,3158113328,49,M,BOGOTA,deportes,30852.04,3110624.53,1.4,Nequi,22 Sep 2021,24/05/2024,activo,7.0,Sur
4166,Pedro Torres,usuario4166@hotmail.com,3009395925,45,FEMENINO,  Cartagena  ,Deportes,600908.28,5175197.4,3.4,Tarjeta Débito,29-01-2023,30/01/2022,Cancelado,24.0,Centro
4167,Jorge González,usuario4167@empresa.co,3107232835,56,Male,Medellín,Alimentos,29437.22,2876242.68,7.7,efectivo,07 Jul 2023,2024/01/20,Inactivo,49.0,Occidente
4168,Pedro Rodríguez,usuario4168@outlook.com,3107964393,70,Femenino,Cartagena,Electrónica,23854.59,3838893.42,5.1,Tarjeta Crédito,19-09-2023,2020-06-02,Cancelado,1.0,Sur
4169,Sandra Rodríguez,usuario4169@hotmail.com,3159129898,61,F,Bucaramanga,Alimentos,394693.85,3610172.89,9.9,PSE,2020-05-15,29/05/2024,Pendiente,39.0,Norte
4170,Andrés Torres,usuario4170@outlook.com,3121045203,29,f,Medellín,Alimentos,249296.24,3384730.27,3.4,pse,20/11/2020,22 Mar 2020,Inactivo,,Occidente
4171,Sergio Torres,usuario4171@empresa.co,3156046127,27,Masculino,Santa Marta,Alimentos,288422.37,5618452.99,2.0,TARJETA CREDITO,08-28-2022,11/08/2023,inactivo,5.0,
4172,Natalia Flores,usuario4172@hotmail.com,3002359553,,Femenino,Manizales,Tecnología,189869.11,3280003.35,,Tarjeta Crédito,,2021/08/29,Activo,22.0,Oriente
4173,Natalia Rodríguez,usuario4173hotmail.com,3157386758,33,m,Barranquilla,electronica,97150.99,3785057.42,9.1,tarjeta débito,02/12/2020,05-03-2020,Pendiente,29.0,Occidente
4174,Luis Flores,usuario4174@gmail.com,3002449863,33,Female,Pereira,HOGAR,144060.78,3934239.87,6.3,efectivo,,,pendiente,27.0,Centro
4175,Juan Martínez,usuario4175@gmail.com,3015841057,61,Female,Bucaramanga,HOGAR,166999.16,4379798.03,9.8,efectivo,2022-11-10,29-08-2021,ACTIVO,32.0,Occidente
4176,Sergio Rivera,usuario4176@yahoo.com,,23,Femenino,Medellín,electronica,239967.5,2490849.54,3.0,TARJETA CREDITO,11/04/2023,09-30-2023,inactivo,34.0,
4177,,usuario4177@hotmail.com,3103425635,,,barranquilla,Alimentos,,3113683.12,1.8,efectivo,,2023/04/27,Inactivo,,Oriente
4178,María Sánchez,usuario4178@empresa.co,3018121454,38,,Bucaramanga,Tecnología,163149.32,4936478.51,1.2,Tarjeta Crédito,2020/01/29,10-05-2020,Cancelado,46.0,Sur
4179,,usuario4179@outlook.com,3127904731,43,,barranquilla,Hogar,,2835147.82,3.6,tarjeta débito,2024/02/16,05 Jul 2021,ACTIVO,25.0,Sur
4180,Paola Ramírez,sin_email,3128231581,63,FEMENINO,Santa Marta,HOGAR,345680.87,3019899.37,5.1,PSE,06-04-2024,27-12-2024,Inactivo,,
4181,Paola López,usuario4181@gmail.com,3117898128,45,Masculino,Bucaramanga,Deportes,85744042.0,2910841.37,6.3,,10-18-2021,2022-11-12,Activo,7.0,Centro
4182,Miguel Flores,usuario4182@outlook.com,3121170471,34,MASCULINO,CALI,Ropa,168298.82,5170263.86,8.4,Nequi,2024/02/09,2023-05-15,inactivo,34.0,Norte
4183,Sergio Flores,usuario4183@gmail.com,,N/A,Female,Cartagena,ROPA,307859.05,2665116.05,3.7,Tarjeta Débito,19-07-2021,2024-03-10,Cancelado,46.0,Centro
4184,Miguel Rivera,usuario4184@yahoo.com,3019442176,150,Female,  Cartagena  ,Deportes,1624836.83,2824161.1,8.5,TARJETA CREDITO,2024/02/18,2023/07/10,Activo,9.0,Occidente
4185,Pedro Rodríguez,usuario4185@outlook.com,3007715305,48,f,Barranquilla,deportes,26801.81,4105479.71,1.5,Tarjeta Débito,05/09/2020,2022/11/26,pendiente,,Norte
4186,Andrés Flores,usuario4186@yahoo.com,3005386910,56,F,Cartagena,alimentos,505336.3,4801225.88,6.2,Efectivo,09-09-2022,17-09-2024,pendiente,43.0,Centro
4187,Sergio Torres,usuario4187@yahoo.com,3019322929,69,Female,Bucaramanga,deportes,209329.77,3711302.04,8.9,TARJETA CREDITO,14/08/2022,29-04-2021,Activo,11.0,Centro
4188,Sandra Sánchez,usuario4188@hotmail.com,3158114120,65,,Cúcuta,HOGAR,294797.33,-1000.0,7.1,Tarjeta Crédito,2023-12-20,19-09-2023,ACTIVO,23.0,Oriente
4189,Natalia Ramírez,usuario4189@outlook.com,3005866078,18,F,Cali,Tecnología,162893.71,2877505.61,4.1,,2022/07/09,2021/02/27,pendiente,30.0,
4190,Luis Pérez,usuario4190@empresa.co,3209072356,57,Femenino,Bogotá,Deportes,240415.89,4508437.74,6.1,Nequi,30/11/2021,,Activo,26.0,Sur
4191,Sandra González,usuario4191@hotmail.com,,43,Masculino,Cali,alimentos,503490.41,2715040.09,2.5,PSE,23/01/2023,2020-11-05,Inactivo,20.0,Oriente
4192,Paola Sánchez,usuario4192gmail.com,3102592982,26,M,  Cartagena  ,Tecnología,117705.9,3068481.36,2.9,Nequi,2024-05-07,23 Nov 2024,Pendiente,43.0,Norte
4193,Sandra Torres,,,53,f,medellin,Deportes,,3469898.19,3.4,pse,10-31-2022,19/05/2022,pendiente,45.0,Occidente
4194,Luis López,,N/A,,Male,barranquilla,Electrónica,,3490902.39,1.2,efectivo,06/10/2024,19 Jan 2020,Activo,16.0,
4195,María Sánchez,usuario4195@hotmail.com,000,28,f,Medellín,Ropa,419932.08,3669026.83,1.1,Tarjeta Débito,26 Aug 2022,2022-07-01,Inactivo,38.0,Occidente
4196,Luis Rodríguez,usuario4196@gmail.com,3159071524,39,Femenino,Barranquilla,HOGAR,248720.7,2571701.41,9.6,Efectivo,27 Feb 2021,2023/07/17,pendiente,28.0,Norte
4197,Paola Rodríguez,usuario4197@empresa.co,,26,FEMENINO,Cartagena,Electrónica,634391.21,3548001.05,8.7,efectivo,23-08-2022,06-30-2022,inactivo,38.0,Sur
4198,Luis Torres,usuario4198@empresa.co,3008923598,63,m,  Cartagena  ,alimentos,19106.9,3844280.28,1.1,pse,28 Aug 2021,2021-03-02,activo,15.0,Centro
4199,Miguel Pérez,usuario4199@hotmail.com,3121338942,27,Male,Santa Marta,ROPA,289073.28,2956305.54,7.5,Nequi,2020/02/25,11/05/2021,Inactivo,25.0,Occidente
4200,Juan González,usuario4200@gmail.com,3205202813,38,f,Cali,HOGAR,244930.97,3920702.09,2.6,tarjeta débito,21-09-2023,2024-05-25,Pendiente,26.0,Sur
4201,Sandra Rodríguez,usuario4201@yahoo.com,3111229514,,Male,Bogotá,Ropa,81603.9,3138503.56,6.8,Efectivo,22-09-2023,2020/03/24,Activo,28.0,Centro
4202,Sandra González,usuario4202@hotmail.com,3155859649,73,M,Cali,Hogar,392603.44,,1.6,pse,2021/10/09,20/01/2023,ACTIVO,17.0,Oriente
4203,Juan Pérez,usuario4203@gmail.com,3011412029,35,m,Cartagena,Electrónica,6048.1,3230555.86,9.4,efectivo,01-15-2023,2020/10/29,Inactivo,15.0,Sur
4204,Ana González,usuario4204@hotmail.com,3011740073,45,Male,Pereira,Ropa,108451.59,-1000.0,5.3,Nequi,28-12-2022,11-06-2023,activo,40.0,
4205,Ana Martínez,usuario4205@empresa.co,3203153909,74,Masculino,Barranquilla,Electrónica,31243.98,4265620.16,8.8,Tarjeta Crédito,28/07/2020,,Activo,44.0,
4206,Carlos Rodríguez,usuario4206@empresa.co,3205190042,71,,Barranquilla,Hogar,32079.69,2101024.31,9.0,Tarjeta Débito,15 Jan 2023,15-03-2020,pendiente,40.0,Norte
4207,Carlos Martínez,usuario4207@hotmail.com,3101863040,34,FEMENINO,Santa Marta,electronica,117551.3,2238276.68,4.4,Nequi,10-25-2020,10/07/2020,Activo,8.0,
4208,Miguel Torres,usuario4208@gmail.com,3112373130,45,MASCULINO,  Cartagena  ,ROPA,47725.0,5069886.63,,Nequi,2023-03-23,03-01-2022,Inactivo,50.0,Sur
4209,Paola Rodríguez,usuario4209@yahoo.com,3015369279,38,,Barranquilla,Tecnología,8505.64,5938363.27,6.1,tarjeta débito,08/06/2020,02 May 2020,ACTIVO,1.0,Occidente
4210,Diana Rivera,usuario4210@hotmail.com,3109157692,49,m,Cali,Ropa,74338.33,3478228.52,4.7,pse,16 Nov 2024,03-23-2022,Activo,22.0,Oriente
4211,Pedro Rodríguez,usuario4211@outlook.com,3112232343,27,Masculino,Santa Marta,Deportes,427948.14,3936929.72,5.5,pse,,24/03/2023,Pendiente,45.0,Sur
4212,María Gómez,usuario4212@gmail.com,3007542871,60,Femenino,Bogotá,deportes,67232.39,5363410.31,8.9,Nequi,11-12-2023,07/04/2023,Cancelado,22.0,Sur
4213,Miguel Rodríguez,usuario4213@gmail.com,3156258806,46,,Cali,Tecnología,44088.94,3856560.85,9.3,PSE,25/11/2022,30/01/2024,ACTIVO,45.0,
4214,Miguel González,usuario4214@empresa.co,3209057618,0,Femenino,Santa Marta,Tecnología,404477.0,3457258.89,,Efectivo,2023/10/12,2022/03/21,pendiente,20.0,
4215,Paola Torres,usuario4215@hotmail.com,3102429540,0,MASCULINO,BOGOTA,Tecnología,146607.02,4394596.98,1.5,Efectivo,18/03/2020,13 Sep 2023,Inactivo,36.0,
4216,Laura Rivera,usuario4216@empresa.co,3107376377,,Female,Manizales,Tecnología,6627.18,4103013.57,3.1,efectivo,2023-09-15,13/09/2021,Activo,5.0,Occidente
4217,Luis Rodríguez,usuario4217@hotmail.com,,63,Femenino,BOGOTA,Deportes,9796.99,,2.2,Efectivo,,2020/01/29,Activo,,Oriente
4218,Natalia González,usuario4218hotmail.com,3008510671,25,Female,Barranquilla,deportes,298428.63,4306644.56,2.6,tarjeta débito,,30/12/2024,Inactivo,42.0,Norte
4219,Ana Torres,,3117880157,49,M,Bucaramanga,Alimentos,16327.58,2962329.22,1.3,PSE,01-10-2022,30/08/2023,pendiente,,Occidente
4220,Paola Rodríguez,usuario4220@yahoo.com,3003466629,,Female,Barranquilla,Hogar,51790.63,3885099.88,9.1,efectivo,,17/08/2022,pendiente,47.0,
4221,Laura Gómez,usuario4221@gmail.com,3107792993,63,F,BOGOTA,ROPA,,3883021.36,3.6,PSE,24 Feb 2023,27-06-2020,Pendiente,50.0,Occidente
4222,Pedro Ramírez,usuario4222@gmail.com,3204701200,47,m,Cúcuta,Ropa,199705.64,,2.7,efectivo,,26/06/2024,Pendiente,18.0,Norte
4223,Jorge García,usuario4223@empresa.co,3105966825,72,FEMENINO,Cartagena,Ropa,336696.28,3430032.78,3.2,PSE,2022-04-11,2020/11/04,pendiente,23.0,Occidente
4224,Carlos Flores,usuario4224@empresa.co,3102798591,27,Masculino,Medellín,Tecnología,219824.14,3778658.6,2.9,Tarjeta Débito,14-05-2023,2022-08-15,Pendiente,38.0,Centro
4225,Jorge Rivera,usuario4225@outlook.com,3209209064,23,M,Medellín,ROPA,10893.44,5357761.36,3.1,Nequi,05-04-2022,06-27-2020,pendiente,,Norte
4226,Sandra González,usuario4226@yahoo.com,3201696473,36,M,Manizales,alimentos,253587.74,4278820.16,1.2,Nequi,16/11/2023,29 Sep 2021,Cancelado,4.0,Centro
4227,Luis Gómez,usuario4227@hotmail.com,,28,Male,Barranquilla,alimentos,160454.75,3467852.34,7.4,Nequi,04/05/2020,17 Jun 2024,ACTIVO,19.0,
4228,Laura González,usuario4228@empresa.co,3013482523,70,M,CALI,Deportes,,1435577.14,,,09 Oct 2022,2022-01-07,Inactivo,23.0,Sur
4229,Pedro Rivera,usuario4229@outlook.com,3128905403,75,Female,Manizales,alimentos,113489.37,1550812.52,9.5,Tarjeta Débito,2021-07-22,2022-03-30,pendiente,10.0,Sur
4230,Juan Sánchez,usuario4230@outlook.com,3111884701,31,F,barranquilla,alimentos,140349.19,3022443.59,9.8,,06-28-2022,02-01-2020,pendiente,38.0,Centro
4231,María Rivera,usuario4231@outlook.com,3011988814,18,Masculino,Medellín,Hogar,277953.56,5368191.28,7.1,efectivo,16/01/2022,31 Aug 2024,activo,27.0,Occidente
4232,Miguel Rivera,usuario4232@hotmail.com,no tiene,54,f,Manizales,Ropa,121812.09,2975346.46,,tarjeta débito,11-12-2023,05-08-2022,pendiente,47.0,
4233,Luis Sánchez,usuario4233gmail.com,3001686399,22,FEMENINO,Santa Marta,Hogar,60151.18,2985959.66,6.9,,2023-03-28,20-08-2024,Cancelado,16.0,Oriente
4234,Juan García,usuario4234@yahoo.com,3123978552,49,Femenino,Cartagena,Tecnología,348853.45,0.0,4.9,tarjeta débito,20-03-2021,25/08/2023,pendiente,40.0,Centro
4235,Paola Martínez,usuario4235@gmail.com,3014915308,74,FEMENINO,Bucaramanga,Hogar,94433.43,3328851.43,3.9,pse,12-03-2024,,Inactivo,21.0,
4236,Juan Martínez,usuario4236@yahoo.com,3107297154,36,,Santa Marta,Deportes,89077.29,4180888.83,3.7,TARJETA CREDITO,2020/11/05,30-08-2024,activo,5.0,Oriente
4237,Miguel López,usuario4237@hotmail.com,3015391350,61,Male,Manizales,Ropa,107921.6,4025322.26,4.1,Tarjeta Crédito,16-10-2020,09 May 2022,Pendiente,49.0,Oriente
4238,Paola Torres,usuario4238@hotmail.com,3008159969,41,Masculino,barranquilla,Ropa,182992.7,2580461.34,8.5,Tarjeta Débito,05-12-2022,,Activo,21.0,
4239,Carlos Torres,usuario4239@gmail.com,3001933168,24,F,Bucaramanga,alimentos,172139.81,4217722.89,,pse,16-12-2022,,Pendiente,1.0,Sur
4240,Paola López,usuario4240@outlook.com,3116802696,27,M,Santa Marta,Electrónica,227967.92,2636811.76,9.5,TARJETA CREDITO,06/11/2024,16 Jan 2024,pendiente,6.0,Centro
4241,Pedro Gómez,usuario4241@hotmail.com,N/A,,f,Pereira,Alimentos,,2078043.59,9.0,Efectivo,2024/03/15,04-04-2022,Cancelado,32.0,
4242,Ana Flores,,3013867205,63,MASCULINO,BOGOTA,alimentos,,1886175.18,3.6,Efectivo,28 Oct 2020,15-11-2022,Pendiente,33.0,Occidente
4243,Laura García,usuario4243@outlook.com,3014302883,47,FEMENINO,Cali,Alimentos,890908.96,2589280.97,9.5,PSE,09-29-2022,10-15-2020,Cancelado,4.0,Norte
4244,,usuario4244@hotmail.com,3109572106,35,Femenino,barranquilla,deportes,198928.15,1948297.14,2.0,Nequi,12/06/2023,13/06/2024,Pendiente,,
4245,Ana Torres,usuario4245@hotmail.com,3205604788,18,Femenino,Santa Marta,Hogar,24559.59,3434412.39,7.8,Tarjeta Débito,25/02/2023,03-30-2021,Cancelado,10.0,Oriente
4246,Laura Sánchez,usuario4246@outlook.com,3127485518,20,Male,Bucaramanga,electronica,386758.56,2753400.44,8.0,Tarjeta Débito,26-03-2023,15 May 2022,activo,10.0,
4247,Diana Torres,,3103521511,46,M,Manizales,electronica,241521.87,4913803.39,4.3,Tarjeta Débito,2020-01-04,2022/07/06,inactivo,17.0,Sur
4248,Juan Torres,usuario4248@yahoo.com,3156076881,64,MASCULINO,Cartagena,deportes,296134.15,4088386.91,9.1,efectivo,11/08/2021,2020/08/04,Cancelado,32.0,Oriente
4249,Carlos Martínez,usuario4249@yahoo.com,3016315163,69,MASCULINO,Barranquilla,alimentos,264020.79,3688323.65,1.1,TARJETA CREDITO,19/09/2021,2020/04/21,Activo,27.0,Centro
4250,Ana Sánchez,usuario4250@gmail.com,3208831022,31,f,Barranquilla,Hogar,415536.72,4478629.18,5.0,Tarjeta Débito,2024/06/14,28-03-2022,Cancelado,20.0,Occidente
4251,Andrés Sánchez,usuario4251@yahoo.com,3004234038,69,Masculino,Medellín,Alimentos,104259.65,5599567.84,3.7,Nequi,03/07/2023,2024/06/20,inactivo,20.0,Norte
4252,Sergio Gómez,usuario4252@hotmail.com,3127276958,38,f,CALI,Tecnología,46570.27,3562444.13,4.0,TARJETA CREDITO,2023/08/14,2021-12-26,Inactivo,40.0,Occidente
4253,Diana González,usuario4253@gmail.com,---,65,MASCULINO,Medellín,HOGAR,62514.57,6257485.67,,tarjeta débito,2022/05/03,02/02/2021,activo,19.0,Sur
4254,Sergio Rivera,usuario4254@gmail.com,3006009856,N/A,FEMENINO,Pereira,ROPA,79059.77,,9.7,tarjeta débito,23/01/2023,05-25-2024,Pendiente,50.0,Norte
4255,Miguel Ramírez,usuario4255@outlook.com,3208811146,43,M,Cartagena,HOGAR,226735.35,2258685.3,5.8,efectivo,08-04-2023,20 Jun 2023,Activo,,
4256,Pedro González,usuario4256@outlook.com,3129908496,33,f,Manizales,alimentos,63835.38,3700757.89,5.9,Tarjeta Crédito,,16/02/2021,Activo,23.0,
4257,María Pérez,usuario4257@outlook.com,3122355448,73,f,Santa Marta,Ropa,288127.51,1848073.48,,TARJETA CREDITO,2023-05-28,2020-11-30,Inactivo,24.0,Norte
4258,Sandra Rivera,usuario4258@gmail.com,3121099621,19,Femenino,Cúcuta,alimentos,,2362013.43,3.1,TARJETA CREDITO,2023/02/16,2024-02-05,inactivo,2.0,Sur
4259,,usuario4259@hotmail.com,3117581042,28,m,Pereira,Tecnología,216167.69,2701628.72,2.2,TARJETA CREDITO,01-06-2022,2024/11/15,activo,,Occidente
4260,,usuario4260@hotmail.com,3105264284,43,Femenino,Medellín,alimentos,233339.16,3930785.37,9.0,PSE,2023-01-11,05/07/2020,pendiente,28.0,Norte
4261,Jorge Martínez,usuario4261@yahoo.com,3121135422,66,f,Bogotá,electronica,,4777428.14,1.3,Efectivo,2022-07-23,10-05-2020,inactivo,37.0,Occidente
4262,,usuario4262@empresa.co,3158169279,27,Femenino,Bucaramanga,Electrónica,477471.05,4428207.82,6.6,PSE,2020-05-29,2022-01-26,Activo,25.0,Norte
4263,,usuario4263@hotmail.com,3128400509,49,f,Barranquilla,Alimentos,244508.01,3392042.74,3.9,Tarjeta Crédito,01-24-2022,09-07-2024,activo,23.0,Oriente
4264,Andrés Martínez,usuario4264@empresa.co,,65,MASCULINO,medellin,Deportes,223196.85,,4.7,tarjeta débito,2021-06-14,24-03-2020,ACTIVO,42.0,Sur
4265,Jorge García,usuario4265@gmail.com,3017934973,37,f,Pereira,HOGAR,96367.27,3602684.74,6.3,Tarjeta Débito,19 Nov 2023,04-21-2022,ACTIVO,37.0,Sur
4266,Sandra Gómez,usuario4266@hotmail.com,3014098294,56,M,barranquilla,Hogar,306910.4,3854319.67,2.2,Tarjeta Crédito,08-07-2022,06/07/2022,Cancelado,13.0,Sur
4267,Juan Rivera,usuario4267@empresa.co,,60,Masculino,Bogotá,deportes,19734.02,2553219.81,6.1,Tarjeta Crédito,04-23-2024,19-05-2021,ACTIVO,38.0,Occidente
4268,Laura Rivera,,3108475912,41,MASCULINO,barranquilla,deportes,8136.31,6083764.31,2.4,TARJETA CREDITO,,2022-01-07,Cancelado,6.0,
4269,Carlos Flores,usuario4269@empresa.co,3005021861,49,FEMENINO,medellin,Ropa,771884.18,4285253.45,5.5,Tarjeta Débito,2021/02/15,24-06-2020,Activo,35.0,Sur
4270,Juan Martínez,usuario4270@outlook.com,3158479196,42,F,Manizales,Alimentos,99941.47,3111025.16,7.3,Nequi,25 May 2021,05 May 2023,Pendiente,35.0,
4271,Jorge Torres,usuario4271@hotmail.com,3156569590,54,f,Cartagena,Electrónica,242656.5,6062956.48,2.4,Nequi,2021-06-01,2020-09-01,activo,33.0,Occidente
4272,Diana García,usuario4272@hotmail.com,3206974723,23,Femenino,medellin,ROPA,51014.15,2379400.19,4.3,Tarjeta Débito,28/03/2022,2023-10-18,Cancelado,33.0,
4273,Laura Torres,usuario4273@hotmail.com,3103966714,69,m,Barranquilla,Tecnología,286068.74,4015835.38,6.2,Tarjeta Crédito,23-11-2023,2020-05-10,Pendiente,17.0,Sur
4274,Miguel Martínez,usuario4274@yahoo.com,3153881475,29,f,  Cartagena  ,Ropa,722248.83,4669486.35,9.2,TARJETA CREDITO,04-03-2022,11-07-2021,activo,28.0,Occidente
4275,Juan López,usuario4275@hotmail.com,3129885735,45,f,Barranquilla,Tecnología,187967.74,5390498.55,3.8,,2024/02/15,19/01/2023,Pendiente,42.0,Oriente
4276,Juan López,usuario4276@hotmail.com,3206390429,50,FEMENINO,Cúcuta,electronica,,4422128.09,1.1,TARJETA CREDITO,2024-11-14,,ACTIVO,35.0,Occidente
4277,Juan González,usuario4277@hotmail.com,3202712517,47,m,Santa Marta,electronica,27219788.0,2456411.2,2.6,Tarjeta Crédito,23-03-2022,,Inactivo,50.0,Oriente
4278,Miguel Sánchez,usuario4278@hotmail.com,3002588314,59,M,Cúcuta,deportes,231485.66,4791382.9,1.1,tarjeta débito,30 Oct 2022,16 Sep 2024,pendiente,14.0,
4279,Jorge López,sin_email,3205201893,27,m,medellin,HOGAR,309340.88,3739490.86,,TARJETA CREDITO,11/01/2023,06-27-2024,ACTIVO,50.0,Norte
4280,Sergio Rivera,usuario4280@gmail.com,3208737924,51,m,Cúcuta,deportes,138607.16,4265084.99,7.3,Efectivo,2020-07-07,2020-05-28,pendiente,45.0,Oriente
4281,Pedro Torres,usuario4281@yahoo.com,3114234746,51,Female,barranquilla,Alimentos,1003300.33,3327760.55,5.4,Efectivo,,2023-04-23,activo,21.0,
4282,Diana González,usuario4282@hotmail.com,3102789855,47,Female,Santa Marta,HOGAR,385875.69,2702708.02,1.7,Efectivo,08-02-2023,26-05-2023,ACTIVO,32.0,Centro
4283,Andrés Martínez,usuario4283@gmail.com,3001735753,69,Masculino,medellin,Hogar,172345.07,3905285.29,2.3,Nequi,2021/02/07,18/05/2020,ACTIVO,47.0,Occidente
4284,Juan López,usuario4284@outlook.com,3104758278,27,FEMENINO,Bogotá,alimentos,52725.35,2529829.99,7.3,Efectivo,2020/02/25,26 Apr 2022,Cancelado,41.0,Centro
4285,Ana Martínez,usuario4285@outlook.com,,61,F,Cúcuta,alimentos,175478.11,4164359.82,1.7,pse,08-11-2020,09-30-2022,Cancelado,5.0,Norte
4286,Paola González,usuario4286@gmail.com,,71,F,Bogotá,electronica,503758.18,3639109.51,4.2,PSE,2023/01/15,27 May 2021,Cancelado,,Oriente
4287,Natalia Sánchez,usuario4287@outlook.com,3001561632,45,M,Manizales,Alimentos,720047.62,2421977.51,3.4,,,15-12-2024,Activo,6.0,Centro
4288,Diana Flores,usuario4288@hotmail.com,3016437207,21,,Bucaramanga,Alimentos,643515.81,2402193.64,5.8,PSE,,11-02-2021,pendiente,39.0,Centro
4289,Carlos Torres,usuario4289@gmail.com,3108527626,20,Male,Bogotá,Hogar,184604.38,2291636.44,6.9,TARJETA CREDITO,16-06-2020,04-26-2020,pendiente,5.0,Occidente
4290,Miguel Torres,usuario4290@hotmail.com,3159062734,50,Femenino,Cartagena,electronica,373660.19,6277226.89,1.5,TARJETA CREDITO,,13-09-2024,Cancelado,17.0,Sur
4291,Juan Rodríguez,,3008813843,24,FEMENINO,CALI,ROPA,172461.24,3659948.86,4.7,TARJETA CREDITO,2024-11-30,17 Jul 2020,Inactivo,44.0,Sur
4292,Ana Ramírez,usuario4292@yahoo.com,3016786391,64,Female,Barranquilla,electronica,319668.9,4007279.08,5.2,TARJETA CREDITO,04-16-2024,,activo,47.0,Centro
4293,Paola Pérez,usuario4293@empresa.co,3009515122,34,M,medellin,electronica,37393.18,3966943.44,1.2,TARJETA CREDITO,19/03/2023,,Inactivo,34.0,Oriente
4294,Andrés Martínez,usuario4294@empresa.co,3112730951,55,Male,Barranquilla,Ropa,,541787.56,0.0,Tarjeta Débito,2022-01-06,02/06/2021,Pendiente,28.0,Centro
4295,Pedro Pérez,usuario4295@hotmail.com,3126054425,50,FEMENINO,Medellín,electronica,476344.81,4421749.61,7.1,TARJETA CREDITO,2021/02/28,05-03-2020,activo,12.0,
4296,Natalia González,,3003414445,,Female,Bucaramanga,Ropa,233066.27,3260400.41,3.5,Efectivo,12-24-2024,2024/05/05,Activo,13.0,Sur
4297,Juan Martínez,usuario4297@gmail.com,3123546710,47,,medellin,deportes,69821.52,4098379.64,3.1,pse,15-02-2024,2023-11-03,activo,10.0,Occidente
4298,Paola García,usuario4298@outlook.com,3206100788,29,Male,Cúcuta,Alimentos,115326.86,-1000.0,1.5,,,10-07-2021,Pendiente,11.0,Oriente
4299,Jorge Flores,usuario4299@outlook.com,---,20,M,barranquilla,alimentos,6849.35,4336291.91,7.9,efectivo,31/08/2020,27 Oct 2023,activo,15.0,Sur
4300,Andrés Flores,usuario4300@gmail.com,3015014469,74,m,Cúcuta,Tecnología,33260.87,5190318.18,5.9,efectivo,23 Dec 2024,29 May 2020,pendiente,36.0,
4301,Miguel González,usuario4301@hotmail.com,3008103997,38,F,Cúcuta,electronica,153447.71,4898472.59,2.7,pse,12-27-2021,26-02-2020,activo,40.0,Occidente
4302,Juan Martínez,usuario4302@outlook.com,3158556852,47,,Santa Marta,Deportes,308716.86,3255132.51,,pse,09/07/2023,2021-01-13,Cancelado,,Oriente
4303,Diana Rivera,usuario4303@empresa.co,3005058913,46,Male,  Cartagena  ,Ropa,99479.91,2317172.22,5.6,PSE,2022/08/26,05-25-2020,Activo,42.0,
4304,Ana García,usuario4304@empresa.co,3013329899,34,MASCULINO,barranquilla,Electrónica,25670.25,,9.1,tarjeta débito,23 Nov 2023,2023/02/17,pendiente,22.0,Sur
4305,Pedro Torres,usuario4305@gmail.com,,73,f,BOGOTA,ROPA,11118.24,3372652.07,2.9,Tarjeta Crédito,16-04-2024,21/09/2020,pendiente,23.0,Norte
4306,Laura Rivera,usuario4306@outlook.com,3018443079,31,MASCULINO,Santa Marta,alimentos,35923.15,4855370.32,6.8,Efectivo,06-05-2024,2023/12/29,Activo,46.0,Occidente
4307,Ana Ramírez,usuario4307@outlook.com,3009219461,65,FEMENINO,CALI,electronica,50819.86,3628240.58,8.2,PSE,22/12/2022,04 Feb 2020,pendiente,31.0,Norte
4308,Natalia López,usuario4308@yahoo.com,3151462760,34,Femenino,Manizales,HOGAR,10696233.0,2598765.9,4.0,efectivo,,11/03/2022,Inactivo,44.0,Sur
4309,Carlos García,usuario4309@outlook.com,,24,Male,Bogotá,electronica,30470.49,-100764.78,2.4,efectivo,2023-04-28,2023/07/03,ACTIVO,43.0,Oriente
4310,Carlos Rivera,usuario4310@empresa.co,3121769637,19,f,Cartagena,HOGAR,441590.75,4252019.36,5.4,pse,03 May 2020,26 Apr 2021,ACTIVO,28.0,Centro
4311,Ana García,usuario4311@empresa.co,3206742830,,MASCULINO,Pereira,HOGAR,54878.82,4928754.27,7.0,Nequi,05 Jan 2020,08-21-2022,activo,37.0,Norte
4312,Sandra Ramírez,usuario4312@outlook.com,3114049849,28,m,Cali,Hogar,510182.23,3544075.34,7.3,efectivo,2024-07-03,2022-03-03,Cancelado,21.0,Norte
4313,Luis Gómez,usuario4313@outlook.com,3105146250,47,,  Cartagena  ,Deportes,269134.58,3306215.42,5.1,PSE,2020-01-24,14 Apr 2024,Cancelado,34.0,Centro
4314,Sandra Pérez,usuario4314@outlook.com,3152932344,73,Male,Santa Marta,ROPA,780216.86,4729028.02,-1.0,tarjeta débito,2021/12/26,19-01-2021,ACTIVO,6.0,Centro
4315,Laura Flores,usuario4315@gmail.com,---,65,Male,Medellín,Alimentos,269372.71,3455315.23,6.1,tarjeta débito,2023-06-11,15/09/2021,Activo,34.0,Sur
4316,Sergio Ramírez,usuario4316@hotmail.com,3106072110,49,M,Bucaramanga,electronica,451723.6,3681343.23,9.8,,04-19-2024,,Activo,,Oriente
4317,Paola Gómez,usuario4317@outlook.com,,70,M,Cúcuta,HOGAR,623874.74,3058191.78,7.0,tarjeta débito,29 Apr 2020,24/07/2021,inactivo,43.0,Sur
4318,Laura Ramírez,usuario4318@outlook.com,3107653992,41,F,Barranquilla,Electrónica,26488.96,4889735.55,,PSE,17/08/2022,09-01-2023,Inactivo,25.0,
4319,Ana López,usuario4319@yahoo.com,3007480901,62,,Barranquilla,Deportes,14128.33,3985307.53,1.7,Nequi,11 Aug 2023,28/04/2023,Inactivo,36.0,Sur
4320,Ana Torres,usuario4320@empresa.co,,69,Masculino,CALI,Ropa,173791.17,2644471.08,2.1,Tarjeta Crédito,29/11/2022,15-08-2023,ACTIVO,5.0,Centro
4321,Miguel Flores,usuario4321@yahoo.com,3104494022,26,f,barranquilla,deportes,118320.63,3615066.19,5.9,tarjeta débito,02 Jan 2022,2020/11/29,Inactivo,50.0,Oriente
4322,Juan López,usuario4322@outlook.com,3121181231,30,Femenino,Pereira,Ropa,205409.82,1988405.27,2.1,Nequi,,30-03-2023,inactivo,11.0,Centro
4323,Sergio Gómez,usuario4323@yahoo.com,,19,Female,Santa Marta,Ropa,62258.11,,2.3,Efectivo,04-02-2024,18 Jun 2020,activo,10.0,Norte
4324,Pedro Rivera,usuario4324@outlook.com,3101171705,30,M,Santa Marta,Ropa,69916.33,4818044.19,8.6,Nequi,08 Apr 2023,01-12-2024,ACTIVO,31.0,Centro
4325,Luis Flores,,3006605285,31,f,medellin,ROPA,34705.74,2742150.01,6.2,tarjeta débito,08/12/2024,2023-12-07,Pendiente,14.0,Oriente
4326,Andrés Ramírez,usuario4326@gmail.com,3019372160,27,Femenino,medellin,HOGAR,40404.37,2634287.98,7.8,Tarjeta Crédito,05 Jul 2022,2024/05/24,Activo,32.0,Centro
4327,María Flores,usuario4327@outlook.com,3008226586,45,Masculino,medellin,HOGAR,,3274126.6,5.5,efectivo,2020-11-24,03/02/2021,Cancelado,15.0,Sur
4328,Paola Torres,usuario4328@yahoo.com,3157929061,72,F,Barranquilla,Electrónica,219618.59,4072983.01,1.9,,25 Apr 2020,17/10/2022,ACTIVO,27.0,Centro
4329,Paola Rivera,usuario4329@hotmail.com,3123960201,30,f,Bogotá,Alimentos,75012.34,1036006.5,9.4,Tarjeta Débito,20-06-2022,04-21-2022,Activo,21.0,Occidente
4330,Sandra Flores,sin_email,3016514115,67,Female,Medellín,HOGAR,24387.23,3446383.12,9.2,,2022/03/10,01-25-2024,pendiente,12.0,
4331,Juan González,usuario4331@outlook.com,,48,MASCULINO,BOGOTA,Ropa,62964.17,3854717.62,1.7,Tarjeta Crédito,2022-09-08,05-17-2023,ACTIVO,24.0,
4332,Sergio Flores,usuario4332@yahoo.com,3116365652,25,Femenino,Medellín,Alimentos,,3384803.46,8.2,Tarjeta Débito,2024/07/28,,Activo,,Oriente
4333,Laura Martínez,usuario4333@gmail.com,3003169088,27,MASCULINO,medellin,electronica,61729.69,3107564.66,1.7,Tarjeta Crédito,2021-10-14,2021-02-14,Pendiente,46.0,Occidente
4334,Andrés Martínez,usuario4334@outlook.com,3125458435,46,M,medellin,deportes,455309.05,4579314.3,9.8,PSE,2021-07-10,2020/04/08,Inactivo,24.0,Centro
4335,Laura Sánchez,usuario4335@hotmail.com,3103580953,48,m,Pereira,electronica,931903.93,3984402.88,5.2,efectivo,11/06/2022,04 Mar 2024,Inactivo,43.0,
4336,Sandra Gómez,usuario4336@yahoo.com,3125443524,,M,medellin,Deportes,467046.53,4129717.16,5.1,pse,2024/04/26,,Activo,20.0,Oriente
4337,Sandra Martínez,usuario4337@outlook.com,000,33,Masculino,Bogotá,Alimentos,141012.56,4152556.2,2.0,pse,13 Feb 2021,21 Feb 2022,Activo,19.0,Occidente
4338,Sandra Gómez,usuario4338@yahoo.com,3113625551,54,m,Pereira,electronica,17793.78,3262581.32,3.8,tarjeta débito,27 Apr 2023,11-23-2022,Cancelado,11.0,Norte
4339,Carlos Rodríguez,usuario4339@outlook.com,3005491774,43,f,Cartagena,Electrónica,986796.52,3705166.75,6.1,Efectivo,2021-04-22,20/12/2020,Pendiente,13.0,Sur
4340,Laura Rivera,usuario4340@outlook.com,3016162750,-5,F,Medellín,Deportes,86415.36,1855241.52,3.1,Nequi,06-06-2021,01-12-2023,Pendiente,31.0,Occidente
4341,Paola Sánchez,usuario4341@empresa.co,3159380665,72,FEMENINO,Pereira,Tecnología,101446.71,2809174.42,4.5,PSE,05-15-2020,28/07/2023,activo,31.0,
4342,Natalia González,usuario4342@gmail.com,3128857022,44,F,barranquilla,Hogar,12013.59,1978357.51,1.7,Tarjeta Débito,07-07-2023,2023-03-21,inactivo,,Norte
4343,Laura Rodríguez,usuario4343@gmail.com,3012465630,65,Female,Pereira,Deportes,43175.04,0.0,3.1,Efectivo,2024-01-28,08-15-2022,Cancelado,41.0,Centro
4344,Luis Ramírez,usuario4344@gmail.com,3153726243,64,m,Santa Marta,Deportes,29271.71,2845728.77,,pse,2022-10-19,,activo,25.0,Oriente
4345,Natalia González,usuario4345@yahoo.com,3002806283,36,Female,CALI,Alimentos,266304.99,3987113.5,6.2,Efectivo,2021/05/26,03-04-2021,Activo,25.0,Centro
4346,Diana Flores,usuario4346@gmail.com,3009556506,,m,Medellín,ROPA,843733.42,3185697.4,8.1,Nequi,10-31-2024,04-18-2022,Activo,41.0,
4347,Diana García,usuario4347@outlook.com,3203679185,50,f,BOGOTA,Tecnología,78819.16,2847901.72,5.0,TARJETA CREDITO,2024/05/18,16 Jan 2020,Activo,,Sur
4348,Sandra Rodríguez,usuario4348@gmail.com,3011605431,57,Masculino,medellin,Alimentos,509817.29,4240642.08,6.8,pse,2020/08/02,08-02-2022,inactivo,28.0,Occidente
4349,Sandra Rivera,usuario4349@gmail.com,3019871895,75,Male,Barranquilla,Electrónica,328929.95,2203486.11,5.1,,12-15-2024,2021/02/27,Activo,16.0,Centro
4350,Sergio Gómez,usuario4350@gmail.com,3208690405,49,Femenino,Bucaramanga,Deportes,344562.46,4397508.5,7.8,,03/02/2024,07-17-2021,activo,4.0,Oriente
4351,,usuario4351@hotmail.com,3121756953,21,F,medellin,alimentos,179291.07,,6.7,Efectivo,,18-12-2024,Cancelado,17.0,Oriente
4352,Juan González,usuario4352@empresa.co,3012409527,45,f,medellin,Ropa,10371.43,2828238.94,9.0,Efectivo,16/07/2023,25/11/2023,inactivo,1.0,Occidente
4353,Diana Martínez,usuario4353@gmail.com,3103052652,53,Femenino,Manizales,Deportes,,5416062.9,6.6,,2022-05-13,11-24-2021,Cancelado,35.0,Occidente
4354,,usuario4354@empresa.co,3107142614,desconocido,Femenino,BOGOTA,HOGAR,111949.58,4361826.71,5.5,pse,01/06/2023,02-15-2023,Pendiente,39.0,Oriente
4355,Sergio García,,3208640307,48,Male,Pereira,deportes,236584.7,3441133.6,8.8,pse,22/08/2020,2021-09-22,ACTIVO,,
4356,Ana González,usuario4356@outlook.com,3018362726,57,Female,  Cartagena  ,Electrónica,,5399804.87,2.0,TARJETA CREDITO,2024-09-15,24-10-2022,Pendiente,47.0,Oriente
4357,Jorge Ramírez,usuario4357@outlook.com,3008626146,40,MASCULINO,Barranquilla,HOGAR,482034.59,6830615.53,7.8,efectivo,25-09-2022,26 Mar 2024,Activo,29.0,Centro
4358,María Pérez,usuario4358gmail.com,3208370929,45,M,CALI,Electrónica,,3381293.51,3.0,TARJETA CREDITO,10/09/2020,10/04/2020,activo,13.0,
4359,,sin_email,3159132108,,F,Medellín,Deportes,36953.89,3954076.76,7.1,tarjeta débito,08 Apr 2020,19 Nov 2024,Pendiente,14.0,Centro
4360,Miguel López,usuario4360@empresa.co,3156532688,30,,Medellín,deportes,49040.09,2670875.16,,PSE,06-12-2023,22 Apr 2023,Cancelado,33.0,
4361,Ana García,usuario4361@yahoo.com,3159200964,46,M,Cúcuta,Deportes,256278.88,3631522.16,9.2,PSE,2020-11-15,02-01-2023,pendiente,17.0,Oriente
4362,Ana Torres,usuario4362@gmail.com,3108040580,32,f,CALI,alimentos,29718.67,,,Nequi,18-09-2020,2023-11-27,Cancelado,26.0,Oriente
4363,Sergio García,usuario4363@outlook.com,,61,Masculino,Manizales,deportes,44270.83,4516361.53,3.4,efectivo,11-05-2020,09-24-2022,activo,32.0,Centro
4364,Laura González,usuario4364@outlook.com,3201596949,56,Male,CALI,electronica,734293.99,3126734.6,1.2,,24/09/2021,12/08/2022,Pendiente,42.0,Sur
4365,Natalia López,usuario4365@outlook.com,3012517204,63,Masculino,Cúcuta,Hogar,285113.48,0.0,3.6,pse,10/01/2024,27/09/2023,pendiente,30.0,Centro
4366,Ana Rodríguez,usuario4366@empresa.co,no tiene,26,Masculino,Cali,Deportes,345129.78,3079981.23,4.8,Nequi,10-30-2023,2022-11-07,pendiente,18.0,
4367,Paola Flores,usuario4367@gmail.com,3157205155,64,FEMENINO,medellin,Hogar,259708.56,3054999.74,,Efectivo,17 Mar 2021,08 Apr 2022,inactivo,13.0,
4368,Paola García,usuario4368@outlook.com,3204669075,44,,  Cartagena  ,Hogar,2167053.5,3460223.01,,tarjeta débito,04 Oct 2020,2024-08-16,Pendiente,12.0,
4369,Pedro Torres,usuario4369@outlook.com,3123829377,61,f,Medellín,Electrónica,733310.72,3334213.63,,Tarjeta Crédito,14-07-2020,2021/12/25,pendiente,18.0,Centro
4370,Andrés Gómez,usuario4370@hotmail.com,3008693070,41,Femenino,Santa Marta,ROPA,12582.93,4404410.93,6.4,tarjeta débito,06 Apr 2022,13/07/2024,Activo,39.0,Norte
4371,Miguel Flores,usuario4371@yahoo.com,3153486653,69,m,Barranquilla,ROPA,108636.35,3470308.56,4.2,efectivo,23 Jan 2024,27/03/2022,pendiente,33.0,Norte
4372,Paola Pérez,usuario4372@yahoo.com,3156926674,28,Female,barranquilla,ROPA,92515.01,3896779.9,4.7,Tarjeta Débito,,2021-11-12,inactivo,38.0,Occidente
4373,Diana Ramírez,usuario4373@hotmail.com,3103474658,36,f,Medellín,ROPA,325557.72,4828078.59,2.5,Nequi,11-21-2023,2021/05/20,pendiente,39.0,Oriente
4374,Paola Martínez,usuario4374@yahoo.com,3115289530,23,Male,medellin,Electrónica,35541.23,2237184.7,8.0,tarjeta débito,29-04-2022,30 Dec 2022,pendiente,7.0,
4375,Juan Ramírez,usuario4375@gmail.com,3154963850,26,,Pereira,Deportes,698796.44,1499772.82,2.2,TARJETA CREDITO,01-23-2024,,activo,,
4376,Diana Flores,usuario4376@gmail.com,3104181994,28,FEMENINO,Bogotá,electronica,92954.94,4145241.51,6.3,,21/09/2020,2021/05/14,Pendiente,40.0,Sur
4377,Jorge López,usuario4377@hotmail.com,3013708745,24,f,Santa Marta,Alimentos,792755.48,1963100.0,3.0,PSE,22 Nov 2021,2024-10-02,inactivo,40.0,Occidente
4378,Paola Rivera,usuario4378@outlook.com,3113862944,49,MASCULINO,Santa Marta,Hogar,,1358974.77,3.1,pse,2021-09-20,2023/04/06,activo,8.0,Sur
4379,Jorge Sánchez,usuario4379@empresa.co,3011134094,31,FEMENINO,Manizales,ROPA,575042.92,3118517.36,1.8,,2020/12/09,2020-09-16,pendiente,45.0,Centro
4380,Diana Rodríguez,usuario4380@gmail.com,3114523930,19,m,Cartagena,deportes,112731.09,3016720.27,9.3,efectivo,08-02-2022,28-01-2021,Inactivo,42.0,Occidente
4381,,usuario4381@gmail.com,3201512187,34,,Bucaramanga,Alimentos,143226.91,2581124.78,1.5,Efectivo,2022-06-25,12-09-2022,activo,40.0,Centro
4382,Luis Ramírez,usuario4382@yahoo.com,3125841219,28,m,CALI,Hogar,154040.73,3427727.49,4.0,Tarjeta Débito,2023/06/25,2021-12-22,pendiente,23.0,Oriente
4383,Sergio López,usuario4383yahoo.com,,73,,Barranquilla,HOGAR,138110.78,2363261.49,2.0,Efectivo,07-01-2023,12/07/2022,Activo,32.0,Centro
4384,Miguel López,usuario4384@empresa.co,,20,Femenino,Bucaramanga,Alimentos,240530.51,2403965.15,7.8,Efectivo,2020-04-06,05/11/2020,Cancelado,16.0,Centro
4385,Natalia Sánchez,usuario4385@yahoo.com,3016032414,39,MASCULINO,Medellín,Alimentos,80638.31,3912101.94,2.6,efectivo,06 Feb 2021,06 Apr 2020,activo,44.0,Sur
4386,Sergio Flores,usuario4386@outlook.com,3114103624,57,Femenino,Santa Marta,Electrónica,81670.84,1039496.23,1.6,Tarjeta Débito,23-04-2020,08-12-2021,activo,2.0,Oriente
4387,Jorge Sánchez,usuario4387@hotmail.com,3113236510,53,Masculino,medellin,electronica,15519.47,2297132.33,8.8,,26-11-2023,2020/02/03,Pendiente,20.0,Norte
4388,Sandra Rivera,usuario4388@gmail.com,3113575749,34,Masculino,Manizales,Electrónica,149816.39,6771585.77,9.7,efectivo,22/09/2023,2021/12/31,Pendiente,11.0,Oriente
4389,Diana Torres,usuario4389@yahoo.com,3105065410,68,f,Santa Marta,Alimentos,144606.88,3794847.7,,TARJETA CREDITO,10-10-2024,01-12-2021,activo,13.0,Sur
4390,Natalia González,usuario4390@hotmail.com,3118519056,20,M,Pereira,electronica,107227.55,3018923.12,,Nequi,16 Feb 2021,03-01-2023,Inactivo,11.0,Sur
4391,Pedro Flores,usuario4391@hotmail.com,3005456204,53,Femenino,Barranquilla,HOGAR,273542.67,3479193.72,,Tarjeta Débito,2022/06/24,2022/11/05,activo,19.0,Occidente
4392,Jorge Pérez,usuario4392@outlook.com,3125419489,27,Masculino,Santa Marta,Electrónica,154507.78,4372843.4,9.3,TARJETA CREDITO,19-12-2024,02-16-2023,Activo,36.0,Sur
4393,María Pérez,usuario4393@hotmail.com,3209203917,73,m,Bucaramanga,Alimentos,12142.28,4991013.22,3.0,Tarjeta Débito,12/09/2021,12-25-2024,Cancelado,48.0,
4394,Juan Ramírez,usuario4394outlook.com,3203445093,60,MASCULINO,Santa Marta,HOGAR,22944.86,3373182.81,5.7,Nequi,11-10-2024,30/03/2023,Inactivo,45.0,Sur
4395,Juan Pérez,usuario4395@gmail.com,3203523834,21,FEMENINO,Cartagena,deportes,30290.84,3790011.84,5.0,efectivo,2022-09-06,2022/02/18,Cancelado,16.0,Centro
4396,,usuario4396@gmail.com,3106156279,46,FEMENINO,CALI,Deportes,243017.86,4069441.62,2.4,pse,09/07/2021,06/11/2022,activo,38.0,Occidente
4397,María Torres,usuario4397@outlook.com,3103730735,71,Male,Manizales,ROPA,207121.25,3693850.04,3.2,TARJETA CREDITO,22-10-2023,17-07-2022,ACTIVO,45.0,
4398,Jorge Ramírez,usuario4398@outlook.com,3116861143,24,F,Manizales,HOGAR,242697.77,4796817.3,7.9,Tarjeta Crédito,06-16-2021,05-24-2022,Cancelado,47.0,Centro
4399,Jorge González,,3107180715,57,FEMENINO,medellin,Hogar,344567.6,3680516.87,6.5,PSE,07/09/2023,06-05-2020,Activo,13.0,Centro
4400,Ana García,usuario4400@gmail.com,3118275092,24,,Cali,Electrónica,11663.06,2837669.57,9.2,Nequi,2020-06-22,09/06/2023,activo,10.0,Sur
4401,Andrés Gómez,usuario4401@empresa.co,3155198868,20,,CALI,electronica,764234.72,3217749.09,5.3,tarjeta débito,2021/02/01,05 Oct 2022,pendiente,23.0,Centro
4402,Sergio Martínez,,3011413653,28,Femenino,  Cartagena  ,Hogar,268689.7,3408867.94,9.8,TARJETA CREDITO,07-28-2020,07/08/2024,Cancelado,4.0,Sur
4403,Sergio Pérez,,,73,Masculino,BOGOTA,alimentos,33877.54,4106286.59,6.4,Tarjeta Crédito,2024-12-12,2023-04-24,Cancelado,2.0,Centro
4404,Andrés Pérez,usuario4404@outlook.com,3158359743,41,Masculino,Pereira,HOGAR,719160.3,2941765.33,2.5,efectivo,04-28-2021,2022-09-07,pendiente,38.0,Sur
4405,Juan Ramírez,,---,36,MASCULINO,Manizales,deportes,136397.36,5181722.53,2.5,Nequi,11-16-2021,11 Apr 2023,pendiente,12.0,Norte
4406,Paola Rivera,usuario4406@yahoo.com,3102838097,66,f,Cúcuta,Deportes,80179.5,2631825.57,7.6,Efectivo,19/09/2020,21 Nov 2024,inactivo,35.0,Centro
4407,María Rodríguez,usuario4407@hotmail.com,3012813383,64,FEMENINO,Bucaramanga,Electrónica,51453.84,3721362.77,3.9,Efectivo,05/12/2020,09-01-2024,pendiente,47.0,
4408,Ana González,usuario4408@empresa.co,3155427575,27,F,barranquilla,deportes,641784.4,3788006.98,,Tarjeta Crédito,09 Jun 2024,02 Jan 2022,activo,12.0,Occidente
4409,Luis Sánchez,usuario4409@empresa.co,3205640013,39,F,Bogotá,HOGAR,266579.36,3535111.85,6.4,Tarjeta Débito,2020/11/30,08-10-2020,pendiente,21.0,Norte
4410,Ana Torres,usuario4410@yahoo.com,3115821884,25,m,Barranquilla,ROPA,76192.69,99999999.0,,pse,29-08-2020,27-07-2020,inactivo,30.0,Centro
4411,Sandra Ramírez,usuario4411empresa.co,3207698840,46,F,Bucaramanga,ROPA,222083.04,3569698.45,,pse,,28-04-2024,pendiente,27.0,Centro
4412,Miguel Flores,sin_email,3116602776,67,Male,  Cartagena  ,HOGAR,8934.21,5479755.43,1.5,Efectivo,2021-12-02,14 Dec 2022,Pendiente,37.0,Norte
4413,Sandra Ramírez,,3111188802,33,FEMENINO,Bucaramanga,Ropa,185716.85,5236881.15,5.1,Tarjeta Crédito,2021-06-17,2021-05-29,pendiente,27.0,Sur
4414,Andrés Flores,usuario4414@empresa.co,3009288974,48,Femenino,  Cartagena  ,deportes,110532.55,2773630.66,,Nequi,09-01-2020,06-15-2023,Cancelado,22.0,
4415,,usuario4415@empresa.co,3015692640,50,m,Santa Marta,HOGAR,77215.45,2149275.45,3.8,PSE,2021/04/05,2021/12/08,ACTIVO,47.0,Norte
4416,Ana Gómez,usuario4416@outlook.com,3102333931,35,FEMENINO,Santa Marta,ROPA,102275.27,3363956.65,5.5,Nequi,2023/09/01,2020/08/28,Inactivo,37.0,
4417,Luis Gómez,usuario4417@hotmail.com,3012000393,66,FEMENINO,Cúcuta,Deportes,,0.0,7.6,Tarjeta Crédito,20/08/2021,11/03/2023,Activo,36.0,Oriente
4418,Sergio Ramírez,usuario4418@yahoo.com,3003361860,58,FEMENINO,Bogotá,HOGAR,654236.45,3618076.64,3.3,pse,01 Nov 2021,2021-03-10,pendiente,1.0,Oriente
4419,Miguel García,usuario4419@outlook.com,3015908573,27,Male,BOGOTA,ROPA,136656.55,3857333.67,7.4,Tarjeta Débito,13 Mar 2023,05-11-2023,Inactivo,23.0,
4420,Miguel Torres,usuario4420@gmail.com,3206592417,51,m,Bucaramanga,Deportes,364453.01,3736142.6,6.8,Nequi,,01-24-2023,activo,29.0,Centro
4421,Paola Rivera,usuario4421@yahoo.com,3206188657,32,Masculino,Barranquilla,Tecnología,397140.72,3242325.36,6.6,efectivo,03 Nov 2023,25 Mar 2020,Activo,,Occidente
4422,Luis Rivera,usuario4422@gmail.com,3102254040,45,MASCULINO,Barranquilla,ROPA,56349.35,4520516.07,7.5,PSE,20/11/2023,17/07/2021,ACTIVO,33.0,Norte
4423,Sandra Rodríguez,,3106003892,44,f,Cali,ROPA,373913.24,1797899.52,7.6,pse,08-03-2020,31-01-2024,Pendiente,9.0,Sur
4424,Pedro Sánchez,,3105652039,72,Female,Bucaramanga,electronica,5422414.0,2425317.28,4.3,pse,,2021-02-03,ACTIVO,50.0,Occidente
4425,Diana Martínez,usuario4425@outlook.com,3104739461,61,FEMENINO,Bucaramanga,deportes,3344775.0,3921790.73,9.5,Efectivo,09-05-2020,11/07/2023,inactivo,25.0,Oriente
4426,Miguel Ramírez,usuario4426@gmail.com,3007176506,19,Female,Manizales,Hogar,68716.68,1497388.22,2.8,TARJETA CREDITO,08-03-2020,,Activo,,
4427,Ana Sánchez,usuario4427@gmail.com,3206895838,67,Male,Bucaramanga,electronica,9616024.0,3012457.97,7.2,tarjeta débito,,17 Jul 2023,Pendiente,3.0,Centro
4428,Laura López,usuario4428@outlook.com,3102381430,,m,Cúcuta,Alimentos,258576.95,4629331.94,1.2,tarjeta débito,2023-05-05,2024-01-23,activo,22.0,Oriente
4429,Diana García,usuario4429@gmail.com,3116152880,22,Femenino,Manizales,Hogar,43381.17,3256931.65,2.9,Tarjeta Débito,05-14-2023,2023/10/25,activo,33.0,Centro
4430,Jorge Rodríguez,usuario4430@empresa.co,3006721155,38,MASCULINO,BOGOTA,HOGAR,505742.14,,6.3,Tarjeta Débito,2024-08-25,06-07-2022,inactivo,37.0,Sur
4431,,usuario4431@hotmail.com,3013359327,67,Masculino,Cartagena,electronica,,3013305.18,9.9,Nequi,2024/04/12,2022-06-18,Inactivo,,Centro
4432,Natalia Gómez,usuario4432@hotmail.com,3126524222,21,M,CALI,alimentos,,1569760.59,5.6,PSE,19-12-2021,21-12-2023,activo,36.0,
4433,Ana Rodríguez,usuario4433@hotmail.com,,20,F,Santa Marta,Ropa,31770.97,4034001.88,3.0,PSE,19 Nov 2024,30 May 2022,inactivo,47.0,Occidente
4434,Jorge Martínez,usuario4434@hotmail.com,3108358316,59,FEMENINO,barranquilla,Alimentos,962260.98,,3.2,,19 Dec 2022,2024/08/02,ACTIVO,5.0,
4435,Ana Ramírez,usuario4435@yahoo.com,3122431790,54,F,BOGOTA,Ropa,96513.76,3305949.09,5.6,Efectivo,16/07/2023,2024/05/17,Pendiente,31.0,Centro
4436,María Flores,usuario4436@hotmail.com,000,desconocido,,barranquilla,Tecnología,478717.34,4555104.1,3.2,TARJETA CREDITO,01-06-2020,18-04-2024,Inactivo,26.0,
4437,Andrés Gómez,usuario4437@outlook.com,3209757615,69,F,Santa Marta,Alimentos,35925.52,4042818.52,3.1,,2020-02-08,2023-05-05,Pendiente,4.0,Sur
4438,Sergio Martínez,usuario4438@yahoo.com,3102032301,51,F,Manizales,Alimentos,405468.44,2570064.67,6.7,efectivo,27-12-2021,2023-06-15,Inactivo,5.0,
4439,Carlos Gómez,usuario4439@empresa.co,3118080408,44,m,barranquilla,Tecnología,96028.7,,2.9,Nequi,16-02-2022,01-05-2023,Inactivo,23.0,Norte
4440,Diana López,usuario4440@yahoo.com,3007227257,61,Masculino,Pereira,alimentos,256100.1,4451261.22,3.1,Tarjeta Débito,31/07/2022,20/05/2020,inactivo,19.0,Centro
4441,Andrés Martínez,usuario4441@yahoo.com,3121501375,73,Femenino,Cúcuta,Electrónica,175967.09,2780024.9,8.6,Tarjeta Débito,26/02/2024,07-21-2024,ACTIVO,42.0,
4442,Natalia González,usuario4442@gmail.com,,65,M,Manizales,Ropa,159900.68,99999999.0,7.8,PSE,06-18-2024,02-09-2024,pendiente,29.0,Occidente
4443,Natalia Pérez,usuario4443@hotmail.com,3158144337,40,Male,  Cartagena  ,Ropa,338769.12,1837730.66,1.2,Tarjeta Crédito,06/01/2024,23 Mar 2021,Cancelado,29.0,Norte
4444,Paola Pérez,usuario4444@outlook.com,3121735944,,F,Bogotá,deportes,66615.86,5248690.64,4.4,Efectivo,26 Nov 2022,15 May 2021,Pendiente,17.0,Occidente
4445,Pedro González,usuario4445@yahoo.com,3003602752,51,Male,Cartagena,Alimentos,172859.82,5731091.5,5.1,Tarjeta Crédito,,18-02-2021,activo,33.0,Norte
4446,Juan Ramírez,usuario4446@empresa.co,3119627848,27,Femenino,Cali,Tecnología,256759.29,1696601.82,,Tarjeta Débito,,07/10/2022,Pendiente,10.0,Occidente
4447,Sandra Gómez,usuario4447@outlook.com,3101261354,46,,Cali,Tecnología,15281.05,,1.4,efectivo,01-22-2020,30/03/2020,pendiente,14.0,Occidente
4448,Juan González,usuario4448@gmail.com,3124984356,74,FEMENINO,CALI,Hogar,292400.45,2957659.59,4.6,Tarjeta Crédito,19 Apr 2022,08-21-2021,inactivo,2.0,Occidente
4449,Sandra Rivera,usuario4449@empresa.co,3209384905,68,Masculino,Bogotá,electronica,82161.57,4582313.24,8.4,Tarjeta Débito,11-08-2023,08/06/2021,Inactivo,9.0,Centro
4450,Sandra Rodríguez,usuario4450@gmail.com,3128544170,46,MASCULINO,Cali,alimentos,10320.52,3302970.59,8.4,pse,28-08-2023,09-27-2024,inactivo,11.0,Norte
4451,Carlos Sánchez,usuario4451@empresa.co,3108671667,74,M,Cartagena,Hogar,489354.77,,1.8,PSE,30-03-2023,12-23-2023,Cancelado,18.0,
4452,Jorge Sánchez,usuario4452@gmail.com,3019459045,59,,Cartagena,alimentos,181819.11,5154489.13,3.9,PSE,2024-09-14,,Cancelado,15.0,Centro
4453,Miguel Flores,usuario4453@empresa.co,3106662150,30,Femenino,CALI,Tecnología,27440.04,2769002.84,1.5,tarjeta débito,2022-09-07,03-18-2023,inactivo,5.0,Centro
4454,Juan García,usuario4454@gmail.com,---,23,m,Bucaramanga,Hogar,679304.82,3201518.55,9.7,Efectivo,2021-07-14,09-23-2021,ACTIVO,21.0,Occidente
4455,Luis Rodríguez,usuario4455@outlook.com,3156004447,,MASCULINO,BOGOTA,deportes,223675.14,2397331.45,7.3,tarjeta débito,05-10-2020,01-02-2024,ACTIVO,20.0,Sur
4456,Luis Flores,,3019211633,64,Femenino,Santa Marta,Hogar,,3111126.74,2.4,,06/12/2020,2024-02-08,Pendiente,38.0,Oriente
4457,Natalia Martínez,usuario4457@empresa.co,3126295406,74,F,Cúcuta,Alimentos,56475.0,2514699.01,7.2,Efectivo,29/10/2021,06-19-2024,inactivo,39.0,
4458,Luis Rodríguez,usuario4458@hotmail.com,3153275647,52,FEMENINO,Bogotá,electronica,150596.78,4167291.83,4.1,Efectivo,20/11/2022,29 Dec 2024,Cancelado,20.0,Oriente
4459,Juan Pérez,usuario4459@yahoo.com,,23,Male,Cali,Tecnología,76715.18,,1.7,PSE,,2020-01-24,Cancelado,50.0,
4460,Diana López,usuario4460@empresa.co,3007792261,37,Female,medellin,Electrónica,24556.67,2103704.37,4.3,Efectivo,26-03-2020,,pendiente,24.0,Occidente
4461,Jorge Ramírez,usuario4461outlook.com,,66,M,Barranquilla,Ropa,24509.55,4120454.98,1.8,Tarjeta Débito,23 Aug 2022,09/12/2020,activo,3.0,Norte
4462,Miguel Ramírez,usuario4462outlook.com,3114865259,19,Masculino,medellin,deportes,319472.65,-348511.09,5.6,Tarjeta Débito,03-02-2024,04-12-2021,pendiente,18.0,Sur
4463,Diana Rodríguez,usuario4463@outlook.com,3117210914,,Femenino,Manizales,Alimentos,43546.95,4172210.35,9.5,Nequi,2020-11-28,,Pendiente,13.0,Centro
4464,María Martínez,usuario4464@empresa.co,3159048196,55,MASCULINO,CALI,Alimentos,1687863.25,2640505.85,1.7,Tarjeta Débito,17/02/2022,27/01/2021,Inactivo,4.0,Norte
4465,Juan Sánchez,,3019497690,71,FEMENINO,Bogotá,alimentos,51755.76,2748325.07,0.0,tarjeta débito,16-12-2021,2022-10-01,Cancelado,28.0,Occidente
4466,Miguel Gómez,usuario4466@gmail.com,3159712982,64,Femenino,medellin,Tecnología,198414.58,4057116.1,7.6,,12-10-2021,30 Apr 2022,Inactivo,11.0,Occidente
4467,María Pérez,usuario4467@gmail.com,3126733030,50,,  Cartagena  ,Ropa,335113.38,0.0,9.1,PSE,06-07-2021,10-01-2023,inactivo,28.0,Occidente
4468,María García,usuario4468@gmail.com,3007224224,21,Female,Cali,deportes,837249.22,4695808.84,7.7,Tarjeta Crédito,05/04/2022,29-11-2023,ACTIVO,43.0,Norte
4469,Sergio Sánchez,usuario4469@outlook.com,,34,MASCULINO,  Cartagena  ,ROPA,140131.89,,3.8,TARJETA CREDITO,,2024/01/01,Cancelado,47.0,Norte
4470,Paola Pérez,usuario4470@outlook.com,3206403069,40,Femenino,Cartagena,alimentos,1151844.4,5513420.41,9.4,TARJETA CREDITO,2023-08-12,11-04-2020,pendiente,29.0,Oriente
4471,Paola Rodríguez,,3128910656,66,MASCULINO,Bogotá,Tecnología,131222.18,5551842.98,6.5,PSE,01-04-2020,2024/05/09,Activo,7.0,Occidente
4472,Ana Pérez,usuario4472@yahoo.com,3013736470,25,Female,Cali,Electrónica,134598.95,3599341.34,2.0,Tarjeta Débito,06-06-2020,13/09/2023,Cancelado,11.0,Oriente
4473,Miguel Torres,usuario4473@outlook.com,3152385726,54,Female,Cartagena,Hogar,9753.36,2373622.58,8.7,Nequi,10-25-2023,2024/09/22,Activo,22.0,
4474,Pedro López,usuario4474@gmail.com,3202795940,47,MASCULINO,BOGOTA,Ropa,552338.02,1498851.26,5.5,Tarjeta Crédito,12/08/2024,03-22-2022,pendiente,19.0,Sur
4475,Juan Torres,usuario4475outlook.com,3006771262,33,Female,Medellín,Electrónica,16601.95,2443467.25,9.4,pse,2020/07/24,2022-12-22,inactivo,24.0,Occidente
4476,Sergio Torres,usuario4476@yahoo.com,3205216029,55,F,barranquilla,electronica,165576.68,,3.1,Efectivo,04/02/2021,05-19-2021,ACTIVO,41.0,
4477,Paola Rodríguez,usuario4477@hotmail.com,3103894688,75,FEMENINO,Santa Marta,Hogar,134630.83,3377289.6,6.7,pse,2023-03-18,2024-02-19,Pendiente,18.0,Centro
4478,Laura Gómez,usuario4478@empresa.co,3009963953,60,Male,Manizales,alimentos,,3457299.97,3.5,Tarjeta Crédito,08-26-2024,09-19-2020,inactivo,23.0,Oriente
4479,Carlos González,usuario4479@hotmail.com,3017054156,56,FEMENINO,Cúcuta,Ropa,17097.93,3054630.83,8.6,Nequi,2023-11-20,2022-03-30,activo,9.0,Occidente
4480,Carlos Flores,usuario4480@gmail.com,3104309872,37,M,Santa Marta,HOGAR,573412.49,0.0,7.7,tarjeta débito,09 Nov 2020,2021/12/27,ACTIVO,9.0,
4481,Jorge Martínez,usuario4481@hotmail.com,,68,M,Manizales,Electrónica,352631.35,3983051.86,8.7,pse,24 Dec 2023,2023/06/20,inactivo,13.0,Sur
4482,Andrés Rodríguez,usuario4482@gmail.com,3123295333,54,F,Santa Marta,deportes,744146.78,4091152.93,8.9,Nequi,17/02/2020,,Activo,9.0,Sur
4483,Sandra Flores,usuario4483@gmail.com,3006339180,63,FEMENINO,Bucaramanga,HOGAR,192090.15,3393054.75,9.0,Tarjeta Crédito,2021/06/16,02/09/2022,Activo,27.0,Centro
4484,Luis Sánchez,usuario4484@yahoo.com,3017684729,65,m,Cúcuta,Alimentos,62424.2,5180683.38,3.1,efectivo,2022-01-24,04-06-2021,Inactivo,42.0,Occidente
4485,Andrés Ramírez,usuario4485@hotmail.com,,38,f,  Cartagena  ,Electrónica,,4569742.1,8.9,Tarjeta Débito,08-31-2022,03 Feb 2023,ACTIVO,,Oriente
4486,Carlos López,usuario4486@yahoo.com,3103113155,30,Femenino,barranquilla,electronica,201923.65,3688032.91,,PSE,03-04-2022,06-05-2023,Pendiente,15.0,Oriente
4487,Sandra Martínez,usuario4487@outlook.com,3009113922,41,Male,Cali,Hogar,454694.14,3933607.84,1.7,efectivo,29/02/2020,2021-01-19,inactivo,41.0,Oriente
4488,Pedro García,usuario4488@empresa.co,3209441796,27,Male,  Cartagena  ,Tecnología,297431.03,3088788.22,,pse,24/03/2022,,activo,17.0,Occidente
4489,Ana Ramírez,usuario4489@gmail.com,3113583691,71,Femenino,  Cartagena  ,Hogar,609495.78,2969999.36,3.8,pse,12/10/2023,30/01/2023,inactivo,1.0,Centro
4490,Ana Ramírez,sin_email,3105182507,23,Masculino,Santa Marta,alimentos,61230.85,2964694.12,4.5,Tarjeta Débito,06/09/2023,25-08-2020,ACTIVO,16.0,
4491,Sergio Rivera,usuario4491@yahoo.com,3157898120,0,Masculino,medellin,Tecnología,,3874649.02,7.0,pse,01/12/2023,28/05/2023,Inactivo,38.0,Occidente
4492,Miguel González,,3206175598,46,F,medellin,alimentos,13370412.5,2409956.6,5.0,Efectivo,2021/11/22,12-01-2021,activo,50.0,Oriente
4493,Pedro Gómez,usuario4493@yahoo.com,3008428120,desconocido,Female,  Cartagena  ,electronica,190929.78,2674497.33,3.8,PSE,01/01/2022,21-01-2024,ACTIVO,25.0,Norte
4494,Paola Flores,usuario4494@outlook.com,,55,FEMENINO,BOGOTA,Hogar,34680.36,-1000.0,7.2,Tarjeta Crédito,2020/04/09,16-08-2022,Activo,38.0,Norte
4495,Sandra Flores,usuario4495@yahoo.com,3156073617,67,m,Pereira,Ropa,137935.35,5453664.49,9.2,Tarjeta Débito,2020/05/21,,Pendiente,37.0,Centro
4496,María Torres,usuario4496@gmail.com,3014822009,34,M,Santa Marta,Alimentos,60033.41,1702941.99,7.7,Nequi,,29-11-2022,Cancelado,43.0,Occidente
4497,Laura Rodríguez,usuario4497@hotmail.com,3101393957,58,Masculino,  Cartagena  ,HOGAR,420038.41,3434346.09,2.0,PSE,04-17-2024,2023/11/15,activo,37.0,
4498,Carlos Torres,usuario4498@outlook.com,3151425018,46,Male,Pereira,Deportes,330543.21,4134845.52,,pse,2020/02/09,17-04-2023,ACTIVO,38.0,Norte
4499,Pedro Flores,usuario4499@hotmail.com,3152859131,49,Masculino,Manizales,alimentos,48994.96,3124992.94,7.8,tarjeta débito,2023/11/03,11-23-2023,Inactivo,2.0,
4500,Laura López,usuario4500@outlook.com,3208239495,44,Femenino,CALI,deportes,209335.59,4832928.75,8.6,Efectivo,27/07/2024,2023/10/24,ACTIVO,47.0,Centro
4501,Laura Rodríguez,usuario4501@gmail.com,3121551714,27,F,BOGOTA,Deportes,575874.78,3614989.2,6.4,Tarjeta Crédito,2023/02/18,,Activo,23.0,
4502,Pedro García,usuario4502@gmail.com,3002722898,49,MASCULINO,Medellín,Hogar,296488.73,2886793.37,5.6,tarjeta débito,29/09/2023,,activo,1.0,
4503,Luis Torres,,3102479841,26,m,Cartagena,Hogar,,4142630.88,1.9,TARJETA CREDITO,08-04-2023,28/04/2021,activo,15.0,Norte
4504,Andrés Pérez,usuario4504@yahoo.com,3109554735,50,Femenino,  Cartagena  ,Ropa,60816.38,2548803.72,1.3,,09-06-2022,2022/07/15,Pendiente,19.0,Sur
4505,Sergio Flores,usuario4505@empresa.co,3127895185,25,M,Cúcuta,electronica,268646.6,5441224.17,9.1,PSE,23 Apr 2023,28/10/2024,inactivo,10.0,
4506,Paola González,usuario4506@empresa.co,3107586725,47,Femenino,Medellín,Tecnología,617973.24,0.0,4.5,Tarjeta Crédito,2023-11-10,03-28-2023,Activo,16.0,Occidente
4507,Sergio Rodríguez,usuario4507@outlook.com,,65,f,  Cartagena  ,Alimentos,134237.94,3721251.91,5.7,Nequi,2024/03/15,16 Mar 2023,Pendiente,38.0,Sur
4508,Sandra Pérez,usuario4508@hotmail.com,3101744565,53,Female,Pereira,Ropa,11636560.5,2973175.62,5.6,Efectivo,15/11/2021,29/08/2020,Activo,50.0,Occidente
4509,Jorge Ramírez,usuario4509@hotmail.com,3151523452,25,M,Cúcuta,ROPA,616479.86,,7.6,Tarjeta Débito,05/08/2022,2020-06-26,pendiente,49.0,
4510,Diana Flores,usuario4510@hotmail.com,3129421949,44,F,Pereira,ROPA,23399.63,4305636.32,11.0,tarjeta débito,07-08-2022,09-15-2024,inactivo,1.0,Norte
4511,Juan Pérez,usuario4511@yahoo.com,3017622328,41,Male,Santa Marta,Deportes,,3073439.28,9.4,pse,13-02-2021,12-09-2022,Activo,44.0,Oriente
4512,Paola Rivera,,no tiene,20,F,medellin,Tecnología,140084.56,5861122.29,,Nequi,30 Jun 2024,23/10/2021,Pendiente,24.0,
4513,Carlos Martínez,usuario4513empresa.co,3153280216,25,Male,barranquilla,Deportes,183709.5,4942798.53,1.3,,,2022-07-16,Inactivo,9.0,Norte
4514,Laura Flores,usuario4514@empresa.co,3017321006,41,F,Bogotá,Deportes,67562.45,2701403.98,4.0,Tarjeta Crédito,,2024-07-21,Cancelado,9.0,Sur
4515,Paola Rodríguez,usuario4515@yahoo.com,3017270134,49,M,Medellín,electronica,256418.98,3421990.02,6.0,,10-28-2023,11-12-2022,Inactivo,21.0,Norte
4516,Sergio Martínez,usuario4516@hotmail.com,3208381683,,Masculino,Bucaramanga,Electrónica,19901.22,3908962.8,4.4,Tarjeta Débito,2024-06-17,04-24-2023,Cancelado,3.0,Norte
4517,Juan Pérez,usuario4517@empresa.co,3111075822,68,F,BOGOTA,Tecnología,810205.48,4733464.89,1.3,,30-05-2024,09-02-2024,activo,43.0,Oriente
4518,Pedro Rivera,usuario4518@empresa.co,3018567205,21,,BOGOTA,alimentos,780241.5,2743214.78,2.4,PSE,12-04-2024,13 Aug 2020,ACTIVO,41.0,
4519,Miguel Pérez,usuario4519@hotmail.com,3204544195,37,M,Cúcuta,Tecnología,112070.35,3001493.64,8.4,PSE,14-08-2022,16-09-2021,pendiente,28.0,Norte
4520,Andrés García,usuario4520@empresa.co,3202956868,31,f,Santa Marta,Deportes,376796.92,3652935.65,9.9,tarjeta débito,2020-01-28,06-12-2021,Cancelado,8.0,Norte
4521,Carlos Ramírez,usuario4521@gmail.com,,65,M,Santa Marta,Alimentos,74588.76,99999999.0,7.0,Tarjeta Débito,2020/01/19,2021-04-12,Inactivo,9.0,Oriente
4522,Jorge Martínez,usuario4522@hotmail.com,3106869476,25,Masculino,Bucaramanga,Ropa,149362.1,3822454.04,5.0,,2023-01-18,2021-02-06,inactivo,41.0,Sur
4523,Miguel Sánchez,sin_email,3101652547,22,f,Medellín,alimentos,138747.1,2385960.88,5.1,tarjeta débito,06-09-2024,07/10/2020,Activo,42.0,Centro
4524,Sandra Martínez,usuario4524@yahoo.com,3154544066,44,Femenino,Bogotá,HOGAR,146327.07,,3.5,Nequi,2021/10/09,2024-09-19,pendiente,37.0,Sur
4525,Luis Ramírez,usuario4525@empresa.co,3009551534,37,Male,Medellín,alimentos,384829.4,1784169.68,3.0,efectivo,,2021-12-16,activo,27.0,Sur
4526,Jorge López,usuario4526@gmail.com,3124556394,75,F,BOGOTA,HOGAR,430385.94,2789806.87,8.0,,22-01-2024,08/04/2023,Activo,10.0,Norte
4527,Sandra Pérez,usuario4527@empresa.co,3109266766,42,Masculino,Medellín,Hogar,21673.31,594221.36,3.0,PSE,18 Jul 2021,14-09-2021,Activo,2.0,Occidente
4528,Luis López,usuario4528@empresa.co,3205761234,64,,Santa Marta,Electrónica,14531.15,2034098.52,6.4,efectivo,01-01-2024,2023-01-16,Cancelado,48.0,Oriente
4529,Luis Sánchez,usuario4529@empresa.co,3119483368,26,M,CALI,Electrónica,25156.16,3935066.62,5.7,efectivo,2023-03-27,2020/04/29,inactivo,19.0,Oriente
4530,Miguel Ramírez,sin_email,3113600423,50,m,Cartagena,electronica,5218.95,3120829.28,6.7,Efectivo,28-01-2022,2020-09-13,ACTIVO,,Occidente
4531,Pedro García,,3202184905,66,m,BOGOTA,alimentos,1047158.39,-1000.0,1.9,TARJETA CREDITO,23/01/2022,03 Nov 2023,pendiente,37.0,Centro
4532,Diana García,usuario4532@gmail.com,N/A,46,MASCULINO,Cali,electronica,,3494441.58,9.8,Tarjeta Débito,03-07-2023,21-04-2024,Activo,32.0,Centro
4533,Sandra Gómez,usuario4533@hotmail.com,3155331049,64,,Bucaramanga,Alimentos,358963.08,3141648.56,2.8,,09-06-2020,10/08/2021,ACTIVO,30.0,
4534,Diana Gómez,usuario4534@yahoo.com,3114636965,69,Female,BOGOTA,electronica,96887.25,4338113.59,1.7,Nequi,03-06-2024,10 Jun 2023,inactivo,44.0,Occidente
4535,Luis González,usuario4535@hotmail.com,3114744813,57,FEMENINO,Cali,alimentos,428583.67,2514874.03,3.4,Tarjeta Débito,01 Jul 2020,28-10-2022,activo,1.0,Occidente
4536,Ana Sánchez,usuario4536@yahoo.com,3152350890,32,Female,Pereira,electronica,143663.25,4786481.95,,Efectivo,2021-04-21,09-15-2024,ACTIVO,8.0,Norte
4537,Andrés Rivera,usuario4537@gmail.com,3018383884,39,f,Cartagena,Tecnología,411117.99,3863699.48,5.7,Nequi,2024/09/14,2022/02/06,inactivo,48.0,Occidente
4538,,usuario4538@empresa.co,3158710892,60,,Bogotá,HOGAR,872330.63,3451235.99,5.0,tarjeta débito,01-06-2024,2022-10-04,inactivo,33.0,Oriente
4539,Paola Martínez,usuario4539@empresa.co,3153507272,65,f,Bucaramanga,Hogar,359783.7,3395545.44,,TARJETA CREDITO,,2022-03-07,Pendiente,36.0,Occidente
4540,Sergio Flores,usuario4540@outlook.com,3126082295,23,Female,barranquilla,ROPA,105801.23,4341628.87,7.9,PSE,03-21-2022,06 Nov 2023,inactivo,11.0,Oriente
4541,Laura García,usuario4541@empresa.co,3102447083,63,Femenino,Medellín,Deportes,208733.68,1968560.91,1.8,PSE,2020-03-11,01-09-2022,Activo,25.0,
4542,Laura Gómez,,3018149015,,MASCULINO,Manizales,deportes,,2778706.52,4.9,Efectivo,2023/02/01,,Activo,23.0,Centro
4543,Jorge González,usuario4543@yahoo.com,3116430008,67,,Cúcuta,Tecnología,165859.68,5248861.5,6.5,Tarjeta Crédito,2022/07/09,,activo,25.0,
4544,Andrés González,usuario4544@gmail.com,3125920600,53,MASCULINO,Bucaramanga,Alimentos,203950.19,2194822.31,4.6,Tarjeta Crédito,08-08-2021,15 Jan 2021,Activo,39.0,Centro
4545,Miguel Martínez,usuario4545@empresa.co,3101510187,59,f,Santa Marta,HOGAR,139124.97,1798475.14,3.2,Tarjeta Débito,06-17-2023,2020/07/05,inactivo,29.0,Centro
4546,Natalia Pérez,usuario4546@yahoo.com,3102886110,30,m,Cúcuta,deportes,75786.45,2718426.77,5.5,Efectivo,2022-06-12,26-03-2020,activo,,Norte
4547,Carlos Gómez,,3124305770,52,f,Cali,ROPA,139671.61,3216768.13,6.9,efectivo,04 Oct 2022,29 Oct 2022,ACTIVO,35.0,Centro
4548,Natalia Flores,usuario4548@gmail.com,3005450235,21,f,Medellín,ROPA,84486.79,2697784.67,9.4,Tarjeta Crédito,2024-11-07,14 Nov 2023,Cancelado,28.0,Centro
4549,Laura Rodríguez,usuario4549@gmail.com,3156167762,51,Masculino,Cúcuta,HOGAR,169280.91,2953502.92,,Nequi,01-10-2024,2022/02/28,Inactivo,16.0,Norte
4550,Sandra González,usuario4550@gmail.com,3154982484,48,F,Medellín,Ropa,211874.57,3766035.27,,Nequi,,03-01-2021,Inactivo,43.0,Norte
4551,Jorge Rivera,usuario4551outlook.com,3004191702,19,Male,BOGOTA,Electrónica,108575.6,3058634.0,8.5,,,10 Aug 2024,Pendiente,5.0,Oriente
4552,Luis Flores,usuario4552@outlook.com,3006469952,52,,Manizales,ROPA,907600.9,6450244.4,4.0,pse,07/12/2021,2022-12-13,inactivo,19.0,Oriente
4553,Jorge Gómez,usuario4553@empresa.co,3101143038,19,M,Bucaramanga,Tecnología,304213.62,2012978.13,3.2,Nequi,02-26-2023,20/10/2020,Pendiente,35.0,Oriente
4554,Jorge González,usuario4554@empresa.co,3102567168,31,Male,Cúcuta,Hogar,527224.1,2693052.88,5.3,Tarjeta Débito,28 Feb 2021,22 Feb 2023,pendiente,37.0,Norte
4555,,usuario4555@empresa.co,3203907857,63,f,Bucaramanga,Electrónica,246546.38,3301329.83,1.2,tarjeta débito,24-01-2020,23 Nov 2020,ACTIVO,21.0,Oriente
4556,Miguel González,usuario4556yahoo.com,3011099869,55,Female,Cali,Electrónica,,4551782.97,4.4,tarjeta débito,15-09-2022,19 Dec 2023,Cancelado,12.0,
4557,Andrés Gómez,usuario4557@gmail.com,3156569263,69,f,  Cartagena  ,alimentos,4132261.0,3738723.77,5.3,pse,2024/04/06,2022/11/26,inactivo,44.0,Occidente
4558,Laura Flores,usuario4558@empresa.co,3153671890,38,m,Medellín,Tecnología,474714.93,2872604.75,2.4,pse,26 May 2020,2021-09-10,Pendiente,34.0,Norte
4559,Sandra Martínez,usuario4559@gmail.com,,20,m,Cartagena,Alimentos,37112.45,2454367.01,4.3,efectivo,,19/11/2021,Pendiente,28.0,Sur
4560,Natalia Rodríguez,usuario4560@empresa.co,3121256839,19,Male,  Cartagena  ,Ropa,245484.76,0.0,7.1,tarjeta débito,16-11-2020,04-14-2020,pendiente,33.0,Sur
4561,Carlos Torres,usuario4561@outlook.com,3153513160,29,MASCULINO,Pereira,HOGAR,202721.55,5062001.12,,Tarjeta Crédito,2023-02-18,11-17-2022,pendiente,32.0,Occidente
4562,Pedro Pérez,usuario4562@hotmail.com,3208318904,73,Femenino,Cali,Alimentos,1684593.5,2063339.98,3.4,Efectivo,01-08-2020,28-09-2024,inactivo,37.0,Norte
4563,Sergio Rivera,usuario4563@gmail.com,no tiene,42,m,barranquilla,ROPA,323928.5,3695633.31,,Tarjeta Crédito,08-02-2023,2021/05/19,pendiente,50.0,Oriente
4564,Sergio González,usuario4564@outlook.com,3117977882,25,Male,Bogotá,electronica,91240.45,1272283.72,9.6,Tarjeta Débito,2022/06/21,19-02-2023,activo,46.0,Sur
4565,Diana Sánchez,usuario4565@gmail.com,3109750893,52,FEMENINO,Cúcuta,Hogar,1239724.91,3127702.52,3.9,tarjeta débito,2021/01/20,07 Apr 2024,Inactivo,28.0,Oriente
4566,Juan Sánchez,sin_email,3126458929,27,F,Manizales,electronica,,3702615.22,10.0,PSE,2023-07-08,05-31-2021,Pendiente,23.0,Oriente
4567,Jorge Torres,usuario4567@empresa.co,3016276778,67,Male,barranquilla,Hogar,78747.62,1676400.85,9.9,,2024/12/22,2024-04-25,inactivo,45.0,Norte
4568,Diana Ramírez,usuario4568@gmail.com,3004483183,37,Femenino,Bucaramanga,HOGAR,561253.83,4283411.43,7.7,tarjeta débito,09-02-2024,31/05/2024,Activo,22.0,Oriente
4569,Laura Torres,usuario4569@yahoo.com,3003510155,61,Masculino,BOGOTA,Alimentos,,3869078.57,,pse,2020/08/26,30/06/2022,Pendiente,37.0,Oriente
4570,Ana Ramírez,usuario4570@yahoo.com,,57,Female,CALI,Ropa,100983.7,5372658.36,9.3,TARJETA CREDITO,12-24-2022,2020-05-26,Pendiente,8.0,
4571,Andrés Ramírez,usuario4571@yahoo.com,3019097459,29,f,Cúcuta,HOGAR,,2736394.47,6.1,Nequi,09/05/2023,07-08-2023,inactivo,20.0,Oriente
4572,Sergio Torres,usuario4572gmail.com,3119601013,,M,Medellín,Ropa,484698.74,3293975.9,6.7,efectivo,2024-04-19,28 Oct 2023,Inactivo,47.0,Centro
4573,Luis Gómez,usuario4573@hotmail.com,3207784845,999,MASCULINO,  Cartagena  ,Electrónica,31504061.5,3865611.55,5.6,Tarjeta Crédito,14/12/2020,18-05-2020,Cancelado,46.0,Oriente
4574,Andrés García,sin_email,3012295391,27,,CALI,HOGAR,328089.4,2379602.25,4.4,TARJETA CREDITO,11/04/2022,,pendiente,16.0,Oriente
4575,Laura Rodríguez,usuario4575@gmail.com,3119224022,38,M,Manizales,HOGAR,62864.77,4490259.4,1.1,tarjeta débito,26-06-2023,11-12-2022,Inactivo,3.0,Oriente
4576,Jorge Torres,usuario4576@outlook.com,3121284210,70,Male,barranquilla,ROPA,95597.98,3304946.71,7.9,pse,2022/01/09,19/06/2024,Pendiente,,Oriente
4577,Pedro Rivera,usuario4577@hotmail.com,,21,F,Manizales,Deportes,119377.3,3307231.42,3.0,pse,2023-04-30,02 Dec 2023,Inactivo,18.0,Centro
4578,Sandra López,usuario4578@empresa.co,3201917882,66,M,Pereira,Alimentos,15937.38,3846260.04,1.2,efectivo,2021/03/04,09-07-2023,Inactivo,26.0,Norte
4579,María Ramírez,usuario4579@yahoo.com,3124557494,33,Female,barranquilla,deportes,153691.98,3162949.41,3.6,Efectivo,04-02-2024,2021/01/21,inactivo,41.0,
4580,Jorge Pérez,usuario4580@gmail.com,3205126598,66,Female,  Cartagena  ,Deportes,189236.74,2348298.27,6.5,efectivo,02/07/2022,12-11-2024,activo,15.0,Oriente
4581,Sandra González,usuario4581@outlook.com,,25,Male,Pereira,Tecnología,1173836.0,6177180.52,3.0,Tarjeta Crédito,2023-03-18,16-10-2024,Pendiente,32.0,Sur
4582,Sergio Rivera,usuario4582@gmail.com,3153060936,38,m,Cartagena,Hogar,176002.2,4973142.63,,pse,2023/03/14,04/02/2022,Inactivo,28.0,Centro
4583,Luis García,usuario4583@empresa.co,3151363217,44,f,  Cartagena  ,Alimentos,,3478113.81,7.4,Efectivo,04/02/2021,17/10/2021,Inactivo,,Centro
4584,Andrés Pérez,usuario4584@yahoo.com,3006058488,-5,Masculino,medellin,Ropa,20287.73,,9.9,,12-28-2020,07-10-2024,Inactivo,26.0,Occidente
4585,Jorge Gómez,usuario4585@hotmail.com,3201918749,32,FEMENINO,Bogotá,Deportes,167926.93,3333597.4,6.8,tarjeta débito,2024/11/22,08/01/2024,activo,13.0,Occidente
4586,Ana González,usuario4586@gmail.com,3124155972,19,MASCULINO,Bogotá,alimentos,789318.0,3340317.44,3.4,Efectivo,21/08/2023,25/04/2022,activo,12.0,Norte
4587,Laura Sánchez,usuario4587@empresa.co,3001329926,55,F,Manizales,Deportes,134683.64,3815585.42,2.4,Tarjeta Crédito,2024/03/23,24/01/2022,pendiente,13.0,Sur
4588,Paola López,usuario4588hotmail.com,3153233187,33,Female,Cali,deportes,663147.45,7091791.54,7.2,PSE,2021-02-26,2024/07/24,Cancelado,48.0,Oriente
4589,Natalia Ramírez,usuario4589@gmail.com,3003194310,59,Male,Bogotá,Hogar,915348.31,4128178.31,5.7,Tarjeta Crédito,31/10/2022,,activo,41.0,Norte
4590,Pedro Rodríguez,usuario4590@yahoo.com,3006679583,37,Male,Barranquilla,electronica,109969.32,7374601.57,2.4,efectivo,2023/10/17,2020/08/03,Cancelado,37.0,Occidente
4591,María Gómez,usuario4591@hotmail.com,3008216893,46,M,Cali,Deportes,135166.38,2269051.64,5.1,Efectivo,12/12/2022,25 May 2021,Cancelado,4.0,Oriente
4592,Luis Pérez,usuario4592@yahoo.com,3209576466,58,Masculino,medellin,deportes,91282.3,2260355.35,4.6,pse,01-26-2020,08-21-2020,Pendiente,6.0,Oriente
4593,Sandra García,usuario4593@empresa.co,3123478381,68,m,CALI,Deportes,307984.75,4553376.71,,Efectivo,2020/03/06,05-19-2024,inactivo,31.0,
4594,Sergio Rivera,usuario4594@outlook.com,3005089086,41,Masculino,Cali,Ropa,64857.04,4139296.78,1.3,TARJETA CREDITO,02-26-2021,2023/08/10,Cancelado,10.0,Occidente
4595,Luis Martínez,usuario4595@outlook.com,3015569635,28,FEMENINO,Bucaramanga,Electrónica,429403.81,1739615.69,9.6,Tarjeta Débito,08-12-2021,12/08/2024,Cancelado,35.0,Oriente
4596,Sergio Flores,usuario4596@gmail.com,3002972910,52,m,CALI,deportes,104426.58,3209919.96,,tarjeta débito,2023/01/07,19/06/2023,Inactivo,50.0,Norte
4597,María Torres,usuario4597@yahoo.com,3209113457,53,Femenino,CALI,alimentos,81243.43,2809064.79,5.2,Tarjeta Débito,07/02/2023,27 Mar 2022,ACTIVO,8.0,Occidente
4598,Laura Martínez,usuario4598@gmail.com,3103918786,18,m,barranquilla,electronica,57846.32,1548370.1,9.8,,2024/07/12,,Inactivo,33.0,Sur
4599,Miguel Flores,usuario4599@gmail.com,3124250784,71,F,Santa Marta,HOGAR,10407.42,1644492.74,4.2,tarjeta débito,2020/12/17,04/10/2023,activo,47.0,Occidente
4600,Carlos Torres,usuario4600hotmail.com,3008803264,59,Male,barranquilla,alimentos,202717.8,3177402.24,5.7,Nequi,09 Mar 2022,02-08-2023,Activo,13.0,Occidente
4601,Luis López,usuario4601@outlook.com,3202175920,18,m,medellin,alimentos,309712.2,6332401.44,8.4,Tarjeta Crédito,03 Sep 2020,17/12/2020,inactivo,13.0,Norte
4602,Luis Gómez,usuario4602@empresa.co,3012940194,999,Masculino,Bucaramanga,Tecnología,123369.08,4891841.97,5.6,Tarjeta Débito,03-03-2024,24/08/2020,activo,50.0,Norte
4603,Pedro Gómez,usuario4603@outlook.com,3127388120,34,m,CALI,ROPA,487657.79,2391639.8,7.9,tarjeta débito,2023-02-09,2020/10/28,activo,35.0,
4604,Carlos Sánchez,usuario4604@yahoo.com,3206860268,42,Femenino,barranquilla,Tecnología,185331.88,4060823.75,9.2,pse,2021/09/26,04-19-2023,Inactivo,4.0,Centro
4605,Luis Rivera,usuario4605@outlook.com,3102265084,71,f,Manizales,deportes,14217.17,986090.69,4.7,Tarjeta Débito,08-29-2021,31/12/2023,inactivo,29.0,Sur
4606,Miguel López,usuario4606@empresa.co,3112010908,55,M,  Cartagena  ,HOGAR,58596.46,5874034.32,7.4,Tarjeta Débito,19/07/2024,2022/06/28,Inactivo,29.0,Sur
4607,Ana Ramírez,usuario4607@yahoo.com,3126744617,36,m,Cali,alimentos,191870.63,3657984.63,8.6,Tarjeta Débito,06/12/2020,2020/09/15,activo,6.0,Norte
4608,Paola Torres,,3117592319,,Male,medellin,deportes,409867.03,4499784.55,2.1,PSE,29/02/2024,2023-12-08,activo,46.0,Sur
4609,Jorge López,usuario4609yahoo.com,3008265501,54,F,Santa Marta,ROPA,534722.72,3830233.02,3.6,Nequi,17-02-2021,03-01-2024,activo,7.0,Norte
4610,Ana López,usuario4610@hotmail.com,3012865745,-5,m,Cali,Electrónica,507374.59,5867357.19,6.7,Tarjeta Débito,2020-05-05,09 May 2024,activo,,
4611,Pedro Flores,sin_email,3101481514,25,Male,Santa Marta,HOGAR,238694.82,2395102.41,,PSE,2023-03-15,09/02/2021,Activo,,Oriente
4612,Juan Pérez,usuario4612@outlook.com,3154522160,64,f,Bucaramanga,alimentos,296064.9,2877954.4,8.2,Tarjeta Débito,11/01/2024,06/02/2021,ACTIVO,47.0,Oriente
4613,Jorge Pérez,usuario4613@hotmail.com,3124647427,35,Femenino,BOGOTA,Electrónica,23184.42,2027502.3,3.9,Tarjeta Débito,2021-11-04,20 Feb 2022,pendiente,42.0,Norte
4614,Andrés Martínez,usuario4614@hotmail.com,3005484662,31,Female,Cúcuta,deportes,85284.88,2811125.87,6.5,PSE,12-05-2020,30-09-2022,activo,45.0,
4615,Sergio Rivera,usuario4615@hotmail.com,3158759686,69,,Manizales,deportes,450055.29,,8.3,Efectivo,2022/04/15,03 Apr 2023,pendiente,20.0,Norte
4616,Carlos Sánchez,usuario4616@empresa.co,3102627764,61,MASCULINO,Medellín,deportes,635482.07,4588750.87,3.5,,25-04-2024,2020-12-07,pendiente,30.0,Sur
4617,Laura López,usuario4617@gmail.com,3128189831,58,Male,Cali,Hogar,127495.11,2767809.63,1.1,tarjeta débito,06-03-2020,09-24-2022,Pendiente,27.0,Sur
4618,Diana Ramírez,usuario4618@hotmail.com,,66,Femenino,Medellín,electronica,170952.2,3774349.07,9.8,Efectivo,2024/11/09,10-13-2021,Pendiente,49.0,Occidente
4619,,usuario4619@hotmail.com,3018963286,35,F,Bucaramanga,Deportes,260854.18,4567685.87,2.3,Tarjeta Crédito,04-27-2024,17/08/2021,Pendiente,37.0,Sur
4620,Carlos García,usuario4620@gmail.com,3121471429,38,Male,Manizales,Alimentos,502891.32,3843336.99,8.5,Tarjeta Débito,2023-10-31,30 Jan 2022,Activo,,Occidente
4621,,usuario4621@gmail.com,3103617910,47,f,Santa Marta,alimentos,24139.58,1858608.06,1.6,TARJETA CREDITO,09/05/2022,26-11-2023,Inactivo,22.0,Centro
4622,Carlos López,,3012392703,39,Female,Bucaramanga,ROPA,392204.89,1413504.5,3.1,pse,20/02/2020,24-08-2021,Inactivo,42.0,
4623,Paola Sánchez,usuario4623@empresa.co,3003170066,,Masculino,Bucaramanga,Alimentos,171228.32,6759946.74,,Tarjeta Débito,12-24-2024,11/09/2022,Pendiente,26.0,Occidente
4624,Natalia Rodríguez,usuario4624@gmail.com,3113897158,59,m,Bogotá,deportes,171680.34,4517359.2,3.0,Tarjeta Crédito,04 May 2020,30 Apr 2023,pendiente,35.0,Occidente
4625,Carlos Torres,usuario4625@empresa.co,---,56,Female,BOGOTA,Hogar,300389.91,3715165.14,,PSE,2024-08-06,09/12/2024,Activo,46.0,Sur
4626,Natalia Sánchez,usuario4626@yahoo.com,3129255467,75,,Cartagena,Ropa,764995.46,4498844.63,2.0,PSE,2022/10/04,06 May 2020,Pendiente,22.0,Occidente
4627,Pedro Gómez,usuario4627@outlook.com,3128615726,,Femenino,Santa Marta,alimentos,168212.53,3981472.3,7.3,Nequi,2023-02-11,2022/01/15,activo,25.0,Centro
4628,Paola Flores,usuario4628@gmail.com,3017511296,53,m,Pereira,Tecnología,164500.37,3137375.19,4.4,Tarjeta Débito,05 Apr 2024,30-12-2020,activo,10.0,Sur
4629,Luis Martínez,usuario4629@hotmail.com,3004431612,63,FEMENINO,Santa Marta,alimentos,1006660.88,4317684.0,2.1,PSE,2021/03/19,2024-02-26,Pendiente,13.0,Sur
4630,Paola Ramírez,,no tiene,43,Femenino,Bogotá,Electrónica,,,2.1,tarjeta débito,2020/03/06,13-10-2023,pendiente,49.0,Centro
4631,Laura García,usuario4631@outlook.com,3105753902,68,FEMENINO,Cartagena,alimentos,106797.72,3663623.6,7.0,Nequi,29 Nov 2020,2024/05/25,inactivo,34.0,
4632,Paola Flores,usuario4632gmail.com,3154868854,59,Masculino,CALI,alimentos,198098.0,3401041.62,4.4,PSE,15-06-2020,07/07/2022,Inactivo,34.0,Sur
4633,Sergio Martínez,usuario4633@empresa.co,3016342076,-5,f,Cúcuta,Alimentos,586098.08,3953252.58,,TARJETA CREDITO,06/06/2021,04-20-2024,Activo,26.0,Occidente
4634,Miguel Rodríguez,usuario4634@gmail.com,3119227135,70,FEMENINO,Santa Marta,Hogar,192864.67,4205721.25,8.0,Tarjeta Débito,19 Sep 2020,2022/01/29,inactivo,,Centro
4635,Natalia Flores,usuario4635@yahoo.com,3013467238,61,FEMENINO,Manizales,Tecnología,134245.42,3971838.18,-1.0,Tarjeta Débito,25 Jan 2022,2023-10-22,inactivo,40.0,Oriente
4636,Ana Pérez,usuario4636@empresa.co,3126505904,70,Femenino,barranquilla,Electrónica,286052.56,2947929.58,8.3,PSE,,2024/10/09,pendiente,46.0,
4637,Laura Flores,usuario4637@outlook.com,3012185764,56,M,CALI,Tecnología,202360.16,3003335.51,6.5,,,2020/10/12,activo,43.0,Sur
4638,Juan Ramírez,usuario4638@empresa.co,3126847391,29,MASCULINO,medellin,deportes,1160513.69,3500706.39,8.6,pse,,23 Oct 2023,Inactivo,14.0,
4639,Diana Ramírez,usuario4639@outlook.com,3014926330,69,Femenino,Bucaramanga,ROPA,188160.32,870807.92,6.9,Tarjeta Débito,02-06-2020,28/10/2021,ACTIVO,50.0,Occidente
4640,Paola Sánchez,usuario4640@yahoo.com,3102333234,18,Male,Bogotá,ROPA,213013.3,4640333.55,9.0,tarjeta débito,08-09-2023,2023-07-11,inactivo,24.0,Occidente
4641,Luis Martínez,usuario4641@yahoo.com,3102565409,41,f,Cúcuta,deportes,37584.68,,4.7,Efectivo,25/04/2020,2024/05/31,ACTIVO,44.0,Oriente
4642,Diana López,usuario4642@outlook.com,3101704739,46,f,CALI,Deportes,14729.58,3836779.18,8.0,Efectivo,20 Apr 2024,24 Jan 2021,activo,33.0,Occidente
4643,Carlos Rodríguez,usuario4643@gmail.com,3209093586,,,Cartagena,Ropa,240341.1,3681087.2,9.7,TARJETA CREDITO,2023-09-12,03-15-2020,Activo,50.0,Occidente
4644,Carlos Ramírez,usuario4644@outlook.com,3019524729,66,MASCULINO,Cali,ROPA,80415.51,,1.7,TARJETA CREDITO,2020/10/01,08/06/2024,Cancelado,25.0,Oriente
4645,Carlos Rodríguez,usuario4645@hotmail.com,3002873293,63,F,medellin,Alimentos,155703.87,3429051.95,-1.0,Tarjeta Débito,2020-05-25,02-15-2023,pendiente,50.0,Sur
4646,Miguel González,,3128451228,23,,Medellín,Electrónica,328969.36,4769980.25,2.0,,2021/11/12,08-02-2020,activo,33.0,Centro
4647,Carlos Torres,usuario4647@outlook.com,,58,Female,Pereira,Hogar,20711.62,0.0,8.7,Nequi,10 Jun 2022,14-03-2020,Cancelado,6.0,Oriente
4648,Jorge Sánchez,usuario4648@hotmail.com,3126593620,63,M,medellin,Ropa,266905.87,2680924.89,3.8,PSE,27-03-2024,27 Jun 2024,Pendiente,,Norte
4649,María Ramírez,usuario4649@yahoo.com,,49,Male,Cúcuta,electronica,19093.14,5279886.81,4.1,,10-04-2020,23/03/2024,ACTIVO,45.0,Centro
4650,Carlos Ramírez,usuario4650@gmail.com,3019848324,20,M,  Cartagena  ,deportes,242748.51,4006073.13,0.0,tarjeta débito,04/10/2021,10-15-2024,ACTIVO,18.0,Centro
4651,Natalia López,usuario4651yahoo.com,3152682167,75,MASCULINO,Cali,Ropa,6262393.0,3306182.39,6.7,Tarjeta Débito,05-11-2022,18-08-2024,Inactivo,5.0,Sur
4652,Juan López,usuario4652@empresa.co,3013156555,56,Femenino,Medellín,electronica,51082.92,5301657.25,6.3,Nequi,03-07-2021,2020-12-09,pendiente,34.0,
4653,Natalia Pérez,usuario4653@gmail.com,3017699171,30,,Manizales,alimentos,69818.27,2682687.28,,Tarjeta Débito,2020-10-15,12-28-2024,Pendiente,6.0,Norte
4654,Ana González,usuario4654@outlook.com,,58,m,Manizales,Hogar,239961.02,2171661.61,1.3,Tarjeta Débito,2022-10-08,2023/09/02,Pendiente,44.0,Sur
4655,Luis Martínez,usuario4655@empresa.co,3014803888,73,Masculino,  Cartagena  ,Ropa,210147.98,4632391.42,1.0,tarjeta débito,03-20-2023,2023-03-16,pendiente,50.0,Sur
4656,Sandra González,usuario4656@outlook.com,3127720849,50,f,Pereira,Deportes,8431505.0,3233249.9,8.1,,2024-10-19,2024-05-23,activo,19.0,
4657,Carlos Rivera,usuario4657outlook.com,3017743661,53,Male,Manizales,Hogar,115880.76,,9.1,PSE,28-09-2023,2021/01/30,Cancelado,27.0,Centro
4658,Laura Rodríguez,usuario4658@yahoo.com,3008558182,65,FEMENINO,barranquilla,Electrónica,283950.02,1832423.95,3.7,Nequi,23-12-2023,2022-10-16,Pendiente,44.0,Centro
4659,Luis González,usuario4659@yahoo.com,3159427533,61,Female,Cúcuta,electronica,252163.51,5126654.51,5.1,TARJETA CREDITO,22-01-2022,14 Nov 2022,inactivo,15.0,Oriente
4660,Paola Sánchez,usuario4660@outlook.com,,29,FEMENINO,Manizales,deportes,746937.49,3839623.94,1.2,Tarjeta Débito,2021/09/30,12-29-2022,Inactivo,22.0,Oriente
4661,Jorge Rivera,usuario4661hotmail.com,3015811253,0,FEMENINO,Manizales,ROPA,2156514.62,5164521.4,8.3,,2020-12-11,16 Aug 2021,ACTIVO,8.0,Centro
4662,Juan López,usuario4662@gmail.com,3208208729,26,Masculino,Medellín,Ropa,375919.1,-1000.0,9.2,Efectivo,19/05/2022,25/08/2020,Cancelado,5.0,Oriente
4663,Sandra Rivera,usuario4663@outlook.com,3121036907,54,MASCULINO,  Cartagena  ,ROPA,29125.11,3255419.59,5.3,tarjeta débito,01/01/2024,21/09/2021,inactivo,13.0,Oriente
4664,Ana Rivera,usuario4664@empresa.co,3001803721,74,Masculino,Manizales,Electrónica,22350.56,4084192.84,2.4,efectivo,13 May 2021,05 Jul 2024,Cancelado,14.0,Centro
4665,,usuario4665@outlook.com,3005046795,68,f,Bucaramanga,electronica,333371.11,2609538.62,9.8,Tarjeta Débito,25 Dec 2020,2024/08/08,activo,42.0,Sur
4666,Miguel Torres,usuario4666@hotmail.com,3159467258,72,,Cúcuta,Electrónica,137401.16,3732341.8,8.1,Tarjeta Débito,12/06/2022,08-26-2022,activo,33.0,Centro
4667,Diana Sánchez,usuario4667@outlook.com,3005539899,62,FEMENINO,CALI,electronica,69195.39,2673946.7,3.4,tarjeta débito,,2023/01/14,ACTIVO,10.0,
4668,Laura Pérez,usuario4668@yahoo.com,3111034920,57,MASCULINO,  Cartagena  ,Tecnología,195967.69,2170981.45,8.7,tarjeta débito,18/12/2024,07/10/2020,inactivo,10.0,Centro
4669,Andrés Rivera,usuario4669@gmail.com,,53,Masculino,Barranquilla,Electrónica,43408.33,3692836.21,3.4,efectivo,2021-01-23,12-09-2023,inactivo,20.0,Norte
4670,María Martínez,usuario4670@yahoo.com,3005236718,18,Masculino,Bogotá,Hogar,293668.4,4558593.58,6.2,pse,31-07-2023,18-02-2021,Inactivo,29.0,Oriente
4671,Diana Rivera,usuario4671@empresa.co,3016542262,59,Female,barranquilla,electronica,11900.84,,5.7,pse,09-06-2023,,Pendiente,17.0,Occidente
4672,Miguel Rodríguez,usuario4672@outlook.com,3153672000,59,FEMENINO,BOGOTA,Ropa,419080.44,1947385.87,,pse,09-28-2021,09-02-2023,Activo,2.0,Oriente
4673,Andrés Flores,usuario4673@empresa.co,,150,Male,Bogotá,HOGAR,12696.04,2753632.66,3.2,tarjeta débito,09-09-2023,2020/10/13,inactivo,30.0,Norte
4674,Laura Martínez,usuario4674@empresa.co,3011911884,44,Masculino,Pereira,Hogar,83343.73,4360253.09,3.1,Tarjeta Crédito,28 Jun 2021,2024-04-17,Activo,,Oriente
4675,Sergio Pérez,usuario4675@outlook.com,3209221236,61,m,Medellín,HOGAR,79166.38,3758123.42,10.0,Nequi,19 Oct 2020,09/01/2021,Activo,3.0,Norte
4676,Ana García,usuario4676@gmail.com,3006506063,49,Male,BOGOTA,ROPA,32226.52,2334791.62,2.7,PSE,03 Mar 2024,,pendiente,2.0,Occidente
4677,Diana Sánchez,usuario4677@yahoo.com,3002786996,66,Female,Manizales,Electrónica,51699.02,3073988.32,9.7,TARJETA CREDITO,21 Jun 2022,2023-10-01,activo,43.0,Norte
4678,Diana Gómez,usuario4678@outlook.com,3104678021,,F,Manizales,Deportes,475711.87,,,efectivo,18-09-2021,19/02/2024,inactivo,29.0,Sur
4679,Laura Flores,usuario4679@outlook.com,,21,Male,Santa Marta,Tecnología,244110.87,4377979.81,1.2,PSE,2020/08/06,2023/04/18,pendiente,42.0,Sur
4680,Pedro Pérez,usuario4680@yahoo.com,3008204591,44,Masculino,BOGOTA,Electrónica,2481909.5,4290352.7,7.8,,30/08/2020,13 Oct 2020,Activo,34.0,Oriente
4681,Diana Flores,usuario4681@hotmail.com,3206791350,38,m,Cúcuta,Electrónica,,3397963.6,3.1,PSE,09-08-2020,04-27-2022,Pendiente,36.0,Sur
4682,Laura Martínez,usuario4682@hotmail.com,3012232884,,f,barranquilla,HOGAR,2472640.5,3408589.74,,Nequi,06-02-2022,,inactivo,21.0,Norte
4683,María García,usuario4683@yahoo.com,,23,f,Cartagena,Ropa,126663.84,6114397.65,1.4,tarjeta débito,11 Sep 2021,28 Jun 2022,pendiente,15.0,Occidente
4684,Andrés López,usuario4684@hotmail.com,3104313705,69,Femenino,Cartagena,deportes,132451.05,3090569.6,9.5,,2024-10-26,2021/05/20,Pendiente,44.0,Oriente
4685,,usuario4685@hotmail.com,3155924238,,FEMENINO,Cartagena,HOGAR,15056.77,1541825.15,7.2,tarjeta débito,,2021-08-21,Inactivo,30.0,Norte
4686,Sandra Rodríguez,usuario4686@hotmail.com,3015129013,62,Masculino,Bucaramanga,Alimentos,527989.0,2687847.68,,Efectivo,28/08/2020,05 Nov 2022,ACTIVO,45.0,Norte
4687,Paola Rivera,usuario4687@hotmail.com,3154529819,22,m,  Cartagena  ,Alimentos,99999.41,2794456.61,,PSE,12 Dec 2023,2021-02-20,inactivo,,Norte
4688,Natalia González,usuario4688@empresa.co,3116835590,30,Masculino,barranquilla,Tecnología,,3191554.5,4.7,Tarjeta Débito,2020/01/27,09/06/2020,Activo,37.0,
4689,María Martínez,usuario4689@gmail.com,3102608889,37,M,Medellín,Alimentos,768888.21,3636880.1,4.7,pse,17 Jan 2024,2020/09/29,Activo,33.0,Centro
4690,,usuario4690@empresa.co,3124008005,desconocido,M,BOGOTA,HOGAR,104022.61,2471910.34,11.0,pse,,14 Dec 2023,pendiente,,Centro
4691,Luis Torres,usuario4691@empresa.co,3206202237,48,Female,barranquilla,Hogar,44277.92,4191019.81,1.3,Nequi,06-14-2020,10-08-2022,Inactivo,15.0,Occidente
4692,Sandra Pérez,usuario4692@yahoo.com,3122369438,19,Masculino,barranquilla,Alimentos,472061.9,2457530.55,1.2,Efectivo,18 Sep 2021,27 Jan 2022,Activo,48.0,Sur
4693,Carlos García,,3126606074,58,,BOGOTA,HOGAR,154034.66,5344660.97,3.6,Nequi,2022-03-14,03-27-2024,activo,43.0,Norte
4694,Jorge Sánchez,usuario4694@hotmail.com,3112920377,71,Female,Manizales,Tecnología,216352.34,3598279.19,5.2,Nequi,2022-08-11,30-03-2023,ACTIVO,9.0,
4695,Juan Pérez,usuario4695@gmail.com,3107799732,24,Female,CALI,Tecnología,69110.52,3858169.43,6.1,TARJETA CREDITO,2021/10/16,2021/05/02,pendiente,,Sur
4696,Laura Gómez,usuario4696@hotmail.com,3209941881,39,MASCULINO,Bogotá,Tecnología,465392.75,4350135.95,6.7,efectivo,2022/01/27,2021-12-07,Activo,39.0,Sur
4697,Paola Torres,usuario4697empresa.co,3158384828,70,,Barranquilla,Electrónica,29590.47,3288607.6,6.3,TARJETA CREDITO,12-29-2020,22-03-2021,activo,29.0,Occidente
4698,Juan Martínez,usuario4698@empresa.co,3205061383,68,,Bogotá,Electrónica,153437.45,2913955.37,5.7,efectivo,,2022/06/27,Activo,20.0,Oriente
4699,Carlos Gómez,usuario4699@gmail.com,3008145596,22,,Barranquilla,ROPA,512772.41,4228036.47,9.1,,2022-04-04,,pendiente,25.0,Oriente
4700,Miguel González,usuario4700@outlook.com,3018879090,57,Female,Pereira,electronica,544045.11,1313368.04,8.3,Nequi,,24/10/2024,activo,19.0,Occidente
4701,María Ramírez,usuario4701@yahoo.com,3016000818,24,f,medellin,electronica,373868.71,4276267.87,,pse,14/12/2022,2021/04/04,Activo,35.0,Occidente
4702,Laura Sánchez,usuario4702@gmail.com,3019645261,55,Masculino,medellin,ROPA,21890.2,3529860.72,,PSE,29/01/2021,2022-11-22,inactivo,,Norte
4703,Diana Gómez,usuario4703@empresa.co,3006377946,21,Male,Santa Marta,Deportes,21266.93,2510112.73,8.2,TARJETA CREDITO,2020/01/10,2022-12-19,pendiente,16.0,Centro
4704,Ana Gómez,usuario4704@yahoo.com,3008536373,42,M,Manizales,Alimentos,171790.7,2189586.59,,tarjeta débito,09-06-2022,2020-11-24,ACTIVO,46.0,
4705,Andrés Sánchez,usuario4705@gmail.com,3123127370,72,FEMENINO,Barranquilla,Deportes,136037.48,99999999.0,,,05/04/2024,12-14-2023,inactivo,15.0,Occidente
4706,Natalia García,usuario4706@empresa.co,3012979582,68,M,barranquilla,electronica,256648.02,893121.57,9.6,Tarjeta Débito,2023-03-09,29/11/2024,pendiente,12.0,Occidente
4707,Carlos Sánchez,,3002416147,69,FEMENINO,Barranquilla,HOGAR,574451.7,3133096.8,6.9,Efectivo,10-02-2023,,Cancelado,49.0,
4708,Jorge Rivera,usuario4708@hotmail.com,3116311461,37,,barranquilla,Ropa,39090.84,2327218.67,9.2,pse,07-08-2022,08 May 2021,inactivo,29.0,Occidente
4709,Paola López,usuario4709empresa.co,3002531103,45,FEMENINO,Cúcuta,deportes,362659.48,2987731.17,8.3,,2021/06/28,2021/09/08,activo,8.0,Norte
4710,Jorge Gómez,usuario4710@outlook.com,3209166648,desconocido,F,Medellín,alimentos,137485.27,3777461.02,9.4,Nequi,01-12-2023,08/12/2020,Activo,4.0,Occidente
4711,Jorge Rivera,usuario4711@empresa.co,,-5,Male,Medellín,Alimentos,95140.22,4622592.83,1.9,efectivo,12/05/2021,2023-04-09,ACTIVO,4.0,Oriente
4712,Andrés Rivera,usuario4712@yahoo.com,3151612293,42,Male,Bucaramanga,Hogar,723143.3,99999999.0,1.7,TARJETA CREDITO,2022/12/12,2023-03-29,Inactivo,20.0,Sur
4713,María Ramírez,usuario4713@empresa.co,3105109976,57,F,Santa Marta,deportes,310500.92,2284192.25,7.3,Tarjeta Crédito,24 Jan 2023,,activo,34.0,Sur
4714,Andrés Martínez,usuario4714@outlook.com,3201376026,32,f,CALI,ROPA,562827.15,2937419.01,1.5,Tarjeta Débito,09-15-2024,2024/04/22,Cancelado,4.0,
4715,,usuario4715@empresa.co,3117565096,68,Male,Cartagena,Ropa,1010464.03,3071845.17,,Tarjeta Crédito,2024/01/26,2022/08/22,Cancelado,,
4716,Pedro Torres,usuario4716@yahoo.com,3123096963,18,f,Barranquilla,Alimentos,81003.35,2403904.13,2.5,Efectivo,20/09/2021,10-07-2024,Cancelado,3.0,Occidente
4717,Carlos Rivera,usuario4717@outlook.com,3015601820,47,Male,barranquilla,Deportes,836064.67,3505356.46,11.0,tarjeta débito,2020-05-20,11-08-2024,Pendiente,17.0,Occidente
4718,Luis Martínez,usuario4718@hotmail.com,3101134634,74,Masculino,medellin,Alimentos,195329.36,1433104.46,9.5,efectivo,2022/02/04,17 Dec 2021,activo,50.0,Occidente
4719,Ana Martínez,usuario4719@outlook.com,3019929567,24,Masculino,Bogotá,Tecnología,264981.69,3681926.0,4.0,tarjeta débito,02/01/2023,2022/03/13,pendiente,28.0,Occidente
4720,Ana Torres,usuario4720@outlook.com,3103836700,61,FEMENINO,Medellín,Alimentos,27114.27,1648447.27,5.0,,2024/09/16,01/11/2023,Cancelado,11.0,Occidente
4721,Natalia Gómez,sin_email,3006548747,47,Female,Barranquilla,Tecnología,1764238.4,0.0,3.1,Tarjeta Crédito,10-16-2020,,pendiente,21.0,Centro
4722,Jorge López,usuario4722@empresa.co,3009522983,55,Femenino,  Cartagena  ,Alimentos,401295.04,4981314.82,3.7,pse,16-08-2024,2021-07-20,inactivo,30.0,Occidente
4723,Natalia Sánchez,usuario4723@hotmail.com,3103119889,24,f,Medellín,ROPA,366721.39,5667164.8,4.7,pse,09-12-2021,26/08/2023,Pendiente,28.0,
4724,Juan Martínez,usuario4724@gmail.com,3128853748,,MASCULINO,Barranquilla,Ropa,84779.1,2424394.95,4.1,Tarjeta Débito,25-09-2022,19-12-2023,Pendiente,,Centro
4725,Luis López,usuario4725@gmail.com,3118949650,55,Masculino,Cartagena,ROPA,100421.97,3438673.6,3.1,TARJETA CREDITO,,28-10-2020,pendiente,34.0,
4726,Ana Ramírez,usuario4726@empresa.co,3017894001,30,f,Santa Marta,alimentos,545047.76,1334310.63,5.3,TARJETA CREDITO,,06/03/2021,inactivo,15.0,Sur
4727,Paola Rivera,usuario4727@outlook.com,3014513809,26,f,Manizales,Hogar,359923.69,209520.83,8.4,Tarjeta Crédito,20 Oct 2023,07-03-2023,inactivo,45.0,Occidente
4728,Sergio López,usuario4728@empresa.co,3013647705,34,Female,  Cartagena  ,Hogar,83484.29,3441357.0,4.2,tarjeta débito,2022-04-12,16-01-2023,ACTIVO,4.0,Sur
4729,María González,usuario4729@hotmail.com,3204042978,48,F,Cartagena,ROPA,20324.33,3508619.97,8.9,Efectivo,2024/02/09,04 Jul 2024,inactivo,43.0,Centro
4730,Luis González,usuario4730@outlook.com,no tiene,46,MASCULINO,Cali,ROPA,263685.36,3326891.18,3.8,Tarjeta Crédito,2021-09-12,09-10-2024,pendiente,,Sur
4731,Laura García,usuario4731@hotmail.com,3102389297,26,f,Cali,Electrónica,386111.13,4102258.08,6.3,PSE,23/08/2024,05/11/2022,pendiente,4.0,Norte
4732,Carlos Flores,usuario4732@yahoo.com,3156210909,21,m,Manizales,electronica,66642.98,5410722.0,6.6,TARJETA CREDITO,2021-12-27,27-02-2023,pendiente,10.0,Norte
4733,Paola González,usuario4733@outlook.com,,55,Femenino,Cartagena,Hogar,395965.16,,2.9,PSE,,28/01/2020,Pendiente,5.0,Sur
4734,María Torres,sin_email,3008282218,59,m,CALI,HOGAR,84663.05,0.0,2.0,efectivo,,08-10-2020,Activo,2.0,Centro
4735,Juan García,usuario4735@hotmail.com,3203158614,37,Female,Cúcuta,deportes,231543.89,5674722.59,5.3,PSE,01-21-2022,21-12-2023,Pendiente,44.0,Norte
4736,Sandra Rodríguez,usuario4736@empresa.co,3118837729,52,MASCULINO,  Cartagena  ,Deportes,360169.34,3653058.34,3.1,Efectivo,,03 Feb 2021,ACTIVO,5.0,Oriente
4737,Natalia Rodríguez,usuario4737@empresa.co,3012154107,27,FEMENINO,Cúcuta,Deportes,3915808.0,4119040.91,2.9,Efectivo,2020-05-03,24 Aug 2021,Cancelado,16.0,Oriente
4738,Carlos González,usuario4738@yahoo.com,3158059326,56,M,barranquilla,electronica,50053.68,4468791.46,3.7,Nequi,14/08/2020,07-10-2020,Pendiente,33.0,
4739,,usuario4739@yahoo.com,3205679528,41,Female,Barranquilla,Alimentos,33422.69,4298446.66,9.2,TARJETA CREDITO,2022-11-02,09-15-2024,ACTIVO,43.0,Norte
4740,Miguel García,usuario4740@hotmail.com,3112463570,51,,Bucaramanga,Deportes,784970.82,2865451.79,5.5,efectivo,18-03-2023,04 Mar 2024,Inactivo,10.0,Norte
4741,Carlos Flores,usuario4741@hotmail.com,3107643704,61,FEMENINO,Cali,deportes,536142.84,,9.4,Tarjeta Débito,2020-07-24,2024-10-20,Cancelado,41.0,Occidente
4742,Miguel López,usuario4742@gmail.com,3119448484,33,Femenino,Cartagena,Tecnología,11835.56,3023920.08,7.7,Tarjeta Débito,08-05-2024,2022/04/29,activo,6.0,Occidente
4743,Carlos Rivera,usuario4743@yahoo.com,3116553760,71,Male,medellin,Electrónica,256293.29,3824388.2,4.1,,05/01/2020,05-25-2020,activo,43.0,Centro
4744,,usuario4744@gmail.com,3203506965,21,Female,Medellín,Tecnología,56505.85,3526649.48,8.7,tarjeta débito,17-11-2020,07-29-2024,Activo,30.0,Sur
4745,Paola Torres,usuario4745@empresa.co,3116677180,30,Femenino,Cartagena,electronica,43342.62,,3.2,pse,11/06/2022,2024/11/30,Inactivo,43.0,Occidente
4746,Sergio Sánchez,usuario4746@hotmail.com,3107447922,58,,Barranquilla,Deportes,371304.55,3218570.65,8.8,Tarjeta Débito,20/07/2021,01-30-2021,Activo,24.0,Sur
4747,Andrés Torres,usuario4747@hotmail.com,3154388934,68,Female,Cúcuta,Ropa,664384.97,2704549.88,4.5,pse,2020/11/02,15 Dec 2021,pendiente,14.0,Sur
4748,Laura Torres,usuario4748@gmail.com,3158749932,0,F,Santa Marta,Hogar,552566.32,1160722.28,1.8,Efectivo,24 Jan 2021,2024/03/23,Activo,,Occidente
4749,Juan Martínez,,000,62,,barranquilla,Alimentos,126355.11,3529000.55,9.9,tarjeta débito,2023-01-13,13/07/2023,activo,10.0,Oriente
4750,Natalia Ramírez,usuario4750@empresa.co,3004232242,47,F,Cartagena,Hogar,202615.78,3575553.66,3.5,efectivo,23/06/2020,,Activo,20.0,Sur
4751,Jorge Pérez,usuario4751@outlook.com,3012882416,39,Masculino,Bogotá,alimentos,70158.32,,2.1,PSE,12-09-2022,09 May 2024,ACTIVO,22.0,
4752,Laura Gómez,usuario4752@outlook.com,3109482034,54,Male,Medellín,Ropa,90371.03,5407466.07,9.3,efectivo,06-08-2024,02 Mar 2021,Inactivo,36.0,Norte
4753,Miguel González,usuario4753@gmail.com,3157848653,57,F,Bogotá,electronica,113120.53,4402850.04,9.4,,29 Mar 2020,,pendiente,19.0,Oriente
4754,Juan Flores,usuario4754@yahoo.com,3012733654,39,F,Cartagena,Hogar,114041.57,,4.3,Nequi,2021/11/09,28/10/2022,pendiente,31.0,
4755,,usuario4755@empresa.co,3013032186,47,M,  Cartagena  ,electronica,639990.37,4101519.33,1.9,pse,2021-03-14,2022-02-08,Activo,5.0,Sur
4756,Diana López,usuario4756@gmail.com,3018711777,20,F,BOGOTA,alimentos,488397.85,2574115.67,8.4,Tarjeta Débito,10-12-2021,2022-01-10,Activo,42.0,Centro
4757,Laura Martínez,usuario4757@gmail.com,3128018056,18,Male,Santa Marta,deportes,169588.34,1460272.02,2.1,tarjeta débito,03-07-2023,23-12-2023,Inactivo,16.0,
4758,Natalia Ramírez,usuario4758@empresa.co,3109352661,62,M,Santa Marta,electronica,74350.11,3770915.21,2.1,Tarjeta Crédito,2022/04/16,08/08/2020,Pendiente,41.0,
4759,Pedro Martínez,usuario4759@outlook.com,3012754938,57,F,Bogotá,Hogar,291519.23,5735870.76,1.2,TARJETA CREDITO,2023-01-17,01-16-2023,pendiente,20.0,Sur
4760,Miguel Martínez,usuario4760@outlook.com,3125931677,48,Femenino,Manizales,deportes,146481.0,3942133.95,6.3,pse,,25-05-2021,ACTIVO,8.0,Centro
4761,Luis García,usuario4761@gmail.com,3202369785,70,,Cartagena,Deportes,491589.98,3191719.21,9.4,Tarjeta Débito,2024/08/06,08-13-2020,Activo,35.0,Sur
4762,Sergio Pérez,usuario4762@yahoo.com,3115195216,65,Male,Cartagena,electronica,357515.86,3733086.19,3.4,Tarjeta Crédito,19-12-2022,10-05-2020,pendiente,16.0,Sur
4763,Jorge Rodríguez,usuario4763@yahoo.com,3156677969,43,,Santa Marta,Tecnología,451809.57,3611543.96,2.9,PSE,,2022/05/27,pendiente,,
4764,Diana Torres,usuario4764@hotmail.com,3002815541,18,,Santa Marta,electronica,140990.04,1352756.54,7.2,PSE,28-04-2021,12/12/2022,Pendiente,10.0,Norte
4765,Paola González,sin_email,3157166881,22,M,Bogotá,deportes,123378.04,4756970.53,1.9,pse,2022-07-30,17-10-2023,Pendiente,41.0,Sur
4766,Carlos Gómez,usuario4766@hotmail.com,3007264533,53,f,Medellín,Alimentos,613175.18,2351539.65,9.8,efectivo,25 Mar 2024,2020/04/05,pendiente,12.0,Norte
4767,Ana Rivera,usuario4767@gmail.com,3113014391,36,,Cúcuta,HOGAR,416568.61,3721501.09,4.2,Tarjeta Crédito,2024-05-20,12-19-2024,Inactivo,46.0,Centro
4768,Sergio Ramírez,usuario4768@hotmail.com,3203547454,58,Masculino,Cali,Tecnología,155369.44,4578508.89,,TARJETA CREDITO,17/10/2020,24/06/2024,Pendiente,13.0,Oriente
4769,Ana Rodríguez,sin_email,3014874530,66,M,  Cartagena  ,Ropa,205833.46,5178898.63,6.4,TARJETA CREDITO,27/03/2023,2023-12-23,Activo,27.0,Occidente
4770,Carlos González,usuario4770@hotmail.com,3153838265,19,MASCULINO,Manizales,electronica,171206.57,3705721.94,7.0,PSE,04-09-2024,25-02-2022,Cancelado,11.0,Oriente
4771,Jorge Sánchez,usuario4771yahoo.com,,36,Femenino,Pereira,Tecnología,38918.74,2583930.97,8.6,Tarjeta Crédito,2021/02/28,2020-10-02,Activo,37.0,Norte
4772,Ana Sánchez,usuario4772@outlook.com,3128091284,74,f,Barranquilla,Ropa,225122.47,3693094.51,100.0,pse,07 Oct 2023,26 Mar 2022,Pendiente,33.0,Oriente
4773,Ana Rodríguez,usuario4773@hotmail.com,3015173249,29,FEMENINO,Manizales,electronica,89754.21,3097414.71,7.7,Nequi,2021-06-29,21/04/2023,Cancelado,22.0,Centro
4774,Laura Rivera,usuario4774@hotmail.com,3204859927,53,Masculino,medellin,Deportes,442006.36,1533279.59,4.3,,2022-12-24,07-02-2021,Cancelado,40.0,
4775,Ana Gómez,usuario4775@empresa.co,3154013539,30,,BOGOTA,alimentos,1362177.52,2612154.01,8.5,pse,2023-12-23,25/10/2023,activo,49.0,Centro
4776,Andrés González,usuario4776@empresa.co,3013615366,,m,Santa Marta,Hogar,45349.13,2089720.23,4.0,PSE,03 Nov 2021,23/05/2024,Activo,48.0,
4777,Sandra Rivera,usuario4777@outlook.com,3119979177,24,Femenino,Pereira,ROPA,571105.81,3616807.61,2.6,Nequi,08-28-2021,2024-11-29,pendiente,49.0,
4778,Carlos Gómez,usuario4778@gmail.com,3129350661,,m,Cali,electronica,72142.15,1939117.74,1.1,Tarjeta Crédito,2024/09/11,03-07-2020,pendiente,26.0,Centro
4779,Laura Torres,usuario4779@gmail.com,3107509780,42,m,  Cartagena  ,Hogar,604019.91,5192294.9,8.1,PSE,2023/05/01,2023-12-31,pendiente,43.0,Norte
4780,Juan Ramírez,usuario4780@outlook.com,,74,M,Santa Marta,Ropa,5104.09,1554260.09,2.0,Nequi,01-03-2024,16/09/2020,ACTIVO,5.0,Occidente
4781,Luis Pérez,usuario4781@outlook.com,3155076248,31,m,CALI,deportes,59494.96,3993011.09,1.5,efectivo,2023/12/28,2023-04-11,pendiente,30.0,Norte
4782,Miguel Rivera,usuario4782@empresa.co,3125722886,33,Male,medellin,Hogar,240674.08,2652183.61,4.8,tarjeta débito,30 Dec 2020,10-23-2022,activo,6.0,Norte
4783,Natalia Flores,usuario4783@outlook.com,3127261813,41,Female,Cali,Hogar,130542.91,99999999.0,8.6,Efectivo,06/07/2024,2023/07/22,Inactivo,49.0,Oriente
4784,María Pérez,usuario4784@empresa.co,3125105916,51,M,CALI,ROPA,38475.81,866715.77,6.1,pse,2024/05/17,06-22-2022,Inactivo,16.0,Sur
4785,Sergio Torres,usuario4785@outlook.com,3013553406,57,Masculino,Bucaramanga,ROPA,379727.33,4970450.84,9.7,Tarjeta Crédito,22-11-2023,29 Oct 2021,Pendiente,16.0,Oriente
4786,,usuario4786@empresa.co,3002670626,74,F,Bogotá,electronica,85253.45,4086949.13,6.6,tarjeta débito,22/10/2020,22-08-2022,Cancelado,34.0,Centro
4787,Ana Gómez,usuario4787@gmail.com,3151234787,25,FEMENINO,BOGOTA,Alimentos,,3398353.99,-1.0,tarjeta débito,26-11-2021,24/12/2022,Activo,18.0,Occidente
4788,Jorge Pérez,usuario4788@outlook.com,3102236399,26,FEMENINO,Cúcuta,Tecnología,67075.29,3809501.9,1.0,efectivo,05-13-2021,16-06-2020,activo,33.0,Oriente
4789,Sergio Rodríguez,usuario4789@gmail.com,3121386839,30,Masculino,BOGOTA,Electrónica,119190.54,3839368.6,6.0,PSE,09/07/2021,16 Mar 2020,pendiente,20.0,Sur
4790,Andrés Rivera,usuario4790@gmail.com,3112247670,62,M,Cúcuta,Hogar,201155.6,4468270.97,7.9,Nequi,03-09-2022,07-31-2024,pendiente,2.0,Occidente
4791,Andrés González,usuario4791@empresa.co,3109430521,56,FEMENINO,  Cartagena  ,electronica,568552.41,2496253.34,3.7,PSE,13 Dec 2022,02-01-2023,inactivo,40.0,Norte
4792,Juan Flores,usuario4792@yahoo.com,3126363191,58,m,  Cartagena  ,Deportes,,3046389.43,8.5,PSE,2024-11-21,27 Dec 2023,inactivo,,Occidente
4793,Paola López,usuario4793gmail.com,,20,m,CALI,ROPA,,3886672.95,7.9,tarjeta débito,03-10-2021,2020-01-11,pendiente,39.0,Norte
4794,Sandra Sánchez,usuario4794@hotmail.com,3207462418,55,FEMENINO,Cartagena,Ropa,25860.05,4175686.82,9.0,Nequi,08 Feb 2020,29 May 2022,inactivo,50.0,
4795,Carlos Ramírez,usuario4795@gmail.com,3018234092,52,Masculino,Cali,Alimentos,28736.82,1419435.33,6.0,tarjeta débito,25 Oct 2022,2024/01/02,Cancelado,17.0,
4796,Laura Sánchez,usuario4796@hotmail.com,3117992930,27,,Cartagena,HOGAR,16969.75,-1000.0,2.2,,2022/01/20,2022-03-27,Pendiente,34.0,Centro
4797,Sergio Gómez,sin_email,3208259232,21,Masculino,medellin,Electrónica,22999.05,4418403.78,3.0,,,17 Mar 2022,ACTIVO,24.0,Norte
4798,Miguel Pérez,usuario4798@yahoo.com,3101314468,35,FEMENINO,BOGOTA,electronica,315628.16,2135101.64,,Nequi,21 Jan 2022,,activo,,Sur
4799,María García,usuario4799@empresa.co,3206456719,72,MASCULINO,Medellín,Tecnología,204537.99,1176630.39,5.8,efectivo,2022-10-27,2021-12-27,Activo,3.0,Sur
4800,Pedro Flores,usuario4800@gmail.com,3107938830,55,,Cartagena,Deportes,208106.26,2506906.75,9.0,efectivo,2021/01/29,2024-03-13,inactivo,48.0,Centro
4801,María Torres,usuario4801@outlook.com,3012122403,31,m,Bucaramanga,Hogar,173696.83,3143836.45,9.5,PSE,30/07/2021,10-04-2021,Pendiente,47.0,Centro
4802,Miguel Flores,usuario4802@outlook.com,3113457497,68,Femenino,Cali,deportes,94417.92,2066146.81,9.9,Efectivo,2021/12/21,21/03/2021,Cancelado,20.0,Norte
4803,Sergio Rodríguez,usuario4803@outlook.com,3126560158,60,Female,barranquilla,Ropa,87394.39,3367304.69,9.4,,2020-08-17,10-26-2020,Activo,26.0,Occidente
4804,Jorge Torres,usuario4804@yahoo.com,3116457272,28,F,Cúcuta,Hogar,396029.87,,7.5,efectivo,03/03/2022,2024-10-13,activo,,Oriente
4805,María Ramírez,usuario4805@empresa.co,3115721374,66,F,  Cartagena  ,Alimentos,263132.76,5029909.98,,Tarjeta Débito,12/12/2020,28 Jul 2024,Inactivo,10.0,Norte
4806,Jorge Ramírez,usuario4806@yahoo.com,3128870121,66,FEMENINO,barranquilla,Alimentos,194626.37,2993784.05,9.9,tarjeta débito,02-19-2023,23 Apr 2023,ACTIVO,43.0,Oriente
4807,Diana Ramírez,usuario4807@outlook.com,3011068388,49,Masculino,barranquilla,electronica,37598.02,2619695.51,5.8,TARJETA CREDITO,02/05/2023,01-26-2023,Inactivo,16.0,
4808,Natalia Rodríguez,usuario4808@gmail.com,3001011614,29,Masculino,  Cartagena  ,Tecnología,48868.59,2643974.69,2.3,Tarjeta Crédito,2023-08-17,11-06-2020,pendiente,15.0,Centro
4809,Sergio Sánchez,usuario4809@empresa.co,3117999903,41,Male,Cúcuta,electronica,79336.8,5080405.79,7.8,PSE,04-23-2020,2023/03/12,Pendiente,4.0,Occidente
4810,Andrés Rodríguez,usuario4810@gmail.com,,48,Femenino,Cúcuta,ROPA,195390.57,2461012.51,9.9,pse,08-06-2023,2023/04/11,activo,12.0,Oriente
4811,Luis Martínez,usuario4811@empresa.co,3207069023,49,FEMENINO,BOGOTA,Electrónica,29963.6,2881427.43,2.1,Efectivo,,29 Jul 2022,ACTIVO,32.0,Sur
4812,Pedro Martínez,usuario4812@gmail.com,3017887443,55,f,barranquilla,Electrónica,128863.65,4078933.96,6.7,Efectivo,19-04-2021,07/02/2022,Cancelado,6.0,
4813,Carlos Pérez,usuario4813@outlook.com,3203292327,68,F,BOGOTA,Ropa,144899.72,4955217.66,7.5,efectivo,07-02-2023,14/09/2022,Activo,48.0,
4814,María Rodríguez,usuario4814@outlook.com,3112868170,20,Female,Cúcuta,Electrónica,156532.74,2254935.86,2.4,TARJETA CREDITO,25/08/2024,,Pendiente,10.0,Oriente
4815,Miguel Ramírez,usuario4815@outlook.com,3006542933,75,Male,Medellín,Ropa,548767.42,569054.05,7.9,PSE,26/11/2023,2021/09/14,pendiente,19.0,
4816,Carlos Pérez,,3115492869,73,Masculino,Cartagena,Deportes,252505.82,4234250.65,4.9,Nequi,02-19-2020,05 Jul 2021,activo,28.0,Oriente
4817,Laura Martínez,usuario4817@yahoo.com,3152069581,31,,Barranquilla,Tecnología,227333.3,2919302.67,5.6,tarjeta débito,18/04/2022,04-18-2021,Pendiente,13.0,Sur
4818,Sergio Torres,usuario4818@empresa.co,3008560110,74,,Bogotá,electronica,172946.2,4161427.25,6.6,Nequi,07-23-2021,06-06-2020,Inactivo,25.0,Centro
4819,Paola Rodríguez,usuario4819@gmail.com,3007683282,28,,CALI,Deportes,906316.2,3803069.43,4.7,PSE,2024/07/23,2020-07-21,activo,20.0,Norte
4820,Sergio González,usuario4820@yahoo.com,3016332008,41,Male,Bogotá,alimentos,319808.68,3400185.75,3.5,pse,2020/08/21,2021/07/11,Cancelado,9.0,Sur
4821,María Flores,usuario4821@empresa.co,3122790807,23,FEMENINO,Cartagena,HOGAR,343974.77,99999999.0,2.3,Tarjeta Débito,12-04-2023,05-15-2023,Activo,18.0,Centro
4822,Paola Martínez,usuario4822@hotmail.com,3003709626,23,M,BOGOTA,Hogar,199096.34,4353057.59,7.0,pse,14-12-2020,18 Jul 2020,inactivo,15.0,Sur
4823,Juan Ramírez,usuario4823@outlook.com,3003052393,51,m,Bogotá,ROPA,66223.44,2299729.67,7.6,pse,2023/03/12,27/05/2020,inactivo,41.0,Sur
4824,Carlos Gómez,usuario4824@gmail.com,3002445884,55,Male,Pereira,Deportes,,3275161.86,9.8,Tarjeta Débito,2021/08/03,2024/09/11,activo,41.0,Sur
4825,Ana Martínez,usuario4825@hotmail.com,3209960750,,f,Barranquilla,Hogar,65201.83,2368994.85,9.1,efectivo,2020-01-08,2024/04/30,Cancelado,23.0,Sur
4826,Sandra Pérez,usuario4826@empresa.co,3114256194,39,Female,barranquilla,alimentos,81542.4,4835943.42,9.0,,18 Dec 2021,2023/09/22,ACTIVO,25.0,Centro
4827,Juan Rodríguez,usuario4827@hotmail.com,3018645312,47,f,Santa Marta,Deportes,392234.73,2722760.04,8.2,,12-24-2023,03-15-2022,Pendiente,45.0,
4828,Ana García,usuario4828@empresa.co,,41,Female,medellin,HOGAR,,1972031.09,2.6,tarjeta débito,28 Nov 2020,2023/10/02,Inactivo,31.0,Sur
4829,Ana González,usuario4829@gmail.com,3129681121,38,Femenino,Santa Marta,Alimentos,769195.21,3959246.81,3.2,pse,2022-07-01,,ACTIVO,11.0,
4830,Diana Rivera,usuario4830@empresa.co,3114979446,19,Male,Pereira,Tecnología,152950.58,3263860.35,6.4,efectivo,10-14-2022,31/01/2021,ACTIVO,41.0,Sur
4831,Luis Gómez,usuario4831@empresa.co,3111792020,32,Female,  Cartagena  ,ROPA,244320.19,5550165.43,3.9,Nequi,2020/09/03,08 Apr 2021,Inactivo,41.0,
4832,Miguel López,usuario4832@yahoo.com,3004699963,22,FEMENINO,medellin,Alimentos,28401.97,4572330.28,9.4,efectivo,2021-10-04,2022-04-09,Activo,12.0,
4833,Sergio Rodríguez,usuario4833yahoo.com,3129270649,23,Male,BOGOTA,Hogar,109447.23,3129011.84,9.2,efectivo,2021/02/10,12-10-2024,Pendiente,25.0,Norte
4834,Miguel Rodríguez,usuario4834@hotmail.com,3016317804,50,FEMENINO,Cúcuta,Alimentos,43015.17,1168295.34,3.3,efectivo,09-03-2020,08/08/2024,ACTIVO,18.0,Sur
4835,Andrés Rivera,usuario4835outlook.com,3208908267,59,Masculino,medellin,deportes,58440.39,3911657.35,5.7,Efectivo,17 Jul 2020,,inactivo,34.0,Centro
4836,Luis López,usuario4836@gmail.com,3154033920,150,MASCULINO,medellin,Tecnología,28503.88,2324953.06,3.2,Nequi,06-21-2023,2020/09/29,inactivo,10.0,Norte
4837,María Rodríguez,usuario4837@gmail.com,3018341750,24,F,Santa Marta,HOGAR,127874.14,2705240.58,6.7,Tarjeta Crédito,20-07-2020,2020/06/06,Pendiente,1.0,Sur
4838,Luis Gómez,usuario4838@empresa.co,3159336737,41,Female,Cartagena,ROPA,12405.17,-1000.0,7.6,efectivo,10-17-2022,04 Nov 2022,Cancelado,14.0,Norte
4839,Carlos Rivera,usuario4839@outlook.com,3209249351,,MASCULINO,Manizales,Ropa,734665.22,4024843.75,2.0,pse,2023-08-03,05-26-2024,pendiente,50.0,Sur
4840,Jorge Ramírez,usuario4840@outlook.com,3016643140,30,Female,Bucaramanga,HOGAR,911431.17,4034650.85,2.0,tarjeta débito,30-03-2021,10-09-2023,activo,39.0,Oriente
4841,Natalia López,usuario4841@yahoo.com,3008724193,34,FEMENINO,Cúcuta,HOGAR,8274.27,,9.7,,2023-09-12,2021/08/23,Activo,1.0,Centro
4842,Andrés Pérez,usuario4842@empresa.co,N/A,70,F,Bucaramanga,deportes,145195.89,4576700.74,4.8,Efectivo,18 Apr 2022,22-04-2023,Activo,12.0,Centro
4843,Pedro Pérez,usuario4843@hotmail.com,3106585537,72,MASCULINO,Medellín,Ropa,374353.26,3553619.46,,Nequi,10 Feb 2021,2023/03/27,inactivo,,Sur
4844,María Torres,usuario4844@outlook.com,3017342088,63,Male,Santa Marta,HOGAR,307739.01,4828613.33,1.2,pse,14-08-2020,22 Oct 2021,activo,11.0,Centro
4845,María Martínez,usuario4845@outlook.com,3206205961,26,FEMENINO,Pereira,ROPA,100886.57,2972961.21,5.3,Efectivo,15/02/2021,2024-01-17,Inactivo,,Norte
4846,,usuario4846@hotmail.com,3106253109,66,FEMENINO,Bucaramanga,Hogar,170270.69,2963705.89,3.9,TARJETA CREDITO,2022-08-21,21-11-2022,pendiente,47.0,Sur
4847,Sergio Flores,usuario4847@yahoo.com,3006465767,52,f,CALI,electronica,33297.11,3894288.19,7.1,Efectivo,13 Jan 2023,2021-11-06,Activo,6.0,Norte
4848,Ana González,usuario4848@hotmail.com,3208798647,18,m,  Cartagena  ,deportes,212910.88,2752480.33,1.5,TARJETA CREDITO,2024-07-23,17 Oct 2020,inactivo,38.0,Norte
4849,Ana Pérez,usuario4849@outlook.com,3205539600,36,F,Pereira,Ropa,481008.62,4190679.19,4.5,tarjeta débito,21-09-2023,,inactivo,2.0,Sur
4850,Miguel García,usuario4850@outlook.com,3005622827,68,F,Medellín,Alimentos,581399.64,3675235.05,8.0,,07-08-2024,11-03-2021,Activo,10.0,Occidente
4851,,usuario4851@gmail.com,3103001035,43,Male,Cartagena,Deportes,39440.93,3407412.22,9.4,Tarjeta Débito,10-18-2021,12-22-2023,Pendiente,3.0,Centro
4852,Sergio Sánchez,usuario4852@hotmail.com,3155282181,66,m,Bogotá,alimentos,170409.31,3635765.64,,Nequi,06-02-2020,24/01/2023,activo,27.0,
4853,Sergio Ramírez,usuario4853@yahoo.com,3002318925,48,FEMENINO,barranquilla,Electrónica,23867.25,5574177.07,6.2,Nequi,12-08-2022,13/08/2024,Pendiente,27.0,Occidente
4854,Jorge Rivera,usuario4854@outlook.com,,66,MASCULINO,CALI,Deportes,,3755682.28,1.1,,,01-14-2020,activo,1.0,Norte
4855,Juan Rivera,usuario4855@yahoo.com,3128785871,73,Masculino,Barranquilla,Hogar,137077.9,4057773.08,9.6,PSE,10-12-2023,21 Jan 2022,Pendiente,,Centro
4856,Ana Sánchez,usuario4856@gmail.com,3017306972,32,Female,CALI,Ropa,1215177.81,,5.2,,2020/05/26,02/01/2022,Activo,47.0,
4857,María López,sin_email,3006890295,31,FEMENINO,Bucaramanga,Tecnología,164977.11,3360531.37,2.6,Tarjeta Débito,2021/09/12,07 Jun 2023,Cancelado,12.0,Centro
4858,Sergio Pérez,usuario4858@outlook.com,3206157904,51,,Cartagena,Alimentos,463004.03,4998339.78,4.6,PSE,,2023/11/15,inactivo,19.0,Centro
4859,Ana Flores,usuario4859@outlook.com,3019279493,53,m,BOGOTA,Deportes,58122.15,4183287.23,2.9,Tarjeta Crédito,04-23-2024,2024/10/06,Inactivo,10.0,
4860,Andrés García,usuario4860@yahoo.com,3017308675,64,Female,Cartagena,Electrónica,109938.74,4538969.69,5.6,pse,12-19-2023,2021-05-18,inactivo,8.0,Oriente
4861,Natalia Martínez,usuario4861@yahoo.com,3118141088,39,m,Bogotá,Alimentos,124440.81,4127719.03,,Tarjeta Débito,31/05/2024,05/02/2022,pendiente,1.0,Centro
4862,Natalia Ramírez,usuario4862@gmail.com,3109540488,38,Female,CALI,Tecnología,301644.91,2954469.15,2.6,Efectivo,30 Oct 2021,21-04-2020,pendiente,32.0,Centro
4863,Natalia González,usuario4863@outlook.com,no tiene,45,FEMENINO,barranquilla,Ropa,67468.28,2000753.55,6.9,efectivo,04-04-2023,14 Oct 2022,Activo,4.0,Oriente
4864,Laura Rivera,usuario4864@gmail.com,3151071665,62,Female,Pereira,Deportes,127767.69,4416806.66,9.6,,2021/12/28,2020/08/17,Activo,19.0,Sur
4865,Pedro Pérez,usuario4865@gmail.com,3109307373,46,F,barranquilla,Electrónica,,5669372.19,3.0,Efectivo,12/08/2024,13-10-2024,Inactivo,34.0,Sur
4866,Carlos Martínez,usuario4866@outlook.com,3152825412,53,MASCULINO,Bogotá,deportes,919001.86,,9.3,Nequi,10-21-2022,2023/01/05,inactivo,1.0,Sur
4867,Sandra Gómez,usuario4867@gmail.com,3016524461,,F,Bogotá,deportes,341383.06,2074215.51,6.4,TARJETA CREDITO,2022-05-09,2021-02-11,Activo,33.0,Occidente
4868,,usuario4868@empresa.co,3129313704,73,FEMENINO,Bucaramanga,Ropa,327289.76,2024210.93,5.4,pse,31 Jul 2023,2020/02/04,inactivo,,Occidente
4869,María Torres,usuario4869@outlook.com,,65,F,Barranquilla,Deportes,264954.92,3540045.28,7.9,Nequi,12-04-2021,12 Sep 2021,ACTIVO,29.0,
4870,Luis Sánchez,usuario4870@yahoo.com,3109294616,,M,Cali,deportes,264679.9,3944143.36,,Efectivo,26/05/2023,07/04/2022,activo,17.0,Oriente
4871,Juan Pérez,usuario4871@hotmail.com,3102007330,71,Masculino,Bucaramanga,Alimentos,369860.22,3297513.84,8.3,pse,11-27-2023,2021/11/20,inactivo,37.0,Oriente
4872,Diana López,usuario4872@yahoo.com,,32,FEMENINO,Santa Marta,Ropa,330851.66,4823612.02,5.1,,07 Aug 2023,09 Mar 2020,pendiente,16.0,Norte
4873,Paola González,usuario4873@gmail.com,3119144756,61,MASCULINO,CALI,Deportes,68270.8,2730075.01,1.7,Nequi,2024/12/12,09-09-2021,Inactivo,47.0,Sur
4874,Pedro Pérez,sin_email,3007965999,66,,  Cartagena  ,Ropa,173978.46,4204612.37,2.9,Efectivo,22 Jan 2023,2021/05/25,Pendiente,28.0,
4875,María Gómez,usuario4875@yahoo.com,3115012366,52,Femenino,  Cartagena  ,alimentos,24571.99,1889686.63,9.3,,2020-09-09,19-02-2021,inactivo,50.0,Occidente
4876,Carlos Sánchez,usuario4876@gmail.com,3129774429,55,M,Cúcuta,Ropa,262114.3,4592591.0,,Nequi,25 Oct 2021,16/12/2023,pendiente,49.0,Centro
4877,Pedro Rivera,usuario4877gmail.com,3205522240,,Female,  Cartagena  ,Electrónica,293577.47,2586609.34,4.8,PSE,2024/11/07,01/07/2021,Pendiente,6.0,Centro
4878,Paola García,usuario4878@outlook.com,3119918850,26,M,Manizales,Ropa,381016.14,2429797.93,4.5,Nequi,2023/08/26,12-13-2021,pendiente,43.0,Oriente
4879,,usuario4879@empresa.co,3206677965,39,F,barranquilla,deportes,38584.32,1215418.1,8.8,tarjeta débito,2021-12-14,29/11/2023,Activo,43.0,Norte
4880,Ana Gómez,usuario4880@yahoo.com,3158056455,69,,Cartagena,Ropa,221675.53,4570392.55,2.4,Nequi,12/05/2021,2021/05/21,activo,27.0,Norte
4881,Ana Gómez,usuario4881@hotmail.com,3123790689,56,f,Santa Marta,electronica,9365.03,6415269.49,3.6,tarjeta débito,13/02/2021,06-25-2021,Cancelado,30.0,
4882,Carlos Rivera,usuario4882@hotmail.com,3101824810,43,FEMENINO,CALI,Deportes,182754.14,2682105.61,2.8,,2021/11/04,04 Nov 2020,pendiente,42.0,Oriente
4883,Pedro Martínez,usuario4883@hotmail.com,3018582579,31,Femenino,Pereira,Electrónica,136328.33,1851353.82,,tarjeta débito,21 Apr 2022,06-11-2022,Inactivo,9.0,Sur
4884,Sergio Gómez,usuario4884@hotmail.com,3203226247,22,M,Cúcuta,Alimentos,603061.75,3465806.89,,,,11-27-2021,inactivo,9.0,
4885,Pedro Martínez,usuario4885@gmail.com,3205864501,30,m,Manizales,Alimentos,196508.28,2822708.21,,tarjeta débito,11-28-2024,03-09-2021,Pendiente,39.0,
4886,Sandra López,usuario4886@yahoo.com,3007340702,39,f,Medellín,Deportes,189523.22,4358897.77,3.2,pse,03-21-2024,,Cancelado,40.0,
4887,Paola González,usuario4887@hotmail.com,3201776928,46,Masculino,Cali,HOGAR,427763.42,4438652.89,5.6,Tarjeta Débito,2024/05/30,21/10/2022,activo,47.0,Sur
4888,Sandra Martínez,usuario4888@gmail.com,3111565004,37,Femenino,Medellín,Electrónica,147784.87,3533586.55,9.7,TARJETA CREDITO,22-01-2020,,pendiente,40.0,Centro
4889,Jorge Sánchez,usuario4889@outlook.com,3102370054,24,F,Bogotá,ROPA,189693.84,3593251.99,9.9,pse,2020-05-17,2023-05-14,Cancelado,34.0,Sur
4890,Jorge Rivera,usuario4890@outlook.com,3151392268,29,Female,Pereira,Deportes,358893.09,-1000.0,5.6,TARJETA CREDITO,26 Mar 2024,27 Jan 2024,Inactivo,37.0,Norte
4891,Sergio López,usuario4891@hotmail.com,3011291652,,F,Cúcuta,Alimentos,44155.62,2724236.88,9.2,Tarjeta Débito,04-10-2022,2020-06-07,Activo,3.0,Occidente
4892,Sergio Pérez,usuario4892@gmail.com,3117086020,49,Femenino,  Cartagena  ,Electrónica,309207.1,2681145.71,8.2,Nequi,2021/01/01,22-04-2020,Inactivo,41.0,Oriente
4893,Natalia López,usuario4893@empresa.co,3115304930,,m,medellin,Deportes,408283.29,3239448.73,,efectivo,05-10-2021,12 Sep 2023,Cancelado,26.0,Centro
4894,Juan Martínez,usuario4894@outlook.com,3011176710,42,,Santa Marta,HOGAR,10201.39,3438295.14,7.4,pse,20-09-2024,30/11/2023,Cancelado,36.0,Norte
4895,Sandra González,usuario4895@empresa.co,3001652778,32,Femenino,barranquilla,HOGAR,39954.34,71785.47,1.7,PSE,2021-10-30,06-01-2024,ACTIVO,32.0,
4896,,usuario4896@yahoo.com,3125476181,51,FEMENINO,Barranquilla,ROPA,192835.82,,3.1,Tarjeta Crédito,2022-11-20,2020-03-04,Pendiente,21.0,Oriente
4897,Ana Torres,usuario4897@empresa.co,3116637315,-5,f,Bucaramanga,Hogar,11119.53,3085635.93,4.2,Nequi,12-30-2020,09-03-2023,activo,20.0,Sur
4898,Natalia Rodríguez,usuario4898@gmail.com,3151032665,18,FEMENINO,Manizales,Hogar,224087.96,2700562.25,5.9,Efectivo,2024-01-07,2023/03/11,Pendiente,4.0,Oriente
4899,Sandra García,usuario4899@hotmail.com,3116659230,73,m,Manizales,Tecnología,51218.46,-1000.0,1.0,,31/03/2024,2024-10-17,Activo,34.0,
4900,Sergio Ramírez,usuario4900@outlook.com,3206788686,43,MASCULINO,Barranquilla,Alimentos,,1731858.19,1.6,Tarjeta Crédito,08-18-2021,03/02/2022,inactivo,37.0,Oriente
4901,Paola Ramírez,,3154134742,25,FEMENINO,Cúcuta,Electrónica,81907.66,4071142.38,1.2,tarjeta débito,10/08/2022,2024-08-22,Pendiente,46.0,Norte
4902,Juan Martínez,usuario4902@yahoo.com,3018336288,44,MASCULINO,barranquilla,Tecnología,149098.1,,5.9,Tarjeta Crédito,20 Dec 2021,2023/04/17,Pendiente,37.0,Occidente
4903,María Rivera,usuario4903@gmail.com,,22,MASCULINO,Manizales,Electrónica,499313.79,3295846.55,7.1,Nequi,28-10-2021,12 Jan 2021,inactivo,20.0,Sur
4904,Andrés Martínez,usuario4904@outlook.com,3155201592,75,f,  Cartagena  ,Alimentos,39997.92,3281559.93,7.4,tarjeta débito,,06/04/2022,pendiente,41.0,Occidente
4905,,usuario4905@yahoo.com,3108439239,26,m,Santa Marta,ROPA,611290.14,2924107.94,7.3,Tarjeta Débito,2024-07-01,16-10-2020,Inactivo,1.0,Centro
4906,Pedro García,usuario4906@empresa.co,3158163046,37,Masculino,Barranquilla,HOGAR,82295.4,1841548.28,2.9,tarjeta débito,29 Dec 2023,03 Sep 2024,inactivo,41.0,Oriente
4907,Ana Rivera,usuario4907@empresa.co,3154670212,63,M,BOGOTA,Hogar,150994.26,-1000.0,1.6,Efectivo,2022-09-14,02-10-2023,pendiente,2.0,Occidente
4908,Juan García,usuario4908@hotmail.com,3006537784,28,Female,Cartagena,deportes,636520.05,3193487.09,7.6,PSE,2024/05/23,2021-12-16,ACTIVO,33.0,
4909,Andrés Torres,usuario4909@gmail.com,3157052991,37,Male,Medellín,alimentos,55255.31,4036382.82,1.8,,11 Oct 2024,2024/02/22,Activo,16.0,
4910,Ana Torres,usuario4910@outlook.com,3112324972,50,MASCULINO,Cali,Electrónica,470766.05,5086645.77,1.2,PSE,,18-05-2024,Cancelado,17.0,Centro
4911,Sergio López,usuario4911@gmail.com,3111590190,47,MASCULINO,barranquilla,Electrónica,708687.85,3619429.0,1.7,,08-29-2021,,inactivo,5.0,Centro
4912,Carlos García,usuario4912@yahoo.com,3127013307,18,MASCULINO,BOGOTA,alimentos,22211.87,2762913.41,6.6,efectivo,,2020-06-28,pendiente,6.0,Occidente
4913,Laura Rivera,usuario4913@gmail.com,3122891704,46,m,Manizales,Hogar,76100.8,4250546.76,7.9,Nequi,2023/08/16,15-12-2024,ACTIVO,46.0,
4914,Ana Torres,usuario4914@outlook.com,3018250234,999,f,Bogotá,Deportes,206508.36,5279854.07,2.2,,23/01/2023,29 Feb 2020,inactivo,47.0,Occidente
4915,Luis Sánchez,usuario4915@yahoo.com,3201241587,33,M,Santa Marta,deportes,12399.74,2435336.61,2.9,pse,15/05/2020,2022/07/28,Activo,15.0,Centro
4916,Andrés López,usuario4916@outlook.com,3125204793,54,FEMENINO,BOGOTA,electronica,250618.4,5088636.18,,PSE,10-11-2024,2020/12/31,ACTIVO,16.0,Occidente
4917,Laura Torres,usuario4917@empresa.co,no tiene,47,M,Barranquilla,Hogar,80214.24,4879455.06,1.1,efectivo,25-03-2020,19/10/2023,Inactivo,17.0,Oriente
4918,Diana González,usuario4918@yahoo.com,3109115984,20,FEMENINO,Cartagena,HOGAR,16129.35,2405499.44,2.2,PSE,29 Aug 2021,08/12/2023,pendiente,5.0,Norte
4919,Diana Flores,usuario4919@gmail.com,3114423549,36,Femenino,Bucaramanga,Tecnología,158874.6,4335948.81,2.4,PSE,2020/05/29,08-03-2020,Cancelado,14.0,Oriente
4920,Paola Pérez,usuario4920@yahoo.com,3204307688,47,F,Manizales,Ropa,279520.63,4997677.63,3.1,TARJETA CREDITO,11-11-2020,08/01/2020,Pendiente,2.0,Oriente
4921,María López,usuario4921@yahoo.com,3125787187,71,Male,barranquilla,Electrónica,16894.18,3255986.91,2.7,Tarjeta Débito,21/12/2023,13/02/2023,Pendiente,2.0,Norte
4922,Sergio González,usuario4922@gmail.com,3125617059,37,F,Barranquilla,Ropa,112752.47,2759929.48,2.3,Tarjeta Débito,,29-07-2023,ACTIVO,50.0,Norte
4923,Laura Gómez,usuario4923@hotmail.com,3125978692,70,m,Bogotá,Hogar,628163.88,4640791.71,3.5,,04-04-2021,01-12-2023,activo,20.0,Centro
4924,Paola Martínez,usuario4924@yahoo.com,3158307427,29,m,Manizales,ROPA,117474.92,3510208.47,4.0,TARJETA CREDITO,09 Dec 2022,03/04/2022,Cancelado,32.0,Sur
4925,Sandra Ramírez,usuario4925@gmail.com,3115969864,29,Masculino,Medellín,Ropa,358625.85,5284504.62,2.0,tarjeta débito,15 Apr 2020,2020/03/28,inactivo,3.0,Norte
4926,Natalia Pérez,usuario4926@gmail.com,3151653638,64,F,Medellín,Ropa,8896.68,2105024.75,6.2,tarjeta débito,,2020/03/09,Cancelado,49.0,Centro
4927,Natalia Martínez,usuario4927outlook.com,3158933657,42,M,Bogotá,Tecnología,76360.63,3685180.78,6.0,efectivo,10-14-2020,02-16-2023,Pendiente,42.0,Sur
4928,María Torres,usuario4928@hotmail.com,---,29,Masculino,Cali,electronica,447581.24,4752435.74,2.0,Efectivo,2023-03-08,2022/07/19,inactivo,10.0,
4929,Jorge Rivera,usuario4929@hotmail.com,3201776314,24,,Bucaramanga,Electrónica,80969.02,2983483.4,4.6,TARJETA CREDITO,2021-07-24,2022/05/27,Cancelado,40.0,Sur
4930,Luis Sánchez,usuario4930@yahoo.com,3109066969,20,M,medellin,ROPA,271623.07,,8.6,PSE,16 Mar 2022,2023/10/13,activo,26.0,Sur
4931,Ana González,usuario4931@outlook.com,3113076094,73,Female,medellin,Deportes,284894.76,3600070.68,6.5,tarjeta débito,16/08/2022,01-04-2020,activo,40.0,Centro
4932,Jorge García,usuario4932@empresa.co,3159436425,74,M,  Cartagena  ,alimentos,261024.17,,5.2,,08 Dec 2022,18/06/2022,Activo,38.0,Sur
4933,María Pérez,usuario4933@outlook.com,,36,,Cali,electronica,51407.65,1847659.24,1.1,PSE,20/08/2022,2021/01/17,Inactivo,30.0,Centro
4934,María Sánchez,usuario4934@yahoo.com,3159530441,22,F,BOGOTA,ROPA,72067.22,2182447.65,1.0,Tarjeta Débito,21 Mar 2024,05-04-2024,Pendiente,45.0,Oriente
4935,Pedro Flores,usuario4935@yahoo.com,3103677506,64,MASCULINO,Cúcuta,Tecnología,87727.73,4780295.52,9.2,efectivo,04 Jan 2024,26-05-2023,pendiente,50.0,Norte
4936,Sandra García,usuario4936@gmail.com,3015477859,49,FEMENINO,Pereira,ROPA,285368.35,5473153.49,,efectivo,23 May 2021,04-25-2023,Pendiente,31.0,Sur
4937,Andrés González,usuario4937@empresa.co,3007987615,66,m,Bucaramanga,Ropa,41390.22,2802196.54,,Nequi,11/01/2023,01-08-2021,Activo,28.0,Centro
4938,María Rodríguez,usuario4938@gmail.com,3017224660,41,m,Manizales,Hogar,32763.68,3537777.14,100.0,,2024-07-14,2020-04-19,ACTIVO,,Oriente
4939,Sergio Rivera,usuario4939@empresa.co,3009357942,-5,Femenino,BOGOTA,deportes,1361414.67,6716042.14,5.2,Efectivo,06 Mar 2022,10-25-2024,activo,21.0,
4940,Carlos Sánchez,usuario4940@gmail.com,N/A,67,MASCULINO,Barranquilla,ROPA,6126.22,2502873.67,,Nequi,06-09-2020,2024/06/12,ACTIVO,35.0,Norte
4941,Pedro Ramírez,usuario4941@outlook.com,3129545637,46,F,Santa Marta,Ropa,87746.26,2755994.22,3.6,Tarjeta Crédito,2023/08/20,2024-05-21,Activo,40.0,Oriente
4942,María Martínez,usuario4942@empresa.co,3005158333,31,Female,Manizales,Ropa,77724.44,1974729.16,6.0,pse,2023-11-16,28-02-2021,Pendiente,50.0,
4943,Luis Ramírez,usuario4943@yahoo.com,3008445471,47,Femenino,Barranquilla,Electrónica,,0.0,-1.0,Nequi,23/11/2022,08-07-2020,Cancelado,4.0,
4944,Miguel Rivera,usuario4944@hotmail.com,3112178896,,f,BOGOTA,alimentos,399160.45,4199106.02,3.7,efectivo,2022/08/12,20-04-2020,inactivo,3.0,Norte
4945,Diana García,usuario4945@gmail.com,3201635140,61,Femenino,Barranquilla,ROPA,231029.57,2425657.39,4.7,pse,16-12-2020,2024-06-14,Inactivo,45.0,Oriente
4946,Miguel López,usuario4946@empresa.co,,42,Male,Cartagena,Tecnología,16438.8,4825029.43,5.6,TARJETA CREDITO,14-01-2024,04 Feb 2021,activo,16.0,Sur
4947,Ana Torres,usuario4947@outlook.com,3126605210,43,f,Medellín,Deportes,237231.23,1888634.9,3.7,Tarjeta Débito,11-07-2022,31-08-2021,pendiente,20.0,Occidente
4948,Sergio Pérez,usuario4948@yahoo.com,3101071399,43,Male,CALI,alimentos,350426.11,3514990.07,1.1,PSE,2022-03-26,21-04-2023,pendiente,5.0,Norte
4949,Natalia Flores,usuario4949@gmail.com,3158948386,,Masculino,Manizales,Hogar,75294.2,2864199.5,6.9,,22 Mar 2022,21/01/2023,Cancelado,38.0,
4950,Pedro Rivera,usuario4950@hotmail.com,3101512685,63,m,medellin,Deportes,435689.7,3882019.25,4.7,Tarjeta Crédito,26/02/2023,07/01/2023,ACTIVO,38.0,Norte
4951,Luis Pérez,usuario4951@outlook.com,3107924329,38,M,CALI,Electrónica,851618.06,5298608.21,7.3,PSE,18 Jan 2020,22 Sep 2022,activo,14.0,Occidente
4952,Paola Torres,usuario4952@gmail.com,3108695966,47,MASCULINO,BOGOTA,Tecnología,72953.09,4751542.4,0.0,,02-07-2022,23/01/2020,ACTIVO,44.0,Occidente
4953,Paola López,usuario4953@yahoo.com,3017594296,22,Male,Cali,Hogar,54131.37,2808294.81,8.5,TARJETA CREDITO,02/05/2021,,pendiente,46.0,Centro
4954,Diana González,usuario4954@outlook.com,3005747521,60,f,medellin,ROPA,207096.62,2427842.73,4.4,tarjeta débito,12-20-2023,09-17-2024,Inactivo,23.0,Norte
4955,Carlos Pérez,usuario4955@empresa.co,,46,Male,  Cartagena  ,Ropa,281505.47,7464431.11,7.3,tarjeta débito,18 Jul 2023,13/04/2021,ACTIVO,45.0,Occidente
4956,Sandra Sánchez,usuario4956@yahoo.com,3116843618,70,Male,medellin,Tecnología,10278971.5,4473805.24,8.1,Nequi,2024-04-30,2021/01/13,Cancelado,48.0,
4957,Natalia Pérez,usuario4957@hotmail.com,3011080395,28,Female,Bogotá,HOGAR,5012.71,2293286.18,1.4,PSE,2020/04/21,11 Sep 2023,ACTIVO,29.0,Oriente
4958,Luis Rodríguez,usuario4958@gmail.com,3125773800,19,,Bucaramanga,Deportes,198090.6,2559061.03,5.9,Nequi,2021/09/19,01-21-2024,ACTIVO,40.0,
4959,Diana Torres,usuario4959empresa.co,3112341757,29,Femenino,Bogotá,Electrónica,190527.42,1313262.01,6.8,Tarjeta Crédito,2023-11-28,22-12-2021,Pendiente,12.0,Centro
4960,Ana González,usuario4960@outlook.com,3121941615,52,Male,Cartagena,ROPA,327345.95,2534302.62,3.1,Nequi,2020/03/28,21 Feb 2022,Inactivo,13.0,
4961,Pedro Sánchez,usuario4961@empresa.co,3123496342,28,F,medellin,Ropa,602446.01,4156044.47,7.7,TARJETA CREDITO,2022-08-18,2024-12-13,Pendiente,23.0,Oriente
4962,Diana Sánchez,usuario4962@hotmail.com,3129418916,-5,,  Cartagena  ,Deportes,,4325507.13,8.7,tarjeta débito,2024/05/04,,Activo,47.0,Sur
4963,Paola López,usuario4963@yahoo.com,3104243026,27,Femenino,Pereira,HOGAR,1055695.83,3463970.7,10.0,Tarjeta Crédito,2024/12/09,03/05/2022,inactivo,10.0,Centro
4964,Juan Pérez,usuario4964@gmail.com,3203104520,29,f,Bucaramanga,Tecnología,142956.09,3624673.2,4.1,tarjeta débito,12 Apr 2024,09 Mar 2021,Cancelado,35.0,Norte
4965,Natalia Flores,,3009579755,20,Masculino,Manizales,electronica,62374.83,6056023.75,2.8,Efectivo,2022/12/14,2022/01/13,Activo,23.0,Sur
4966,Pedro Rivera,usuario4966@hotmail.com,3152175353,52,m,Santa Marta,Deportes,729021.81,3634383.3,7.9,Tarjeta Crédito,06-04-2021,21 Jan 2021,pendiente,42.0,Oriente
4967,Sergio Ramírez,sin_email,3156759089,62,MASCULINO,Cartagena,ROPA,83374.44,3074972.82,11.0,TARJETA CREDITO,09-08-2024,2021/11/08,Pendiente,34.0,Sur
4968,Miguel Pérez,usuario4968@hotmail.com,3159078399,,Masculino,Pereira,Electrónica,22541.7,3254161.15,8.4,Nequi,10 Aug 2022,16 Nov 2023,Pendiente,25.0,Norte
4969,Andrés Martínez,usuario4969@gmail.com,3011559306,51,m,Pereira,Electrónica,152350.35,5303993.67,7.2,efectivo,13/11/2024,06/06/2020,Activo,14.0,
4970,Jorge López,usuario4970@empresa.co,3129033520,63,FEMENINO,barranquilla,HOGAR,38923.0,3618823.6,5.2,Tarjeta Débito,23/12/2022,2023-04-13,ACTIVO,38.0,Occidente
4971,Paola Rodríguez,usuario4971@hotmail.com,3151302026,24,M,medellin,Ropa,50579.36,4878472.73,6.0,tarjeta débito,2023-04-22,,inactivo,16.0,
4972,Paola Rivera,usuario4972@hotmail.com,3157798475,37,Masculino,  Cartagena  ,Ropa,477426.96,5462059.78,1.4,PSE,01/08/2021,,Pendiente,14.0,
4973,Sandra Gómez,usuario4973@yahoo.com,3202645645,56,F,Pereira,HOGAR,136442.31,2859459.59,100.0,efectivo,,03-15-2020,Pendiente,9.0,Oriente
4974,Natalia González,usuario4974@outlook.com,3005716875,,,Cali,Deportes,72857.41,5256253.45,6.3,Tarjeta Débito,2020/02/21,16 Nov 2023,Cancelado,39.0,Oriente
4975,Sandra Torres,usuario4975@hotmail.com,3013327144,67,FEMENINO,CALI,ROPA,128755.62,3649907.58,1.2,,26-04-2022,2023-05-13,Inactivo,15.0,
4976,Natalia Torres,usuario4976@gmail.com,3114983833,33,FEMENINO,Manizales,electronica,258196.81,3164438.73,4.2,Efectivo,2024/08/04,29/10/2022,Activo,49.0,
4977,,usuario4977@yahoo.com,3205288504,33,M,Medellín,Electrónica,83448.52,3739659.85,9.0,Tarjeta Crédito,2024/02/07,,Cancelado,44.0,Norte
4978,María Torres,usuario4978@gmail.com,3155620461,19,Masculino,Barranquilla,Hogar,18618.39,3792962.56,7.4,PSE,2022-04-14,03 Apr 2024,ACTIVO,30.0,Oriente
4979,María Sánchez,,3158040309,18,f,Medellín,Alimentos,70244.14,5733070.63,2.1,PSE,25/08/2020,2020-12-02,activo,49.0,Oriente
4980,Pedro Rodríguez,usuario4980@hotmail.com,3158079173,30,Femenino,Cali,Electrónica,190833.14,5291762.24,1.6,Nequi,23-03-2023,2024/11/21,ACTIVO,15.0,Occidente
4981,Juan Sánchez,usuario4981@yahoo.com,3006193581,22,Male,medellin,alimentos,45191.54,4252183.73,8.6,PSE,25/11/2021,2021-11-22,ACTIVO,35.0,Centro
4982,Sandra Rivera,usuario4982gmail.com,3129185362,74,Femenino,Cartagena,alimentos,132707.37,,2.2,TARJETA CREDITO,28 Aug 2024,2022-01-16,Inactivo,25.0,Norte
4983,Paola Ramírez,usuario4983@gmail.com,3005630688,71,,Bogotá,Alimentos,239748.73,1546580.29,9.0,,26/09/2020,11-19-2024,Pendiente,50.0,Norte
4984,Paola Rodríguez,,3002634996,28,MASCULINO,Medellín,ROPA,233991.49,2600547.77,7.3,Nequi,21 Feb 2020,,Cancelado,38.0,Centro
4985,Paola Flores,,3118027617,20,Female,Barranquilla,Ropa,207469.52,2641566.2,7.9,TARJETA CREDITO,08-17-2024,23/11/2023,Activo,10.0,Norte
4986,Sandra González,usuario4986@outlook.com,3104341645,24,FEMENINO,barranquilla,electronica,,4434080.22,4.3,Nequi,2022-08-15,07-25-2020,Activo,26.0,Sur
4987,Carlos Pérez,usuario4987@yahoo.com,3202440226,38,FEMENINO,medellin,ROPA,226088.48,99999999.0,1.4,efectivo,03/01/2024,13 Jan 2021,inactivo,17.0,
4988,María Flores,usuario4988@yahoo.com,3202811603,30,Female,Cali,HOGAR,234981.47,3001874.51,4.2,,27-04-2022,30 Sep 2020,ACTIVO,5.0,Centro
4989,Miguel Flores,usuario4989@outlook.com,3107594318,52,F,Pereira,Deportes,525354.19,2548672.38,3.9,Nequi,04-14-2023,2021-08-26,Inactivo,4.0,Centro
4990,Paola Gómez,usuario4990@outlook.com,3121793598,45,M,Bucaramanga,deportes,93333.03,2747006.1,6.5,Nequi,04-25-2023,12-20-2020,Inactivo,3.0,Sur
4991,Andrés Pérez,usuario4991@gmail.com,3121838538,31,Female,Barranquilla,Hogar,251689.88,2119536.61,2.0,efectivo,2020/09/08,2022-01-09,Inactivo,36.0,Occidente
4992,María Rodríguez,usuario4992@gmail.com,3208791203,38,Female,Manizales,Tecnología,,2394810.0,5.0,Efectivo,02-07-2023,02-11-2022,Inactivo,40.0,Occidente
4993,Pedro Martínez,usuario4993@yahoo.com,3004987307,43,Masculino,Barranquilla,Hogar,384384.45,2789487.05,5.9,Efectivo,2023/07/30,2024-09-25,Activo,47.0,Oriente
4994,Pedro Martínez,usuario4994@hotmail.com,3014023283,18,,  Cartagena  ,Ropa,297572.69,5511489.25,,Nequi,2020/09/07,13-12-2021,Cancelado,19.0,Occidente
4995,,usuario4995@empresa.co,3001106633,47,Masculino,Barranquilla,Tecnología,643203.48,4299302.89,4.0,Efectivo,06-06-2024,18-06-2022,Cancelado,25.0,Centro
4996,Laura Rodríguez,usuario4996@yahoo.com,3206877763,60,M,  Cartagena  ,Deportes,766129.04,,2.3,Tarjeta Crédito,05-10-2022,,Pendiente,40.0,Occidente
4997,Natalia Martínez,usuario4997@empresa.co,3015516556,59,Male,Cúcuta,alimentos,49105.81,5259227.94,3.9,tarjeta débito,14 Jun 2020,2024-07-15,Pendiente,46.0,
4998,Laura Torres,usuario4998@gmail.com,3126112252,20,Female,barranquilla,ROPA,94473.05,99999999.0,1.9,tarjeta débito,2022/02/01,06-05-2023,Pendiente,29.0,Sur
4999,Miguel López,,3112828493,0,MASCULINO,Manizales,HOGAR,79420.82,3237143.91,1.0,TARJETA CREDITO,09/04/2024,2024/05/16,Cancelado,29.0,Centro
5000,Carlos Torres,usuario5000@yahoo.com,3013733439,67,Female,Santa Marta,Deportes,52884.05,3139790.0,9.0,tarjeta débito,2024-07-15,2021-04-10,pendiente,22.0,Sur
913,Paola López,usuario913@yahoo.com,3008367839,24,f,Bucaramanga,ROPA,186810.54,-1000.0,5.8,efectivo,2024-09-08,,ACTIVO,48.0,Norte
205,Andrés González,usuario205@gmail.com,3009638470,68,Male,Bogotá,Hogar,463600.64,2919320.03,9.5,Tarjeta Débito,04/12/2022,05-14-2022,Cancelado,9.0,Sur
2254,María Torres,usuario2254@gmail.com,3116137668,72,Masculino,Barranquilla,HOGAR,56264.28,871333.73,2.0,Efectivo,21 Apr 2023,06-07-2024,Cancelado,46.0,
2007,,usuario2007@empresa.co,3119348156,34,,Manizales,HOGAR,258844.55,4737027.72,9.4,Efectivo,2023/05/16,15-06-2023,activo,16.0,Norte
1829,Andrés Flores,usuario1829@yahoo.com,3004641117,56,f,  Cartagena  ,Hogar,10219.88,2763190.5,2.0,PSE,,07/09/2022,Cancelado,,Centro
1144,,usuario1144@outlook.com,3112965743,58,F,Bucaramanga,Deportes,503891.83,2521657.4,4.4,Nequi,04-25-2022,16-03-2020,Inactivo,36.0,Oriente
840,Miguel Rodríguez,usuario840@gmail.com,3129772191,61,FEMENINO,Cali,HOGAR,1298240.72,3654452.31,8.0,,2024/12/23,2021-08-04,Cancelado,47.0,Oriente
4468,Juan Torres,usuario4468@outlook.com,3204412042,67,m,Barranquilla,ROPA,272940.85,4203836.32,,,2021/03/21,,Pendiente,26.0,Occidente
713,Pedro Rivera,usuario713@empresa.co,3209881311,39,Female,Barranquilla,Tecnología,1303854.48,4927791.93,2.8,Nequi,01-05-2021,17 Jul 2023,Inactivo,40.0,
4838,Diana Gómez,usuario4838@hotmail.com,3205662157,66,F,Bucaramanga,Hogar,521371.68,4283801.54,7.1,Tarjeta Crédito,2023-09-19,09-05-2023,inactivo,20.0,Sur
3457,Andrés Ramírez,usuario3457@gmail.com,3157822657,38,m,Bucaramanga,Tecnología,,2461251.28,,Tarjeta Crédito,23 Aug 2022,2023-03-04,Pendiente,,Norte
261,Luis López,usuario261@empresa.co,3114603481,60,f,CALI,Electrónica,83176.51,,6.7,efectivo,12-03-2020,2023-09-17,Cancelado,44.0,Sur
245,Laura García,usuario245@hotmail.com,3103018877,39,f,CALI,Ropa,5359.29,2031164.59,6.3,Tarjeta Débito,29 Dec 2022,2020/07/06,inactivo,33.0,Centro
768,Carlos Torres,,3152684838,,Female,barranquilla,HOGAR,34476.27,4946362.62,1.1,,10-04-2023,2022-08-05,Pendiente,44.0,Oriente
1792,Sandra García,usuario1792@empresa.co,3014518015,46,Masculino,BOGOTA,HOGAR,46320.47,3165562.41,5.5,,2024/10/31,06/01/2023,activo,39.0,
1906,Andrés Martínez,usuario1906@yahoo.com,3154816808,58,f,Cartagena,Deportes,264276.98,2120028.16,2.0,Tarjeta Débito,2021-01-22,,ACTIVO,16.0,Occidente
4140,Laura Rivera,usuario4140@yahoo.com,3159258134,50,Femenino,Cúcuta,Deportes,14429961.0,5339950.59,3.2,TARJETA CREDITO,18-05-2024,09 Jan 2023,Activo,14.0,Oriente
4932,Carlos López,usuario4932@empresa.co,3121604099,18,m,Cúcuta,electronica,110762.35,2476114.41,6.4,Nequi,12/09/2022,25 Nov 2022,Inactivo,19.0,Centro
218,Andrés García,usuario218@empresa.co,3001828738,57,MASCULINO,BOGOTA,Tecnología,,1136474.94,6.2,Nequi,10-10-2023,2023/10/07,Activo,20.0,Centro
4598,Luis González,usuario4598@hotmail.com,3208179180,25,M,Cali,Electrónica,153765.91,3894148.5,6.3,Efectivo,2024/12/09,2023/11/03,Pendiente,24.0,Oriente
1629,Andrés Torres,usuario1629@yahoo.com,3107300525,65,f,Bogotá,Alimentos,384786.85,3848758.87,6.7,pse,2023-02-22,04-07-2020,pendiente,49.0,Centro
4465,Natalia Pérez,,3017452317,33,Male,Santa Marta,electronica,418633.34,4623687.31,7.3,Nequi,09 Mar 2024,29/02/2024,Inactivo,19.0,Occidente
3437,Jorge González,usuario3437@gmail.com,3108220429,21,,Pereira,Alimentos,48390.69,6255628.05,9.2,Tarjeta Crédito,,03 Oct 2022,activo,31.0,Norte
1806,Jorge Ramírez,usuario1806@hotmail.com,3152032589,49,F,Manizales,HOGAR,90216.26,3004420.91,3.0,Efectivo,2023-03-03,10/06/2021,Inactivo,17.0,Centro
3680,Diana Rivera,usuario3680@yahoo.com,3009252632,27,F,medellin,Deportes,791942.04,2923911.21,5.4,pse,22-06-2022,01-12-2020,inactivo,14.0,Occidente
4828,Paola Sánchez,usuario4828@hotmail.com,3109962361,59,Female,Bucaramanga,Hogar,106353.99,,5.7,TARJETA CREDITO,11-27-2022,2020/11/01,activo,14.0,Oriente
2279,Miguel Torres,usuario2279@hotmail.com,3121795718,,f,Bogotá,Ropa,12515.68,5591004.52,8.5,tarjeta débito,2023-08-26,06-11-2022,pendiente,4.0,Sur
54,Pedro Rodríguez,usuario54@gmail.com,3101179269,56,Masculino,Medellín,Alimentos,285461.18,4471992.3,7.6,Tarjeta Débito,10-23-2023,2024/02/20,ACTIVO,8.0,
1308,María Martínez,sin_email,3114540397,46,Femenino,Cúcuta,deportes,140136.21,767391.56,6.0,Nequi,08-06-2022,17-02-2022,Inactivo,8.0,Centro
3463,,usuario3463@gmail.com,3117650866,39,MASCULINO,Barranquilla,electronica,251915.68,6126991.24,4.6,Efectivo,2023/09/08,30/09/2024,inactivo,18.0,
2788,Diana Rivera,usuario2788@empresa.co,3107974716,38,F,Barranquilla,Deportes,433660.74,4709310.95,5.9,PSE,24/04/2024,15/10/2022,Inactivo,31.0,Norte
2277,Sandra García,usuario2277@hotmail.com,3108426572,66,Femenino,BOGOTA,Hogar,288267.51,2851515.96,8.0,Efectivo,2022/02/16,2024-01-15,Pendiente,5.0,Sur
1274,Juan Ramírez,usuario1274@hotmail.com,3204420268,,FEMENINO,CALI,Ropa,,,5.2,efectivo,,14/11/2024,pendiente,24.0,Norte
1764,Laura Martínez,usuario1764@yahoo.com,3122578589,44,FEMENINO,  Cartagena  ,Hogar,212339.85,2383820.94,1.5,Nequi,2022/01/17,09-08-2020,ACTIVO,36.0,
2758,Paola López,usuario2758@outlook.com,3103682060,36,f,Cartagena,Electrónica,65453.74,3047799.68,6.1,TARJETA CREDITO,2020-04-18,29 Dec 2021,pendiente,9.0,
838,María López,usuario838@outlook.com,3129655419,32,Femenino,Cartagena,Hogar,207569.82,2384394.82,5.2,efectivo,07-01-2020,2023-08-12,Cancelado,41.0,Centro
760,Jorge Torres,,3104543988,39,m,Barranquilla,electronica,178912.61,3980616.22,3.6,pse,27/10/2024,2023/08/28,Pendiente,38.0,
3113,Paola Pérez,usuario3113@gmail.com,---,31,Masculino,BOGOTA,Alimentos,154152.33,5711116.44,6.5,tarjeta débito,2020/11/01,01/08/2024,activo,43.0,Norte
793,Sergio Sánchez,usuario793@yahoo.com,,60,m,Pereira,deportes,105815.54,-1000.0,7.6,pse,04-20-2022,15 Oct 2021,ACTIVO,28.0,
2941,Diana Torres,usuario2941@empresa.co,3201668150,69,f,Bucaramanga,Deportes,126197.64,2344479.19,8.0,tarjeta débito,04-09-2020,26 May 2020,activo,2.0,Norte
2818,Paola Pérez,usuario2818@gmail.com,3014425367,64,Female,medellin,alimentos,,3385352.18,7.2,Nequi,,11-10-2023,ACTIVO,27.0,Occidente
4946,Jorge Ramírez,usuario4946@gmail.com,,73,F,Cúcuta,Alimentos,364086.56,3207070.53,3.3,tarjeta débito,04-02-2024,02-24-2023,Cancelado,43.0,
2167,Paola García,usuario2167@empresa.co,3113873433,38,Masculino,Medellín,Tecnología,167021.15,,3.5,TARJETA CREDITO,2021/08/03,11/07/2024,Inactivo,12.0,Occidente
356,Pedro Sánchez,,3153310077,58,f,CALI,Hogar,524445.45,2378753.48,1.4,pse,03-08-2023,2024/04/16,Pendiente,5.0,
3764,Luis Flores,usuario3764@outlook.com,3128663557,,Femenino,Bucaramanga,deportes,16501.07,4983565.36,9.2,efectivo,2022/03/13,2022/05/06,Activo,27.0,Sur
4393,Jorge López,usuario4393@yahoo.com,3107005934,22,MASCULINO,Barranquilla,Electrónica,80679.86,,4.8,Tarjeta Crédito,2024-05-18,,ACTIVO,24.0,Sur
1023,Miguel Torres,usuario1023@gmail.com,3203458126,21,Male,Cali,Electrónica,76696.0,5029447.66,7.9,,,06-04-2021,Activo,39.0,Centro
3101,Andrés Pérez,usuario3101@yahoo.com,3159883375,27,f,Manizales,ROPA,112358.26,3258266.53,6.9,PSE,13-05-2021,21/05/2023,Activo,6.0,Norte
646,Carlos Rodríguez,usuario646@hotmail.com,3206072786,26,Male,Pereira,alimentos,935109.52,2959763.79,5.1,Tarjeta Débito,30/08/2022,06-30-2020,inactivo,28.0,Centro
4523,Luis Torres,usuario4523@yahoo.com,3109586708,55,MASCULINO,  Cartagena  ,Alimentos,89443.88,3708496.7,6.1,,03-07-2020,07 Oct 2024,activo,46.0,
2402,Sergio Sánchez,usuario2402@yahoo.com,3016484443,68,,CALI,HOGAR,121255.06,4703878.79,1.3,pse,28 Nov 2022,04-28-2020,Activo,15.0,Norte
2963,Miguel Ramírez,usuario2963empresa.co,3127286646,33,m,Barranquilla,Tecnología,64566.9,4906930.85,3.3,TARJETA CREDITO,01 Dec 2021,2020/12/21,Activo,30.0,Norte
4730,Laura López,usuario4730@yahoo.com,3018996350,45,Femenino,BOGOTA,Alimentos,,2951892.12,6.9,PSE,01-09-2020,15/08/2023,Pendiente,19.0,
1576,Pedro Flores,usuario1576@outlook.com,3001488432,37,Femenino,Cúcuta,electronica,106940.67,1985890.38,9.3,Tarjeta Débito,14/02/2023,2023-05-28,Activo,49.0,
570,Laura López,usuario570@yahoo.com,3118338568,30,F,Bucaramanga,Alimentos,32578.74,3082191.93,9.6,tarjeta débito,05-13-2024,03-09-2023,inactivo,38.0,Sur
376,Carlos López,usuario376@gmail.com,3113849042,29,F,Pereira,Deportes,196331.11,4076855.99,8.8,PSE,26 May 2023,03-15-2024,Activo,12.0,Norte
1867,Sergio Rodríguez,usuario1867@gmail.com,3126413198,37,m,BOGOTA,Deportes,271020.19,3774214.95,5.2,Tarjeta Crédito,05-20-2022,15 Mar 2020,Cancelado,14.0,Centro
2371,Diana Flores,usuario2371@empresa.co,3009961009,46,f,Santa Marta,Alimentos,49641.76,4475108.06,8.0,Tarjeta Crédito,,2022-04-29,Inactivo,41.0,Norte
654,,usuario654@gmail.com,3106490203,30,Female,Bucaramanga,Hogar,278534.16,1485586.25,4.3,Tarjeta Débito,2023-06-17,2024/10/01,Activo,22.0,
1908,Miguel Torres,usuario1908@empresa.co,3205703085,68,Femenino,  Cartagena  ,Hogar,46147.93,1744611.85,5.1,,11-13-2023,28 May 2022,Inactivo,41.0,
828,Paola Gómez,usuario828@gmail.com,3106809907,41,Female,Medellín,Tecnología,159169.07,2518249.43,9.3,pse,2023/12/08,09-23-2023,Activo,8.0,
3114,María Rivera,usuario3114@gmail.com,3209806329,28,Masculino,Cartagena,Ropa,27788.13,3038650.14,4.7,Tarjeta Débito,21 Jan 2021,26-07-2022,Activo,10.0,Centro
2278,Sandra Rivera,usuario2278@hotmail.com,3012843677,45,,BOGOTA,Tecnología,317790.85,2401256.42,6.0,,12/04/2023,22-04-2024,inactivo,24.0,Oriente
3715,Pedro Martínez,usuario3715@outlook.com,3203086299,65,M,Cali,Ropa,159409.63,4159641.11,5.7,pse,14 Sep 2024,06 Nov 2021,Cancelado,2.0,
2989,Natalia Gómez,usuario2989@hotmail.com,N/A,27,,  Cartagena  ,Hogar,18245.25,3309989.33,3.0,pse,24 Mar 2020,11/01/2023,activo,1.0,Oriente
1333,Luis Torres,usuario1333@yahoo.com,,68,FEMENINO,Barranquilla,Alimentos,5632.17,6074484.49,1.4,PSE,09-03-2021,2020-01-01,ACTIVO,25.0,Sur
3033,,usuario3033@gmail.com,3108757543,66,FEMENINO,Manizales,alimentos,47178.76,3173349.36,7.2,pse,17/05/2022,10 Feb 2022,Activo,23.0,Oriente
2911,Ana Ramírez,usuario2911@yahoo.com,3155718099,72,M,CALI,alimentos,293360.93,0.0,,Efectivo,02-01-2021,07/06/2022,activo,42.0,
1717,María Torres,usuario1717@gmail.com,3155133399,37,Male,Bogotá,Hogar,77886.9,4366240.48,7.0,Nequi,08-04-2023,2022/03/26,activo,45.0,Centro
2188,,usuario2188@gmail.com,3005125591,27,Femenino,Cartagena,Deportes,96236.74,4939456.66,8.6,Tarjeta Crédito,2024/10/17,06 Feb 2023,Pendiente,5.0,Sur
585,Pedro Sánchez,usuario585@gmail.com,3017943256,29,Female,medellin,Alimentos,186820.53,2800450.27,4.5,TARJETA CREDITO,2023/10/01,03-02-2020,ACTIVO,11.0,Occidente
4991,,usuario4991@hotmail.com,3019526660,47,f,Santa Marta,Ropa,140283.37,2848677.57,7.2,,16-10-2022,07 Sep 2024,Pendiente,13.0,Sur
1402,Natalia Sánchez,usuario1402@outlook.com,3124562769,36,,Bucaramanga,alimentos,306502.91,1221457.22,3.8,,13-08-2023,16 Feb 2023,Cancelado,39.0,Norte
4376,Laura Sánchez,usuario4376@outlook.com,3006858712,56,m,Bucaramanga,ROPA,158771.7,3865512.1,,PSE,2024-05-03,2023/06/25,Pendiente,7.0,Norte
2006,Luis López,usuario2006@outlook.com,3155649789,39,M,Medellín,deportes,190324.89,5948441.38,5.4,tarjeta débito,03-04-2020,09-10-2021,ACTIVO,21.0,
1339,Paola López,usuario1339@empresa.co,3207834603,48,MASCULINO,Barranquilla,alimentos,26197.41,1722003.41,4.5,TARJETA CREDITO,27/12/2024,24-09-2023,ACTIVO,49.0,Norte
3787,Paola Torres,usuario3787@outlook.com,3016860431,30,Femenino,Medellín,deportes,49352.6,3208942.79,2.7,,10-21-2022,2024-03-03,ACTIVO,17.0,Norte
3109,María López,usuario3109@outlook.com,3009269327,,f,barranquilla,alimentos,458850.53,3727996.95,5.5,tarjeta débito,2021/06/26,17-06-2022,inactivo,50.0,Norte
2212,Juan Rivera,usuario2212gmail.com,3157313009,64,F,medellin,Electrónica,12022.19,3798180.57,3.1,Efectivo,30-09-2021,09-12-2022,Pendiente,35.0,Oriente
4563,Sergio Martínez,usuario4563@gmail.com,3102079260,49,MASCULINO,Barranquilla,deportes,41015.13,2422689.43,6.2,pse,07-20-2024,2022-12-14,activo,1.0,Occidente
1800,Carlos González,usuario1800@empresa.co,3207629483,44,M,  Cartagena  ,deportes,303433.63,2659585.26,2.2,TARJETA CREDITO,2023/04/13,2020-09-27,activo,3.0,Sur
2657,Juan Rodríguez,,3156685244,65,Female,Santa Marta,Tecnología,597934.24,2778339.91,7.1,PSE,,2020/03/12,Activo,45.0,Oriente
459,Sandra Flores,usuario459@hotmail.com,3009113908,49,Male,Cartagena,HOGAR,668051.58,2206471.76,,Tarjeta Débito,08/03/2023,,pendiente,50.0,Occidente
1877,Diana Torres,usuario1877@empresa.co,3125455349,55,m,Barranquilla,Tecnología,197913.6,4097695.3,1.8,,2021-03-08,2020-05-01,ACTIVO,46.0,Norte
263,Sergio García,usuario263@outlook.com,3011042700,-5,F,  Cartagena  ,Deportes,217874.96,2760010.8,2.2,efectivo,2023-01-03,06 Jan 2020,activo,39.0,Occidente
2585,Jorge Ramírez,usuario2585@yahoo.com,,25,,medellin,electronica,29698.84,6040329.99,8.2,TARJETA CREDITO,2022/01/16,2021/11/14,activo,23.0,Norte
3287,Paola Gómez,usuario3287@empresa.co,3127383766,54,m,  Cartagena  ,Alimentos,69417.13,3627416.12,2.4,tarjeta débito,2020-07-13,2022-07-22,pendiente,,Norte
2194,Paola García,usuario2194@gmail.com,3111521336,66,f,Pereira,Alimentos,509014.01,3285914.55,7.2,efectivo,12/07/2024,,Pendiente,4.0,Sur
543,María Martínez,,3119697808,34,m,Pereira,Electrónica,297624.0,2946396.06,8.3,pse,2020/04/23,2024/12/28,Inactivo,36.0,Norte
1729,Laura Ramírez,usuario1729@hotmail.com,3122096600,66,Male,Medellín,electronica,33884.46,,5.1,Nequi,08 Jan 2020,2022/11/10,Cancelado,43.0,
4647,Diana Gómez,usuario4647@yahoo.com,3018305700,50,Femenino,barranquilla,deportes,1133654.55,4669751.1,7.2,,27 May 2024,2022/03/12,pendiente,21.0,Centro
2578,Sandra Rivera,usuario2578@gmail.com,3112840394,58,M,barranquilla,alimentos,61355.52,2641536.83,9.7,PSE,27/08/2021,01-11-2023,Activo,20.0,Oriente
1742,Paola Pérez,usuario1742@gmail.com,3114644822,62,Femenino,Medellín,deportes,19352.86,3747403.45,5.3,Tarjeta Crédito,08 Apr 2024,29-11-2024,Cancelado,26.0,Occidente
4090,María Martínez,usuario4090@gmail.com,3014441131,999,Male,Barranquilla,HOGAR,101141.78,2372196.07,,,10-28-2023,15/03/2022,Pendiente,34.0,Centro
3242,Diana Rivera,usuario3242@yahoo.com,3112613713,65,MASCULINO,Bucaramanga,Tecnología,367955.27,3893822.95,6.5,tarjeta débito,2024/11/08,05/01/2023,Activo,5.0,Oriente
3759,Diana Martínez,usuario3759@gmail.com,3003678051,48,M,medellin,HOGAR,161479.41,3018699.51,6.3,Nequi,08-25-2024,04/03/2021,Pendiente,41.0,Sur
1171,María López,usuario1171@empresa.co,3112188185,,MASCULINO,Santa Marta,Deportes,608102.43,,3.8,PSE,12-05-2024,06-02-2021,activo,32.0,Centro
2170,Carlos Gómez,usuario2170@hotmail.com,3004630929,58,f,barranquilla,Tecnología,435956.76,2567279.71,5.1,TARJETA CREDITO,02 Oct 2023,11 Aug 2024,Pendiente,6.0,Norte
2021,Sergio Ramírez,usuario2021@yahoo.com,3013445772,19,f,medellin,electronica,19065.91,3918761.86,9.2,Tarjeta Débito,07-02-2020,01-10-2022,Inactivo,48.0,
4599,Paola García,usuario4599@yahoo.com,3002552068,59,F,CALI,electronica,256245.3,2310246.66,1.4,tarjeta débito,12-22-2022,2021-04-16,Inactivo,47.0,Occidente
4416,Sergio Pérez,usuario4416@outlook.com,3154196915,56,Masculino,  Cartagena  ,Deportes,345264.13,2503876.33,3.3,Tarjeta Crédito,24/12/2024,28-01-2024,Inactivo,26.0,Sur
2153,Paola Ramírez,usuario2153yahoo.com,3019352791,61,Male,BOGOTA,Alimentos,384871.06,3410275.7,9.8,Nequi,2020/04/18,09 Jan 2022,inactivo,46.0,Occidente
4789,Diana Rivera,usuario4789@hotmail.com,3019082818,33,F,Santa Marta,alimentos,448600.81,2378264.41,9.4,Tarjeta Crédito,08/07/2020,05-02-2022,Activo,15.0,Centro
3510,María López,usuario3510@empresa.co,3011795703,60,Masculino,Santa Marta,Hogar,14482131.5,3364663.01,3.5,tarjeta débito,13-08-2023,28 Mar 2020,Activo,4.0,Oriente
4781,Jorge Martínez,usuario4781@hotmail.com,3111806438,18,F,Cartagena,Electrónica,853572.29,2171784.78,4.5,Tarjeta Débito,05-27-2023,18 Jun 2023,activo,1.0,
3272,Luis Flores,usuario3272@hotmail.com,,23,Male,Bucaramanga,electronica,63317.4,1913059.56,2.0,Tarjeta Débito,,,pendiente,13.0,Oriente
2966,Pedro Flores,usuario2966@hotmail.com,3003546251,42,m,Manizales,HOGAR,24176.13,3210018.52,9.3,Tarjeta Débito,2020-10-12,,Activo,11.0,Centro
1797,Natalia Martínez,usuario1797@empresa.co,3202299961,55,M,  Cartagena  ,Ropa,413294.93,1907611.5,9.6,pse,2020/06/25,30/10/2024,activo,23.0,Occidente
1134,Jorge López,usuario1134@hotmail.com,3105548245,23,FEMENINO,Manizales,ROPA,422204.87,1846326.75,7.1,PSE,07/06/2024,11-13-2021,inactivo,23.0,Sur
4175,Jorge García,usuario4175@gmail.com,3117852820,30,MASCULINO,BOGOTA,Hogar,324219.7,1531682.25,1.1,Efectivo,2021-11-30,01-11-2022,Cancelado,37.0,
4043,Paola Rivera,usuario4043@yahoo.com,3123634964,28,MASCULINO,BOGOTA,Tecnología,260293.98,4422535.09,1.3,Nequi,10-27-2020,20/02/2020,inactivo,36.0,Centro
745,Ana Torres,usuario745@outlook.com,3125041252,34,FEMENINO,Bucaramanga,Electrónica,486831.17,4377083.13,1.9,pse,13/01/2022,25 Dec 2020,activo,21.0,
386,Ana Sánchez,usuario386@gmail.com,3152368915,50,Femenino,Bogotá,HOGAR,60158.91,3180377.04,8.8,TARJETA CREDITO,22-06-2024,23 Aug 2021,Inactivo,29.0,Sur
899,Paola López,usuario899@yahoo.com,3155369897,60,Female,Cali,Ropa,16133.48,3437099.58,5.9,tarjeta débito,01-03-2022,06-08-2023,ACTIVO,41.0,Norte
1253,Luis Rodríguez,usuario1253@outlook.com,3156057616,55,M,BOGOTA,Tecnología,98488.05,4566605.95,7.4,pse,,23-11-2020,Inactivo,7.0,
1311,Carlos González,usuario1311@yahoo.com,3115417654,44,m,Cúcuta,HOGAR,255939.57,-1000.0,,Tarjeta Débito,,,Inactivo,10.0,Norte
3459,Luis Rodríguez,usuario3459@hotmail.com,3011219573,64,Female,Manizales,Hogar,1202634.57,3142350.06,3.5,pse,2021-12-28,09-01-2024,ACTIVO,42.0,Centro
4886,Sergio Pérez,usuario4886@gmail.com,3006017342,24,M,barranquilla,Alimentos,46739.59,3381975.97,4.2,pse,2024/07/20,10-15-2022,Activo,42.0,Sur
521,Luis Rodríguez,usuario521@gmail.com,3109679404,67,FEMENINO,Bucaramanga,HOGAR,,3948351.42,9.4,efectivo,20-08-2024,2022/01/17,activo,40.0,Norte
3153,Paola Pérez,usuario3153@outlook.com,3121413171,70,Male,BOGOTA,Ropa,327088.56,4642750.49,3.9,PSE,20-04-2020,11-17-2020,inactivo,9.0,
3127,Jorge Rodríguez,usuario3127@yahoo.com,3008901562,65,Masculino,CALI,electronica,72675.66,4387397.16,6.2,tarjeta débito,16/01/2022,15-12-2024,Cancelado,43.0,Norte
4882,Carlos Sánchez,usuario4882@empresa.co,3019630930,65,m,CALI,deportes,817323.2,3689508.87,,pse,2022/03/27,2020/10/29,pendiente,4.0,Occidente
3835,Diana Flores,usuario3835@empresa.co,3118121938,37,Femenino,Cúcuta,electronica,6069.26,3422264.48,2.9,PSE,05/11/2020,12/02/2020,inactivo,22.0,
4335,Sergio Martínez,usuario4335@hotmail.com,3112891776,,Femenino,Cúcuta,alimentos,236784.54,4315620.39,1.1,pse,14 Mar 2023,2023/07/16,ACTIVO,24.0,Centro
2060,Sergio Flores,usuario2060@hotmail.com,3015774367,49,MASCULINO,Santa Marta,Alimentos,50119.94,2515651.01,7.9,Tarjeta Crédito,06/12/2022,04-02-2022,Cancelado,32.0,Oriente
4533,Sergio López,,3129884520,,F,CALI,ROPA,14103.96,1875744.12,7.0,Nequi,19-09-2024,05/07/2020,activo,48.0,Sur
95,Diana Ramírez,usuario95@empresa.co,3108777677,desconocido,MASCULINO,barranquilla,alimentos,587175.3,2699916.03,2.9,,2022-09-10,2020/10/08,activo,32.0,Oriente
939,Diana Gómez,usuario939@hotmail.com,3105132702,44,M,Cúcuta,ROPA,106792.39,1934681.63,5.4,TARJETA CREDITO,11-04-2022,12-15-2024,pendiente,34.0,Oriente
4399,Laura Gómez,usuario4399@hotmail.com,3158118789,64,MASCULINO,Bogotá,Tecnología,182888.33,4997545.11,2.7,Tarjeta Débito,,2021-07-28,Cancelado,35.0,Sur
2186,Diana López,usuario2186@gmail.com,3157180048,29,Femenino,CALI,HOGAR,372568.48,3766412.18,1.6,PSE,15/01/2022,27 Apr 2022,inactivo,20.0,Oriente
2787,Juan García,usuario2787@outlook.com,3006717581,63,M,  Cartagena  ,alimentos,242025.51,2765501.28,4.7,Nequi,10-15-2023,07/04/2021,Cancelado,10.0,Centro
914,Miguel García,usuario914@yahoo.com,3203978879,49,Masculino,Bogotá,deportes,395409.13,5233286.29,,Efectivo,15-09-2022,2022/08/13,Inactivo,,
2405,Jorge Flores,usuario2405@outlook.com,3123319017,25,f,Medellín,HOGAR,,2334000.86,7.7,Tarjeta Débito,04-05-2024,03/11/2024,Activo,37.0,Norte
3562,Paola Rodríguez,usuario3562@hotmail.com,3113056151,70,Male,Medellín,alimentos,320198.21,,6.1,Tarjeta Crédito,,06/07/2021,ACTIVO,2.0,Occidente
1296,Sandra Martínez,usuario1296@outlook.com,3151418213,30,Femenino,Medellín,ROPA,441622.35,4575407.77,9.8,TARJETA CREDITO,25/12/2021,2021-09-12,Cancelado,10.0,Oriente
3717,Paola Martínez,usuario3717@hotmail.com,3012725243,0,MASCULINO,Santa Marta,Electrónica,5825.84,1556597.32,9.5,Nequi,11-08-2022,,pendiente,22.0,Norte
27,Sergio Rivera,usuario27@gmail.com,3154060146,30,MASCULINO,Medellín,electronica,38603.97,940780.72,9.4,TARJETA CREDITO,,02 Jul 2021,activo,9.0,Oriente
2158,Sandra González,usuario2158@gmail.com,3126746718,75,Male,Cúcuta,deportes,,2742620.03,,TARJETA CREDITO,2022-08-26,04-12-2023,pendiente,23.0,Norte
4101,Sandra Torres,usuario4101@empresa.co,,46,Masculino,Bucaramanga,Ropa,7522.92,,2.7,tarjeta débito,,09-10-2020,Cancelado,42.0,
1464,Carlos Rodríguez,usuario1464@hotmail.com,3004234296,57,,barranquilla,Alimentos,120616.29,3665220.9,,Tarjeta Crédito,02 Oct 2020,2023/01/01,pendiente,47.0,Norte
4159,Miguel González,usuario4159@empresa.co,3121614741,58,m,Bogotá,Tecnología,8910.26,4335250.82,9.5,,,2020/04/20,Inactivo,19.0,Sur
872,Carlos Torres,,3007560543,36,M,Bucaramanga,alimentos,111548.35,4731791.85,4.6,PSE,08-15-2020,2023-08-11,inactivo,25.0,Occidente
2445,Ana González,usuario2445@empresa.co,3102465492,25,MASCULINO,Cali,deportes,241652.39,4182620.17,6.4,Nequi,2023/01/02,12 Jul 2022,ACTIVO,,Sur
4989,Pedro González,usuario4989@outlook.com,3207127113,39,Femenino,Santa Marta,alimentos,,3707336.02,9.4,Tarjeta Débito,2022-07-15,07/03/2022,pendiente,19.0,Oriente
1630,Ana Ramírez,usuario1630@empresa.co,3157452337,,Male,Bucaramanga,Alimentos,196379.69,2537354.91,9.3,,27/09/2024,10/06/2022,Pendiente,1.0,
3064,Pedro Flores,usuario3064@yahoo.com,3209205668,49,,  Cartagena  ,HOGAR,506262.1,4012607.4,,pse,2023-12-12,30 Mar 2022,pendiente,37.0,Occidente
1324,María Ramírez,,3001249096,24,Femenino,Santa Marta,HOGAR,49723.35,5383231.4,2.0,TARJETA CREDITO,,20 Nov 2021,Cancelado,45.0,
4419,Jorge González,usuario4419@hotmail.com,3209506700,,m,  Cartagena  ,Alimentos,3880364.0,1547855.35,,Tarjeta Débito,27-06-2024,27 Nov 2023,Inactivo,26.0,Norte
4345,Sandra García,usuario4345@empresa.co,,18,MASCULINO,Cúcuta,Deportes,297957.5,2813303.26,8.6,Nequi,12-03-2021,16 Feb 2020,Inactivo,44.0,Occidente
5,Diana Martínez,usuario5@empresa.co,3122332274,68,MASCULINO,Barranquilla,ROPA,443061.61,3411873.42,6.5,pse,18 Nov 2020,05-28-2022,activo,38.0,Oriente
4907,Andrés López,usuario4907@outlook.com,N/A,24,F,medellin,Hogar,472381.79,,6.4,Tarjeta Débito,17 Apr 2021,03/04/2023,Cancelado,6.0,Occidente
2656,Diana Rodríguez,usuario2656@empresa.co,3209976460,68,F,barranquilla,electronica,360532.39,,9.2,,2021-04-16,,inactivo,12.0,Occidente
4003,Sergio Rodríguez,usuario4003@hotmail.com,3018728746,,FEMENINO,Bogotá,HOGAR,283422.94,2987054.91,7.6,Tarjeta Débito,10-03-2024,26 Dec 2020,activo,42.0,Norte
160,María García,usuario160@outlook.com,3156098341,66,m,Santa Marta,Tecnología,1009967.72,3244231.69,2.7,Tarjeta Débito,2020-11-28,03-06-2024,pendiente,41.0,
917,Ana Gómez,usuario917@outlook.com,,49,Female,Cali,electronica,,,7.2,,2023-11-06,18-10-2023,pendiente,14.0,Norte
2974,Miguel Flores,usuario2974@yahoo.com,3123347518,39,f,Medellín,deportes,203289.97,,7.6,Nequi,20-12-2021,25/12/2021,activo,7.0,Centro
2520,Juan López,usuario2520@outlook.com,3107156473,39,Femenino,Bogotá,Hogar,65931.57,2414799.65,1.7,PSE,22/08/2022,2020-02-12,inactivo,44.0,
1962,,,3127450128,74,Male,Manizales,Alimentos,624771.31,4205143.17,6.2,Tarjeta Débito,09-10-2020,2020/08/05,pendiente,16.0,Sur
475,Paola Martínez,usuario475@outlook.com,3129956278,38,FEMENINO,Cúcuta,Ropa,319494.84,5204831.76,6.8,Tarjeta Débito,2020/05/07,03-05-2021,Cancelado,17.0,
1974,Pedro Martínez,usuario1974@hotmail.com,3203985385,41,MASCULINO,Medellín,Electrónica,105076.58,2276096.65,1.0,tarjeta débito,05-22-2020,19-02-2022,ACTIVO,44.0,Sur
4648,Laura Flores,usuario4648@outlook.com,3126974300,42,FEMENINO,BOGOTA,deportes,230732.85,2330114.57,1.2,Tarjeta Crédito,23-07-2023,03 Jan 2021,inactivo,45.0,Oriente
702,Ana Rodríguez,usuario702yahoo.com,3015498911,40,Female,Bogotá,HOGAR,45236.95,3984241.5,0.0,Tarjeta Crédito,2021/08/30,15/08/2022,Inactivo,8.0,Centro
3982,Luis Martínez,usuario3982@gmail.com,3106576395,69,Male,Santa Marta,electronica,19334.64,2236215.68,1.4,efectivo,2020/08/10,19 Jun 2021,Pendiente,34.0,
567,Jorge González,usuario567@gmail.com,3004161351,47,Female,  Cartagena  ,electronica,153366.29,5301225.65,,Tarjeta Débito,24-07-2024,2022-09-05,ACTIVO,43.0,Sur
4364,María Torres,usuario4364@empresa.co,3114972213,43,FEMENINO,Manizales,ROPA,274183.84,4294425.36,9.0,PSE,13/06/2022,08-15-2021,Inactivo,29.0,
1031,Miguel Ramírez,usuario1031@yahoo.com,3114979343,74,,  Cartagena  ,electronica,106207.88,5024899.28,6.9,efectivo,2021/05/02,2023-02-06,Inactivo,33.0,Occidente
1052,Natalia Rivera,usuario1052@hotmail.com,3126428861,19,MASCULINO,Manizales,alimentos,214355.14,-1000.0,3.5,tarjeta débito,2022/06/27,19/10/2022,Cancelado,19.0,Oriente
3894,Diana Sánchez,usuario3894@gmail.com,3156806423,73,m,Cúcuta,ROPA,70423.47,3353351.06,1.5,pse,18/03/2021,08/12/2020,pendiente,47.0,Centro
4504,Sandra Sánchez,usuario4504yahoo.com,no tiene,62,m,barranquilla,HOGAR,124764.08,1977604.22,6.0,Tarjeta Crédito,2022/04/09,,Cancelado,,
1353,Sandra Gómez,usuario1353@hotmail.com,3104396746,33,Femenino,Santa Marta,Electrónica,137266.21,3579009.7,5.9,Nequi,11 Jul 2020,07-27-2020,activo,26.0,Oriente
2172,Luis Martínez,usuario2172@yahoo.com,3159655232,57,Femenino,  Cartagena  ,Ropa,302955.88,4335152.18,8.1,pse,,09-05-2022,Inactivo,28.0,
4323,Carlos González,usuario4323@yahoo.com,3013438034,73,F,Bogotá,alimentos,407166.67,3923022.28,9.4,Tarjeta Crédito,05 Nov 2020,2020/11/16,Inactivo,36.0,Sur
4970,Diana Ramírez,usuario4970@hotmail.com,3202520938,44,Masculino,Santa Marta,HOGAR,197699.24,3960865.53,,pse,05-02-2022,07/05/2022,inactivo,28.0,Centro
3467,Paola Torres,usuario3467@yahoo.com,3155581017,18,f,Manizales,Alimentos,511618.3,99999999.0,2.4,Efectivo,04/05/2023,,Pendiente,28.0,Occidente
1736,Carlos Rodríguez,usuario1736@hotmail.com,3008499287,70,m,Cartagena,deportes,65687.02,4282340.05,8.5,Tarjeta Débito,16/07/2020,,ACTIVO,31.0,Occidente
4418,Sergio González,usuario4418@empresa.co,N/A,58,FEMENINO,Bucaramanga,Tecnología,10282202.0,,1.2,Efectivo,28-04-2020,2022-08-04,Activo,13.0,
1648,Paola García,usuario1648@gmail.com,000,20,,Pereira,Alimentos,232462.14,937686.88,,efectivo,29/08/2021,01 Apr 2020,activo,14.0,Occidente
2554,Juan Pérez,sin_email,3012654921,65,f,Barranquilla,ROPA,72782.26,4609388.04,4.8,Nequi,10-10-2024,25 Mar 2022,Cancelado,8.0,Centro
3269,Andrés Martínez,usuario3269@gmail.com,3008929966,46,MASCULINO,Cartagena,HOGAR,56967.83,5333721.57,1.5,Efectivo,04-16-2020,10-19-2024,Activo,28.0,Sur
3060,Luis Pérez,usuario3060@empresa.co,3159347977,49,M,Manizales,HOGAR,142509.42,5555053.7,4.7,efectivo,2024/12/26,16/04/2024,Activo,46.0,Sur
3589,Sandra Sánchez,usuario3589@empresa.co,3155662015,57,Male,BOGOTA,deportes,22836.43,4291178.51,5.5,pse,13/07/2024,03 Jun 2021,pendiente,9.0,Occidente
4240,Natalia Pérez,usuario4240@outlook.com,3013899029,40,M,BOGOTA,HOGAR,60101.46,3360359.2,7.7,Tarjeta Débito,14-11-2022,20 Nov 2020,activo,45.0,
3699,Laura Martínez,usuario3699@hotmail.com,3124288962,48,M,barranquilla,electronica,101876.03,5982374.61,4.7,tarjeta débito,2024/08/19,12 May 2022,Cancelado,21.0,Norte
992,Natalia Torres,usuario992@empresa.co,3159381632,72,FEMENINO,Barranquilla,Ropa,164046.99,5651964.52,4.8,,29 Dec 2021,,Cancelado,23.0,Sur
2031,Carlos González,usuario2031@yahoo.com,3014204891,24,Female,Manizales,electronica,201256.07,5096588.16,1.2,,04/01/2021,2020-05-09,inactivo,,Oriente
1841,Luis García,usuario1841@gmail.com,3125100083,36,Femenino,Cali,electronica,58993.87,3097203.85,8.5,Tarjeta Crédito,2021-01-26,21 Mar 2021,inactivo,45.0,Oriente
525,Pedro Sánchez,usuario525@empresa.co,N/A,63,,medellin,Tecnología,146486.24,4340648.69,2.4,Nequi,01/05/2022,30 Mar 2021,Inactivo,42.0,Norte
2770,Laura García,usuario2770@outlook.com,3201885198,51,FEMENINO,Santa Marta,Ropa,1200192.88,1573283.22,9.3,Efectivo,17 Jul 2022,2023/12/14,Pendiente,47.0,Centro
173,Andrés Rivera,usuario173@gmail.com,3105538671,68,MASCULINO,Barranquilla,deportes,59785.81,2086793.12,2.6,Nequi,12/05/2023,05-01-2023,inactivo,,
4820,Laura Rivera,usuario4820@gmail.com,,50,Masculino,Bogotá,ROPA,178338.15,,5.1,Tarjeta Crédito,2023/02/25,20 Apr 2021,ACTIVO,13.0,Oriente
4538,Sandra Gómez,usuario4538@gmail.com,3113320565,,Masculino,Bogotá,electronica,49584.13,2061808.62,3.3,pse,2023/05/01,,Inactivo,36.0,Oriente
1886,Sergio González,usuario1886@empresa.co,no tiene,23,m,Cúcuta,alimentos,126444.62,3115051.09,9.2,TARJETA CREDITO,04/03/2022,2021/03/02,inactivo,5.0,
4821,Carlos González,usuario4821@hotmail.com,3202972018,61,F,Barranquilla,Tecnología,,2757955.3,5.0,,2024-02-07,13 Oct 2020,ACTIVO,22.0,
1805,Natalia García,usuario1805@empresa.co,3123909514,73,m,CALI,HOGAR,310518.8,1981961.83,7.3,Efectivo,04-12-2024,24/04/2020,ACTIVO,24.0,
59,Natalia Ramírez,usuario59gmail.com,3014039165,75,,Bogotá,Ropa,15822.64,4141986.47,3.9,efectivo,2022-01-23,2022/07/04,Cancelado,42.0,Centro
582,Natalia Ramírez,sin_email,3115120387,25,F,Pereira,ROPA,86398.07,3773460.27,8.0,TARJETA CREDITO,13-08-2024,03 Feb 2024,Pendiente,8.0,Oriente
483,Juan Sánchez,usuario483@yahoo.com,3107331506,52,Female,Barranquilla,Tecnología,650713.78,1922937.33,,PSE,04 Apr 2022,11 Dec 2020,Activo,44.0,Occidente
1876,Juan Gómez,usuario1876@empresa.co,3008008179,31,Male,Barranquilla,deportes,77467.79,2568219.88,2.3,pse,2023-03-11,05-05-2024,Pendiente,3.0,Norte
553,Pedro González,usuario553@outlook.com,3008608139,60,F,Santa Marta,Ropa,11658.58,3317663.65,5.5,Efectivo,27-05-2020,28 Jan 2021,Inactivo,31.0,Centro
258,Ana Rivera,usuario258@yahoo.com,3105891236,24,M,Pereira,alimentos,67280.8,4401925.39,9.3,Nequi,21-06-2021,17/05/2024,inactivo,7.0,Occidente
,,,,,,,,,,,,,,,,
,,,,,,,,,,,,,,,,
,,,,,,,,,,,,,,,,
,,,,,,,,,,,,,,,,
,,,,,,,,,,,,,,,,
,,,,,,,,,,,,,,,,
,,,,,,,,,,,,,,,,
,,,,,,,,,,,,,,,,
,,,,,,,,,,,,,,,,
,,,,,,,,,,,,,,,,
