cliente_id,nombre,email,ciudad,pais,segmento,fecha_registro
1,Luis Gomez,luis.gomez1@example.com,Madrid,Espana,bronce,2022-04-13
2,Sergio Sanchez,sergio.sanchez2@example.com,Buenos Aires,Argentina,bronce,2024-11-10
3,Andres Ramirez,andres.ramirez3@example.com,Valencia,Espana,bronce,2023-07-28
4,Sofia Rojas,sofia.rojas4@example.com,Buenos Aires,Argentina,oro,2024-12-20
5,Sofia Perez,sofia.perez5@example.com,Ciudad de Mexico,Mexico,bronce,2023-03-31
6,Ruben Herrera,ruben.herrera6@example.com,Valencia,Espana,bronce,2024-07-01
7,Luis Castro,luis.castro7@example.com,Cali,Colombia,bronce,2022-12-29
8,Andres Lopez,andres.lopez8@example.com,Madrid,Espana,platino,2023-05-02
9,Laura Ortiz,laura.ortiz9@example.com,Buenos Aires,Argentina,bronce,2023-01-15
10,Luis Garcia,luis.garcia10@example.com,Bogota,Colombia,bronce,2023-08-23
11,Lucia Rojas,lucia.rojas11@example.com,Medellin,Colombia,bronce,2022-09-02
12,Alberto Diaz,alberto.diaz12@example.com,Barcelona,Espana,bronce,2023-07-06
13,Marta Rojas,marta.rojas13@example.com,Medellin,Colombia,oro,2024-07-08
14,Sergio Herrera,sergio.herrera14@example.com,Medellin,Colombia,plata,2022-06-20
15,Marta Rojas,marta.rojas15@example.com,Valencia,Espana,bronce,2024-05-18
16,Sergio Rojas,sergio.rojas16@example.com,Quito,Ecuador,oro,2024-07-24
17,Lucia Silva,lucia.silva17@example.com,Bogota,Colombia,bronce,2022-02-08
18,Maria Moreno,maria.moreno18@example.com,Valencia,Espana,oro,2024-01-10
19,Paula Silva,paula.silva19@example.com,Ciudad de Mexico,Mexico,bronce,2023-06-16
20,Diego Diaz,diego.diaz20@example.com,Bogota,Colombia,bronce,2023-11-30
21,Lucia Sanchez,lucia.sanchez21@example.com,Cali,Colombia,oro,2022-11-19
22,Miguel Sanchez,miguel.sanchez22@example.com,Buenos Aires,Argentina,oro,2022-08-30
23,Carlos Castro,carlos.castro23@example.com,Madrid,Espana,plata,2022-11-11
24,Julia Ramirez,julia.ramirez24@example.com,Ciudad de Mexico,Mexico,plata,2022-06-17
25,Sergio Rodriguez,sergio.rodriguez25@example.com,Madrid,Espana,oro,2023-03-21
26,Carmen Sanchez,carmen.sanchez26@example.com,Madrid,Espana,plata,2024-08-13
27,Sofia Navarro,sofia.navarro27@example.com,Barcelona,Espana,bronce,2024-05-02
28,Paula Moreno,paula.moreno28@example.com,Barcelona,Espana,bronce,2022-07-16
29,Lucia Herrera,lucia.herrera29@example.com,Medellin,Colombia,plata,2023-09-04
30,Sofia Lopez,sofia.lopez30@example.com,Quito,Ecuador,plata,2022-03-22
31,Diego Rodriguez,diego.rodriguez31@example.com,Lima,Peru,oro,2022-03-07
32,Laura Perez,laura.perez32@example.com,Barcelona,Espana,bronce,2023-11-17
33,Luis Mendoza,luis.mendoza33@example.com,Quito,Ecuador,bronce,2022-11-28
34,Pablo Ramirez,pablo.ramirez34@example.com,Guadalajara,Mexico,bronce,2024-02-11
35,Ruben Herrera,ruben.herrera35@example.com,Ciudad de Mexico,Mexico,oro,2022-06-20
36,Luis Torres,luis.torres36@example.com,Santiago,Chile,bronce,2022-05-11
37,Ruben Torres,ruben.torres37@example.com,Cali,Colombia,oro,2024-02-22
38,Paula Castro,paula.castro38@example.com,Bogota,Colombia,bronce,2022-08-15
39,Javier Navarro,javier.navarro39@example.com,Ciudad de Mexico,Mexico,bronce,2022-03-05
40,Carmen Diaz,carmen.diaz40@example.com,Buenos Aires,Argentina,oro,2024-05-13
41,Carlos Vargas,carlos.vargas41@example.com,Buenos Aires,Argentina,bronce,2024-02-12
42,Sergio Ortiz,sergio.ortiz42@example.com,Valencia,Espana,oro,2024-10-14
43,Marta Fernandez,marta.fernandez43@example.com,Quito,Ecuador,bronce,2023-10-18
44,Miguel Silva,miguel.silva44@example.com,Bogota,Colombia,bronce,2023-06-06
45,Luis Ramirez,luis.ramirez45@example.com,Santiago,Chile,plata,2024-01-05
46,Alberto Mendoza,alberto.mendoza46@example.com,Bogota,Colombia,oro,2024-05-17
47,Sofia Torres,sofia.torres47@example.com,Madrid,Espana,bronce,2023-11-20
48,Ruben Castro,ruben.castro48@example.com,Quito,Ecuador,bronce,2022-12-16
49,Andres Gomez,andres.gomez49@example.com,Guadalajara,Mexico,plata,2024-09-01
50,Sergio Castro,sergio.castro50@example.com,Valencia,Espana,platino,2024-02-10
51,Sergio Gomez,sergio.gomez51@example.com,Madrid,Espana,oro,2024-08-18
52,Carlos Castro,carlos.castro52@example.com,Barcelona,Espana,oro,2023-09-03
53,Miguel Herrera,miguel.herrera53@example.com,Valencia,Espana,bronce,2023-05-08
54,Diego Diaz,diego.diaz54@example.com,Quito,Ecuador,plata,2024-07-12
55,Diego Diaz,diego.diaz55@example.com,Valencia,Espana,oro,2023-11-01
56,Ana Gomez,ana.gomez56@example.com,Barcelona,Espana,oro,2024-04-29
57,Lucia Moreno,lucia.moreno57@example.com,Lima,Peru,oro,2024-09-01
58,Carlos Vargas,carlos.vargas58@example.com,Lima,Peru,oro,2022-11-08
59,Marta Ramirez,marta.ramirez59@example.com,Valencia,Espana,oro,2022-07-31
60,Andres Garcia,andres.garcia60@example.com,Guadalajara,Mexico,bronce,2022-06-13
61,Julia Martinez,julia.martinez61@example.com,Ciudad de Mexico,Mexico,bronce,2023-10-19
62,Marta Garcia,marta.garcia62@example.com,Ciudad de Mexico,Mexico,platino,2024-06-03
63,Miguel Mendoza,miguel.mendoza63@example.com,Bogota,Colombia,bronce,2024-12-04
64,Alberto Mendoza,alberto.mendoza64@example.com,Santiago,Chile,bronce,2022-02-05
65,Sofia Rodriguez,sofia.rodriguez65@example.com,Lima,Peru,bronce,2022-01-02
66,Elena Garcia,elena.garcia66@example.com,Buenos Aires,Argentina,plata,2024-01-14
67,Julia Herrera,julia.herrera67@example.com,Lima,Peru,oro,2022-10-23
68,Miguel Ramirez,miguel.ramirez68@example.com,Barcelona,Espana,oro,2023-06-06
69,Luis Gomez,luis.gomez69@example.com,Guadalajara,Mexico,bronce,2022-03-28
70,Diego Castro,diego.castro70@example.com,Quito,Ecuador,bronce,2022-03-24
71,Sergio Sanchez,sergio.sanchez71@example.com,Ciudad de Mexico,Mexico,bronce,2023-08-02
72,Carlos Lopez,carlos.lopez72@example.com,Quito,Ecuador,oro,2024-01-24
73,Diego Fernandez,diego.fernandez73@example.com,Medellin,Colombia,bronce,2024-08-28
74,Maria Mendoza,maria.mendoza74@example.com,Lima,Peru,plata,2023-06-13
75,Andres Herrera,andres.herrera75@example.com,Quito,Ecuador,plata,2023-12-08
76,Diego Lopez,diego.lopez76@example.com,Guadalajara,Mexico,plata,2024-07-30
77,Elena Vargas,elena.vargas77@example.com,Buenos Aires,Argentina,plata,2023-04-18
78,Laura Mendoza,laura.mendoza78@example.com,Ciudad de Mexico,Mexico,plata,2022-08-17
79,Pablo Navarro,pablo.navarro79@example.com,Bogota,Colombia,plata,2024-06-22
80,Andres Herrera,andres.herrera80@example.com,Ciudad de Mexico,Mexico,bronce,2022-01-03
81,Julia Martinez,julia.martinez81@example.com,Quito,Ecuador,bronce,2022-10-30
82,Sofia Sanchez,sofia.sanchez82@example.com,Madrid,Espana,bronce,2022-05-23
83,Carlos Sanchez,carlos.sanchez83@example.com,Valencia,Espana,bronce,2023-12-06
84,Paula Lopez,paula.lopez84@example.com,Cali,Colombia,plata,2022-10-23
85,Carmen Lopez,carmen.lopez85@example.com,Medellin,Colombia,bronce,2023-01-13
86,Marta Gomez,marta.gomez86@example.com,Guadalajara,Mexico,oro,2023-12-16
87,Luis Vargas,luis.vargas87@example.com,Medellin,Colombia,bronce,2022-11-21
88,Elena Fernandez,elena.fernandez88@example.com,Guadalajara,Mexico,plata,2023-02-02
89,Sergio Diaz,sergio.diaz89@example.com,Barcelona,Espana,bronce,2023-07-01
90,Paula Sanchez,paula.sanchez90@example.com,Bogota,Colombia,bronce,2022-05-10
91,Sofia Lopez,sofia.lopez91@example.com,Buenos Aires,Argentina,bronce,2024-10-21
92,Paula Navarro,paula.navarro92@example.com,Cali,Colombia,plata,2024-12-10
93,Paula Vargas,paula.vargas93@example.com,Buenos Aires,Argentina,bronce,2024-02-20
94,Miguel Sanchez,miguel.sanchez94@example.com,Guadalajara,Mexico,plata,2022-04-29
95,Ruben Silva,ruben.silva95@example.com,Bogota,Colombia,plata,2023-06-02
96,Javier Silva,javier.silva96@example.com,Cali,Colombia,platino,2023-01-24
97,Laura Navarro,laura.navarro97@example.com,Quito,Ecuador,plata,2022-07-02
98,Andres Lopez,andres.lopez98@example.com,Quito,Ecuador,plata,2024-08-17
99,Carmen Castro,carmen.castro99@example.com,Madrid,Espana,oro,2023-03-31
100,Maria Navarro,maria.navarro100@example.com,Buenos Aires,Argentina,bronce,2023-12-16
101,Paula Silva,paula.silva101@example.com,Cali,Colombia,plata,2024-01-27
102,Carlos Sanchez,carlos.sanchez102@example.com,Madrid,Espana,bronce,2022-12-17
103,Paula Mendoza,paula.mendoza103@example.com,Guadalajara,Mexico,plata,2023-01-17
104,Ana Diaz,ana.diaz104@example.com,Madrid,Espana,bronce,2024-11-28
105,Sergio Torres,sergio.torres105@example.com,Bogota,Colombia,bronce,2024-06-21
106,Sergio Vargas,sergio.vargas106@example.com,Buenos Aires,Argentina,plata,2023-07-03
107,Sergio Herrera,sergio.herrera107@example.com,Santiago,Chile,bronce,2023-08-08
108,Andres Martinez,andres.martinez108@example.com,Medellin,Colombia,bronce,2022-01-09
109,Diego Ramirez,diego.ramirez109@example.com,Santiago,Chile,bronce,2022-08-12
110,Marta Silva,marta.silva110@example.com,Lima,Peru,oro,2022-01-07
111,Javier Ramirez,javier.ramirez111@example.com,Cali,Colombia,bronce,2024-06-01
112,Sergio Perez,sergio.perez112@example.com,Valencia,Espana,bronce,2024-10-27
113,Pablo Rodriguez,pablo.rodriguez113@example.com,Guadalajara,Mexico,platino,2022-06-27
114,Diego Ramirez,diego.ramirez114@example.com,Madrid,Espana,oro,2022-11-04
115,Lucia Moreno,lucia.moreno115@example.com,Lima,Peru,bronce,2023-01-21
116,Pablo Ramirez,pablo.ramirez116@example.com,Medellin,Colombia,bronce,2024-06-08
117,Ana Navarro,ana.navarro117@example.com,Santiago,Chile,bronce,2023-03-22
118,Maria Castro,maria.castro118@example.com,Buenos Aires,Argentina,oro,2022-02-17
119,Laura Ramirez,laura.ramirez119@example.com,Cali,Colombia,bronce,2023-10-04
120,Maria Rodriguez,maria.rodriguez120@example.com,Quito,Ecuador,bronce,2022-06-10
121,Sofia Vargas,sofia.vargas121@example.com,Santiago,Chile,bronce,2023-12-08
122,Andres Lopez,andres.lopez122@example.com,Lima,Peru,plata,2024-07-27
123,Andres Moreno,andres.moreno123@example.com,Barcelona,Espana,bronce,2022-03-16
124,Diego Lopez,diego.lopez124@example.com,Cali,Colombia,plata,2024-12-24
125,Ruben Ortiz,ruben.ortiz125@example.com,Quito,Ecuador,bronce,2023-12-28
126,Pablo Gomez,pablo.gomez126@example.com,Santiago,Chile,plata,2022-02-26
127,Luis Diaz,luis.diaz127@example.com,Cali,Colombia,oro,2022-08-29
128,Sergio Martinez,sergio.martinez128@example.com,Madrid,Espana,bronce,2022-07-03
129,Pablo Sanchez,pablo.sanchez129@example.com,Bogota,Colombia,bronce,2024-08-25
130,Carmen Ortiz,carmen.ortiz130@example.com,Ciudad de Mexico,Mexico,bronce,2024-03-02
131,Pablo Perez,pablo.perez131@example.com,Guadalajara,Mexico,plata,2023-02-13
132,Pablo Ramirez,pablo.ramirez132@example.com,Quito,Ecuador,bronce,2023-08-03
133,Luis Navarro,luis.navarro133@example.com,Barcelona,Espana,plata,2023-01-17
134,Pablo Castro,pablo.castro134@example.com,Medellin,Colombia,bronce,2023-03-21
135,Sergio Garcia,sergio.garcia135@example.com,Bogota,Colombia,plata,2023-11-30
136,Elena Fernandez,elena.fernandez136@example.com,Quito,Ecuador,plata,2022-08-01
137,Carmen Fernandez,carmen.fernandez137@example.com,Barcelona,Espana,bronce,2024-04-11
138,Ana Perez,ana.perez138@example.com,Valencia,Espana,bronce,2024-11-01
139,Elena Sanchez,elena.sanchez139@example.com,Bogota,Colombia,plata,2024-12-02
140,Sofia Ramirez,sofia.ramirez140@example.com,Barcelona,Espana,bronce,2022-07-08
141,Alberto Fernandez,alberto.fernandez141@example.com,Guadalajara,Mexico,plata,2023-03-27
142,Laura Perez,laura.perez142@example.com,Ciudad de Mexico,Mexico,oro,2022-10-18
143,Javier Diaz,javier.diaz143@example.com,Ciudad de Mexico,Mexico,bronce,2023-11-27
144,Sofia Gomez,sofia.gomez144@example.com,Lima,Peru,bronce,2022-12-22
145,Alberto Sanchez,alberto.sanchez145@example.com,Cali,Colombia,bronce,2023-03-09
146,Ruben Torres,ruben.torres146@example.com,Bogota,Colombia,bronce,2022-06-01
147,Ana Ortiz,ana.ortiz147@example.com,Medellin,Colombia,platino,2023-09-06
148,Laura Ramirez,laura.ramirez148@example.com,Santiago,Chile,platino,2023-08-11
149,Paula Vargas,paula.vargas149@example.com,Ciudad de Mexico,Mexico,bronce,2023-08-27
150,Luis Navarro,luis.navarro150@example.com,Valencia,Espana,oro,2023-01-09
151,Ruben Castro,ruben.castro151@example.com,Buenos Aires,Argentina,bronce,2024-04-07
152,Javier Sanchez,javier.sanchez152@example.com,Buenos Aires,Argentina,platino,2023-10-28
153,Julia Fernandez,julia.fernandez153@example.com,Valencia,Espana,oro,2022-07-13
154,Javier Torres,javier.torres154@example.com,Ciudad de Mexico,Mexico,bronce,2023-02-07
155,Sofia Torres,sofia.torres155@example.com,Ciudad de Mexico,Mexico,plata,2023-12-25
156,Andres Martinez,andres.martinez156@example.com,Valencia,Espana,plata,2022-05-08
157,Maria Martinez,maria.martinez157@example.com,Madrid,Espana,bronce,2023-01-21
158,Pablo Gomez,pablo.gomez158@example.com,Buenos Aires,Argentina,bronce,2024-08-13
159,Lucia Ortiz,lucia.ortiz159@example.com,Guadalajara,Mexico,plata,2023-04-29
160,Sergio Moreno,sergio.moreno160@example.com,Buenos Aires,Argentina,bronce,2023-07-13
161,Alberto Silva,alberto.silva161@example.com,Medellin,Colombia,bronce,2024-01-17
162,Andres Lopez,andres.lopez162@example.com,Ciudad de Mexico,Mexico,bronce,2022-12-19
163,Sofia Diaz,sofia.diaz163@example.com,Quito,Ecuador,plata,2024-06-23
164,Sofia Vargas,sofia.vargas164@example.com,Valencia,Espana,bronce,2022-01-18
165,Sofia Diaz,sofia.diaz165@example.com,Guadalajara,Mexico,bronce,2023-06-02
166,Paula Diaz,paula.diaz166@example.com,Barcelona,Espana,bronce,2023-10-17
167,Elena Fernandez,elena.fernandez167@example.com,Madrid,Espana,bronce,2022-09-19
168,Carlos Rodriguez,carlos.rodriguez168@example.com,Quito,Ecuador,plata,2024-05-06
169,Elena Mendoza,elena.mendoza169@example.com,Barcelona,Espana,bronce,2022-03-28
170,Ana Ortiz,ana.ortiz170@example.com,Guadalajara,Mexico,plata,2023-12-13
171,Maria Rodriguez,maria.rodriguez171@example.com,Ciudad de Mexico,Mexico,bronce,2023-11-25
172,Luis Diaz,luis.diaz172@example.com,Santiago,Chile,plata,2024-05-12
173,Sergio Ramirez,sergio.ramirez173@example.com,Ciudad de Mexico,Mexico,bronce,2022-08-15
174,Marta Herrera,marta.herrera174@example.com,Buenos Aires,Argentina,oro,2022-06-19
175,Andres Navarro,andres.navarro175@example.com,Lima,Peru,bronce,2023-09-28
176,Diego Diaz,diego.diaz176@example.com,Santiago,Chile,oro,2024-11-30
177,Marta Moreno,marta.moreno177@example.com,Buenos Aires,Argentina,bronce,2024-05-09
178,Carlos Ortiz,carlos.ortiz178@example.com,Barcelona,Espana,bronce,2022-08-20
179,Julia Silva,julia.silva179@example.com,Valencia,Espana,plata,2023-03-23
180,Lucia Perez,lucia.perez180@example.com,Cali,Colombia,bronce,2022-10-20
181,Julia Silva,julia.silva181@example.com,Guadalajara,Mexico,bronce,2024-05-03
182,Carlos Diaz,carlos.diaz182@example.com,Buenos Aires,Argentina,oro,2023-07-16
183,Diego Garcia,diego.garcia183@example.com,Santiago,Chile,plata,2023-04-25
184,Andres Herrera,andres.herrera184@example.com,Barcelona,Espana,plata,2022-01-06
185,Diego Silva,diego.silva185@example.com,Valencia,Espana,platino,2023-11-25
186,Sofia Gomez,sofia.gomez186@example.com,Barcelona,Espana,bronce,2023-04-30
187,Carlos Torres,carlos.torres187@example.com,Ciudad de Mexico,Mexico,bronce,2022-02-13
188,Miguel Fernandez,miguel.fernandez188@example.com,Guadalajara,Mexico,oro,2022-08-03
189,Laura Martinez,laura.martinez189@example.com,Barcelona,Espana,bronce,2024-03-06
190,Elena Navarro,elena.navarro190@example.com,Lima,Peru,bronce,2024-03-31
191,Andres Garcia,andres.garcia191@example.com,Bogota,Colombia,bronce,2023-06-25
192,Carmen Vargas,carmen.vargas192@example.com,Guadalajara,Mexico,bronce,2024-04-09
193,Carmen Garcia,carmen.garcia193@example.com,Santiago,Chile,bronce,2024-03-19
194,Miguel Rojas,miguel.rojas194@example.com,Madrid,Espana,bronce,2023-11-06
195,Alberto Ortiz,alberto.ortiz195@example.com,Lima,Peru,plata,2022-08-17
196,Luis Castro,luis.castro196@example.com,Quito,Ecuador,plata,2023-04-07
197,Elena Castro,elena.castro197@example.com,Quito,Ecuador,oro,2024-06-12
198,Maria Silva,maria.silva198@example.com,Barcelona,Espana,bronce,2022-12-06
199,Elena Navarro,elena.navarro199@example.com,Medellin,Colombia,bronce,2023-12-24
200,Alberto Mendoza,alberto.mendoza200@example.com,Valencia,Espana,plata,2024-06-25
201,Miguel Sanchez,miguel.sanchez201@example.com,Cali,Colombia,bronce,2023-08-07
202,Julia Vargas,julia.vargas202@example.com,Quito,Ecuador,bronce,2023-07-10
203,Diego Silva,diego.silva203@example.com,Santiago,Chile,plata,2022-07-25
204,Andres Perez,andres.perez204@example.com,Santiago,Chile,plata,2023-06-28
205,Diego Rojas,diego.rojas205@example.com,Cali,Colombia,bronce,2022-02-15
206,Javier Garcia,javier.garcia206@example.com,Quito,Ecuador,plata,2022-05-05
207,Sergio Mendoza,sergio.mendoza207@example.com,Quito,Ecuador,plata,2023-08-17
208,Alberto Castro,alberto.castro208@example.com,Santiago,Chile,oro,2022-08-28
209,Javier Moreno,javier.moreno209@example.com,Santiago,Chile,bronce,2023-01-16
210,Sergio Silva,sergio.silva210@example.com,Guadalajara,Mexico,plata,2023-01-30
211,Javier Sanchez,javier.sanchez211@example.com,Barcelona,Espana,plata,2023-06-03
212,Marta Torres,marta.torres212@example.com,Bogota,Colombia,bronce,2024-02-05
213,Sergio Mendoza,sergio.mendoza213@example.com,Santiago,Chile,plata,2023-05-04
214,Sofia Lopez,sofia.lopez214@example.com,Bogota,Colombia,plata,2024-07-14
215,Marta Silva,marta.silva215@example.com,Valencia,Espana,bronce,2023-06-12
216,Javier Perez,javier.perez216@example.com,Quito,Ecuador,bronce,2024-12-23
217,Luis Vargas,luis.vargas217@example.com,Cali,Colombia,bronce,2024-12-30
218,Luis Ramirez,luis.ramirez218@example.com,Lima,Peru,plata,2023-04-14
219,Sofia Rojas,sofia.rojas219@example.com,Bogota,Colombia,bronce,2024-04-18
220,Julia Silva,julia.silva220@example.com,Medellin,Colombia,bronce,2023-05-12
221,Maria Gomez,maria.gomez221@example.com,Medellin,Colombia,bronce,2024-08-16
222,Diego Lopez,diego.lopez222@example.com,Medellin,Colombia,plata,2024-04-18
223,Marta Diaz,marta.diaz223@example.com,Cali,Colombia,plata,2023-01-06
224,Laura Castro,laura.castro224@example.com,Bogota,Colombia,bronce,2022-12-18
225,Marta Herrera,marta.herrera225@example.com,Santiago,Chile,bronce,2024-08-22
226,Elena Herrera,elena.herrera226@example.com,Bogota,Colombia,bronce,2023-08-15
227,Paula Gomez,paula.gomez227@example.com,Cali,Colombia,bronce,2024-01-31
228,Pablo Ortiz,pablo.ortiz228@example.com,Lima,Peru,plata,2024-01-12
229,Lucia Rodriguez,lucia.rodriguez229@example.com,Cali,Colombia,bronce,2022-07-01
230,Carlos Martinez,carlos.martinez230@example.com,Madrid,Espana,plata,2022-09-16
231,Diego Garcia,diego.garcia231@example.com,Madrid,Espana,plata,2024-09-12
232,Ruben Ortiz,ruben.ortiz232@example.com,Cali,Colombia,oro,2022-11-03
233,Ana Lopez,ana.lopez233@example.com,Guadalajara,Mexico,bronce,2024-08-08
234,Sergio Castro,sergio.castro234@example.com,Quito,Ecuador,bronce,2023-01-26
235,Diego Silva,diego.silva235@example.com,Barcelona,Espana,bronce,2024-07-16
236,Marta Herrera,marta.herrera236@example.com,Ciudad de Mexico,Mexico,oro,2023-09-25
237,Andres Ortiz,andres.ortiz237@example.com,Bogota,Colombia,plata,2022-04-19
238,Sofia Rodriguez,sofia.rodriguez238@example.com,Cali,Colombia,plata,2022-10-24
239,Elena Diaz,elena.diaz239@example.com,Cali,Colombia,plata,2024-11-09
240,Carmen Ramirez,carmen.ramirez240@example.com,Bogota,Colombia,bronce,2022-08-16
241,Maria Rojas,maria.rojas241@example.com,Madrid,Espana,plata,2022-09-07
242,Pablo Castro,pablo.castro242@example.com,Madrid,Espana,oro,2022-06-13
243,Luis Vargas,luis.vargas243@example.com,Ciudad de Mexico,Mexico,bronce,2023-10-30
244,Carmen Gomez,carmen.gomez244@example.com,Valencia,Espana,platino,2024-06-05
245,Carmen Martinez,carmen.martinez245@example.com,Bogota,Colombia,oro,2024-10-22
246,Luis Diaz,luis.diaz246@example.com,Barcelona,Espana,platino,2024-08-28
247,Sergio Perez,sergio.perez247@example.com,Madrid,Espana,oro,2024-08-25
248,Sofia Vargas,sofia.vargas248@example.com,Barcelona,Espana,bronce,2024-09-17
249,Sergio Herrera,sergio.herrera249@example.com,Medellin,Colombia,plata,2023-09-14
250,Ana Vargas,ana.vargas250@example.com,Barcelona,Espana,bronce,2024-06-18
251,Carlos Vargas,carlos.vargas251@example.com,Valencia,Espana,plata,2023-11-27
252,Diego Garcia,diego.garcia252@example.com,Bogota,Colombia,bronce,2022-05-31
253,Carlos Castro,carlos.castro253@example.com,Bogota,Colombia,oro,2022-01-27
254,Elena Diaz,elena.diaz254@example.com,Madrid,Espana,bronce,2022-04-18
255,Andres Martinez,andres.martinez255@example.com,Barcelona,Espana,bronce,2023-01-14
256,Maria Sanchez,maria.sanchez256@example.com,Quito,Ecuador,bronce,2023-07-01
257,Andres Herrera,andres.herrera257@example.com,Buenos Aires,Argentina,plata,2023-12-01
258,Maria Ortiz,maria.ortiz258@example.com,Barcelona,Espana,bronce,2023-07-25
259,Carlos Ramirez,carlos.ramirez259@example.com,Bogota,Colombia,bronce,2023-02-06
260,Pablo Navarro,pablo.navarro260@example.com,Medellin,Colombia,bronce,2024-03-13
261,Sergio Lopez,sergio.lopez261@example.com,Lima,Peru,bronce,2024-08-01
262,Carlos Perez,carlos.perez262@example.com,Lima,Peru,oro,2022-09-02
263,Javier Ortiz,javier.ortiz263@example.com,Santiago,Chile,bronce,2022-10-14
264,Julia Lopez,julia.lopez264@example.com,Barcelona,Espana,bronce,2024-10-16
265,Alberto Rojas,alberto.rojas265@example.com,Cali,Colombia,bronce,2024-11-28
266,Pablo Sanchez,pablo.sanchez266@example.com,Cali,Colombia,bronce,2022-12-06
267,Sofia Gomez,sofia.gomez267@example.com,Guadalajara,Mexico,bronce,2023-07-12
268,Elena Torres,elena.torres268@example.com,Lima,Peru,bronce,2023-09-25
269,Carmen Fernandez,carmen.fernandez269@example.com,Bogota,Colombia,bronce,2023-11-27
270,Pablo Mendoza,pablo.mendoza270@example.com,Ciudad de Mexico,Mexico,bronce,2024-08-04
271,Javier Navarro,javier.navarro271@example.com,Bogota,Colombia,bronce,2022-04-26
272,Ana Ramirez,ana.ramirez272@example.com,Valencia,Espana,plata,2023-07-28
273,Carlos Ramirez,carlos.ramirez273@example.com,Bogota,Colombia,bronce,2022-08-26
274,Alberto Rodriguez,alberto.rodriguez274@example.com,Buenos Aires,Argentina,plata,2024-04-05
275,Sofia Sanchez,sofia.sanchez275@example.com,Cali,Colombia,plata,2023-10-16
276,Diego Garcia,diego.garcia276@example.com,Buenos Aires,Argentina,oro,2024-03-31
277,Diego Mendoza,diego.mendoza277@example.com,Buenos Aires,Argentina,bronce,2024-09-18
278,Sergio Sanchez,sergio.sanchez278@example.com,Medellin,Colombia,plata,2024-05-15
279,Luis Gomez,luis.gomez279@example.com,Quito,Ecuador,oro,2024-07-24
280,Luis Silva,luis.silva280@example.com,Madrid,Espana,platino,2024-06-07
281,Javier Moreno,javier.moreno281@example.com,Lima,Peru,oro,2023-11-16
282,Diego Castro,diego.castro282@example.com,Madrid,Espana,bronce,2023-03-06
283,Andres Garcia,andres.garcia283@example.com,Medellin,Colombia,oro,2023-01-04
284,Diego Vargas,diego.vargas284@example.com,Santiago,Chile,oro,2023-02-03
285,Sofia Vargas,sofia.vargas285@example.com,Buenos Aires,Argentina,bronce,2023-10-28
286,Julia Gomez,julia.gomez286@example.com,Bogota,Colombia,bronce,2024-05-29
287,Carlos Moreno,carlos.moreno287@example.com,Lima,Peru,oro,2023-02-06
288,Pablo Ortiz,pablo.ortiz288@example.com,Barcelona,Espana,bronce,2023-09-27
289,Lucia Perez,lucia.perez289@example.com,Buenos Aires,Argentina,plata,2023-03-30
290,Diego Gomez,diego.gomez290@example.com,Ciudad de Mexico,Mexico,bronce,2023-10-28
291,Paula Gomez,paula.gomez291@example.com,Valencia,Espana,plata,2024-06-15
292,Javier Silva,javier.silva292@example.com,Quito,Ecuador,bronce,2023-03-28
293,Alberto Rodriguez,alberto.rodriguez293@example.com,Santiago,Chile,plata,2023-03-11
294,Elena Mendoza,elena.mendoza294@example.com,Madrid,Espana,bronce,2022-08-09
295,Lucia Herrera,lucia.herrera295@example.com,Barcelona,Espana,oro,2023-07-01
296,Lucia Torres,lucia.torres296@example.com,Madrid,Espana,bronce,2023-05-16
297,Paula Vargas,paula.vargas297@example.com,Medellin,Colombia,bronce,2022-06-25
298,Sofia Mendoza,sofia.mendoza298@example.com,Cali,Colombia,bronce,2024-11-27
299,Javier Herrera,javier.herrera299@example.com,Buenos Aires,Argentina,bronce,2024-07-30
300,Ana Perez,ana.perez300@example.com,Buenos Aires,Argentina,platino,2022-11-15
301,Miguel Rodriguez,miguel.rodriguez301@example.com,Madrid,Espana,bronce,2024-10-31
302,Paula Rojas,paula.rojas302@example.com,Cali,Colombia,bronce,2022-10-25
303,Ana Martinez,ana.martinez303@example.com,Santiago,Chile,oro,2023-04-04
304,Ruben Rodriguez,ruben.rodriguez304@example.com,Lima,Peru,bronce,2022-05-24
305,Lucia Navarro,lucia.navarro305@example.com,Bogota,Colombia,bronce,2023-11-02
306,Maria Torres,maria.torres306@example.com,Madrid,Espana,plata,2023-06-11
307,Elena Rojas,elena.rojas307@example.com,Barcelona,Espana,bronce,2022-10-20
308,Pablo Sanchez,pablo.sanchez308@example.com,Medellin,Colombia,oro,2022-11-12
309,Elena Martinez,elena.martinez309@example.com,Cali,Colombia,plata,2024-10-21
310,Maria Rodriguez,maria.rodriguez310@example.com,Medellin,Colombia,bronce,2024-01-23
311,Andres Fernandez,andres.fernandez311@example.com,Barcelona,Espana,plata,2022-06-17
312,Andres Garcia,andres.garcia312@example.com,Medellin,Colombia,oro,2022-05-28
313,Maria Diaz,maria.diaz313@example.com,Bogota,Colombia,bronce,2022-03-18
314,Javier Gomez,javier.gomez314@example.com,Cali,Colombia,plata,2022-09-28
315,Laura Ramirez,laura.ramirez315@example.com,Madrid,Espana,bronce,2024-03-19
316,Andres Vargas,andres.vargas316@example.com,Santiago,Chile,bronce,2022-03-09
317,Marta Gomez,marta.gomez317@example.com,Cali,Colombia,plata,2022-09-30
318,Marta Torres,marta.torres318@example.com,Bogota,Colombia,bronce,2022-02-15
319,Julia Rodriguez,julia.rodriguez319@example.com,Lima,Peru,bronce,2023-12-13
320,Sergio Gomez,sergio.gomez320@example.com,Buenos Aires,Argentina,bronce,2024-06-10
321,Elena Navarro,elena.navarro321@example.com,Barcelona,Espana,plata,2023-08-03
322,Maria Navarro,maria.navarro322@example.com,Barcelona,Espana,plata,2024-09-18
323,Carmen Torres,carmen.torres323@example.com,Madrid,Espana,bronce,2024-01-24
324,Julia Ortiz,julia.ortiz324@example.com,Ciudad de Mexico,Mexico,bronce,2024-04-16
325,Alberto Ramirez,alberto.ramirez325@example.com,Medellin,Colombia,oro,2022-12-10
326,Laura Martinez,laura.martinez326@example.com,Medellin,Colombia,bronce,2024-08-05
327,Laura Mendoza,laura.mendoza327@example.com,Ciudad de Mexico,Mexico,bronce,2023-11-23
328,Ana Diaz,ana.diaz328@example.com,Ciudad de Mexico,Mexico,bronce,2022-04-05
329,Maria Castro,maria.castro329@example.com,Madrid,Espana,plata,2022-04-01
330,Pablo Castro,pablo.castro330@example.com,Barcelona,Espana,bronce,2024-09-10
331,Lucia Gomez,lucia.gomez331@example.com,Santiago,Chile,oro,2022-10-29
332,Miguel Moreno,miguel.moreno332@example.com,Quito,Ecuador,plata,2023-05-26
333,Elena Ramirez,elena.ramirez333@example.com,Lima,Peru,bronce,2024-04-12
334,Paula Fernandez,paula.fernandez334@example.com,Lima,Peru,plata,2024-04-21
335,Diego Perez,diego.perez335@example.com,Cali,Colombia,bronce,2022-01-30
336,Paula Moreno,paula.moreno336@example.com,Santiago,Chile,bronce,2023-11-06
337,Alberto Sanchez,alberto.sanchez337@example.com,Lima,Peru,plata,2024-09-26
338,Elena Martinez,elena.martinez338@example.com,Lima,Peru,bronce,2023-01-19
339,Laura Mendoza,laura.mendoza339@example.com,Barcelona,Espana,oro,2023-08-18
340,Alberto Gomez,alberto.gomez340@example.com,Barcelona,Espana,plata,2022-10-17
341,Carmen Castro,carmen.castro341@example.com,Medellin,Colombia,bronce,2024-02-29
342,Javier Moreno,javier.moreno342@example.com,Ciudad de Mexico,Mexico,platino,2022-05-10
343,Carmen Silva,carmen.silva343@example.com,Quito,Ecuador,bronce,2023-07-23
344,Lucia Castro,lucia.castro344@example.com,Bogota,Colombia,bronce,2023-03-28
345,Julia Moreno,julia.moreno345@example.com,Santiago,Chile,bronce,2023-12-04
346,Javier Silva,javier.silva346@example.com,Lima,Peru,platino,2023-06-26
347,Alberto Ortiz,alberto.ortiz347@example.com,Quito,Ecuador,bronce,2024-12-10
348,Julia Garcia,julia.garcia348@example.com,Valencia,Espana,bronce,2024-12-12
349,Carlos Moreno,carlos.moreno349@example.com,Valencia,Espana,bronce,2022-11-08
350,Carlos Lopez,carlos.lopez350@example.com,Valencia,Espana,bronce,2022-02-10
351,Lucia Mendoza,lucia.mendoza351@example.com,Buenos Aires,Argentina,bronce,2023-06-24
352,Ana Garcia,ana.garcia352@example.com,Buenos Aires,Argentina,plata,2023-10-09
353,Javier Sanchez,javier.sanchez353@example.com,Medellin,Colombia,oro,2024-04-03
354,Sofia Lopez,sofia.lopez354@example.com,Barcelona,Espana,plata,2023-07-29
355,Alberto Castro,alberto.castro355@example.com,Ciudad de Mexico,Mexico,bronce,2023-10-05
356,Alberto Garcia,alberto.garcia356@example.com,Buenos Aires,Argentina,bronce,2022-01-26
357,Carlos Garcia,carlos.garcia357@example.com,Cali,Colombia,bronce,2024-04-15
358,Ruben Ramirez,ruben.ramirez358@example.com,Bogota,Colombia,bronce,2022-12-28
359,Luis Navarro,luis.navarro359@example.com,Guadalajara,Mexico,plata,2023-02-25
360,Marta Ramirez,marta.ramirez360@example.com,Guadalajara,Mexico,bronce,2023-04-09
361,Paula Diaz,paula.diaz361@example.com,Guadalajara,Mexico,oro,2022-03-20
362,Ruben Rojas,ruben.rojas362@example.com,Lima,Peru,bronce,2023-06-26
363,Laura Vargas,laura.vargas363@example.com,Bogota,Colombia,plata,2023-02-22
364,Ruben Fernandez,ruben.fernandez364@example.com,Guadalajara,Mexico,oro,2022-09-13
365,Maria Vargas,maria.vargas365@example.com,Lima,Peru,plata,2022-09-27
366,Lucia Garcia,lucia.garcia366@example.com,Valencia,Espana,oro,2022-02-07
367,Diego Sanchez,diego.sanchez367@example.com,Bogota,Colombia,oro,2024-08-30
368,Elena Rojas,elena.rojas368@example.com,Madrid,Espana,plata,2022-11-18
369,Ana Gomez,ana.gomez369@example.com,Medellin,Colombia,bronce,2024-08-15
370,Sergio Rodriguez,sergio.rodriguez370@example.com,Madrid,Espana,bronce,2024-07-04
371,Elena Martinez,elena.martinez371@example.com,Buenos Aires,Argentina,oro,2023-05-16
372,Andres Mendoza,andres.mendoza372@example.com,Barcelona,Espana,bronce,2024-06-03
373,Sofia Gomez,sofia.gomez373@example.com,Buenos Aires,Argentina,oro,2022-08-20
374,Miguel Garcia,miguel.garcia374@example.com,Ciudad de Mexico,Mexico,bronce,2022-07-17
375,Ruben Moreno,ruben.moreno375@example.com,Quito,Ecuador,plata,2024-09-11
376,Luis Ramirez,luis.ramirez376@example.com,Medellin,Colombia,bronce,2023-12-09
377,Marta Torres,marta.torres377@example.com,Medellin,Colombia,platino,2024-01-25
378,Marta Mendoza,marta.mendoza378@example.com,Valencia,Espana,bronce,2024-10-08
379,Miguel Gomez,miguel.gomez379@example.com,Ciudad de Mexico,Mexico,bronce,2022-01-16
380,Javier Vargas,javier.vargas380@example.com,Valencia,Espana,oro,2022-07-08
381,Ana Moreno,ana.moreno381@example.com,Barcelona,Espana,bronce,2024-11-19
382,Julia Castro,julia.castro382@example.com,Quito,Ecuador,bronce,2022-05-21
383,Julia Sanchez,julia.sanchez383@example.com,Buenos Aires,Argentina,oro,2023-05-07
384,Laura Rojas,laura.rojas384@example.com,Barcelona,Espana,oro,2022-01-25
385,Ana Moreno,ana.moreno385@example.com,Guadalajara,Mexico,bronce,2022-12-23
386,Maria Martinez,maria.martinez386@example.com,Bogota,Colombia,plata,2022-07-08
387,Luis Lopez,luis.lopez387@example.com,Valencia,Espana,bronce,2022-10-08
388,Paula Rojas,paula.rojas388@example.com,Cali,Colombia,bronce,2024-06-10
389,Ruben Martinez,ruben.martinez389@example.com,Santiago,Chile,plata,2022-10-29
390,Carlos Mendoza,carlos.mendoza390@example.com,Madrid,Espana,bronce,2024-06-10
391,Marta Martinez,marta.martinez391@example.com,Medellin,Colombia,bronce,2024-09-06
392,Carlos Navarro,carlos.navarro392@example.com,Quito,Ecuador,bronce,2023-08-15
393,Miguel Rojas,miguel.rojas393@example.com,Medellin,Colombia,oro,2023-08-13
394,Pablo Diaz,pablo.diaz394@example.com,Barcelona,Espana,plata,2023-01-01
395,Marta Perez,marta.perez395@example.com,Cali,Colombia,bronce,2024-01-01
396,Ruben Gomez,ruben.gomez396@example.com,Buenos Aires,Argentina,oro,2024-06-02
397,Ana Moreno,ana.moreno397@example.com,Quito,Ecuador,oro,2024-08-03
398,Carlos Herrera,carlos.herrera398@example.com,Guadalajara,Mexico,bronce,2022-08-02
399,Javier Sanchez,javier.sanchez399@example.com,Madrid,Espana,platino,2024-01-22
400,Elena Ramirez,elena.ramirez400@example.com,Santiago,Chile,bronce,2022-06-03
401,Alberto Navarro,alberto.navarro401@example.com,Santiago,Chile,bronce,2023-06-21
402,Sergio Perez,sergio.perez402@example.com,Guadalajara,Mexico,bronce,2022-04-08
403,Elena Rojas,elena.rojas403@example.com,Lima,Peru,bronce,2023-08-26
404,Alberto Lopez,alberto.lopez404@example.com,Santiago,Chile,plata,2024-07-21
405,Diego Silva,diego.silva405@example.com,Valencia,Espana,plata,2024-06-13
406,Lucia Lopez,lucia.lopez406@example.com,Cali,Colombia,oro,2024-02-22
407,Sofia Perez,sofia.perez407@example.com,Ciudad de Mexico,Mexico,bronce,2023-09-25
408,Maria Torres,maria.torres408@example.com,Cali,Colombia,bronce,2023-11-15
409,Julia Fernandez,julia.fernandez409@example.com,Guadalajara,Mexico,bronce,2022-04-20
410,Ana Lopez,ana.lopez410@example.com,Buenos Aires,Argentina,bronce,2024-03-07
411,Carlos Castro,carlos.castro411@example.com,Barcelona,Espana,oro,2024-01-17
412,Laura Garcia,laura.garcia412@example.com,Ciudad de Mexico,Mexico,plata,2022-06-07
413,Javier Navarro,javier.navarro413@example.com,Madrid,Espana,plata,2023-11-24
414,Maria Rodriguez,maria.rodriguez414@example.com,Ciudad de Mexico,Mexico,plata,2023-02-26
415,Ana Gomez,ana.gomez415@example.com,Cali,Colombia,bronce,2023-07-12
416,Andres Ortiz,andres.ortiz416@example.com,Valencia,Espana,bronce,2024-06-10
417,Alberto Lopez,alberto.lopez417@example.com,Quito,Ecuador,bronce,2022-12-19
418,Maria Rodriguez,maria.rodriguez418@example.com,Bogota,Colombia,oro,2024-09-30
419,Javier Moreno,javier.moreno419@example.com,Madrid,Espana,bronce,2023-04-02
420,Lucia Rodriguez,lucia.rodriguez420@example.com,Medellin,Colombia,bronce,2023-07-16
421,Julia Mendoza,julia.mendoza421@example.com,Santiago,Chile,plata,2022-02-01
422,Andres Torres,andres.torres422@example.com,Madrid,Espana,bronce,2022-05-14
423,Sergio Mendoza,sergio.mendoza423@example.com,Cali,Colombia,bronce,2022-11-05
424,Pablo Sanchez,pablo.sanchez424@example.com,Cali,Colombia,bronce,2024-12-07
425,Sofia Martinez,sofia.martinez425@example.com,Lima,Peru,bronce,2022-10-12
426,Carlos Navarro,carlos.navarro426@example.com,Madrid,Espana,bronce,2023-03-09
427,Ruben Herrera,ruben.herrera427@example.com,Madrid,Espana,oro,2024-07-24
428,Paula Ortiz,paula.ortiz428@example.com,Ciudad de Mexico,Mexico,plata,2022-12-16
429,Ana Gomez,ana.gomez429@example.com,Valencia,Espana,bronce,2024-06-09
430,Marta Diaz,marta.diaz430@example.com,Buenos Aires,Argentina,plata,2022-05-12
431,Luis Vargas,luis.vargas431@example.com,Bogota,Colombia,plata,2022-05-26
432,Marta Diaz,marta.diaz432@example.com,Ciudad de Mexico,Mexico,plata,2022-01-14
433,Paula Sanchez,paula.sanchez433@example.com,Madrid,Espana,oro,2022-05-17
434,Maria Fernandez,maria.fernandez434@example.com,Buenos Aires,Argentina,oro,2023-10-24
435,Sofia Castro,sofia.castro435@example.com,Ciudad de Mexico,Mexico,bronce,2022-04-10
436,Maria Garcia,maria.garcia436@example.com,Madrid,Espana,bronce,2023-11-02
437,Pablo Gomez,pablo.gomez437@example.com,Bogota,Colombia,bronce,2023-10-19
438,Julia Perez,julia.perez438@example.com,Madrid,Espana,bronce,2022-09-14
439,Luis Rodriguez,luis.rodriguez439@example.com,Madrid,Espana,platino,2022-02-10
440,Miguel Martinez,miguel.martinez440@example.com,Buenos Aires,Argentina,plata,2022-06-27
441,Alberto Torres,alberto.torres441@example.com,Cali,Colombia,bronce,2022-06-06
442,Elena Martinez,elena.martinez442@example.com,Santiago,Chile,oro,2023-08-02
443,Maria Gomez,maria.gomez443@example.com,Bogota,Colombia,plata,2024-10-16
444,Diego Vargas,diego.vargas444@example.com,Buenos Aires,Argentina,bronce,2023-04-22
445,Lucia Mendoza,lucia.mendoza445@example.com,Guadalajara,Mexico,oro,2023-11-25
446,Andres Rodriguez,andres.rodriguez446@example.com,Guadalajara,Mexico,bronce,2022-11-29
447,Elena Diaz,elena.diaz447@example.com,Santiago,Chile,bronce,2022-04-11
448,Alberto Martinez,alberto.martinez448@example.com,Buenos Aires,Argentina,bronce,2022-08-27
449,Lucia Diaz,lucia.diaz449@example.com,Buenos Aires,Argentina,oro,2023-06-09
450,Javier Torres,javier.torres450@example.com,Buenos Aires,Argentina,bronce,2024-07-29
451,Alberto Herrera,alberto.herrera451@example.com,Cali,Colombia,bronce,2022-09-30
452,Julia Diaz,julia.diaz452@example.com,Buenos Aires,Argentina,plata,2024-12-13
453,Diego Ortiz,diego.ortiz453@example.com,Lima,Peru,oro,2023-12-01
454,Ana Martinez,ana.martinez454@example.com,Buenos Aires,Argentina,bronce,2023-01-25
455,Pablo Rodriguez,pablo.rodriguez455@example.com,Guadalajara,Mexico,bronce,2023-11-13
456,Pablo Garcia,pablo.garcia456@example.com,Madrid,Espana,oro,2024-02-04
457,Maria Fernandez,maria.fernandez457@example.com,Cali,Colombia,plata,2024-01-22
458,Carmen Lopez,carmen.lopez458@example.com,Madrid,Espana,bronce,2024-08-05
459,Paula Rodriguez,paula.rodriguez459@example.com,Barcelona,Espana,bronce,2023-12-26
460,Maria Sanchez,maria.sanchez460@example.com,Medellin,Colombia,bronce,2022-01-30
461,Marta Navarro,marta.navarro461@example.com,Cali,Colombia,plata,2023-02-18
462,Maria Silva,maria.silva462@example.com,Ciudad de Mexico,Mexico,plata,2024-09-21
463,Marta Garcia,marta.garcia463@example.com,Lima,Peru,plata,2022-08-15
464,Sofia Ortiz,sofia.ortiz464@example.com,Santiago,Chile,bronce,2023-07-01
465,Ana Sanchez,ana.sanchez465@example.com,Cali,Colombia,oro,2023-07-02
466,Alberto Diaz,alberto.diaz466@example.com,Medellin,Colombia,bronce,2023-09-02
467,Carlos Gomez,carlos.gomez467@example.com,Buenos Aires,Argentina,oro,2024-08-09
468,Pablo Diaz,pablo.diaz468@example.com,Bogota,Colombia,bronce,2023-08-15
469,Carlos Herrera,carlos.herrera469@example.com,Lima,Peru,bronce,2022-01-01
470,Julia Moreno,julia.moreno470@example.com,Santiago,Chile,bronce,2022-09-24
471,Marta Vargas,marta.vargas471@example.com,Buenos Aires,Argentina,bronce,2023-11-22
472,Paula Castro,paula.castro472@example.com,Valencia,Espana,bronce,2024-05-06
473,Sofia Moreno,sofia.moreno473@example.com,Guadalajara,Mexico,plata,2023-12-10
474,Diego Lopez,diego.lopez474@example.com,Santiago,Chile,oro,2024-03-12
475,Carmen Fernandez,carmen.fernandez475@example.com,Madrid,Espana,bronce,2022-09-21
476,Sergio Martinez,sergio.martinez476@example.com,Valencia,Espana,bronce,2022-04-15
477,Paula Moreno,paula.moreno477@example.com,Ciudad de Mexico,Mexico,bronce,2024-11-04
478,Ana Diaz,ana.diaz478@example.com,Medellin,Colombia,oro,2023-09-09
479,Andres Castro,andres.castro479@example.com,Buenos Aires,Argentina,bronce,2024-03-19
480,Maria Vargas,maria.vargas480@example.com,Medellin,Colombia,bronce,2024-11-13
481,Javier Perez,javier.perez481@example.com,Quito,Ecuador,bronce,2022-07-19
482,Paula Martinez,paula.martinez482@example.com,Bogota,Colombia,bronce,2024-08-11
483,Javier Navarro,javier.navarro483@example.com,Medellin,Colombia,plata,2023-02-06
484,Sergio Perez,sergio.perez484@example.com,Madrid,Espana,bronce,2023-11-17
485,Diego Martinez,diego.martinez485@example.com,Valencia,Espana,bronce,2023-02-28
486,Laura Gomez,laura.gomez486@example.com,Valencia,Espana,oro,2022-08-06
487,Elena Ortiz,elena.ortiz487@example.com,Santiago,Chile,bronce,2024-08-20
488,Lucia Perez,lucia.perez488@example.com,Medellin,Colombia,plata,2023-01-16
489,Sergio Navarro,sergio.navarro489@example.com,Valencia,Espana,bronce,2022-01-28
490,Carmen Torres,carmen.torres490@example.com,Bogota,Colombia,oro,2022-06-14
491,Julia Mendoza,julia.mendoza491@example.com,Ciudad de Mexico,Mexico,plata,2024-11-18
492,Ruben Rojas,ruben.rojas492@example.com,Santiago,Chile,bronce,2024-06-19
493,Sergio Garcia,sergio.garcia493@example.com,Quito,Ecuador,oro,2023-12-29
494,Carmen Ramirez,carmen.ramirez494@example.com,Madrid,Espana,bronce,2024-05-02
495,Javier Diaz,javier.diaz495@example.com,Lima,Peru,bronce,2023-12-12
496,Sofia Sanchez,sofia.sanchez496@example.com,Medellin,Colombia,plata,2024-09-23
497,Maria Ramirez,maria.ramirez497@example.com,Santiago,Chile,plata,2022-04-20
498,Miguel Martinez,miguel.martinez498@example.com,Madrid,Espana,bronce,2022-03-11
499,Julia Rojas,julia.rojas499@example.com,Guadalajara,Mexico,bronce,2024-01-31
500,Sofia Silva,sofia.silva500@example.com,Quito,Ecuador,bronce,2024-11-22
501,Maria Rodriguez,maria.rodriguez501@example.com,Madrid,Espana,plata,2023-09-29
502,Andres Torres,andres.torres502@example.com,Santiago,Chile,platino,2024-11-24
503,Alberto Rojas,alberto.rojas503@example.com,Barcelona,Espana,bronce,2023-03-16
504,Ruben Rodriguez,ruben.rodriguez504@example.com,Quito,Ecuador,platino,2024-01-09
505,Javier Fernandez,javier.fernandez505@example.com,Buenos Aires,Argentina,bronce,2023-07-12
506,Diego Perez,diego.perez506@example.com,Lima,Peru,plata,2024-08-23
507,Lucia Garcia,lucia.garcia507@example.com,Lima,Peru,oro,2023-12-10
508,Laura Silva,laura.silva508@example.com,Bogota,Colombia,plata,2023-04-26
509,Javier Diaz,javier.diaz509@example.com,Medellin,Colombia,bronce,2022-09-25
510,Laura Herrera,laura.herrera510@example.com,Buenos Aires,Argentina,bronce,2022-12-10
511,Alberto Vargas,alberto.vargas511@example.com,Valencia,Espana,bronce,2022-03-23
512,Marta Mendoza,marta.mendoza512@example.com,Bogota,Colombia,plata,2022-06-19
513,Paula Navarro,paula.navarro513@example.com,Barcelona,Espana,platino,2023-07-12
514,Paula Castro,paula.castro514@example.com,Lima,Peru,bronce,2022-02-04
515,Alberto Fernandez,alberto.fernandez515@example.com,Valencia,Espana,bronce,2023-06-01
516,Maria Diaz,maria.diaz516@example.com,Medellin,Colombia,bronce,2022-02-15
517,Ruben Silva,ruben.silva517@example.com,Cali,Colombia,plata,2022-06-27
518,Luis Diaz,luis.diaz518@example.com,Medellin,Colombia,plata,2024-01-28
519,Diego Ramirez,diego.ramirez519@example.com,Santiago,Chile,bronce,2022-02-01
520,Pablo Lopez,pablo.lopez520@example.com,Lima,Peru,plata,2023-01-04
521,Miguel Navarro,miguel.navarro521@example.com,Ciudad de Mexico,Mexico,bronce,2022-07-28
522,Maria Rojas,maria.rojas522@example.com,Lima,Peru,plata,2022-03-01
523,Carlos Gomez,carlos.gomez523@example.com,Barcelona,Espana,bronce,2022-08-16
524,Paula Vargas,paula.vargas524@example.com,Quito,Ecuador,bronce,2022-05-03
525,Elena Diaz,elena.diaz525@example.com,Barcelona,Espana,plata,2022-03-30
526,Elena Lopez,elena.lopez526@example.com,Madrid,Espana,plata,2023-12-30
527,Julia Mendoza,julia.mendoza527@example.com,Madrid,Espana,bronce,2022-05-17
528,Maria Mendoza,maria.mendoza528@example.com,Valencia,Espana,plata,2024-10-24
529,Julia Silva,julia.silva529@example.com,Lima,Peru,bronce,2023-06-17
530,Julia Fernandez,julia.fernandez530@example.com,Bogota,Colombia,bronce,2023-03-23
531,Pablo Perez,pablo.perez531@example.com,Santiago,Chile,platino,2024-08-16
532,Carlos Garcia,carlos.garcia532@example.com,Cali,Colombia,oro,2024-05-01
533,Carlos Moreno,carlos.moreno533@example.com,Barcelona,Espana,bronce,2023-04-06
534,Javier Gomez,javier.gomez534@example.com,Cali,Colombia,oro,2024-12-02
535,Pablo Mendoza,pablo.mendoza535@example.com,Valencia,Espana,plata,2023-08-05
536,Carlos Mendoza,carlos.mendoza536@example.com,Bogota,Colombia,bronce,2024-02-15
537,Diego Martinez,diego.martinez537@example.com,Ciudad de Mexico,Mexico,bronce,2024-11-27
538,Maria Ortiz,maria.ortiz538@example.com,Santiago,Chile,bronce,2024-03-02
539,Lucia Martinez,lucia.martinez539@example.com,Guadalajara,Mexico,plata,2023-10-10
540,Ana Torres,ana.torres540@example.com,Valencia,Espana,oro,2023-11-06
541,Marta Torres,marta.torres541@example.com,Buenos Aires,Argentina,bronce,2023-12-18
542,Luis Navarro,luis.navarro542@example.com,Buenos Aires,Argentina,bronce,2024-12-06
543,Carlos Rojas,carlos.rojas543@example.com,Valencia,Espana,bronce,2024-02-07
544,Carlos Mendoza,carlos.mendoza544@example.com,Lima,Peru,bronce,2022-11-25
545,Paula Vargas,paula.vargas545@example.com,Lima,Peru,oro,2022-01-25
546,Luis Silva,luis.silva546@example.com,Guadalajara,Mexico,bronce,2024-05-07
547,Sofia Mendoza,sofia.mendoza547@example.com,Bogota,Colombia,plata,2023-06-19
548,Pablo Mendoza,pablo.mendoza548@example.com,Medellin,Colombia,bronce,2023-03-31
549,Lucia Diaz,lucia.diaz549@example.com,Cali,Colombia,plata,2024-10-20
550,Andres Fernandez,andres.fernandez550@example.com,Valencia,Espana,plata,2022-06-20
551,Paula Navarro,paula.navarro551@example.com,Bogota,Colombia,plata,2022-02-11
552,Miguel Herrera,miguel.herrera552@example.com,Barcelona,Espana,bronce,2024-03-20
553,Paula Ortiz,paula.ortiz553@example.com,Barcelona,Espana,plata,2024-10-08
554,Elena Vargas,elena.vargas554@example.com,Buenos Aires,Argentina,plata,2024-06-27
555,Alberto Ortiz,alberto.ortiz555@example.com,Barcelona,Espana,plata,2024-08-11
556,Lucia Moreno,lucia.moreno556@example.com,Cali,Colombia,plata,2024-08-03
557,Marta Moreno,marta.moreno557@example.com,Cali,Colombia,oro,2024-01-21
558,Ruben Lopez,ruben.lopez558@example.com,Madrid,Espana,bronce,2024-10-06
559,Sergio Vargas,sergio.vargas559@example.com,Santiago,Chile,bronce,2023-01-09
560,Ruben Moreno,ruben.moreno560@example.com,Quito,Ecuador,platino,2024-03-26
561,Lucia Herrera,lucia.herrera561@example.com,Guadalajara,Mexico,bronce,2022-04-11
562,Ana Navarro,ana.navarro562@example.com,Buenos Aires,Argentina,oro,2023-08-01
563,Diego Gomez,diego.gomez563@example.com,Valencia,Espana,plata,2022-11-15
564,Carlos Gomez,carlos.gomez564@example.com,Lima,Peru,oro,2024-10-24
565,Ruben Navarro,ruben.navarro565@example.com,Santiago,Chile,plata,2023-04-23
566,Laura Navarro,laura.navarro566@example.com,Cali,Colombia,oro,2022-08-18
567,Laura Lopez,laura.lopez567@example.com,Buenos Aires,Argentina,plata,2023-09-16
568,Laura Fernandez,laura.fernandez568@example.com,Quito,Ecuador,bronce,2022-03-26
569,Carmen Ortiz,carmen.ortiz569@example.com,Guadalajara,Mexico,bronce,2022-05-19
570,Pablo Lopez,pablo.lopez570@example.com,Valencia,Espana,bronce,2023-04-18
571,Julia Herrera,julia.herrera571@example.com,Bogota,Colombia,bronce,2023-11-22
572,Sofia Martinez,sofia.martinez572@example.com,Valencia,Espana,platino,2023-09-30
573,Javier Lopez,javier.lopez573@example.com,Bogota,Colombia,bronce,2022-03-02
574,Ana Herrera,ana.herrera574@example.com,Lima,Peru,plata,2024-01-15
575,Ana Castro,ana.castro575@example.com,Valencia,Espana,bronce,2022-03-05
576,Miguel Vargas,miguel.vargas576@example.com,Lima,Peru,bronce,2024-06-11
577,Julia Mendoza,julia.mendoza577@example.com,Bogota,Colombia,platino,2022-02-12
578,Lucia Gomez,lucia.gomez578@example.com,Cali,Colombia,bronce,2022-01-30
579,Ruben Ramirez,ruben.ramirez579@example.com,Ciudad de Mexico,Mexico,plata,2023-07-21
580,Maria Castro,maria.castro580@example.com,Barcelona,Espana,bronce,2024-05-28
581,Luis Moreno,luis.moreno581@example.com,Valencia,Espana,bronce,2024-04-17
582,Paula Gomez,paula.gomez582@example.com,Bogota,Colombia,bronce,2023-10-20
583,Maria Castro,maria.castro583@example.com,Madrid,Espana,plata,2022-07-15
584,Luis Diaz,luis.diaz584@example.com,Santiago,Chile,bronce,2024-11-09
585,Sofia Ramirez,sofia.ramirez585@example.com,Ciudad de Mexico,Mexico,oro,2022-01-23
586,Julia Mendoza,julia.mendoza586@example.com,Lima,Peru,plata,2023-01-16
587,Andres Fernandez,andres.fernandez587@example.com,Lima,Peru,bronce,2024-04-05
588,Luis Rojas,luis.rojas588@example.com,Medellin,Colombia,bronce,2023-11-07
589,Paula Ortiz,paula.ortiz589@example.com,Santiago,Chile,bronce,2024-05-15
590,Paula Herrera,paula.herrera590@example.com,Madrid,Espana,plata,2024-04-19
591,Paula Navarro,paula.navarro591@example.com,Cali,Colombia,bronce,2024-10-25
592,Julia Vargas,julia.vargas592@example.com,Guadalajara,Mexico,bronce,2023-07-20
593,Laura Perez,laura.perez593@example.com,Cali,Colombia,bronce,2024-06-17
594,Alberto Navarro,alberto.navarro594@example.com,Buenos Aires,Argentina,bronce,2022-06-20
595,Elena Castro,elena.castro595@example.com,Lima,Peru,plata,2022-07-10
596,Paula Sanchez,paula.sanchez596@example.com,Cali,Colombia,bronce,2022-02-24
597,Pablo Gomez,pablo.gomez597@example.com,Bogota,Colombia,bronce,2022-08-12
598,Sergio Perez,sergio.perez598@example.com,Ciudad de Mexico,Mexico,bronce,2022-05-02
599,Carmen Silva,carmen.silva599@example.com,Lima,Peru,plata,2024-06-21
600,Carmen Rodriguez,carmen.rodriguez600@example.com,Quito,Ecuador,plata,2023-06-26
601,Carmen Moreno,carmen.moreno601@example.com,Santiago,Chile,bronce,2023-05-02
602,Sergio Vargas,sergio.vargas602@example.com,Valencia,Espana,bronce,2023-12-02
603,Marta Rodriguez,marta.rodriguez603@example.com,Valencia,Espana,plata,2023-01-29
604,Maria Castro,maria.castro604@example.com,Ciudad de Mexico,Mexico,bronce,2023-09-17
605,Paula Herrera,paula.herrera605@example.com,Medellin,Colombia,plata,2022-01-04
606,Lucia Moreno,lucia.moreno606@example.com,Guadalajara,Mexico,bronce,2024-02-20
607,Elena Ramirez,elena.ramirez607@example.com,Quito,Ecuador,bronce,2024-08-12
608,Lucia Gomez,lucia.gomez608@example.com,Ciudad de Mexico,Mexico,bronce,2022-02-12
609,Alberto Lopez,alberto.lopez609@example.com,Medellin,Colombia,bronce,2022-03-30
610,Ruben Garcia,ruben.garcia610@example.com,Lima,Peru,plata,2022-05-30
611,Paula Fernandez,paula.fernandez611@example.com,Cali,Colombia,bronce,2023-10-28
612,Diego Castro,diego.castro612@example.com,Guadalajara,Mexico,bronce,2024-04-13
613,Sergio Garcia,sergio.garcia613@example.com,Barcelona,Espana,bronce,2024-06-20
614,Miguel Navarro,miguel.navarro614@example.com,Ciudad de Mexico,Mexico,bronce,2024-05-05
615,Andres Vargas,andres.vargas615@example.com,Cali,Colombia,plata,2023-09-24
616,Carmen Perez,carmen.perez616@example.com,Barcelona,Espana,plata,2024-02-09
617,Laura Navarro,laura.navarro617@example.com,Valencia,Espana,platino,2022-11-03
618,Javier Lopez,javier.lopez618@example.com,Buenos Aires,Argentina,bronce,2024-03-27
619,Luis Navarro,luis.navarro619@example.com,Valencia,Espana,bronce,2022-07-20
620,Maria Perez,maria.perez620@example.com,Barcelona,Espana,bronce,2024-11-20
621,Sofia Fernandez,sofia.fernandez621@example.com,Madrid,Espana,oro,2022-02-15
622,Diego Diaz,diego.diaz622@example.com,Madrid,Espana,bronce,2024-10-30
623,Carlos Navarro,carlos.navarro623@example.com,Cali,Colombia,bronce,2023-05-20
624,Sofia Perez,sofia.perez624@example.com,Cali,Colombia,plata,2023-12-07
625,Carmen Navarro,carmen.navarro625@example.com,Guadalajara,Mexico,bronce,2022-06-24
626,Laura Gomez,laura.gomez626@example.com,Ciudad de Mexico,Mexico,bronce,2022-12-16
627,Elena Perez,elena.perez627@example.com,Ciudad de Mexico,Mexico,bronce,2024-08-02
628,Miguel Castro,miguel.castro628@example.com,Quito,Ecuador,plata,2022-01-16
629,Lucia Rojas,lucia.rojas629@example.com,Valencia,Espana,plata,2022-07-29
630,Miguel Gomez,miguel.gomez630@example.com,Buenos Aires,Argentina,bronce,2023-11-23
631,Marta Martinez,marta.martinez631@example.com,Madrid,Espana,plata,2024-05-30
632,Elena Fernandez,elena.fernandez632@example.com,Lima,Peru,bronce,2023-04-18
633,Sofia Ramirez,sofia.ramirez633@example.com,Medellin,Colombia,bronce,2022-04-06
634,Miguel Garcia,miguel.garcia634@example.com,Medellin,Colombia,oro,2022-06-10
635,Carlos Rodriguez,carlos.rodriguez635@example.com,Barcelona,Espana,plata,2024-09-01
636,Andres Ortiz,andres.ortiz636@example.com,Ciudad de Mexico,Mexico,oro,2022-08-24
637,Laura Garcia,laura.garcia637@example.com,Medellin,Colombia,plata,2023-09-26
638,Javier Diaz,javier.diaz638@example.com,Quito,Ecuador,bronce,2024-10-22
639,Sergio Herrera,sergio.herrera639@example.com,Valencia,Espana,bronce,2023-02-16
640,Julia Gomez,julia.gomez640@example.com,Cali,Colombia,bronce,2022-03-14
641,Andres Torres,andres.torres641@example.com,Lima,Peru,bronce,2024-06-09
642,Julia Rodriguez,julia.rodriguez642@example.com,Santiago,Chile,bronce,2024-05-12
643,Ruben Herrera,ruben.herrera643@example.com,Santiago,Chile,bronce,2023-12-14
644,Diego Castro,diego.castro644@example.com,Ciudad de Mexico,Mexico,bronce,2024-09-14
645,Sergio Mendoza,sergio.mendoza645@example.com,Lima,Peru,oro,2024-04-29
646,Elena Mendoza,elena.mendoza646@example.com,Valencia,Espana,bronce,2024-01-24
647,Diego Fernandez,diego.fernandez647@example.com,Santiago,Chile,bronce,2023-01-01
648,Lucia Garcia,lucia.garcia648@example.com,Ciudad de Mexico,Mexico,plata,2022-03-09
649,Alberto Gomez,alberto.gomez649@example.com,Medellin,Colombia,plata,2024-03-05
650,Paula Martinez,paula.martinez650@example.com,Valencia,Espana,bronce,2024-07-15
651,Diego Ramirez,diego.ramirez651@example.com,Ciudad de Mexico,Mexico,plata,2024-02-01
652,Andres Martinez,andres.martinez652@example.com,Madrid,Espana,plata,2023-12-17
653,Laura Ortiz,laura.ortiz653@example.com,Buenos Aires,Argentina,oro,2024-02-26
654,Paula Castro,paula.castro654@example.com,Valencia,Espana,bronce,2022-10-31
655,Pablo Perez,pablo.perez655@example.com,Medellin,Colombia,bronce,2022-05-09
656,Lucia Ortiz,lucia.ortiz656@example.com,Valencia,Espana,plata,2023-11-21
657,Sergio Herrera,sergio.herrera657@example.com,Cali,Colombia,bronce,2024-10-29
658,Carmen Diaz,carmen.diaz658@example.com,Medellin,Colombia,plata,2022-05-30
659,Luis Martinez,luis.martinez659@example.com,Valencia,Espana,plata,2022-03-19
660,Javier Gomez,javier.gomez660@example.com,Lima,Peru,plata,2024-02-14
661,Carlos Vargas,carlos.vargas661@example.com,Santiago,Chile,platino,2023-04-08
662,Marta Herrera,marta.herrera662@example.com,Medellin,Colombia,plata,2024-09-15
663,Ana Perez,ana.perez663@example.com,Madrid,Espana,oro,2023-06-01
664,Laura Moreno,laura.moreno664@example.com,Lima,Peru,plata,2023-07-26
665,Pablo Perez,pablo.perez665@example.com,Buenos Aires,Argentina,bronce,2022-03-09
666,Andres Sanchez,andres.sanchez666@example.com,Ciudad de Mexico,Mexico,plata,2024-11-08
667,Lucia Diaz,lucia.diaz667@example.com,Guadalajara,Mexico,plata,2022-12-29
668,Ruben Lopez,ruben.lopez668@example.com,Madrid,Espana,platino,2023-04-25
669,Julia Diaz,julia.diaz669@example.com,Cali,Colombia,bronce,2023-11-20
670,Maria Fernandez,maria.fernandez670@example.com,Valencia,Espana,bronce,2024-07-28
671,Alberto Perez,alberto.perez671@example.com,Guadalajara,Mexico,oro,2024-05-20
672,Carmen Herrera,carmen.herrera672@example.com,Quito,Ecuador,bronce,2024-04-27
673,Carmen Gomez,carmen.gomez673@example.com,Ciudad de Mexico,Mexico,plata,2022-04-26
674,Luis Rojas,luis.rojas674@example.com,Guadalajara,Mexico,bronce,2022-04-07
675,Carmen Moreno,carmen.moreno675@example.com,Buenos Aires,Argentina,bronce,2024-06-29
676,Marta Rojas,marta.rojas676@example.com,Quito,Ecuador,bronce,2024-09-26
677,Pablo Perez,pablo.perez677@example.com,Madrid,Espana,oro,2023-11-14
678,Luis Silva,luis.silva678@example.com,Bogota,Colombia,bronce,2024-09-23
679,Lucia Sanchez,lucia.sanchez679@example.com,Bogota,Colombia,plata,2022-12-14
680,Julia Perez,julia.perez680@example.com,Buenos Aires,Argentina,plata,2023-01-20
681,Marta Mendoza,marta.mendoza681@example.com,Cali,Colombia,plata,2022-07-06
682,Maria Gomez,maria.gomez682@example.com,Santiago,Chile,bronce,2024-05-18
683,Alberto Rojas,alberto.rojas683@example.com,Cali,Colombia,bronce,2024-01-04
684,Alberto Garcia,alberto.garcia684@example.com,Quito,Ecuador,oro,2022-09-03
685,Carlos Castro,carlos.castro685@example.com,Santiago,Chile,bronce,2024-12-30
686,Paula Mendoza,paula.mendoza686@example.com,Madrid,Espana,bronce,2022-02-03
687,Sofia Moreno,sofia.moreno687@example.com,Quito,Ecuador,oro,2024-04-23
688,Pablo Vargas,pablo.vargas688@example.com,Quito,Ecuador,bronce,2022-08-16
689,Sofia Silva,sofia.silva689@example.com,Madrid,Espana,bronce,2024-05-08
690,Sergio Perez,sergio.perez690@example.com,Medellin,Colombia,platino,2023-06-14
691,Alberto Fernandez,alberto.fernandez691@example.com,Quito,Ecuador,bronce,2022-09-14
692,Sergio Rodriguez,sergio.rodriguez692@example.com,Lima,Peru,bronce,2022-03-05
693,Julia Rojas,julia.rojas693@example.com,Cali,Colombia,bronce,2023-11-12
694,Julia Moreno,julia.moreno694@example.com,Ciudad de Mexico,Mexico,plata,2022-06-25
695,Luis Herrera,luis.herrera695@example.com,Madrid,Espana,oro,2023-05-08
696,Javier Moreno,javier.moreno696@example.com,Ciudad de Mexico,Mexico,plata,2024-11-06
697,Marta Martinez,marta.martinez697@example.com,Guadalajara,Mexico,platino,2024-08-29
698,Pablo Rojas,pablo.rojas698@example.com,Medellin,Colombia,bronce,2023-06-25
699,Luis Herrera,luis.herrera699@example.com,Bogota,Colombia,plata,2024-03-12
700,Luis Sanchez,luis.sanchez700@example.com,Santiago,Chile,bronce,2024-06-20
701,Lucia Torres,lucia.torres701@example.com,Cali,Colombia,oro,2023-10-27
702,Carmen Ortiz,carmen.ortiz702@example.com,Bogota,Colombia,oro,2022-08-15
703,Carlos Diaz,carlos.diaz703@example.com,Medellin,Colombia,bronce,2024-06-07
704,Carlos Herrera,carlos.herrera704@example.com,Cali,Colombia,oro,2022-04-07
705,Maria Ramirez,maria.ramirez705@example.com,Bogota,Colombia,plata,2023-07-27
706,Pablo Rojas,pablo.rojas706@example.com,Ciudad de Mexico,Mexico,bronce,2024-05-04
707,Ana Castro,ana.castro707@example.com,Lima,Peru,plata,2023-09-17
708,Pablo Rojas,pablo.rojas708@example.com,Buenos Aires,Argentina,platino,2023-01-17
709,Diego Herrera,diego.herrera709@example.com,Valencia,Espana,bronce,2023-04-01
710,Diego Ortiz,diego.ortiz710@example.com,Cali,Colombia,bronce,2023-05-19
711,Andres Perez,andres.perez711@example.com,Ciudad de Mexico,Mexico,platino,2024-03-25
712,Lucia Ortiz,lucia.ortiz712@example.com,Buenos Aires,Argentina,bronce,2024-12-22
713,Marta Castro,marta.castro713@example.com,Santiago,Chile,bronce,2024-05-02
714,Sergio Vargas,sergio.vargas714@example.com,Cali,Colombia,plata,2022-12-13
715,Julia Gomez,julia.gomez715@example.com,Bogota,Colombia,plata,2022-05-02
716,Sergio Diaz,sergio.diaz716@example.com,Guadalajara,Mexico,bronce,2023-06-03
717,Lucia Rojas,lucia.rojas717@example.com,Barcelona,Espana,bronce,2024-07-28
718,Diego Fernandez,diego.fernandez718@example.com,Buenos Aires,Argentina,oro,2023-11-27
719,Laura Perez,laura.perez719@example.com,Lima,Peru,bronce,2022-12-19
720,Pablo Silva,pablo.silva720@example.com,Buenos Aires,Argentina,plata,2022-04-08
721,Maria Diaz,maria.diaz721@example.com,Cali,Colombia,oro,2022-10-04
722,Julia Castro,julia.castro722@example.com,Santiago,Chile,bronce,2024-02-24
723,Paula Garcia,paula.garcia723@example.com,Ciudad de Mexico,Mexico,oro,2024-01-04
724,Maria Rodriguez,maria.rodriguez724@example.com,Ciudad de Mexico,Mexico,plata,2023-05-10
725,Sergio Silva,sergio.silva725@example.com,Lima,Peru,oro,2023-01-01
726,Maria Martinez,maria.martinez726@example.com,Valencia,Espana,bronce,2022-07-11
727,Marta Herrera,marta.herrera727@example.com,Santiago,Chile,bronce,2024-11-30
728,Luis Ortiz,luis.ortiz728@example.com,Buenos Aires,Argentina,plata,2023-04-17
729,Diego Torres,diego.torres729@example.com,Ciudad de Mexico,Mexico,oro,2024-04-20
730,Andres Mendoza,andres.mendoza730@example.com,Madrid,Espana,platino,2023-05-20
731,Marta Diaz,marta.diaz731@example.com,Santiago,Chile,bronce,2023-09-16
732,Sofia Navarro,sofia.navarro732@example.com,Valencia,Espana,bronce,2023-12-03
733,Julia Sanchez,julia.sanchez733@example.com,Lima,Peru,bronce,2023-01-25
734,Sergio Diaz,sergio.diaz734@example.com,Santiago,Chile,plata,2024-10-23
735,Laura Fernandez,laura.fernandez735@example.com,Medellin,Colombia,oro,2023-05-16
736,Andres Herrera,andres.herrera736@example.com,Cali,Colombia,plata,2024-04-17
737,Marta Garcia,marta.garcia737@example.com,Madrid,Espana,bronce,2024-09-30
738,Elena Silva,elena.silva738@example.com,Cali,Colombia,platino,2023-02-23
739,Marta Garcia,marta.garcia739@example.com,Madrid,Espana,bronce,2022-09-14
740,Ruben Gomez,ruben.gomez740@example.com,Quito,Ecuador,bronce,2024-11-27
741,Paula Vargas,paula.vargas741@example.com,Guadalajara,Mexico,plata,2024-05-10
742,Sergio Martinez,sergio.martinez742@example.com,Valencia,Espana,bronce,2024-05-15
743,Carmen Torres,carmen.torres743@example.com,Santiago,Chile,plata,2024-11-01
744,Javier Navarro,javier.navarro744@example.com,Madrid,Espana,plata,2022-01-31
745,Sergio Silva,sergio.silva745@example.com,Ciudad de Mexico,Mexico,bronce,2024-10-31
746,Miguel Garcia,miguel.garcia746@example.com,Barcelona,Espana,bronce,2022-05-08
747,Lucia Vargas,lucia.vargas747@example.com,Madrid,Espana,bronce,2022-06-09
748,Elena Vargas,elena.vargas748@example.com,Valencia,Espana,plata,2022-08-27
749,Elena Rodriguez,elena.rodriguez749@example.com,Bogota,Colombia,bronce,2022-05-05
750,Carlos Rojas,carlos.rojas750@example.com,Buenos Aires,Argentina,bronce,2022-04-02
751,Alberto Ramirez,alberto.ramirez751@example.com,Lima,Peru,bronce,2022-05-18
752,Maria Rojas,maria.rojas752@example.com,Santiago,Chile,plata,2023-06-16
753,Luis Perez,luis.perez753@example.com,Buenos Aires,Argentina,bronce,2023-02-12
754,Julia Perez,julia.perez754@example.com,Ciudad de Mexico,Mexico,bronce,2023-01-09
755,Pablo Moreno,pablo.moreno755@example.com,Medellin,Colombia,bronce,2022-07-08
756,Sofia Moreno,sofia.moreno756@example.com,Bogota,Colombia,bronce,2024-12-01
757,Marta Lopez,marta.lopez757@example.com,Quito,Ecuador,bronce,2022-12-31
758,Miguel Sanchez,miguel.sanchez758@example.com,Ciudad de Mexico,Mexico,bronce,2023-06-02
759,Maria Vargas,maria.vargas759@example.com,Ciudad de Mexico,Mexico,plata,2022-06-05
760,Marta Silva,marta.silva760@example.com,Madrid,Espana,bronce,2022-08-21
761,Carlos Sanchez,carlos.sanchez761@example.com,Cali,Colombia,bronce,2022-09-14
762,Pablo Sanchez,pablo.sanchez762@example.com,Buenos Aires,Argentina,platino,2024-11-28
763,Julia Silva,julia.silva763@example.com,Cali,Colombia,bronce,2022-07-13
764,Julia Rojas,julia.rojas764@example.com,Guadalajara,Mexico,bronce,2023-07-17
765,Miguel Ortiz,miguel.ortiz765@example.com,Santiago,Chile,bronce,2023-08-19
766,Sergio Herrera,sergio.herrera766@example.com,Madrid,Espana,bronce,2022-03-22
767,Carmen Navarro,carmen.navarro767@example.com,Lima,Peru,bronce,2023-01-20
768,Diego Lopez,diego.lopez768@example.com,Santiago,Chile,oro,2022-03-30
769,Maria Perez,maria.perez769@example.com,Cali,Colombia,bronce,2022-07-11
770,Miguel Sanchez,miguel.sanchez770@example.com,Santiago,Chile,plata,2024-01-10
771,Andres Rodriguez,andres.rodriguez771@example.com,Madrid,Espana,platino,2023-09-15
772,Alberto Herrera,alberto.herrera772@example.com,Bogota,Colombia,bronce,2023-06-26
773,Ana Rojas,ana.rojas773@example.com,Barcelona,Espana,plata,2022-08-22
774,Marta Rodriguez,marta.rodriguez774@example.com,Guadalajara,Mexico,bronce,2023-11-15
775,Paula Lopez,paula.lopez775@example.com,Lima,Peru,bronce,2024-09-17
776,Alberto Lopez,alberto.lopez776@example.com,Guadalajara,Mexico,oro,2024-07-19
777,Sofia Diaz,sofia.diaz777@example.com,Buenos Aires,Argentina,bronce,2022-07-09
778,Maria Torres,maria.torres778@example.com,Barcelona,Espana,platino,2024-01-17
779,Javier Perez,javier.perez779@example.com,Quito,Ecuador,plata,2022-09-25
780,Ruben Ortiz,ruben.ortiz780@example.com,Valencia,Espana,bronce,2024-08-01
781,Ruben Sanchez,ruben.sanchez781@example.com,Ciudad de Mexico,Mexico,bronce,2023-06-02
782,Carmen Vargas,carmen.vargas782@example.com,Buenos Aires,Argentina,plata,2024-03-24
783,Maria Diaz,maria.diaz783@example.com,Lima,Peru,bronce,2023-08-14
784,Maria Fernandez,maria.fernandez784@example.com,Quito,Ecuador,bronce,2024-01-09
785,Diego Silva,diego.silva785@example.com,Guadalajara,Mexico,bronce,2024-10-20
786,Pablo Navarro,pablo.navarro786@example.com,Ciudad de Mexico,Mexico,bronce,2022-05-28
787,Ana Garcia,ana.garcia787@example.com,Cali,Colombia,platino,2024-09-16
788,Andres Torres,andres.torres788@example.com,Ciudad de Mexico,Mexico,bronce,2023-06-13
789,Lucia Martinez,lucia.martinez789@example.com,Buenos Aires,Argentina,bronce,2022-06-05
790,Ana Diaz,ana.diaz790@example.com,Guadalajara,Mexico,plata,2023-04-20
791,Luis Castro,luis.castro791@example.com,Guadalajara,Mexico,plata,2022-03-03
792,Diego Diaz,diego.diaz792@example.com,Cali,Colombia,oro,2023-08-16
793,Marta Gomez,marta.gomez793@example.com,Valencia,Espana,oro,2023-06-02
794,Paula Gomez,paula.gomez794@example.com,Madrid,Espana,bronce,2023-03-05
795,Sofia Perez,sofia.perez795@example.com,Cali,Colombia,bronce,2023-05-02
796,Javier Gomez,javier.gomez796@example.com,Medellin,Colombia,plata,2023-11-11
797,Alberto Fernandez,alberto.fernandez797@example.com,Guadalajara,Mexico,bronce,2024-06-24
798,Diego Rojas,diego.rojas798@example.com,Lima,Peru,plata,2023-03-06
799,Elena Rodriguez,elena.rodriguez799@example.com,Buenos Aires,Argentina,bronce,2022-01-19
800,Sofia Garcia,sofia.garcia800@example.com,Santiago,Chile,oro,2023-09-03
801,Ana Ramirez,ana.ramirez801@example.com,Ciudad de Mexico,Mexico,plata,2024-10-31
802,Elena Rojas,elena.rojas802@example.com,Quito,Ecuador,plata,2023-03-09
803,Lucia Perez,lucia.perez803@example.com,Quito,Ecuador,bronce,2022-05-15
804,Julia Sanchez,julia.sanchez804@example.com,Barcelona,Espana,platino,2024-09-14
805,Marta Castro,marta.castro805@example.com,Guadalajara,Mexico,plata,2023-04-05
806,Sergio Fernandez,sergio.fernandez806@example.com,Ciudad de Mexico,Mexico,oro,2023-02-13
807,Lucia Moreno,lucia.moreno807@example.com,Quito,Ecuador,oro,2022-11-20
808,Maria Martinez,maria.martinez808@example.com,Guadalajara,Mexico,bronce,2024-03-11
809,Miguel Martinez,miguel.martinez809@example.com,Madrid,Espana,bronce,2022-06-09
810,Alberto Vargas,alberto.vargas810@example.com,Valencia,Espana,bronce,2023-11-04
811,Ana Fernandez,ana.fernandez811@example.com,Barcelona,Espana,plata,2023-01-17
812,Ruben Moreno,ruben.moreno812@example.com,Valencia,Espana,plata,2023-02-27
813,Andres Ramirez,andres.ramirez813@example.com,Barcelona,Espana,bronce,2022-08-25
814,Javier Fernandez,javier.fernandez814@example.com,Santiago,Chile,platino,2024-06-03
815,Sergio Lopez,sergio.lopez815@example.com,Cali,Colombia,bronce,2023-05-12
816,Paula Lopez,paula.lopez816@example.com,Buenos Aires,Argentina,plata,2024-10-12
817,Ana Herrera,ana.herrera817@example.com,Quito,Ecuador,bronce,2024-06-25
818,Maria Sanchez,maria.sanchez818@example.com,Guadalajara,Mexico,bronce,2024-04-12
819,Andres Ramirez,andres.ramirez819@example.com,Cali,Colombia,bronce,2023-05-08
820,Alberto Silva,alberto.silva820@example.com,Bogota,Colombia,plata,2024-11-04
821,Ana Mendoza,ana.mendoza821@example.com,Santiago,Chile,plata,2023-10-03
822,Andres Perez,andres.perez822@example.com,Ciudad de Mexico,Mexico,bronce,2023-04-23
823,Maria Martinez,maria.martinez823@example.com,Santiago,Chile,bronce,2023-01-16
824,Andres Herrera,andres.herrera824@example.com,Madrid,Espana,plata,2024-09-27
825,Carmen Rojas,carmen.rojas825@example.com,Barcelona,Espana,bronce,2022-10-06
826,Luis Gomez,luis.gomez826@example.com,Barcelona,Espana,plata,2024-08-17
827,Andres Vargas,andres.vargas827@example.com,Buenos Aires,Argentina,bronce,2022-09-08
828,Ruben Lopez,ruben.lopez828@example.com,Ciudad de Mexico,Mexico,oro,2024-04-14
829,Ruben Moreno,ruben.moreno829@example.com,Bogota,Colombia,plata,2022-11-05
830,Ana Moreno,ana.moreno830@example.com,Bogota,Colombia,bronce,2024-07-03
831,Laura Perez,laura.perez831@example.com,Guadalajara,Mexico,plata,2024-07-03
832,Laura Torres,laura.torres832@example.com,Quito,Ecuador,bronce,2024-03-10
833,Diego Gomez,diego.gomez833@example.com,Quito,Ecuador,oro,2024-12-22
834,Maria Garcia,maria.garcia834@example.com,Cali,Colombia,plata,2023-07-15
835,Ruben Martinez,ruben.martinez835@example.com,Buenos Aires,Argentina,bronce,2024-07-07
836,Sergio Navarro,sergio.navarro836@example.com,Barcelona,Espana,plata,2023-08-28
837,Paula Torres,paula.torres837@example.com,Quito,Ecuador,bronce,2022-02-12
838,Carlos Martinez,carlos.martinez838@example.com,Madrid,Espana,oro,2023-04-03
839,Ana Garcia,ana.garcia839@example.com,Medellin,Colombia,oro,2022-02-05
840,Julia Fernandez,julia.fernandez840@example.com,Buenos Aires,Argentina,plata,2023-12-29
841,Javier Navarro,javier.navarro841@example.com,Quito,Ecuador,bronce,2022-06-16
842,Andres Fernandez,andres.fernandez842@example.com,Valencia,Espana,plata,2022-12-22
843,Julia Navarro,julia.navarro843@example.com,Guadalajara,Mexico,bronce,2024-08-12
844,Ana Torres,ana.torres844@example.com,Valencia,Espana,bronce,2024-03-20
845,Ana Herrera,ana.herrera845@example.com,Madrid,Espana,oro,2023-01-03
846,Ana Herrera,ana.herrera846@example.com,Cali,Colombia,bronce,2023-07-08
847,Carlos Garcia,carlos.garcia847@example.com,Ciudad de Mexico,Mexico,bronce,2023-09-29
848,Luis Garcia,luis.garcia848@example.com,Bogota,Colombia,bronce,2023-01-22
849,Paula Ortiz,paula.ortiz849@example.com,Quito,Ecuador,platino,2024-04-01
850,Carmen Ortiz,carmen.ortiz850@example.com,Guadalajara,Mexico,oro,2022-06-11
851,Alberto Martinez,alberto.martinez851@example.com,Cali,Colombia,bronce,2023-04-12
852,Paula Castro,paula.castro852@example.com,Cali,Colombia,bronce,2022-10-07
853,Alberto Ortiz,alberto.ortiz853@example.com,Cali,Colombia,oro,2024-01-14
854,Laura Navarro,laura.navarro854@example.com,Barcelona,Espana,bronce,2023-12-03
855,Javier Perez,javier.perez855@example.com,Guadalajara,Mexico,platino,2024-06-02
856,Paula Silva,paula.silva856@example.com,Santiago,Chile,oro,2023-02-09
857,Laura Castro,laura.castro857@example.com,Cali,Colombia,plata,2022-09-10
858,Luis Ortiz,luis.ortiz858@example.com,Cali,Colombia,bronce,2022-02-06
859,Andres Martinez,andres.martinez859@example.com,Lima,Peru,plata,2024-07-31
860,Paula Castro,paula.castro860@example.com,Guadalajara,Mexico,platino,2022-12-28
861,Alberto Garcia,alberto.garcia861@example.com,Bogota,Colombia,bronce,2024-04-06
862,Julia Fernandez,julia.fernandez862@example.com,Madrid,Espana,oro,2023-02-06
863,Maria Garcia,maria.garcia863@example.com,Santiago,Chile,bronce,2022-12-30
864,Sergio Diaz,sergio.diaz864@example.com,Guadalajara,Mexico,platino,2022-09-14
865,Paula Silva,paula.silva865@example.com,Guadalajara,Mexico,plata,2024-05-05
866,Andres Rojas,andres.rojas866@example.com,Bogota,Colombia,bronce,2022-11-10
867,Paula Gomez,paula.gomez867@example.com,Valencia,Espana,bronce,2022-11-21
868,Paula Diaz,paula.diaz868@example.com,Cali,Colombia,bronce,2024-02-11
869,Sofia Fernandez,sofia.fernandez869@example.com,Santiago,Chile,bronce,2023-07-22
870,Ana Moreno,ana.moreno870@example.com,Bogota,Colombia,oro,2024-03-28
871,Diego Perez,diego.perez871@example.com,Ciudad de Mexico,Mexico,bronce,2022-04-24
872,Laura Rodriguez,laura.rodriguez872@example.com,Quito,Ecuador,platino,2024-11-15
873,Maria Ramirez,maria.ramirez873@example.com,Valencia,Espana,bronce,2022-09-17
874,Maria Silva,maria.silva874@example.com,Valencia,Espana,plata,2022-05-10
875,Andres Torres,andres.torres875@example.com,Valencia,Espana,platino,2022-04-30
876,Lucia Sanchez,lucia.sanchez876@example.com,Lima,Peru,plata,2022-12-08
877,Lucia Garcia,lucia.garcia877@example.com,Ciudad de Mexico,Mexico,oro,2023-04-09
878,Marta Ortiz,marta.ortiz878@example.com,Quito,Ecuador,platino,2022-03-26
879,Lucia Herrera,lucia.herrera879@example.com,Quito,Ecuador,plata,2023-11-13
880,Carmen Lopez,carmen.lopez880@example.com,Cali,Colombia,plata,2023-11-03
881,Luis Rodriguez,luis.rodriguez881@example.com,Madrid,Espana,bronce,2024-04-30
882,Ruben Martinez,ruben.martinez882@example.com,Bogota,Colombia,bronce,2022-01-18
883,Sofia Fernandez,sofia.fernandez883@example.com,Ciudad de Mexico,Mexico,bronce,2022-04-16
884,Carlos Silva,carlos.silva884@example.com,Medellin,Colombia,oro,2022-08-13
885,Paula Lopez,paula.lopez885@example.com,Madrid,Espana,plata,2023-04-25
886,Marta Silva,marta.silva886@example.com,Quito,Ecuador,plata,2023-10-05
887,Luis Garcia,luis.garcia887@example.com,Bogota,Colombia,oro,2022-08-10
888,Carlos Moreno,carlos.moreno888@example.com,Guadalajara,Mexico,bronce,2023-01-28
889,Ana Perez,ana.perez889@example.com,Quito,Ecuador,platino,2023-07-17
890,Javier Navarro,javier.navarro890@example.com,Ciudad de Mexico,Mexico,bronce,2023-08-20
891,Luis Torres,luis.torres891@example.com,Buenos Aires,Argentina,bronce,2023-07-31
892,Marta Perez,marta.perez892@example.com,Madrid,Espana,plata,2023-12-03
893,Lucia Sanchez,lucia.sanchez893@example.com,Buenos Aires,Argentina,bronce,2024-04-07
894,Alberto Silva,alberto.silva894@example.com,Lima,Peru,plata,2024-07-07
895,Marta Diaz,marta.diaz895@example.com,Quito,Ecuador,plata,2024-11-23
896,Carmen Fernandez,carmen.fernandez896@example.com,Barcelona,Espana,oro,2023-03-07
897,Lucia Moreno,lucia.moreno897@example.com,Valencia,Espana,bronce,2022-12-26
898,Luis Ramirez,luis.ramirez898@example.com,Madrid,Espana,bronce,2022-11-02
899,Luis Rojas,luis.rojas899@example.com,Quito,Ecuador,bronce,2023-01-19
900,Carmen Diaz,carmen.diaz900@example.com,Bogota,Colombia,bronce,2023-08-13
901,Ana Rodriguez,ana.rodriguez901@example.com,Ciudad de Mexico,Mexico,bronce,2023-10-24
902,Ana Garcia,ana.garcia902@example.com,Cali,Colombia,bronce,2022-03-18
903,Laura Garcia,laura.garcia903@example.com,Buenos Aires,Argentina,oro,2024-12-29
904,Ruben Vargas,ruben.vargas904@example.com,Lima,Peru,oro,2022-02-15
905,Diego Ramirez,diego.ramirez905@example.com,Bogota,Colombia,oro,2023-03-16
906,Marta Moreno,marta.moreno906@example.com,Santiago,Chile,bronce,2023-05-11
907,Sofia Mendoza,sofia.mendoza907@example.com,Bogota,Colombia,plata,2023-01-14
908,Carlos Lopez,carlos.lopez908@example.com,Valencia,Espana,bronce,2022-08-27
909,Miguel Navarro,miguel.navarro909@example.com,Barcelona,Espana,bronce,2023-08-04
910,Luis Ortiz,luis.ortiz910@example.com,Medellin,Colombia,bronce,2022-01-08
911,Sergio Castro,sergio.castro911@example.com,Ciudad de Mexico,Mexico,oro,2024-03-24
912,Carlos Ramirez,carlos.ramirez912@example.com,Santiago,Chile,plata,2024-01-14
913,Miguel Lopez,miguel.lopez913@example.com,Lima,Peru,bronce,2024-04-24
914,Alberto Lopez,alberto.lopez914@example.com,Ciudad de Mexico,Mexico,plata,2024-06-12
915,Pablo Garcia,pablo.garcia915@example.com,Medellin,Colombia,platino,2024-08-29
916,Diego Castro,diego.castro916@example.com,Valencia,Espana,bronce,2022-06-11
917,Lucia Diaz,lucia.diaz917@example.com,Lima,Peru,oro,2024-07-03
918,Sergio Lopez,sergio.lopez918@example.com,Medellin,Colombia,bronce,2023-09-10
919,Javier Martinez,javier.martinez919@example.com,Santiago,Chile,bronce,2022-05-16
920,Carmen Rodriguez,carmen.rodriguez920@example.com,Guadalajara,Mexico,oro,2024-12-13
921,Ruben Castro,ruben.castro921@example.com,Quito,Ecuador,bronce,2024-06-07
922,Pablo Rojas,pablo.rojas922@example.com,Quito,Ecuador,plata,2022-10-22
923,Sofia Castro,sofia.castro923@example.com,Buenos Aires,Argentina,bronce,2024-09-02
924,Maria Martinez,maria.martinez924@example.com,Guadalajara,Mexico,plata,2024-03-11
925,Laura Garcia,laura.garcia925@example.com,Barcelona,Espana,plata,2023-05-05
926,Julia Martinez,julia.martinez926@example.com,Madrid,Espana,oro,2022-06-27
927,Lucia Herrera,lucia.herrera927@example.com,Ciudad de Mexico,Mexico,oro,2024-03-11
928,Elena Moreno,elena.moreno928@example.com,Buenos Aires,Argentina,plata,2024-10-17
929,Sofia Perez,sofia.perez929@example.com,Buenos Aires,Argentina,bronce,2022-07-31
930,Pablo Rodriguez,pablo.rodriguez930@example.com,Bogota,Colombia,bronce,2022-01-01
931,Lucia Gomez,lucia.gomez931@example.com,Ciudad de Mexico,Mexico,plata,2022-09-09
932,Andres Silva,andres.silva932@example.com,Lima,Peru,bronce,2022-11-19
933,Javier Martinez,javier.martinez933@example.com,Barcelona,Espana,bronce,2023-02-20
934,Carmen Herrera,carmen.herrera934@example.com,Medellin,Colombia,platino,2024-12-05
935,Sofia Torres,sofia.torres935@example.com,Quito,Ecuador,bronce,2024-11-20
936,Julia Martinez,julia.martinez936@example.com,Valencia,Espana,bronce,2024-01-05
937,Carlos Ortiz,carlos.ortiz937@example.com,Bogota,Colombia,oro,2022-08-27
938,Maria Ramirez,maria.ramirez938@example.com,Cali,Colombia,plata,2022-08-20
939,Diego Rojas,diego.rojas939@example.com,Buenos Aires,Argentina,plata,2022-03-31
940,Lucia Rodriguez,lucia.rodriguez940@example.com,Bogota,Colombia,bronce,2024-05-16
941,Andres Fernandez,andres.fernandez941@example.com,Santiago,Chile,bronce,2022-08-30
942,Sofia Castro,sofia.castro942@example.com,Valencia,Espana,plata,2024-09-10
943,Julia Castro,julia.castro943@example.com,Medellin,Colombia,bronce,2023-10-20
944,Diego Rodriguez,diego.rodriguez944@example.com,Ciudad de Mexico,Mexico,plata,2023-06-18
945,Maria Castro,maria.castro945@example.com,Madrid,Espana,bronce,2024-10-14
946,Maria Ortiz,maria.ortiz946@example.com,Santiago,Chile,bronce,2022-06-20
947,Alberto Herrera,alberto.herrera947@example.com,Buenos Aires,Argentina,bronce,2023-05-23
948,Maria Sanchez,maria.sanchez948@example.com,Lima,Peru,bronce,2022-10-11
949,Julia Ortiz,julia.ortiz949@example.com,Bogota,Colombia,bronce,2022-07-18
950,Javier Rojas,javier.rojas950@example.com,Medellin,Colombia,plata,2024-10-29
951,Luis Rodriguez,luis.rodriguez951@example.com,Lima,Peru,plata,2023-10-25
952,Elena Martinez,elena.martinez952@example.com,Madrid,Espana,bronce,2022-06-26
953,Carmen Ortiz,carmen.ortiz953@example.com,Cali,Colombia,plata,2022-04-28
954,Sofia Sanchez,sofia.sanchez954@example.com,Cali,Colombia,bronce,2022-12-08
955,Sergio Rodriguez,sergio.rodriguez955@example.com,Cali,Colombia,bronce,2024-07-01
956,Carmen Torres,carmen.torres956@example.com,Cali,Colombia,oro,2022-06-09
957,Sofia Ramirez,sofia.ramirez957@example.com,Buenos Aires,Argentina,plata,2024-03-23
958,Carmen Vargas,carmen.vargas958@example.com,Valencia,Espana,plata,2022-04-26
959,Alberto Rojas,alberto.rojas959@example.com,Lima,Peru,bronce,2023-01-04
960,Sofia Navarro,sofia.navarro960@example.com,Lima,Peru,bronce,2023-07-26
961,Carlos Herrera,carlos.herrera961@example.com,Valencia,Espana,plata,2022-05-22
962,Sofia Garcia,sofia.garcia962@example.com,Quito,Ecuador,plata,2023-03-11
963,Paula Rodriguez,paula.rodriguez963@example.com,Bogota,Colombia,plata,2022-10-21
964,Laura Garcia,laura.garcia964@example.com,Madrid,Espana,platino,2022-02-20
965,Julia Fernandez,julia.fernandez965@example.com,Medellin,Colombia,bronce,2022-01-02
966,Pablo Fernandez,pablo.fernandez966@example.com,Santiago,Chile,oro,2022-06-08
967,Carmen Ortiz,carmen.ortiz967@example.com,Lima,Peru,plata,2024-03-30
968,Elena Fernandez,elena.fernandez968@example.com,Guadalajara,Mexico,bronce,2022-02-11
969,Julia Garcia,julia.garcia969@example.com,Santiago,Chile,bronce,2023-07-08
970,Ana Mendoza,ana.mendoza970@example.com,Bogota,Colombia,plata,2022-01-27
971,Javier Perez,javier.perez971@example.com,Lima,Peru,bronce,2022-08-25
972,Sofia Ortiz,sofia.ortiz972@example.com,Guadalajara,Mexico,plata,2022-07-15
973,Diego Herrera,diego.herrera973@example.com,Barcelona,Espana,plata,2023-01-08
974,Diego Mendoza,diego.mendoza974@example.com,Barcelona,Espana,bronce,2024-03-25
975,Maria Silva,maria.silva975@example.com,Bogota,Colombia,bronce,2023-04-07
976,Laura Martinez,laura.martinez976@example.com,Madrid,Espana,plata,2022-01-17
977,Luis Castro,luis.castro977@example.com,Bogota,Colombia,bronce,2022-06-08
978,Pablo Diaz,pablo.diaz978@example.com,Quito,Ecuador,oro,2022-11-30
979,Miguel Castro,miguel.castro979@example.com,Valencia,Espana,bronce,2022-11-01
980,Pablo Moreno,pablo.moreno980@example.com,Guadalajara,Mexico,platino,2023-09-11
981,Pablo Ramirez,pablo.ramirez981@example.com,Quito,Ecuador,bronce,2023-01-20
982,Marta Gomez,marta.gomez982@example.com,Bogota,Colombia,bronce,2024-03-25
983,Lucia Ortiz,lucia.ortiz983@example.com,Buenos Aires,Argentina,plata,2022-10-04
984,Carmen Rojas,carmen.rojas984@example.com,Cali,Colombia,bronce,2024-01-13
985,Pablo Mendoza,pablo.mendoza985@example.com,Bogota,Colombia,bronce,2022-04-21
986,Andres Sanchez,andres.sanchez986@example.com,Quito,Ecuador,bronce,2024-12-18
987,Carmen Silva,carmen.silva987@example.com,Guadalajara,Mexico,plata,2024-12-16
988,Elena Gomez,elena.gomez988@example.com,Cali,Colombia,plata,2022-10-29
989,Laura Torres,laura.torres989@example.com,Santiago,Chile,bronce,2022-09-14
990,Sergio Mendoza,sergio.mendoza990@example.com,Lima,Peru,bronce,2022-01-01
991,Elena Fernandez,elena.fernandez991@example.com,Santiago,Chile,bronce,2024-12-04
992,Lucia Perez,lucia.perez992@example.com,Lima,Peru,platino,2022-02-11
993,Carlos Ortiz,carlos.ortiz993@example.com,Bogota,Colombia,bronce,2022-01-03
994,Sofia Navarro,sofia.navarro994@example.com,Medellin,Colombia,plata,2022-04-17
995,Lucia Gomez,lucia.gomez995@example.com,Valencia,Espana,bronce,2022-11-19
996,Carmen Gomez,carmen.gomez996@example.com,Buenos Aires,Argentina,plata,2024-12-03
997,Lucia Sanchez,lucia.sanchez997@example.com,Santiago,Chile,platino,2022-07-02
998,Miguel Garcia,miguel.garcia998@example.com,Guadalajara,Mexico,bronce,2023-09-17
999,Alberto Vargas,alberto.vargas999@example.com,Guadalajara,Mexico,plata,2023-12-14
1000,Lucia Perez,lucia.perez1000@example.com,Santiago,Chile,bronce,2024-05-25
1001,Paula Silva,paula.silva1001@example.com,Valencia,Espana,plata,2024-02-05
1002,Marta Lopez,marta.lopez1002@example.com,Medellin,Colombia,bronce,2024-12-14
1003,Pablo Castro,pablo.castro1003@example.com,Buenos Aires,Argentina,bronce,2023-12-26
1004,Ruben Ramirez,ruben.ramirez1004@example.com,Madrid,Espana,bronce,2024-07-13
1005,Maria Castro,maria.castro1005@example.com,Lima,Peru,bronce,2022-12-17
1006,Julia Martinez,julia.martinez1006@example.com,Valencia,Espana,platino,2023-03-23
1007,Ruben Torres,ruben.torres1007@example.com,Santiago,Chile,plata,2024-03-18
1008,Lucia Castro,lucia.castro1008@example.com,Guadalajara,Mexico,bronce,2024-08-17
1009,Marta Gomez,marta.gomez1009@example.com,Lima,Peru,bronce,2022-01-06
1010,Lucia Mendoza,lucia.mendoza1010@example.com,Santiago,Chile,plata,2023-04-20
1011,Javier Ramirez,javier.ramirez1011@example.com,Ciudad de Mexico,Mexico,bronce,2024-05-28
1012,Sergio Fernandez,sergio.fernandez1012@example.com,Santiago,Chile,bronce,2022-05-05
1013,Laura Garcia,laura.garcia1013@example.com,Medellin,Colombia,plata,2023-01-22
1014,Elena Lopez,elena.lopez1014@example.com,Guadalajara,Mexico,bronce,2023-08-24
1015,Lucia Torres,lucia.torres1015@example.com,Lima,Peru,bronce,2022-04-01
1016,Paula Diaz,paula.diaz1016@example.com,Barcelona,Espana,bronce,2024-09-29
1017,Miguel Mendoza,miguel.mendoza1017@example.com,Medellin,Colombia,bronce,2023-02-07
1018,Diego Herrera,diego.herrera1018@example.com,Madrid,Espana,plata,2024-05-09
1019,Ana Lopez,ana.lopez1019@example.com,Ciudad de Mexico,Mexico,plata,2023-04-14
1020,Maria Vargas,maria.vargas1020@example.com,Santiago,Chile,platino,2023-03-17
1021,Luis Torres,luis.torres1021@example.com,Madrid,Espana,bronce,2024-11-23
1022,Luis Martinez,luis.martinez1022@example.com,Ciudad de Mexico,Mexico,plata,2024-07-25
1023,Ruben Rojas,ruben.rojas1023@example.com,Medellin,Colombia,oro,2023-07-19
1024,Paula Ramirez,paula.ramirez1024@example.com,Santiago,Chile,plata,2023-05-24
1025,Paula Rodriguez,paula.rodriguez1025@example.com,Valencia,Espana,platino,2024-05-04
1026,Luis Torres,luis.torres1026@example.com,Barcelona,Espana,platino,2024-01-20
1027,Luis Moreno,luis.moreno1027@example.com,Barcelona,Espana,oro,2024-12-08
1028,Javier Gomez,javier.gomez1028@example.com,Medellin,Colombia,platino,2022-12-31
1029,Pablo Fernandez,pablo.fernandez1029@example.com,Cali,Colombia,plata,2022-05-04
1030,Elena Martinez,elena.martinez1030@example.com,Quito,Ecuador,bronce,2022-08-02
1031,Diego Sanchez,diego.sanchez1031@example.com,Cali,Colombia,oro,2023-08-01
1032,Carlos Navarro,carlos.navarro1032@example.com,Valencia,Espana,oro,2022-12-10
1033,Marta Castro,marta.castro1033@example.com,Buenos Aires,Argentina,bronce,2024-06-05
1034,Elena Lopez,elena.lopez1034@example.com,Madrid,Espana,bronce,2024-08-16
1035,Luis Torres,luis.torres1035@example.com,Medellin,Colombia,bronce,2022-07-24
1036,Marta Lopez,marta.lopez1036@example.com,Guadalajara,Mexico,oro,2024-12-19
1037,Julia Diaz,julia.diaz1037@example.com,Bogota,Colombia,bronce,2023-11-23
1038,Ana Martinez,ana.martinez1038@example.com,Guadalajara,Mexico,bronce,2022-10-16
1039,Sofia Castro,sofia.castro1039@example.com,Cali,Colombia,bronce,2022-08-09
1040,Paula Vargas,paula.vargas1040@example.com,Quito,Ecuador,bronce,2022-07-01
1041,Marta Castro,marta.castro1041@example.com,Bogota,Colombia,platino,2023-05-31
1042,Ruben Diaz,ruben.diaz1042@example.com,Lima,Peru,bronce,2022-03-19
1043,Sofia Perez,sofia.perez1043@example.com,Guadalajara,Mexico,bronce,2022-05-24
1044,Miguel Sanchez,miguel.sanchez1044@example.com,Buenos Aires,Argentina,bronce,2024-04-05
1045,Marta Sanchez,marta.sanchez1045@example.com,Valencia,Espana,plata,2023-06-20
1046,Carlos Diaz,carlos.diaz1046@example.com,Madrid,Espana,plata,2023-08-02
1047,Laura Torres,laura.torres1047@example.com,Buenos Aires,Argentina,bronce,2022-12-22
1048,Carmen Rojas,carmen.rojas1048@example.com,Cali,Colombia,bronce,2023-09-01
1049,Andres Rodriguez,andres.rodriguez1049@example.com,Bogota,Colombia,oro,2023-01-11
1050,Maria Perez,maria.perez1050@example.com,Lima,Peru,plata,2022-02-19
1051,Lucia Mendoza,lucia.mendoza1051@example.com,Bogota,Colombia,plata,2023-09-15
1052,Miguel Ortiz,miguel.ortiz1052@example.com,Cali,Colombia,bronce,2022-03-30
1053,Lucia Ortiz,lucia.ortiz1053@example.com,Buenos Aires,Argentina,platino,2024-01-25
1054,Alberto Gomez,alberto.gomez1054@example.com,Quito,Ecuador,plata,2024-09-28
1055,Luis Martinez,luis.martinez1055@example.com,Lima,Peru,bronce,2024-01-01
1056,Alberto Lopez,alberto.lopez1056@example.com,Guadalajara,Mexico,platino,2023-09-24
1057,Sofia Martinez,sofia.martinez1057@example.com,Barcelona,Espana,oro,2024-11-21
1058,Sergio Navarro,sergio.navarro1058@example.com,Barcelona,Espana,plata,2022-08-29
1059,Sofia Mendoza,sofia.mendoza1059@example.com,Buenos Aires,Argentina,plata,2024-04-27
1060,Elena Silva,elena.silva1060@example.com,Ciudad de Mexico,Mexico,bronce,2022-08-16
1061,Sergio Moreno,sergio.moreno1061@example.com,Barcelona,Espana,bronce,2022-01-01
1062,Andres Gomez,andres.gomez1062@example.com,Buenos Aires,Argentina,bronce,2022-09-21
1063,Maria Torres,maria.torres1063@example.com,Quito,Ecuador,plata,2023-07-05
1064,Marta Silva,marta.silva1064@example.com,Madrid,Espana,bronce,2022-03-11
1065,Sergio Silva,sergio.silva1065@example.com,Santiago,Chile,bronce,2022-11-02
1066,Miguel Ramirez,miguel.ramirez1066@example.com,Medellin,Colombia,oro,2022-02-24
1067,Julia Silva,julia.silva1067@example.com,Medellin,Colombia,bronce,2022-09-24
1068,Carmen Gomez,carmen.gomez1068@example.com,Buenos Aires,Argentina,oro,2024-02-28
1069,Elena Diaz,elena.diaz1069@example.com,Valencia,Espana,bronce,2022-06-16
1070,Ana Silva,ana.silva1070@example.com,Barcelona,Espana,bronce,2022-10-16
1071,Andres Fernandez,andres.fernandez1071@example.com,Quito,Ecuador,bronce,2022-05-29
1072,Laura Herrera,laura.herrera1072@example.com,Medellin,Colombia,bronce,2023-02-25
1073,Sergio Torres,sergio.torres1073@example.com,Valencia,Espana,bronce,2024-04-13
1074,Lucia Perez,lucia.perez1074@example.com,Buenos Aires,Argentina,bronce,2023-08-12
1075,Diego Sanchez,diego.sanchez1075@example.com,Valencia,Espana,plata,2022-08-08
1076,Carlos Castro,carlos.castro1076@example.com,Santiago,Chile,bronce,2022-12-17
1077,Marta Torres,marta.torres1077@example.com,Madrid,Espana,bronce,2024-01-04
1078,Carlos Fernandez,carlos.fernandez1078@example.com,Ciudad de Mexico,Mexico,bronce,2023-06-09
1079,Sofia Moreno,sofia.moreno1079@example.com,Medellin,Colombia,bronce,2023-05-19
1080,Paula Garcia,paula.garcia1080@example.com,Quito,Ecuador,bronce,2024-08-05
1081,Julia Rodriguez,julia.rodriguez1081@example.com,Ciudad de Mexico,Mexico,bronce,2024-06-15
1082,Alberto Navarro,alberto.navarro1082@example.com,Quito,Ecuador,plata,2022-09-25
1083,Alberto Rojas,alberto.rojas1083@example.com,Valencia,Espana,plata,2024-02-11
1084,Pablo Ramirez,pablo.ramirez1084@example.com,Cali,Colombia,oro,2024-05-16
1085,Laura Garcia,laura.garcia1085@example.com,Santiago,Chile,plata,2024-09-12
1086,Paula Vargas,paula.vargas1086@example.com,Barcelona,Espana,bronce,2022-10-17
1087,Paula Diaz,paula.diaz1087@example.com,Quito,Ecuador,bronce,2024-03-08
1088,Alberto Vargas,alberto.vargas1088@example.com,Santiago,Chile,bronce,2022-07-24
1089,Andres Garcia,andres.garcia1089@example.com,Buenos Aires,Argentina,plata,2023-05-02
1090,Maria Vargas,maria.vargas1090@example.com,Valencia,Espana,bronce,2022-03-21
1091,Lucia Vargas,lucia.vargas1091@example.com,Santiago,Chile,bronce,2023-10-24
1092,Sofia Perez,sofia.perez1092@example.com,Lima,Peru,platino,2024-01-20
1093,Paula Rodriguez,paula.rodriguez1093@example.com,Bogota,Colombia,bronce,2023-05-05
1094,Miguel Navarro,miguel.navarro1094@example.com,Guadalajara,Mexico,bronce,2023-03-27
1095,Elena Moreno,elena.moreno1095@example.com,Madrid,Espana,oro,2022-09-23
1096,Luis Castro,luis.castro1096@example.com,Medellin,Colombia,bronce,2024-04-23
1097,Paula Herrera,paula.herrera1097@example.com,Barcelona,Espana,bronce,2024-09-23
1098,Sergio Rojas,sergio.rojas1098@example.com,Ciudad de Mexico,Mexico,bronce,2022-05-26
1099,Ana Martinez,ana.martinez1099@example.com,Ciudad de Mexico,Mexico,bronce,2022-10-30
1100,Sofia Torres,sofia.torres1100@example.com,Ciudad de Mexico,Mexico,platino,2023-10-23
1101,Diego Mendoza,diego.mendoza1101@example.com,Buenos Aires,Argentina,plata,2023-02-05
1102,Diego Perez,diego.perez1102@example.com,Quito,Ecuador,bronce,2022-01-15
1103,Julia Navarro,julia.navarro1103@example.com,Valencia,Espana,bronce,2022-01-23
1104,Carlos Rodriguez,carlos.rodriguez1104@example.com,Valencia,Espana,bronce,2022-09-14
1105,Elena Gomez,elena.gomez1105@example.com,Valencia,Espana,plata,2024-11-25
1106,Carlos Fernandez,carlos.fernandez1106@example.com,Quito,Ecuador,bronce,2023-10-30
1107,Laura Castro,laura.castro1107@example.com,Barcelona,Espana,bronce,2022-10-07
1108,Julia Lopez,julia.lopez1108@example.com,Madrid,Espana,plata,2022-03-03
1109,Julia Sanchez,julia.sanchez1109@example.com,Barcelona,Espana,oro,2024-04-08
1110,Ana Rojas,ana.rojas1110@example.com,Santiago,Chile,oro,2023-02-18
1111,Carmen Perez,carmen.perez1111@example.com,Ciudad de Mexico,Mexico,oro,2023-03-08
1112,Laura Mendoza,laura.mendoza1112@example.com,Quito,Ecuador,bronce,2023-09-08
1113,Carlos Mendoza,carlos.mendoza1113@example.com,Valencia,Espana,plata,2022-09-08
1114,Javier Gomez,javier.gomez1114@example.com,Medellin,Colombia,oro,2024-03-07
1115,Carlos Vargas,carlos.vargas1115@example.com,Ciudad de Mexico,Mexico,bronce,2022-12-10
1116,Diego Gomez,diego.gomez1116@example.com,Madrid,Espana,bronce,2024-02-12
1117,Alberto Gomez,alberto.gomez1117@example.com,Quito,Ecuador,bronce,2023-07-21
1118,Pablo Rojas,pablo.rojas1118@example.com,Santiago,Chile,platino,2022-06-12
1119,Marta Perez,marta.perez1119@example.com,Barcelona,Espana,oro,2023-11-14
1120,Diego Martinez,diego.martinez1120@example.com,Lima,Peru,oro,2022-03-24
1121,Ana Perez,ana.perez1121@example.com,Cali,Colombia,bronce,2024-02-22
1122,Luis Ortiz,luis.ortiz1122@example.com,Medellin,Colombia,platino,2023-02-17
1123,Javier Perez,javier.perez1123@example.com,Quito,Ecuador,bronce,2024-01-05
1124,Laura Fernandez,laura.fernandez1124@example.com,Ciudad de Mexico,Mexico,bronce,2022-09-21
1125,Paula Castro,paula.castro1125@example.com,Valencia,Espana,plata,2023-03-22
1126,Paula Martinez,paula.martinez1126@example.com,Santiago,Chile,plata,2022-12-01
1127,Ruben Perez,ruben.perez1127@example.com,Buenos Aires,Argentina,oro,2022-10-02
1128,Carmen Lopez,carmen.lopez1128@example.com,Valencia,Espana,bronce,2023-01-11
1129,Pablo Ortiz,pablo.ortiz1129@example.com,Buenos Aires,Argentina,bronce,2022-02-28
1130,Carmen Ortiz,carmen.ortiz1130@example.com,Guadalajara,Mexico,bronce,2023-03-11
1131,Sofia Herrera,sofia.herrera1131@example.com,Bogota,Colombia,bronce,2022-05-15
1132,Andres Sanchez,andres.sanchez1132@example.com,Cali,Colombia,oro,2023-07-22
1133,Sergio Castro,sergio.castro1133@example.com,Lima,Peru,bronce,2022-04-10
1134,Sergio Rojas,sergio.rojas1134@example.com,Valencia,Espana,bronce,2022-01-11
1135,Carmen Mendoza,carmen.mendoza1135@example.com,Buenos Aires,Argentina,bronce,2023-04-26
1136,Luis Lopez,luis.lopez1136@example.com,Santiago,Chile,plata,2022-11-23
1137,Marta Moreno,marta.moreno1137@example.com,Quito,Ecuador,oro,2024-08-18
1138,Miguel Lopez,miguel.lopez1138@example.com,Bogota,Colombia,bronce,2022-10-17
1139,Marta Vargas,marta.vargas1139@example.com,Bogota,Colombia,bronce,2023-03-14
1140,Lucia Mendoza,lucia.mendoza1140@example.com,Quito,Ecuador,oro,2022-09-16
1141,Ruben Rodriguez,ruben.rodriguez1141@example.com,Cali,Colombia,plata,2024-08-31
1142,Elena Martinez,elena.martinez1142@example.com,Ciudad de Mexico,Mexico,bronce,2024-05-13
1143,Julia Silva,julia.silva1143@example.com,Ciudad de Mexico,Mexico,bronce,2022-07-08
1144,Paula Garcia,paula.garcia1144@example.com,Ciudad de Mexico,Mexico,platino,2022-10-03
1145,Elena Rojas,elena.rojas1145@example.com,Guadalajara,Mexico,plata,2022-07-24
1146,Diego Ramirez,diego.ramirez1146@example.com,Cali,Colombia,bronce,2022-06-15
1147,Lucia Gomez,lucia.gomez1147@example.com,Medellin,Colombia,bronce,2022-09-21
1148,Sergio Mendoza,sergio.mendoza1148@example.com,Medellin,Colombia,bronce,2024-07-21
1149,Andres Silva,andres.silva1149@example.com,Guadalajara,Mexico,bronce,2023-05-18
1150,Ruben Gomez,ruben.gomez1150@example.com,Santiago,Chile,bronce,2023-02-24
1151,Miguel Garcia,miguel.garcia1151@example.com,Ciudad de Mexico,Mexico,bronce,2022-07-28
1152,Lucia Martinez,lucia.martinez1152@example.com,Buenos Aires,Argentina,bronce,2022-07-21
1153,Sofia Martinez,sofia.martinez1153@example.com,Medellin,Colombia,bronce,2023-08-31
1154,Julia Navarro,julia.navarro1154@example.com,Santiago,Chile,bronce,2024-04-02
1155,Elena Vargas,elena.vargas1155@example.com,Medellin,Colombia,bronce,2023-09-03
1156,Pablo Rojas,pablo.rojas1156@example.com,Cali,Colombia,oro,2023-12-21
1157,Maria Sanchez,maria.sanchez1157@example.com,Madrid,Espana,bronce,2022-10-14
1158,Ruben Mendoza,ruben.mendoza1158@example.com,Bogota,Colombia,oro,2024-11-01
1159,Miguel Moreno,miguel.moreno1159@example.com,Buenos Aires,Argentina,oro,2024-06-19
1160,Elena Herrera,elena.herrera1160@example.com,Barcelona,Espana,platino,2024-08-19
1161,Pablo Torres,pablo.torres1161@example.com,Valencia,Espana,bronce,2024-01-02
1162,Diego Rojas,diego.rojas1162@example.com,Santiago,Chile,bronce,2024-01-31
1163,Paula Ramirez,paula.ramirez1163@example.com,Lima,Peru,plata,2022-03-19
1164,Lucia Fernandez,lucia.fernandez1164@example.com,Medellin,Colombia,bronce,2022-06-26
1165,Lucia Vargas,lucia.vargas1165@example.com,Medellin,Colombia,bronce,2022-05-26
1166,Maria Gomez,maria.gomez1166@example.com,Ciudad de Mexico,Mexico,bronce,2023-06-14
1167,Ana Navarro,ana.navarro1167@example.com,Santiago,Chile,plata,2023-10-06
1168,Miguel Moreno,miguel.moreno1168@example.com,Cali,Colombia,oro,2022-05-11
1169,Alberto Moreno,alberto.moreno1169@example.com,Valencia,Espana,bronce,2024-04-02
1170,Julia Moreno,julia.moreno1170@example.com,Cali,Colombia,oro,2023-08-25
1171,Carmen Diaz,carmen.diaz1171@example.com,Bogota,Colombia,plata,2023-10-15
1172,Carmen Navarro,carmen.navarro1172@example.com,Buenos Aires,Argentina,bronce,2024-09-30
1173,Miguel Sanchez,miguel.sanchez1173@example.com,Barcelona,Espana,bronce,2023-10-03
1174,Carlos Vargas,carlos.vargas1174@example.com,Guadalajara,Mexico,bronce,2022-01-05
1175,Ana Rodriguez,ana.rodriguez1175@example.com,Barcelona,Espana,oro,2024-04-21
1176,Elena Perez,elena.perez1176@example.com,Quito,Ecuador,plata,2024-08-17
1177,Elena Vargas,elena.vargas1177@example.com,Guadalajara,Mexico,plata,2022-04-02
1178,Carlos Torres,carlos.torres1178@example.com,Barcelona,Espana,plata,2023-08-14
1179,Javier Ortiz,javier.ortiz1179@example.com,Quito,Ecuador,bronce,2023-05-30
1180,Ana Castro,ana.castro1180@example.com,Ciudad de Mexico,Mexico,oro,2022-06-15
1181,Carmen Diaz,carmen.diaz1181@example.com,Guadalajara,Mexico,oro,2022-10-30
1182,Julia Diaz,julia.diaz1182@example.com,Madrid,Espana,plata,2024-07-26
1183,Andres Castro,andres.castro1183@example.com,Valencia,Espana,bronce,2023-03-05
1184,Sofia Herrera,sofia.herrera1184@example.com,Santiago,Chile,bronce,2023-08-11
1185,Sofia Perez,sofia.perez1185@example.com,Cali,Colombia,bronce,2024-04-30
1186,Elena Vargas,elena.vargas1186@example.com,Guadalajara,Mexico,bronce,2023-05-06
1187,Maria Vargas,maria.vargas1187@example.com,Quito,Ecuador,plata,2024-09-02
1188,Pablo Garcia,pablo.garcia1188@example.com,Cali,Colombia,plata,2023-07-02
1189,Pablo Ortiz,pablo.ortiz1189@example.com,Medellin,Colombia,oro,2024-12-15
1190,Ana Vargas,ana.vargas1190@example.com,Santiago,Chile,bronce,2022-06-11
1191,Sofia Sanchez,sofia.sanchez1191@example.com,Madrid,Espana,bronce,2024-08-30
1192,Javier Castro,javier.castro1192@example.com,Cali,Colombia,bronce,2022-05-04
1193,Carlos Rojas,carlos.rojas1193@example.com,Lima,Peru,platino,2024-06-09
1194,Marta Ortiz,marta.ortiz1194@example.com,Valencia,Espana,plata,2023-12-26
1195,Lucia Garcia,lucia.garcia1195@example.com,Bogota,Colombia,bronce,2023-09-05
1196,Carmen Diaz,carmen.diaz1196@example.com,Cali,Colombia,plata,2024-08-22
1197,Marta Lopez,marta.lopez1197@example.com,Madrid,Espana,plata,2023-12-03
1198,Alberto Vargas,alberto.vargas1198@example.com,Madrid,Espana,bronce,2024-01-31
1199,Paula Ramirez,paula.ramirez1199@example.com,Bogota,Colombia,bronce,2024-04-05
1200,Carmen Torres,carmen.torres1200@example.com,Lima,Peru,bronce,2024-07-09
1201,Ruben Navarro,ruben.navarro1201@example.com,Valencia,Espana,bronce,2022-09-12
1202,Diego Ramirez,diego.ramirez1202@example.com,Buenos Aires,Argentina,plata,2024-07-14
1203,Alberto Diaz,alberto.diaz1203@example.com,Cali,Colombia,bronce,2023-10-07
1204,Sergio Rodriguez,sergio.rodriguez1204@example.com,Santiago,Chile,plata,2022-02-05
1205,Andres Perez,andres.perez1205@example.com,Bogota,Colombia,plata,2024-10-02
1206,Julia Mendoza,julia.mendoza1206@example.com,Lima,Peru,bronce,2024-04-24
1207,Lucia Torres,lucia.torres1207@example.com,Medellin,Colombia,platino,2024-09-03
1208,Marta Ortiz,marta.ortiz1208@example.com,Santiago,Chile,bronce,2024-04-25
1209,Javier Ramirez,javier.ramirez1209@example.com,Santiago,Chile,plata,2023-01-14
1210,Alberto Ramirez,alberto.ramirez1210@example.com,Cali,Colombia,bronce,2023-01-19
1211,Carmen Diaz,carmen.diaz1211@example.com,Buenos Aires,Argentina,plata,2022-10-30
1212,Sergio Vargas,sergio.vargas1212@example.com,Barcelona,Espana,bronce,2023-03-25
1213,Diego Rodriguez,diego.rodriguez1213@example.com,Cali,Colombia,bronce,2022-02-08
1214,Ruben Rodriguez,ruben.rodriguez1214@example.com,Medellin,Colombia,bronce,2024-03-27
1215,Luis Torres,luis.torres1215@example.com,Quito,Ecuador,plata,2024-04-03
1216,Maria Vargas,maria.vargas1216@example.com,Quito,Ecuador,plata,2024-12-16
1217,Lucia Vargas,lucia.vargas1217@example.com,Santiago,Chile,plata,2023-08-26
1218,Marta Diaz,marta.diaz1218@example.com,Quito,Ecuador,bronce,2024-12-17
1219,Paula Perez,paula.perez1219@example.com,Quito,Ecuador,plata,2022-08-18
1220,Sofia Moreno,sofia.moreno1220@example.com,Santiago,Chile,plata,2023-06-03
1221,Carmen Castro,carmen.castro1221@example.com,Guadalajara,Mexico,bronce,2024-05-06
1222,Pablo Garcia,pablo.garcia1222@example.com,Valencia,Espana,bronce,2024-05-14
1223,Alberto Torres,alberto.torres1223@example.com,Santiago,Chile,bronce,2024-04-27
1224,Andres Moreno,andres.moreno1224@example.com,Valencia,Espana,oro,2023-05-26
1225,Sofia Herrera,sofia.herrera1225@example.com,Valencia,Espana,bronce,2022-03-22
1226,Alberto Perez,alberto.perez1226@example.com,Lima,Peru,bronce,2024-08-06
1227,Maria Ortiz,maria.ortiz1227@example.com,Barcelona,Espana,platino,2023-02-22
1228,Alberto Rojas,alberto.rojas1228@example.com,Barcelona,Espana,oro,2023-12-13
1229,Carlos Diaz,carlos.diaz1229@example.com,Ciudad de Mexico,Mexico,bronce,2022-05-26
1230,Javier Castro,javier.castro1230@example.com,Guadalajara,Mexico,oro,2024-10-22
1231,Paula Mendoza,paula.mendoza1231@example.com,Madrid,Espana,bronce,2022-10-09
1232,Marta Sanchez,marta.sanchez1232@example.com,Medellin,Colombia,oro,2024-12-27
1233,Alberto Lopez,alberto.lopez1233@example.com,Valencia,Espana,bronce,2024-02-23
1234,Marta Diaz,marta.diaz1234@example.com,Bogota,Colombia,bronce,2022-12-28
1235,Carmen Rodriguez,carmen.rodriguez1235@example.com,Valencia,Espana,platino,2023-02-09
1236,Elena Silva,elena.silva1236@example.com,Buenos Aires,Argentina,bronce,2024-12-08
1237,Ana Navarro,ana.navarro1237@example.com,Cali,Colombia,oro,2023-10-13
1238,Maria Castro,maria.castro1238@example.com,Quito,Ecuador,bronce,2024-01-29
1239,Javier Navarro,javier.navarro1239@example.com,Madrid,Espana,bronce,2023-11-02
1240,Ana Rodriguez,ana.rodriguez1240@example.com,Santiago,Chile,platino,2022-09-18
1241,Lucia Castro,lucia.castro1241@example.com,Lima,Peru,bronce,2022-05-26
1242,Sergio Diaz,sergio.diaz1242@example.com,Cali,Colombia,oro,2022-01-04
1243,Alberto Perez,alberto.perez1243@example.com,Buenos Aires,Argentina,oro,2023-03-20
1244,Diego Gomez,diego.gomez1244@example.com,Cali,Colombia,bronce,2024-01-19
1245,Ruben Ramirez,ruben.ramirez1245@example.com,Guadalajara,Mexico,bronce,2022-11-27
1246,Alberto Castro,alberto.castro1246@example.com,Lima,Peru,bronce,2022-09-01
1247,Ruben Lopez,ruben.lopez1247@example.com,Ciudad de Mexico,Mexico,bronce,2023-03-02
1248,Diego Castro,diego.castro1248@example.com,Ciudad de Mexico,Mexico,bronce,2022-09-11
1249,Elena Ortiz,elena.ortiz1249@example.com,Quito,Ecuador,bronce,2023-04-22
1250,Alberto Garcia,alberto.garcia1250@example.com,Cali,Colombia,oro,2023-08-28
1251,Laura Mendoza,laura.mendoza1251@example.com,Valencia,Espana,bronce,2022-10-26
1252,Sofia Castro,sofia.castro1252@example.com,Buenos Aires,Argentina,plata,2022-02-03
1253,Luis Gomez,luis.gomez1253@example.com,Buenos Aires,Argentina,bronce,2022-04-22
1254,Sergio Moreno,sergio.moreno1254@example.com,Valencia,Espana,bronce,2023-04-01
1255,Carmen Castro,carmen.castro1255@example.com,Buenos Aires,Argentina,bronce,2022-07-14
1256,Luis Herrera,luis.herrera1256@example.com,Madrid,Espana,bronce,2024-05-25
1257,Laura Rodriguez,laura.rodriguez1257@example.com,Bogota,Colombia,plata,2022-06-30
1258,Pablo Rodriguez,pablo.rodriguez1258@example.com,Lima,Peru,bronce,2022-01-30
1259,Lucia Castro,lucia.castro1259@example.com,Guadalajara,Mexico,oro,2023-11-10
1260,Paula Gomez,paula.gomez1260@example.com,Guadalajara,Mexico,oro,2023-11-15
1261,Javier Sanchez,javier.sanchez1261@example.com,Guadalajara,Mexico,bronce,2024-01-06
1262,Julia Diaz,julia.diaz1262@example.com,Barcelona,Espana,oro,2022-06-23
1263,Sofia Moreno,sofia.moreno1263@example.com,Quito,Ecuador,platino,2024-01-16
1264,Paula Lopez,paula.lopez1264@example.com,Bogota,Colombia,bronce,2024-08-02
1265,Laura Navarro,laura.navarro1265@example.com,Santiago,Chile,platino,2023-10-25
1266,Ana Diaz,ana.diaz1266@example.com,Quito,Ecuador,bronce,2023-03-04
1267,Luis Lopez,luis.lopez1267@example.com,Valencia,Espana,plata,2023-06-12
1268,Miguel Rodriguez,miguel.rodriguez1268@example.com,Guadalajara,Mexico,bronce,2024-06-08
1269,Alberto Mendoza,alberto.mendoza1269@example.com,Madrid,Espana,oro,2022-06-06
1270,Ana Martinez,ana.martinez1270@example.com,Guadalajara,Mexico,oro,2024-03-03
1271,Miguel Diaz,miguel.diaz1271@example.com,Cali,Colombia,platino,2022-10-23
1272,Maria Rojas,maria.rojas1272@example.com,Madrid,Espana,platino,2024-08-19
1273,Julia Ramirez,julia.ramirez1273@example.com,Buenos Aires,Argentina,bronce,2022-06-03
1274,Andres Perez,andres.perez1274@example.com,Quito,Ecuador,plata,2023-07-20
1275,Sergio Martinez,sergio.martinez1275@example.com,Madrid,Espana,bronce,2023-03-15
1276,Marta Moreno,marta.moreno1276@example.com,Lima,Peru,bronce,2023-06-17
1277,Andres Torres,andres.torres1277@example.com,Lima,Peru,bronce,2023-02-23
1278,Sergio Garcia,sergio.garcia1278@example.com,Ciudad de Mexico,Mexico,oro,2022-02-10
1279,Ana Lopez,ana.lopez1279@example.com,Lima,Peru,plata,2024-07-28
1280,Ruben Vargas,ruben.vargas1280@example.com,Bogota,Colombia,bronce,2023-08-08
1281,Marta Lopez,marta.lopez1281@example.com,Buenos Aires,Argentina,platino,2023-10-20
1282,Marta Fernandez,marta.fernandez1282@example.com,Buenos Aires,Argentina,oro,2023-07-26
1283,Miguel Martinez,miguel.martinez1283@example.com,Ciudad de Mexico,Mexico,bronce,2023-08-03
1284,Paula Herrera,paula.herrera1284@example.com,Lima,Peru,bronce,2023-10-27
1285,Miguel Castro,miguel.castro1285@example.com,Lima,Peru,plata,2023-04-05
1286,Ana Herrera,ana.herrera1286@example.com,Santiago,Chile,plata,2022-05-24
1287,Julia Rodriguez,julia.rodriguez1287@example.com,Guadalajara,Mexico,bronce,2022-02-02
1288,Laura Fernandez,laura.fernandez1288@example.com,Quito,Ecuador,bronce,2023-08-15
1289,Maria Perez,maria.perez1289@example.com,Ciudad de Mexico,Mexico,bronce,2022-07-23
1290,Carmen Castro,carmen.castro1290@example.com,Guadalajara,Mexico,bronce,2023-05-13
1291,Laura Silva,laura.silva1291@example.com,Valencia,Espana,bronce,2023-10-25
1292,Ruben Sanchez,ruben.sanchez1292@example.com,Bogota,Colombia,bronce,2023-10-15
1293,Sofia Herrera,sofia.herrera1293@example.com,Lima,Peru,bronce,2022-07-04
1294,Ana Vargas,ana.vargas1294@example.com,Cali,Colombia,plata,2023-12-25
1295,Alberto Silva,alberto.silva1295@example.com,Ciudad de Mexico,Mexico,bronce,2024-10-27
1296,Lucia Rodriguez,lucia.rodriguez1296@example.com,Santiago,Chile,bronce,2023-01-31
1297,Javier Navarro,javier.navarro1297@example.com,Bogota,Colombia,bronce,2022-05-10
1298,Andres Diaz,andres.diaz1298@example.com,Bogota,Colombia,platino,2023-07-06
1299,Lucia Perez,lucia.perez1299@example.com,Madrid,Espana,bronce,2023-11-07
1300,Ana Lopez,ana.lopez1300@example.com,Valencia,Espana,bronce,2023-03-09
1301,Sergio Navarro,sergio.navarro1301@example.com,Ciudad de Mexico,Mexico,bronce,2023-10-19
1302,Sofia Mendoza,sofia.mendoza1302@example.com,Buenos Aires,Argentina,plata,2024-04-18
1303,Andres Martinez,andres.martinez1303@example.com,Bogota,Colombia,bronce,2023-09-25
1304,Ruben Diaz,ruben.diaz1304@example.com,Cali,Colombia,bronce,2024-05-22
1305,Carmen Moreno,carmen.moreno1305@example.com,Valencia,Espana,oro,2022-06-09
1306,Andres Vargas,andres.vargas1306@example.com,Santiago,Chile,plata,2022-11-17
1307,Javier Lopez,javier.lopez1307@example.com,Ciudad de Mexico,Mexico,bronce,2023-09-01
1308,Laura Fernandez,laura.fernandez1308@example.com,Barcelona,Espana,bronce,2022-10-12
1309,Sofia Fernandez,sofia.fernandez1309@example.com,Guadalajara,Mexico,platino,2024-12-24
1310,Ruben Perez,ruben.perez1310@example.com,Medellin,Colombia,platino,2024-01-13
1311,Lucia Navarro,lucia.navarro1311@example.com,Lima,Peru,plata,2023-03-28
1312,Elena Sanchez,elena.sanchez1312@example.com,Bogota,Colombia,plata,2024-04-27
1313,Sergio Moreno,sergio.moreno1313@example.com,Lima,Peru,oro,2024-12-12
1314,Ruben Ortiz,ruben.ortiz1314@example.com,Buenos Aires,Argentina,platino,2022-01-12
1315,Julia Herrera,julia.herrera1315@example.com,Barcelona,Espana,bronce,2023-09-02
1316,Javier Herrera,javier.herrera1316@example.com,Santiago,Chile,platino,2023-04-14
1317,Marta Lopez,marta.lopez1317@example.com,Buenos Aires,Argentina,plata,2024-04-06
1318,Pablo Martinez,pablo.martinez1318@example.com,Cali,Colombia,plata,2022-12-03
1319,Sofia Herrera,sofia.herrera1319@example.com,Barcelona,Espana,bronce,2022-12-23
1320,Miguel Moreno,miguel.moreno1320@example.com,Cali,Colombia,bronce,2024-04-19
1321,Maria Moreno,maria.moreno1321@example.com,Guadalajara,Mexico,oro,2024-09-02
1322,Javier Diaz,javier.diaz1322@example.com,Barcelona,Espana,plata,2022-06-07
1323,Lucia Ramirez,lucia.ramirez1323@example.com,Medellin,Colombia,bronce,2023-11-05
1324,Ruben Garcia,ruben.garcia1324@example.com,Buenos Aires,Argentina,plata,2024-05-02
1325,Ruben Perez,ruben.perez1325@example.com,Ciudad de Mexico,Mexico,bronce,2022-06-30
1326,Carlos Ramirez,carlos.ramirez1326@example.com,Quito,Ecuador,bronce,2023-12-26
1327,Andres Martinez,andres.martinez1327@example.com,Valencia,Espana,plata,2024-12-08
1328,Luis Martinez,luis.martinez1328@example.com,Santiago,Chile,plata,2024-07-12
1329,Andres Garcia,andres.garcia1329@example.com,Cali,Colombia,bronce,2022-08-01
1330,Elena Sanchez,elena.sanchez1330@example.com,Valencia,Espana,bronce,2024-12-20
1331,Sofia Navarro,sofia.navarro1331@example.com,Quito,Ecuador,bronce,2023-01-26
1332,Marta Rojas,marta.rojas1332@example.com,Guadalajara,Mexico,plata,2023-06-06
1333,Sofia Ortiz,sofia.ortiz1333@example.com,Ciudad de Mexico,Mexico,oro,2022-11-16
1334,Paula Perez,paula.perez1334@example.com,Bogota,Colombia,plata,2024-02-05
1335,Lucia Vargas,lucia.vargas1335@example.com,Lima,Peru,plata,2022-05-18
1336,Alberto Mendoza,alberto.mendoza1336@example.com,Madrid,Espana,bronce,2024-02-17
1337,Carmen Fernandez,carmen.fernandez1337@example.com,Barcelona,Espana,bronce,2022-03-02
1338,Javier Rojas,javier.rojas1338@example.com,Valencia,Espana,oro,2024-07-13
1339,Sergio Rojas,sergio.rojas1339@example.com,Guadalajara,Mexico,bronce,2022-12-23
1340,Sofia Silva,sofia.silva1340@example.com,Barcelona,Espana,bronce,2023-07-22
1341,Lucia Navarro,lucia.navarro1341@example.com,Santiago,Chile,bronce,2022-09-07
1342,Maria Castro,maria.castro1342@example.com,Valencia,Espana,plata,2022-04-28
1343,Maria Vargas,maria.vargas1343@example.com,Buenos Aires,Argentina,bronce,2022-01-26
1344,Pablo Mendoza,pablo.mendoza1344@example.com,Santiago,Chile,bronce,2024-12-08
1345,Carlos Rojas,carlos.rojas1345@example.com,Lima,Peru,plata,2022-05-30
1346,Alberto Fernandez,alberto.fernandez1346@example.com,Bogota,Colombia,bronce,2022-03-04
1347,Ruben Castro,ruben.castro1347@example.com,Madrid,Espana,bronce,2023-07-17
1348,Marta Ramirez,marta.ramirez1348@example.com,Santiago,Chile,oro,2024-11-19
1349,Marta Sanchez,marta.sanchez1349@example.com,Cali,Colombia,platino,2022-04-01
1350,Pablo Ramirez,pablo.ramirez1350@example.com,Quito,Ecuador,bronce,2022-10-07
1351,Luis Castro,luis.castro1351@example.com,Valencia,Espana,bronce,2023-09-01
1352,Miguel Ortiz,miguel.ortiz1352@example.com,Ciudad de Mexico,Mexico,bronce,2023-06-24
1353,Diego Vargas,diego.vargas1353@example.com,Barcelona,Espana,bronce,2022-06-09
1354,Julia Lopez,julia.lopez1354@example.com,Cali,Colombia,oro,2024-11-06
1355,Laura Navarro,laura.navarro1355@example.com,Madrid,Espana,plata,2023-01-28
1356,Diego Vargas,diego.vargas1356@example.com,Santiago,Chile,bronce,2024-01-11
1357,Elena Perez,elena.perez1357@example.com,Guadalajara,Mexico,plata,2023-05-17
1358,Maria Herrera,maria.herrera1358@example.com,Barcelona,Espana,bronce,2023-10-04
1359,Maria Fernandez,maria.fernandez1359@example.com,Cali,Colombia,bronce,2024-09-17
1360,Miguel Fernandez,miguel.fernandez1360@example.com,Cali,Colombia,oro,2022-12-23
1361,Luis Silva,luis.silva1361@example.com,Buenos Aires,Argentina,bronce,2024-06-10
1362,Luis Mendoza,luis.mendoza1362@example.com,Cali,Colombia,bronce,2022-11-17
1363,Miguel Ramirez,miguel.ramirez1363@example.com,Cali,Colombia,oro,2022-12-14
1364,Laura Fernandez,laura.fernandez1364@example.com,Santiago,Chile,bronce,2022-02-05
1365,Pablo Mendoza,pablo.mendoza1365@example.com,Ciudad de Mexico,Mexico,bronce,2023-01-15
1366,Ana Lopez,ana.lopez1366@example.com,Santiago,Chile,bronce,2023-10-05
1367,Elena Moreno,elena.moreno1367@example.com,Lima,Peru,bronce,2023-12-02
1368,Diego Vargas,diego.vargas1368@example.com,Lima,Peru,bronce,2023-04-16
1369,Alberto Mendoza,alberto.mendoza1369@example.com,Quito,Ecuador,bronce,2023-01-26
1370,Carmen Diaz,carmen.diaz1370@example.com,Buenos Aires,Argentina,bronce,2022-09-03
1371,Ruben Silva,ruben.silva1371@example.com,Ciudad de Mexico,Mexico,bronce,2024-09-17
1372,Elena Garcia,elena.garcia1372@example.com,Ciudad de Mexico,Mexico,plata,2023-02-25
1373,Sofia Herrera,sofia.herrera1373@example.com,Valencia,Espana,oro,2022-12-02
1374,Sofia Rodriguez,sofia.rodriguez1374@example.com,Santiago,Chile,plata,2024-10-27
1375,Ruben Castro,ruben.castro1375@example.com,Buenos Aires,Argentina,plata,2023-11-29
1376,Alberto Lopez,alberto.lopez1376@example.com,Lima,Peru,oro,2024-07-17
1377,Alberto Navarro,alberto.navarro1377@example.com,Buenos Aires,Argentina,bronce,2023-03-02
1378,Sergio Herrera,sergio.herrera1378@example.com,Cali,Colombia,bronce,2023-04-17
1379,Lucia Martinez,lucia.martinez1379@example.com,Bogota,Colombia,bronce,2024-03-09
1380,Lucia Mendoza,lucia.mendoza1380@example.com,Quito,Ecuador,bronce,2024-12-09
1381,Alberto Perez,alberto.perez1381@example.com,Buenos Aires,Argentina,platino,2024-05-13
1382,Javier Ramirez,javier.ramirez1382@example.com,Lima,Peru,bronce,2023-05-22
1383,Elena Rodriguez,elena.rodriguez1383@example.com,Guadalajara,Mexico,oro,2023-10-17
1384,Ruben Martinez,ruben.martinez1384@example.com,Ciudad de Mexico,Mexico,bronce,2023-01-18
1385,Miguel Sanchez,miguel.sanchez1385@example.com,Madrid,Espana,bronce,2023-05-15
1386,Laura Ramirez,laura.ramirez1386@example.com,Madrid,Espana,bronce,2023-03-01
1387,Pablo Ramirez,pablo.ramirez1387@example.com,Buenos Aires,Argentina,bronce,2022-04-19
1388,Elena Mendoza,elena.mendoza1388@example.com,Valencia,Espana,bronce,2024-08-15
1389,Ruben Lopez,ruben.lopez1389@example.com,Madrid,Espana,plata,2022-05-30
1390,Julia Moreno,julia.moreno1390@example.com,Santiago,Chile,bronce,2022-10-21
1391,Elena Garcia,elena.garcia1391@example.com,Guadalajara,Mexico,oro,2022-10-05
1392,Lucia Perez,lucia.perez1392@example.com,Barcelona,Espana,oro,2022-09-01
1393,Alberto Lopez,alberto.lopez1393@example.com,Cali,Colombia,bronce,2023-06-29
1394,Marta Martinez,marta.martinez1394@example.com,Cali,Colombia,platino,2024-11-17
1395,Laura Vargas,laura.vargas1395@example.com,Madrid,Espana,bronce,2022-12-26
1396,Pablo Ortiz,pablo.ortiz1396@example.com,Guadalajara,Mexico,bronce,2024-03-15
1397,Carmen Rojas,carmen.rojas1397@example.com,Medellin,Colombia,bronce,2024-03-13
1398,Andres Mendoza,andres.mendoza1398@example.com,Lima,Peru,plata,2024-04-16
1399,Ana Vargas,ana.vargas1399@example.com,Barcelona,Espana,bronce,2023-11-13
1400,Javier Rodriguez,javier.rodriguez1400@example.com,Lima,Peru,plata,2024-03-21
1401,Ruben Gomez,ruben.gomez1401@example.com,Madrid,Espana,oro,2024-04-13
1402,Laura Silva,laura.silva1402@example.com,Santiago,Chile,bronce,2024-01-18
1403,Javier Garcia,javier.garcia1403@example.com,Santiago,Chile,oro,2023-09-04
1404,Elena Rodriguez,elena.rodriguez1404@example.com,Medellin,Colombia,plata,2022-04-10
1405,Carlos Silva,carlos.silva1405@example.com,Bogota,Colombia,bronce,2023-07-11
1406,Carlos Rodriguez,carlos.rodriguez1406@example.com,Barcelona,Espana,bronce,2024-04-05
1407,Elena Navarro,elena.navarro1407@example.com,Medellin,Colombia,bronce,2023-01-10
1408,Ruben Herrera,ruben.herrera1408@example.com,Buenos Aires,Argentina,bronce,2022-09-30
1409,Ana Rojas,ana.rojas1409@example.com,Buenos Aires,Argentina,plata,2023-10-13
1410,Javier Ramirez,javier.ramirez1410@example.com,Valencia,Espana,bronce,2022-05-25
1411,Luis Rodriguez,luis.rodriguez1411@example.com,Madrid,Espana,bronce,2024-02-27
1412,Pablo Diaz,pablo.diaz1412@example.com,Ciudad de Mexico,Mexico,plata,2024-12-12
1413,Javier Silva,javier.silva1413@example.com,Ciudad de Mexico,Mexico,plata,2023-06-15
1414,Sergio Ortiz,sergio.ortiz1414@example.com,Quito,Ecuador,oro,2022-01-31
1415,Pablo Diaz,pablo.diaz1415@example.com,Santiago,Chile,bronce,2022-10-25
1416,Sergio Silva,sergio.silva1416@example.com,Ciudad de Mexico,Mexico,plata,2022-02-04
1417,Carmen Herrera,carmen.herrera1417@example.com,Guadalajara,Mexico,bronce,2023-05-18
1418,Sofia Rodriguez,sofia.rodriguez1418@example.com,Guadalajara,Mexico,plata,2022-12-06
1419,Ruben Castro,ruben.castro1419@example.com,Cali,Colombia,bronce,2024-04-26
1420,Diego Castro,diego.castro1420@example.com,Buenos Aires,Argentina,bronce,2024-07-13
1421,Julia Ramirez,julia.ramirez1421@example.com,Valencia,Espana,platino,2023-04-22
1422,Alberto Herrera,alberto.herrera1422@example.com,Santiago,Chile,plata,2024-12-06
1423,Pablo Mendoza,pablo.mendoza1423@example.com,Lima,Peru,plata,2023-05-08
1424,Andres Vargas,andres.vargas1424@example.com,Cali,Colombia,bronce,2022-05-10
1425,Javier Gomez,javier.gomez1425@example.com,Cali,Colombia,plata,2024-09-21
1426,Paula Navarro,paula.navarro1426@example.com,Cali,Colombia,bronce,2023-03-10
1427,Andres Navarro,andres.navarro1427@example.com,Santiago,Chile,bronce,2024-08-27
1428,Julia Rojas,julia.rojas1428@example.com,Valencia,Espana,bronce,2024-03-15
1429,Javier Castro,javier.castro1429@example.com,Medellin,Colombia,bronce,2024-10-25
1430,Sergio Martinez,sergio.martinez1430@example.com,Guadalajara,Mexico,bronce,2023-12-08
1431,Diego Diaz,diego.diaz1431@example.com,Buenos Aires,Argentina,plata,2023-10-12
1432,Carlos Lopez,carlos.lopez1432@example.com,Bogota,Colombia,bronce,2022-09-13
1433,Carlos Ramirez,carlos.ramirez1433@example.com,Barcelona,Espana,oro,2022-11-02
1434,Pablo Silva,pablo.silva1434@example.com,Ciudad de Mexico,Mexico,oro,2022-12-27
1435,Elena Sanchez,elena.sanchez1435@example.com,Guadalajara,Mexico,bronce,2022-12-06
1436,Maria Navarro,maria.navarro1436@example.com,Santiago,Chile,plata,2023-10-13
1437,Sofia Martinez,sofia.martinez1437@example.com,Madrid,Espana,bronce,2024-08-10
1438,Andres Rodriguez,andres.rodriguez1438@example.com,Madrid,Espana,oro,2022-02-08
1439,Elena Navarro,elena.navarro1439@example.com,Medellin,Colombia,bronce,2023-11-09
1440,Alberto Martinez,alberto.martinez1440@example.com,Ciudad de Mexico,Mexico,bronce,2024-04-10
1441,Sergio Moreno,sergio.moreno1441@example.com,Madrid,Espana,bronce,2023-05-01
1442,Lucia Herrera,lucia.herrera1442@example.com,Valencia,Espana,oro,2022-10-29
1443,Julia Gomez,julia.gomez1443@example.com,Cali,Colombia,bronce,2023-04-19
1444,Sofia Rodriguez,sofia.rodriguez1444@example.com,Bogota,Colombia,oro,2024-06-26
1445,Maria Gomez,maria.gomez1445@example.com,Buenos Aires,Argentina,bronce,2024-09-28
1446,Ana Rodriguez,ana.rodriguez1446@example.com,Madrid,Espana,plata,2024-01-19
1447,Julia Rojas,julia.rojas1447@example.com,Lima,Peru,bronce,2023-06-16
1448,Alberto Mendoza,alberto.mendoza1448@example.com,Valencia,Espana,bronce,2023-12-08
1449,Marta Navarro,marta.navarro1449@example.com,Cali,Colombia,bronce,2024-01-12
1450,Maria Silva,maria.silva1450@example.com,Quito,Ecuador,bronce,2024-04-20
1451,Javier Herrera,javier.herrera1451@example.com,Guadalajara,Mexico,plata,2022-06-08
1452,Ana Mendoza,ana.mendoza1452@example.com,Quito,Ecuador,plata,2022-03-24
1453,Luis Herrera,luis.herrera1453@example.com,Madrid,Espana,bronce,2023-01-14
1454,Laura Rojas,laura.rojas1454@example.com,Buenos Aires,Argentina,bronce,2022-10-12
1455,Pablo Navarro,pablo.navarro1455@example.com,Madrid,Espana,bronce,2023-11-05
1456,Luis Gomez,luis.gomez1456@example.com,Guadalajara,Mexico,plata,2023-07-26
1457,Alberto Diaz,alberto.diaz1457@example.com,Bogota,Colombia,plata,2024-10-02
1458,Diego Ortiz,diego.ortiz1458@example.com,Santiago,Chile,oro,2024-04-30
1459,Javier Gomez,javier.gomez1459@example.com,Barcelona,Espana,oro,2022-06-11
1460,Lucia Perez,lucia.perez1460@example.com,Lima,Peru,bronce,2024-07-18
1461,Sergio Lopez,sergio.lopez1461@example.com,Cali,Colombia,bronce,2024-04-23
1462,Elena Perez,elena.perez1462@example.com,Ciudad de Mexico,Mexico,oro,2023-02-23
1463,Ana Vargas,ana.vargas1463@example.com,Ciudad de Mexico,Mexico,bronce,2022-03-05
1464,Luis Mendoza,luis.mendoza1464@example.com,Madrid,Espana,bronce,2024-05-19
1465,Ruben Martinez,ruben.martinez1465@example.com,Bogota,Colombia,bronce,2022-07-31
1466,Maria Rojas,maria.rojas1466@example.com,Buenos Aires,Argentina,plata,2022-08-30
1467,Carmen Herrera,carmen.herrera1467@example.com,Quito,Ecuador,plata,2023-05-31
1468,Miguel Mendoza,miguel.mendoza1468@example.com,Quito,Ecuador,platino,2022-04-01
1469,Sergio Herrera,sergio.herrera1469@example.com,Ciudad de Mexico,Mexico,bronce,2023-03-14
1470,Luis Lopez,luis.lopez1470@example.com,Bogota,Colombia,bronce,2022-09-28
1471,Ruben Torres,ruben.torres1471@example.com,Cali,Colombia,bronce,2022-02-28
1472,Andres Navarro,andres.navarro1472@example.com,Cali,Colombia,plata,2024-09-15
1473,Sofia Ortiz,sofia.ortiz1473@example.com,Medellin,Colombia,bronce,2022-10-13
1474,Laura Castro,laura.castro1474@example.com,Medellin,Colombia,oro,2023-08-19
1475,Alberto Navarro,alberto.navarro1475@example.com,Lima,Peru,bronce,2024-06-13
1476,Elena Rojas,elena.rojas1476@example.com,Medellin,Colombia,plata,2023-06-12
1477,Diego Rodriguez,diego.rodriguez1477@example.com,Madrid,Espana,oro,2022-11-17
1478,Miguel Ortiz,miguel.ortiz1478@example.com,Buenos Aires,Argentina,bronce,2024-03-24
1479,Laura Lopez,laura.lopez1479@example.com,Guadalajara,Mexico,plata,2024-01-28
1480,Sofia Fernandez,sofia.fernandez1480@example.com,Medellin,Colombia,bronce,2022-01-12
1481,Carlos Sanchez,carlos.sanchez1481@example.com,Guadalajara,Mexico,oro,2024-06-15
1482,Ana Moreno,ana.moreno1482@example.com,Quito,Ecuador,oro,2022-05-10
1483,Javier Garcia,javier.garcia1483@example.com,Quito,Ecuador,plata,2024-03-18
1484,Maria Castro,maria.castro1484@example.com,Santiago,Chile,bronce,2022-04-20
1485,Sofia Mendoza,sofia.mendoza1485@example.com,Guadalajara,Mexico,platino,2022-03-13
1486,Ruben Herrera,ruben.herrera1486@example.com,Madrid,Espana,oro,2022-05-14
1487,Carlos Gomez,carlos.gomez1487@example.com,Ciudad de Mexico,Mexico,plata,2024-03-22
1488,Ana Mendoza,ana.mendoza1488@example.com,Santiago,Chile,platino,2023-05-12
1489,Maria Fernandez,maria.fernandez1489@example.com,Lima,Peru,bronce,2023-10-21
1490,Lucia Rojas,lucia.rojas1490@example.com,Santiago,Chile,bronce,2022-11-04
1491,Javier Ramirez,javier.ramirez1491@example.com,Quito,Ecuador,bronce,2022-05-12
1492,Diego Rodriguez,diego.rodriguez1492@example.com,Ciudad de Mexico,Mexico,bronce,2024-05-10
1493,Ana Garcia,ana.garcia1493@example.com,Barcelona,Espana,bronce,2024-06-30
1494,Elena Lopez,elena.lopez1494@example.com,Cali,Colombia,plata,2024-07-07
1495,Sofia Ortiz,sofia.ortiz1495@example.com,Bogota,Colombia,bronce,2022-03-13
1496,Sofia Navarro,sofia.navarro1496@example.com,Lima,Peru,bronce,2024-10-09
1497,Pablo Diaz,pablo.diaz1497@example.com,Santiago,Chile,plata,2023-08-17
1498,Sergio Navarro,sergio.navarro1498@example.com,Cali,Colombia,plata,2022-08-03
1499,Diego Garcia,diego.garcia1499@example.com,Medellin,Colombia,platino,2022-08-06
1500,Paula Navarro,paula.navarro1500@example.com,Barcelona,Espana,bronce,2023-07-05
1501,Lucia Sanchez,lucia.sanchez1501@example.com,Madrid,Espana,oro,2023-10-23
1502,Javier Garcia,javier.garcia1502@example.com,Bogota,Colombia,bronce,2022-02-23
1503,Laura Herrera,laura.herrera1503@example.com,Valencia,Espana,bronce,2023-06-28
1504,Elena Fernandez,elena.fernandez1504@example.com,Bogota,Colombia,plata,2022-09-20
1505,Pablo Perez,pablo.perez1505@example.com,Quito,Ecuador,bronce,2024-10-02
1506,Laura Herrera,laura.herrera1506@example.com,Buenos Aires,Argentina,plata,2023-11-05
1507,Julia Gomez,julia.gomez1507@example.com,Ciudad de Mexico,Mexico,bronce,2023-02-12
1508,Diego Herrera,diego.herrera1508@example.com,Valencia,Espana,bronce,2023-04-08
1509,Ruben Lopez,ruben.lopez1509@example.com,Lima,Peru,bronce,2024-07-05
1510,Andres Rodriguez,andres.rodriguez1510@example.com,Guadalajara,Mexico,bronce,2024-01-27
1511,Elena Gomez,elena.gomez1511@example.com,Ciudad de Mexico,Mexico,bronce,2023-03-01
1512,Laura Castro,laura.castro1512@example.com,Cali,Colombia,bronce,2024-07-07
1513,Marta Sanchez,marta.sanchez1513@example.com,Ciudad de Mexico,Mexico,bronce,2023-11-12
1514,Elena Martinez,elena.martinez1514@example.com,Lima,Peru,plata,2022-03-07
1515,Laura Moreno,laura.moreno1515@example.com,Buenos Aires,Argentina,bronce,2023-11-22
1516,Julia Torres,julia.torres1516@example.com,Cali,Colombia,plata,2024-10-24
1517,Diego Diaz,diego.diaz1517@example.com,Buenos Aires,Argentina,plata,2024-08-03
1518,Ana Sanchez,ana.sanchez1518@example.com,Quito,Ecuador,bronce,2022-02-16
1519,Diego Garcia,diego.garcia1519@example.com,Bogota,Colombia,bronce,2024-08-23
1520,Diego Rodriguez,diego.rodriguez1520@example.com,Lima,Peru,plata,2024-12-10
1521,Ruben Rojas,ruben.rojas1521@example.com,Guadalajara,Mexico,oro,2022-06-28
1522,Marta Rodriguez,marta.rodriguez1522@example.com,Valencia,Espana,bronce,2023-11-30
1523,Carlos Sanchez,carlos.sanchez1523@example.com,Quito,Ecuador,oro,2024-04-06
1524,Carlos Ortiz,carlos.ortiz1524@example.com,Buenos Aires,Argentina,bronce,2022-02-17
1525,Carmen Gomez,carmen.gomez1525@example.com,Medellin,Colombia,bronce,2024-06-25
1526,Ana Moreno,ana.moreno1526@example.com,Valencia,Espana,bronce,2023-03-08
1527,Elena Gomez,elena.gomez1527@example.com,Lima,Peru,bronce,2022-11-24
1528,Maria Ortiz,maria.ortiz1528@example.com,Santiago,Chile,bronce,2022-10-10
1529,Ana Silva,ana.silva1529@example.com,Madrid,Espana,bronce,2023-07-08
1530,Julia Torres,julia.torres1530@example.com,Guadalajara,Mexico,bronce,2024-05-24
1531,Luis Rojas,luis.rojas1531@example.com,Barcelona,Espana,plata,2024-06-18
1532,Ana Diaz,ana.diaz1532@example.com,Bogota,Colombia,bronce,2022-09-04
1533,Julia Ortiz,julia.ortiz1533@example.com,Ciudad de Mexico,Mexico,oro,2024-06-24
1534,Carlos Fernandez,carlos.fernandez1534@example.com,Valencia,Espana,oro,2024-06-23
1535,Paula Silva,paula.silva1535@example.com,Ciudad de Mexico,Mexico,bronce,2022-03-09
1536,Ana Castro,ana.castro1536@example.com,Cali,Colombia,bronce,2022-12-09
1537,Carlos Castro,carlos.castro1537@example.com,Ciudad de Mexico,Mexico,bronce,2022-01-17
1538,Maria Fernandez,maria.fernandez1538@example.com,Santiago,Chile,oro,2024-12-19
1539,Marta Silva,marta.silva1539@example.com,Barcelona,Espana,bronce,2023-06-02
1540,Carmen Moreno,carmen.moreno1540@example.com,Santiago,Chile,bronce,2022-10-24
1541,Diego Silva,diego.silva1541@example.com,Valencia,Espana,platino,2024-09-06
1542,Laura Silva,laura.silva1542@example.com,Madrid,Espana,bronce,2024-01-21
1543,Luis Lopez,luis.lopez1543@example.com,Cali,Colombia,bronce,2024-10-26
1544,Pablo Mendoza,pablo.mendoza1544@example.com,Bogota,Colombia,oro,2024-05-26
1545,Laura Silva,laura.silva1545@example.com,Valencia,Espana,oro,2024-11-12
1546,Pablo Sanchez,pablo.sanchez1546@example.com,Cali,Colombia,bronce,2022-08-26
1547,Andres Navarro,andres.navarro1547@example.com,Lima,Peru,bronce,2022-08-12
1548,Paula Ramirez,paula.ramirez1548@example.com,Guadalajara,Mexico,bronce,2022-03-24
1549,Diego Gomez,diego.gomez1549@example.com,Buenos Aires,Argentina,bronce,2023-01-11
1550,Ana Sanchez,ana.sanchez1550@example.com,Barcelona,Espana,bronce,2023-08-27
1551,Javier Fernandez,javier.fernandez1551@example.com,Madrid,Espana,bronce,2023-09-11
1552,Ruben Garcia,ruben.garcia1552@example.com,Medellin,Colombia,plata,2024-01-12
1553,Lucia Rojas,lucia.rojas1553@example.com,Santiago,Chile,plata,2024-03-13
1554,Carmen Moreno,carmen.moreno1554@example.com,Lima,Peru,platino,2024-06-13
1555,Diego Rojas,diego.rojas1555@example.com,Barcelona,Espana,oro,2023-07-24
1556,Carlos Ramirez,carlos.ramirez1556@example.com,Cali,Colombia,bronce,2022-10-26
1557,Ruben Fernandez,ruben.fernandez1557@example.com,Medellin,Colombia,bronce,2023-04-27
1558,Sergio Moreno,sergio.moreno1558@example.com,Buenos Aires,Argentina,bronce,2024-08-13
1559,Alberto Mendoza,alberto.mendoza1559@example.com,Valencia,Espana,bronce,2024-06-12
1560,Ruben Rodriguez,ruben.rodriguez1560@example.com,Cali,Colombia,bronce,2024-09-29
1561,Javier Fernandez,javier.fernandez1561@example.com,Lima,Peru,plata,2023-08-15
1562,Javier Navarro,javier.navarro1562@example.com,Cali,Colombia,bronce,2024-05-03
1563,Laura Mendoza,laura.mendoza1563@example.com,Santiago,Chile,bronce,2023-03-29
1564,Julia Navarro,julia.navarro1564@example.com,Guadalajara,Mexico,bronce,2022-01-09
1565,Pablo Lopez,pablo.lopez1565@example.com,Guadalajara,Mexico,platino,2024-03-25
1566,Diego Torres,diego.torres1566@example.com,Bogota,Colombia,plata,2022-04-06
1567,Alberto Martinez,alberto.martinez1567@example.com,Quito,Ecuador,bronce,2023-11-27
1568,Carmen Mendoza,carmen.mendoza1568@example.com,Valencia,Espana,bronce,2024-12-28
1569,Julia Ramirez,julia.ramirez1569@example.com,Quito,Ecuador,oro,2022-01-29
1570,Alberto Sanchez,alberto.sanchez1570@example.com,Quito,Ecuador,bronce,2024-03-14
1571,Luis Rodriguez,luis.rodriguez1571@example.com,Ciudad de Mexico,Mexico,plata,2024-08-08
1572,Miguel Moreno,miguel.moreno1572@example.com,Lima,Peru,plata,2023-11-18
1573,Marta Silva,marta.silva1573@example.com,Buenos Aires,Argentina,plata,2024-01-26
1574,Paula Mendoza,paula.mendoza1574@example.com,Buenos Aires,Argentina,bronce,2024-09-13
1575,Maria Navarro,maria.navarro1575@example.com,Madrid,Espana,oro,2024-05-01
1576,Elena Silva,elena.silva1576@example.com,Barcelona,Espana,bronce,2022-02-13
1577,Lucia Herrera,lucia.herrera1577@example.com,Madrid,Espana,bronce,2024-04-27
1578,Sergio Silva,sergio.silva1578@example.com,Madrid,Espana,bronce,2024-04-09
1579,Maria Navarro,maria.navarro1579@example.com,Lima,Peru,bronce,2022-09-07
1580,Carmen Torres,carmen.torres1580@example.com,Valencia,Espana,bronce,2023-12-18
1581,Javier Herrera,javier.herrera1581@example.com,Madrid,Espana,plata,2024-07-10
1582,Laura Silva,laura.silva1582@example.com,Quito,Ecuador,oro,2024-07-17
1583,Lucia Martinez,lucia.martinez1583@example.com,Bogota,Colombia,bronce,2024-08-11
1584,Sofia Rojas,sofia.rojas1584@example.com,Santiago,Chile,oro,2024-05-01
1585,Carmen Gomez,carmen.gomez1585@example.com,Quito,Ecuador,platino,2022-05-14
1586,Elena Martinez,elena.martinez1586@example.com,Ciudad de Mexico,Mexico,bronce,2023-06-15
1587,Paula Lopez,paula.lopez1587@example.com,Quito,Ecuador,plata,2022-09-13
1588,Luis Martinez,luis.martinez1588@example.com,Quito,Ecuador,platino,2022-03-19
1589,Ruben Mendoza,ruben.mendoza1589@example.com,Barcelona,Espana,plata,2022-10-16
1590,Ana Herrera,ana.herrera1590@example.com,Barcelona,Espana,bronce,2024-09-22
1591,Marta Martinez,marta.martinez1591@example.com,Medellin,Colombia,oro,2023-10-17
1592,Elena Castro,elena.castro1592@example.com,Ciudad de Mexico,Mexico,plata,2024-04-16
1593,Miguel Rojas,miguel.rojas1593@example.com,Santiago,Chile,bronce,2023-07-05
1594,Ana Ramirez,ana.ramirez1594@example.com,Valencia,Espana,bronce,2023-01-26
1595,Marta Castro,marta.castro1595@example.com,Valencia,Espana,bronce,2023-06-13
1596,Carlos Ortiz,carlos.ortiz1596@example.com,Bogota,Colombia,bronce,2024-12-13
1597,Andres Ramirez,andres.ramirez1597@example.com,Bogota,Colombia,bronce,2022-11-11
1598,Marta Rojas,marta.rojas1598@example.com,Quito,Ecuador,bronce,2022-12-07
1599,Paula Vargas,paula.vargas1599@example.com,Medellin,Colombia,oro,2024-07-16
1600,Marta Fernandez,marta.fernandez1600@example.com,Lima,Peru,plata,2023-02-10
1601,Elena Mendoza,elena.mendoza1601@example.com,Madrid,Espana,bronce,2024-09-16
1602,Marta Diaz,marta.diaz1602@example.com,Barcelona,Espana,bronce,2024-12-03
1603,Paula Herrera,paula.herrera1603@example.com,Santiago,Chile,bronce,2022-03-14
1604,Elena Castro,elena.castro1604@example.com,Valencia,Espana,bronce,2024-01-02
1605,Maria Rojas,maria.rojas1605@example.com,Madrid,Espana,plata,2022-04-14
1606,Ruben Herrera,ruben.herrera1606@example.com,Guadalajara,Mexico,bronce,2024-08-20
1607,Maria Moreno,maria.moreno1607@example.com,Barcelona,Espana,platino,2022-05-07
1608,Pablo Vargas,pablo.vargas1608@example.com,Madrid,Espana,bronce,2024-08-30
1609,Laura Castro,laura.castro1609@example.com,Medellin,Colombia,bronce,2024-04-22
1610,Maria Ramirez,maria.ramirez1610@example.com,Ciudad de Mexico,Mexico,oro,2023-08-11
1611,Sergio Gomez,sergio.gomez1611@example.com,Ciudad de Mexico,Mexico,bronce,2022-08-16
1612,Maria Moreno,maria.moreno1612@example.com,Guadalajara,Mexico,bronce,2022-10-20
1613,Andres Mendoza,andres.mendoza1613@example.com,Madrid,Espana,bronce,2023-04-18
1614,Andres Moreno,andres.moreno1614@example.com,Bogota,Colombia,plata,2024-07-16
1615,Luis Herrera,luis.herrera1615@example.com,Medellin,Colombia,bronce,2024-09-09
1616,Carlos Silva,carlos.silva1616@example.com,Bogota,Colombia,oro,2023-07-04
1617,Sergio Fernandez,sergio.fernandez1617@example.com,Ciudad de Mexico,Mexico,plata,2022-09-12
1618,Lucia Rodriguez,lucia.rodriguez1618@example.com,Valencia,Espana,oro,2023-09-10
1619,Maria Gomez,maria.gomez1619@example.com,Guadalajara,Mexico,plata,2024-06-29
1620,Alberto Herrera,alberto.herrera1620@example.com,Quito,Ecuador,plata,2023-08-16
1621,Javier Silva,javier.silva1621@example.com,Guadalajara,Mexico,plata,2024-09-02
1622,Ana Ramirez,ana.ramirez1622@example.com,Medellin,Colombia,bronce,2022-01-11
1623,Julia Herrera,julia.herrera1623@example.com,Cali,Colombia,plata,2023-07-04
1624,Ana Rodriguez,ana.rodriguez1624@example.com,Guadalajara,Mexico,plata,2022-02-20
1625,Pablo Castro,pablo.castro1625@example.com,Buenos Aires,Argentina,bronce,2023-11-01
1626,Alberto Rojas,alberto.rojas1626@example.com,Bogota,Colombia,plata,2023-11-06
1627,Pablo Ramirez,pablo.ramirez1627@example.com,Madrid,Espana,bronce,2022-12-08
1628,Pablo Moreno,pablo.moreno1628@example.com,Buenos Aires,Argentina,bronce,2024-05-19
1629,Miguel Torres,miguel.torres1629@example.com,Guadalajara,Mexico,bronce,2024-11-07
1630,Maria Ramirez,maria.ramirez1630@example.com,Barcelona,Espana,bronce,2023-05-16
1631,Pablo Castro,pablo.castro1631@example.com,Guadalajara,Mexico,bronce,2023-04-22
1632,Ruben Herrera,ruben.herrera1632@example.com,Madrid,Espana,bronce,2022-07-28
1633,Luis Sanchez,luis.sanchez1633@example.com,Guadalajara,Mexico,bronce,2022-01-31
1634,Ruben Gomez,ruben.gomez1634@example.com,Buenos Aires,Argentina,bronce,2023-03-22
1635,Sofia Diaz,sofia.diaz1635@example.com,Madrid,Espana,plata,2023-04-29
1636,Lucia Sanchez,lucia.sanchez1636@example.com,Buenos Aires,Argentina,bronce,2024-04-21
1637,Carlos Gomez,carlos.gomez1637@example.com,Barcelona,Espana,platino,2024-08-01
1638,Carmen Fernandez,carmen.fernandez1638@example.com,Bogota,Colombia,oro,2022-04-29
1639,Carlos Gomez,carlos.gomez1639@example.com,Buenos Aires,Argentina,bronce,2022-06-17
1640,Javier Diaz,javier.diaz1640@example.com,Medellin,Colombia,bronce,2023-09-06
1641,Marta Ramirez,marta.ramirez1641@example.com,Quito,Ecuador,bronce,2023-02-16
1642,Luis Rojas,luis.rojas1642@example.com,Quito,Ecuador,bronce,2024-02-08
1643,Sofia Gomez,sofia.gomez1643@example.com,Quito,Ecuador,bronce,2022-12-20
1644,Pablo Silva,pablo.silva1644@example.com,Barcelona,Espana,plata,2023-04-01
1645,Maria Torres,maria.torres1645@example.com,Valencia,Espana,plata,2023-05-02
1646,Javier Moreno,javier.moreno1646@example.com,Valencia,Espana,bronce,2023-10-21
1647,Elena Martinez,elena.martinez1647@example.com,Guadalajara,Mexico,plata,2022-03-18
1648,Andres Lopez,andres.lopez1648@example.com,Cali,Colombia,bronce,2024-08-25
1649,Alberto Torres,alberto.torres1649@example.com,Buenos Aires,Argentina,oro,2023-01-07
1650,Paula Fernandez,paula.fernandez1650@example.com,Bogota,Colombia,platino,2022-08-22
1651,Carlos Torres,carlos.torres1651@example.com,Valencia,Espana,bronce,2023-12-03
1652,Ana Lopez,ana.lopez1652@example.com,Guadalajara,Mexico,plata,2022-05-28
1653,Luis Torres,luis.torres1653@example.com,Guadalajara,Mexico,oro,2023-10-09
1654,Pablo Rojas,pablo.rojas1654@example.com,Buenos Aires,Argentina,bronce,2022-03-08
1655,Carlos Moreno,carlos.moreno1655@example.com,Bogota,Colombia,bronce,2022-10-16
1656,Laura Sanchez,laura.sanchez1656@example.com,Ciudad de Mexico,Mexico,plata,2024-03-06
1657,Paula Gomez,paula.gomez1657@example.com,Quito,Ecuador,bronce,2023-02-12
1658,Ruben Ramirez,ruben.ramirez1658@example.com,Guadalajara,Mexico,bronce,2024-09-13
1659,Paula Ramirez,paula.ramirez1659@example.com,Quito,Ecuador,plata,2023-01-25
1660,Javier Herrera,javier.herrera1660@example.com,Cali,Colombia,bronce,2024-01-26
1661,Carmen Fernandez,carmen.fernandez1661@example.com,Madrid,Espana,bronce,2022-02-02
1662,Carmen Rojas,carmen.rojas1662@example.com,Santiago,Chile,platino,2024-12-05
1663,Carlos Mendoza,carlos.mendoza1663@example.com,Cali,Colombia,bronce,2023-11-06
1664,Pablo Perez,pablo.perez1664@example.com,Madrid,Espana,bronce,2024-02-15
1665,Lucia Silva,lucia.silva1665@example.com,Barcelona,Espana,plata,2022-12-23
1666,Miguel Gomez,miguel.gomez1666@example.com,Bogota,Colombia,bronce,2022-11-12
1667,Sergio Gomez,sergio.gomez1667@example.com,Valencia,Espana,plata,2023-04-24
1668,Andres Rojas,andres.rojas1668@example.com,Buenos Aires,Argentina,plata,2022-10-07
1669,Lucia Castro,lucia.castro1669@example.com,Guadalajara,Mexico,bronce,2022-01-23
1670,Marta Ramirez,marta.ramirez1670@example.com,Bogota,Colombia,bronce,2024-01-01
1671,Sergio Sanchez,sergio.sanchez1671@example.com,Barcelona,Espana,platino,2024-02-24
1672,Pablo Rodriguez,pablo.rodriguez1672@example.com,Madrid,Espana,oro,2024-01-11
1673,Javier Ortiz,javier.ortiz1673@example.com,Quito,Ecuador,bronce,2023-08-30
1674,Sergio Mendoza,sergio.mendoza1674@example.com,Medellin,Colombia,bronce,2023-07-28
1675,Marta Mendoza,marta.mendoza1675@example.com,Barcelona,Espana,bronce,2024-12-15
1676,Alberto Ramirez,alberto.ramirez1676@example.com,Buenos Aires,Argentina,oro,2023-07-31
1677,Maria Mendoza,maria.mendoza1677@example.com,Lima,Peru,oro,2024-02-12
1678,Sofia Torres,sofia.torres1678@example.com,Barcelona,Espana,bronce,2023-04-02
1679,Julia Rodriguez,julia.rodriguez1679@example.com,Quito,Ecuador,oro,2022-02-06
1680,Lucia Lopez,lucia.lopez1680@example.com,Buenos Aires,Argentina,bronce,2023-01-19
1681,Julia Perez,julia.perez1681@example.com,Bogota,Colombia,bronce,2024-02-29
1682,Ana Fernandez,ana.fernandez1682@example.com,Santiago,Chile,plata,2023-11-26
1683,Ana Ortiz,ana.ortiz1683@example.com,Cali,Colombia,bronce,2024-01-30
1684,Sergio Gomez,sergio.gomez1684@example.com,Guadalajara,Mexico,plata,2024-03-29
1685,Miguel Castro,miguel.castro1685@example.com,Barcelona,Espana,bronce,2022-08-28
1686,Lucia Perez,lucia.perez1686@example.com,Valencia,Espana,plata,2024-06-09
1687,Sofia Castro,sofia.castro1687@example.com,Santiago,Chile,platino,2024-02-22
1688,Sofia Vargas,sofia.vargas1688@example.com,Santiago,Chile,bronce,2022-12-04
1689,Julia Lopez,julia.lopez1689@example.com,Madrid,Espana,bronce,2023-07-06
1690,Luis Torres,luis.torres1690@example.com,Valencia,Espana,plata,2024-07-28
1691,Sergio Martinez,sergio.martinez1691@example.com,Guadalajara,Mexico,bronce,2022-07-03
1692,Ruben Mendoza,ruben.mendoza1692@example.com,Lima,Peru,plata,2022-11-28
1693,Andres Moreno,andres.moreno1693@example.com,Buenos Aires,Argentina,plata,2022-07-30
1694,Miguel Ortiz,miguel.ortiz1694@example.com,Buenos Aires,Argentina,bronce,2022-11-30
1695,Carlos Mendoza,carlos.mendoza1695@example.com,Medellin,Colombia,oro,2022-08-13
1696,Andres Sanchez,andres.sanchez1696@example.com,Madrid,Espana,bronce,2024-06-01
1697,Diego Moreno,diego.moreno1697@example.com,Santiago,Chile,bronce,2024-12-21
1698,Maria Martinez,maria.martinez1698@example.com,Santiago,Chile,bronce,2024-11-27
1699,Miguel Navarro,miguel.navarro1699@example.com,Cali,Colombia,plata,2023-01-28
1700,Alberto Herrera,alberto.herrera1700@example.com,Ciudad de Mexico,Mexico,oro,2024-10-17
1701,Javier Rojas,javier.rojas1701@example.com,Valencia,Espana,bronce,2022-03-31
1702,Carlos Navarro,carlos.navarro1702@example.com,Cali,Colombia,bronce,2022-05-02
1703,Andres Silva,andres.silva1703@example.com,Valencia,Espana,bronce,2022-12-23
1704,Carlos Mendoza,carlos.mendoza1704@example.com,Cali,Colombia,plata,2022-11-12
1705,Julia Martinez,julia.martinez1705@example.com,Barcelona,Espana,bronce,2024-10-01
1706,Ruben Garcia,ruben.garcia1706@example.com,Guadalajara,Mexico,bronce,2024-04-12
1707,Alberto Navarro,alberto.navarro1707@example.com,Valencia,Espana,bronce,2024-04-04
1708,Julia Perez,julia.perez1708@example.com,Buenos Aires,Argentina,bronce,2024-06-01
1709,Laura Diaz,laura.diaz1709@example.com,Ciudad de Mexico,Mexico,plata,2024-03-05
1710,Laura Garcia,laura.garcia1710@example.com,Lima,Peru,bronce,2023-07-07
1711,Elena Castro,elena.castro1711@example.com,Valencia,Espana,bronce,2022-03-06
1712,Diego Silva,diego.silva1712@example.com,Bogota,Colombia,bronce,2022-01-18
1713,Ruben Silva,ruben.silva1713@example.com,Valencia,Espana,bronce,2024-12-04
1714,Marta Vargas,marta.vargas1714@example.com,Guadalajara,Mexico,bronce,2023-07-04
1715,Carmen Rojas,carmen.rojas1715@example.com,Barcelona,Espana,bronce,2024-11-09
1716,Ruben Ramirez,ruben.ramirez1716@example.com,Buenos Aires,Argentina,bronce,2022-02-04
1717,Carmen Diaz,carmen.diaz1717@example.com,Santiago,Chile,bronce,2023-11-28
1718,Miguel Vargas,miguel.vargas1718@example.com,Buenos Aires,Argentina,bronce,2022-11-05
1719,Sofia Ortiz,sofia.ortiz1719@example.com,Barcelona,Espana,plata,2023-02-03
1720,Lucia Perez,lucia.perez1720@example.com,Cali,Colombia,bronce,2023-12-21
1721,Luis Torres,luis.torres1721@example.com,Ciudad de Mexico,Mexico,bronce,2023-06-27
1722,Marta Castro,marta.castro1722@example.com,Medellin,Colombia,plata,2022-05-28
1723,Andres Vargas,andres.vargas1723@example.com,Cali,Colombia,bronce,2024-12-30
1724,Marta Garcia,marta.garcia1724@example.com,Santiago,Chile,bronce,2024-02-20
1725,Lucia Perez,lucia.perez1725@example.com,Lima,Peru,oro,2023-01-30
1726,Sergio Castro,sergio.castro1726@example.com,Bogota,Colombia,bronce,2023-11-12
1727,Julia Rojas,julia.rojas1727@example.com,Bogota,Colombia,oro,2022-06-15
1728,Pablo Moreno,pablo.moreno1728@example.com,Valencia,Espana,bronce,2023-04-16
1729,Sofia Navarro,sofia.navarro1729@example.com,Medellin,Colombia,oro,2023-04-11
1730,Maria Rojas,maria.rojas1730@example.com,Ciudad de Mexico,Mexico,oro,2023-02-12
1731,Sergio Vargas,sergio.vargas1731@example.com,Buenos Aires,Argentina,bronce,2023-06-14
1732,Julia Gomez,julia.gomez1732@example.com,Bogota,Colombia,bronce,2024-09-28
1733,Andres Fernandez,andres.fernandez1733@example.com,Valencia,Espana,plata,2022-01-08
1734,Ruben Silva,ruben.silva1734@example.com,Madrid,Espana,bronce,2023-08-29
1735,Ruben Torres,ruben.torres1735@example.com,Barcelona,Espana,bronce,2024-10-27
1736,Sergio Moreno,sergio.moreno1736@example.com,Madrid,Espana,oro,2024-08-31
1737,Lucia Martinez,lucia.martinez1737@example.com,Valencia,Espana,plata,2024-09-09
1738,Luis Martinez,luis.martinez1738@example.com,Buenos Aires,Argentina,platino,2023-03-28
1739,Ana Sanchez,ana.sanchez1739@example.com,Santiago,Chile,oro,2023-09-14
1740,Laura Lopez,laura.lopez1740@example.com,Quito,Ecuador,oro,2023-10-14
1741,Sofia Castro,sofia.castro1741@example.com,Ciudad de Mexico,Mexico,plata,2024-07-06
1742,Marta Castro,marta.castro1742@example.com,Cali,Colombia,plata,2024-11-11
1743,Diego Vargas,diego.vargas1743@example.com,Lima,Peru,oro,2022-10-07
1744,Ana Perez,ana.perez1744@example.com,Barcelona,Espana,plata,2022-05-16
1745,Laura Vargas,laura.vargas1745@example.com,Guadalajara,Mexico,bronce,2022-10-18
1746,Alberto Martinez,alberto.martinez1746@example.com,Santiago,Chile,plata,2022-10-15
1747,Alberto Torres,alberto.torres1747@example.com,Ciudad de Mexico,Mexico,bronce,2022-11-25
1748,Miguel Lopez,miguel.lopez1748@example.com,Bogota,Colombia,oro,2024-09-30
1749,Paula Rodriguez,paula.rodriguez1749@example.com,Guadalajara,Mexico,plata,2022-08-24
1750,Marta Lopez,marta.lopez1750@example.com,Quito,Ecuador,plata,2023-04-08
1751,Julia Martinez,julia.martinez1751@example.com,Valencia,Espana,bronce,2023-01-27
1752,Ruben Torres,ruben.torres1752@example.com,Ciudad de Mexico,Mexico,bronce,2022-10-25
1753,Carmen Ramirez,carmen.ramirez1753@example.com,Madrid,Espana,bronce,2022-08-04
1754,Miguel Castro,miguel.castro1754@example.com,Valencia,Espana,plata,2024-12-28
1755,Carmen Diaz,carmen.diaz1755@example.com,Santiago,Chile,plata,2023-11-17
1756,Elena Lopez,elena.lopez1756@example.com,Cali,Colombia,bronce,2022-04-22
1757,Elena Garcia,elena.garcia1757@example.com,Valencia,Espana,bronce,2023-12-19
1758,Carmen Moreno,carmen.moreno1758@example.com,Medellin,Colombia,bronce,2023-11-01
1759,Pablo Navarro,pablo.navarro1759@example.com,Barcelona,Espana,bronce,2023-01-29
1760,Pablo Perez,pablo.perez1760@example.com,Santiago,Chile,oro,2024-05-12
1761,Miguel Sanchez,miguel.sanchez1761@example.com,Quito,Ecuador,oro,2024-05-28
1762,Sofia Gomez,sofia.gomez1762@example.com,Barcelona,Espana,plata,2024-05-11
1763,Ana Sanchez,ana.sanchez1763@example.com,Valencia,Espana,bronce,2023-12-01
1764,Carmen Sanchez,carmen.sanchez1764@example.com,Lima,Peru,bronce,2023-04-29
1765,Pablo Torres,pablo.torres1765@example.com,Lima,Peru,oro,2022-08-15
1766,Julia Herrera,julia.herrera1766@example.com,Santiago,Chile,platino,2022-02-18
1767,Lucia Moreno,lucia.moreno1767@example.com,Buenos Aires,Argentina,bronce,2024-10-02
1768,Diego Navarro,diego.navarro1768@example.com,Lima,Peru,plata,2024-07-09
1769,Luis Fernandez,luis.fernandez1769@example.com,Medellin,Colombia,bronce,2022-08-09
1770,Carlos Torres,carlos.torres1770@example.com,Lima,Peru,bronce,2024-05-28
1771,Elena Fernandez,elena.fernandez1771@example.com,Lima,Peru,platino,2022-02-22
1772,Miguel Garcia,miguel.garcia1772@example.com,Valencia,Espana,oro,2022-09-17
1773,Miguel Fernandez,miguel.fernandez1773@example.com,Madrid,Espana,platino,2022-06-14
1774,Miguel Perez,miguel.perez1774@example.com,Ciudad de Mexico,Mexico,bronce,2023-01-08
1775,Sergio Torres,sergio.torres1775@example.com,Santiago,Chile,bronce,2022-12-17
1776,Maria Lopez,maria.lopez1776@example.com,Lima,Peru,oro,2023-07-16
1777,Elena Moreno,elena.moreno1777@example.com,Barcelona,Espana,plata,2023-05-18
1778,Carlos Silva,carlos.silva1778@example.com,Medellin,Colombia,bronce,2022-05-05
1779,Elena Navarro,elena.navarro1779@example.com,Santiago,Chile,bronce,2022-06-14
1780,Andres Rodriguez,andres.rodriguez1780@example.com,Madrid,Espana,bronce,2024-06-17
1781,Ana Martinez,ana.martinez1781@example.com,Buenos Aires,Argentina,plata,2023-08-24
1782,Elena Navarro,elena.navarro1782@example.com,Bogota,Colombia,oro,2024-10-06
1783,Ana Silva,ana.silva1783@example.com,Madrid,Espana,bronce,2022-05-24
1784,Alberto Vargas,alberto.vargas1784@example.com,Valencia,Espana,bronce,2022-12-04
1785,Marta Gomez,marta.gomez1785@example.com,Buenos Aires,Argentina,bronce,2022-06-22
1786,Laura Ramirez,laura.ramirez1786@example.com,Lima,Peru,plata,2024-10-08
1787,Carlos Ramirez,carlos.ramirez1787@example.com,Madrid,Espana,bronce,2022-06-23
1788,Luis Silva,luis.silva1788@example.com,Cali,Colombia,bronce,2024-05-26
1789,Diego Ramirez,diego.ramirez1789@example.com,Valencia,Espana,plata,2022-07-30
1790,Sergio Garcia,sergio.garcia1790@example.com,Buenos Aires,Argentina,bronce,2024-03-07
1791,Pablo Rojas,pablo.rojas1791@example.com,Santiago,Chile,plata,2023-05-14
1792,Ruben Herrera,ruben.herrera1792@example.com,Quito,Ecuador,plata,2024-11-27
1793,Elena Perez,elena.perez1793@example.com,Medellin,Colombia,bronce,2022-03-18
1794,Javier Martinez,javier.martinez1794@example.com,Bogota,Colombia,plata,2022-12-22
1795,Diego Martinez,diego.martinez1795@example.com,Bogota,Colombia,plata,2024-03-02
1796,Laura Silva,laura.silva1796@example.com,Santiago,Chile,plata,2024-09-29
1797,Alberto Diaz,alberto.diaz1797@example.com,Cali,Colombia,plata,2023-08-14
1798,Carlos Ramirez,carlos.ramirez1798@example.com,Madrid,Espana,bronce,2022-04-18
1799,Diego Navarro,diego.navarro1799@example.com,Quito,Ecuador,bronce,2023-11-21
1800,Lucia Rodriguez,lucia.rodriguez1800@example.com,Barcelona,Espana,bronce,2023-06-08
1801,Luis Sanchez,luis.sanchez1801@example.com,Quito,Ecuador,bronce,2024-04-28
1802,Diego Silva,diego.silva1802@example.com,Barcelona,Espana,bronce,2023-08-28
1803,Diego Ramirez,diego.ramirez1803@example.com,Ciudad de Mexico,Mexico,bronce,2024-09-10
1804,Javier Garcia,javier.garcia1804@example.com,Bogota,Colombia,plata,2022-05-15
1805,Maria Moreno,maria.moreno1805@example.com,Buenos Aires,Argentina,bronce,2023-11-15
1806,Ana Martinez,ana.martinez1806@example.com,Medellin,Colombia,oro,2024-03-18
1807,Ana Herrera,ana.herrera1807@example.com,Medellin,Colombia,plata,2023-03-21
1808,Diego Herrera,diego.herrera1808@example.com,Cali,Colombia,bronce,2023-06-05
1809,Luis Silva,luis.silva1809@example.com,Quito,Ecuador,plata,2024-02-01
1810,Alberto Torres,alberto.torres1810@example.com,Valencia,Espana,bronce,2023-05-14
1811,Laura Perez,laura.perez1811@example.com,Valencia,Espana,oro,2023-03-06
1812,Andres Mendoza,andres.mendoza1812@example.com,Madrid,Espana,oro,2023-09-29
1813,Andres Vargas,andres.vargas1813@example.com,Buenos Aires,Argentina,oro,2024-05-30
1814,Diego Castro,diego.castro1814@example.com,Buenos Aires,Argentina,plata,2022-05-28
1815,Ruben Martinez,ruben.martinez1815@example.com,Guadalajara,Mexico,oro,2024-08-15
1816,Maria Castro,maria.castro1816@example.com,Madrid,Espana,plata,2022-08-08
1817,Laura Vargas,laura.vargas1817@example.com,Santiago,Chile,oro,2022-04-18
1818,Javier Perez,javier.perez1818@example.com,Santiago,Chile,bronce,2022-07-17
1819,Maria Herrera,maria.herrera1819@example.com,Quito,Ecuador,oro,2022-03-25
1820,Javier Martinez,javier.martinez1820@example.com,Quito,Ecuador,plata,2024-11-08
1821,Elena Moreno,elena.moreno1821@example.com,Bogota,Colombia,bronce,2022-11-16
1822,Sergio Navarro,sergio.navarro1822@example.com,Buenos Aires,Argentina,platino,2024-04-26
1823,Elena Vargas,elena.vargas1823@example.com,Medellin,Colombia,plata,2022-07-19
1824,Ruben Martinez,ruben.martinez1824@example.com,Guadalajara,Mexico,oro,2023-08-03
1825,Sergio Vargas,sergio.vargas1825@example.com,Bogota,Colombia,bronce,2023-04-12
1826,Julia Ramirez,julia.ramirez1826@example.com,Guadalajara,Mexico,plata,2023-12-24
1827,Maria Vargas,maria.vargas1827@example.com,Quito,Ecuador,plata,2024-12-18
1828,Alberto Perez,alberto.perez1828@example.com,Guadalajara,Mexico,bronce,2023-12-13
1829,Carmen Castro,carmen.castro1829@example.com,Quito,Ecuador,plata,2024-02-08
1830,Alberto Perez,alberto.perez1830@example.com,Quito,Ecuador,plata,2022-10-15
1831,Miguel Vargas,miguel.vargas1831@example.com,Barcelona,Espana,bronce,2022-05-14
1832,Alberto Vargas,alberto.vargas1832@example.com,Quito,Ecuador,plata,2022-04-05
1833,Pablo Castro,pablo.castro1833@example.com,Santiago,Chile,bronce,2022-11-25
1834,Luis Herrera,luis.herrera1834@example.com,Cali,Colombia,oro,2023-08-31
1835,Sofia Mendoza,sofia.mendoza1835@example.com,Guadalajara,Mexico,oro,2022-03-08
1836,Maria Herrera,maria.herrera1836@example.com,Guadalajara,Mexico,bronce,2022-10-16
1837,Julia Herrera,julia.herrera1837@example.com,Santiago,Chile,bronce,2023-11-23
1838,Elena Mendoza,elena.mendoza1838@example.com,Santiago,Chile,bronce,2024-08-14
1839,Laura Sanchez,laura.sanchez1839@example.com,Barcelona,Espana,bronce,2024-12-19
1840,Pablo Perez,pablo.perez1840@example.com,Madrid,Espana,oro,2022-09-16
1841,Sofia Ramirez,sofia.ramirez1841@example.com,Valencia,Espana,bronce,2022-04-22
1842,Luis Torres,luis.torres1842@example.com,Ciudad de Mexico,Mexico,bronce,2023-09-20
1843,Paula Moreno,paula.moreno1843@example.com,Lima,Peru,bronce,2024-10-24
1844,Paula Garcia,paula.garcia1844@example.com,Guadalajara,Mexico,plata,2023-04-06
1845,Marta Martinez,marta.martinez1845@example.com,Barcelona,Espana,oro,2024-09-17
1846,Carmen Moreno,carmen.moreno1846@example.com,Buenos Aires,Argentina,bronce,2024-03-24
1847,Sofia Silva,sofia.silva1847@example.com,Cali,Colombia,bronce,2024-09-11
1848,Lucia Gomez,lucia.gomez1848@example.com,Medellin,Colombia,bronce,2024-11-07
1849,Lucia Gomez,lucia.gomez1849@example.com,Santiago,Chile,bronce,2022-04-28
1850,Carlos Vargas,carlos.vargas1850@example.com,Bogota,Colombia,bronce,2023-03-27
1851,Luis Torres,luis.torres1851@example.com,Guadalajara,Mexico,plata,2022-02-24
1852,Javier Lopez,javier.lopez1852@example.com,Valencia,Espana,bronce,2022-02-18
1853,Diego Ramirez,diego.ramirez1853@example.com,Medellin,Colombia,bronce,2023-06-05
1854,Carlos Silva,carlos.silva1854@example.com,Ciudad de Mexico,Mexico,plata,2023-12-26
1855,Maria Moreno,maria.moreno1855@example.com,Guadalajara,Mexico,plata,2024-08-28
1856,Ruben Silva,ruben.silva1856@example.com,Quito,Ecuador,bronce,2022-05-22
1857,Miguel Castro,miguel.castro1857@example.com,Bogota,Colombia,bronce,2022-02-06
1858,Pablo Mendoza,pablo.mendoza1858@example.com,Lima,Peru,plata,2022-04-25
1859,Lucia Sanchez,lucia.sanchez1859@example.com,Santiago,Chile,bronce,2024-10-11
1860,Marta Garcia,marta.garcia1860@example.com,Medellin,Colombia,oro,2023-12-26
1861,Marta Martinez,marta.martinez1861@example.com,Barcelona,Espana,oro,2023-06-12
1862,Javier Navarro,javier.navarro1862@example.com,Bogota,Colombia,oro,2022-04-23
1863,Paula Castro,paula.castro1863@example.com,Guadalajara,Mexico,bronce,2023-02-11
1864,Miguel Sanchez,miguel.sanchez1864@example.com,Santiago,Chile,bronce,2022-05-22
1865,Paula Mendoza,paula.mendoza1865@example.com,Guadalajara,Mexico,oro,2022-02-02
1866,Sofia Gomez,sofia.gomez1866@example.com,Buenos Aires,Argentina,bronce,2023-04-26
1867,Maria Vargas,maria.vargas1867@example.com,Barcelona,Espana,bronce,2023-07-05
1868,Sergio Sanchez,sergio.sanchez1868@example.com,Ciudad de Mexico,Mexico,plata,2023-05-11
1869,Ana Rodriguez,ana.rodriguez1869@example.com,Lima,Peru,bronce,2024-08-12
1870,Sergio Perez,sergio.perez1870@example.com,Medellin,Colombia,plata,2024-09-27
1871,Ana Sanchez,ana.sanchez1871@example.com,Lima,Peru,oro,2022-05-14
1872,Laura Vargas,laura.vargas1872@example.com,Barcelona,Espana,plata,2022-10-30
1873,Carmen Garcia,carmen.garcia1873@example.com,Quito,Ecuador,bronce,2023-07-03
1874,Julia Sanchez,julia.sanchez1874@example.com,Santiago,Chile,platino,2023-03-16
1875,Sofia Vargas,sofia.vargas1875@example.com,Guadalajara,Mexico,plata,2023-04-23
1876,Maria Fernandez,maria.fernandez1876@example.com,Guadalajara,Mexico,bronce,2024-02-14
1877,Laura Castro,laura.castro1877@example.com,Quito,Ecuador,plata,2022-07-17
1878,Ruben Rojas,ruben.rojas1878@example.com,Medellin,Colombia,bronce,2024-06-24
1879,Marta Navarro,marta.navarro1879@example.com,Barcelona,Espana,bronce,2022-10-17
1880,Maria Silva,maria.silva1880@example.com,Quito,Ecuador,plata,2023-01-18
1881,Miguel Sanchez,miguel.sanchez1881@example.com,Barcelona,Espana,bronce,2022-08-31
1882,Javier Rojas,javier.rojas1882@example.com,Guadalajara,Mexico,bronce,2023-11-23
1883,Carlos Castro,carlos.castro1883@example.com,Bogota,Colombia,plata,2024-02-01
1884,Paula Vargas,paula.vargas1884@example.com,Quito,Ecuador,bronce,2023-11-15
1885,Carmen Herrera,carmen.herrera1885@example.com,Quito,Ecuador,bronce,2023-06-25
1886,Carlos Martinez,carlos.martinez1886@example.com,Cali,Colombia,bronce,2022-11-29
1887,Andres Fernandez,andres.fernandez1887@example.com,Ciudad de Mexico,Mexico,plata,2024-01-24
1888,Sofia Silva,sofia.silva1888@example.com,Cali,Colombia,oro,2022-05-10
1889,Luis Mendoza,luis.mendoza1889@example.com,Cali,Colombia,bronce,2022-12-08
1890,Sofia Garcia,sofia.garcia1890@example.com,Quito,Ecuador,plata,2024-01-18
1891,Carlos Torres,carlos.torres1891@example.com,Bogota,Colombia,bronce,2024-01-28
1892,Laura Perez,laura.perez1892@example.com,Quito,Ecuador,bronce,2022-10-21
1893,Ruben Lopez,ruben.lopez1893@example.com,Guadalajara,Mexico,bronce,2023-01-09
1894,Marta Rodriguez,marta.rodriguez1894@example.com,Quito,Ecuador,bronce,2022-12-15
1895,Maria Ramirez,maria.ramirez1895@example.com,Guadalajara,Mexico,bronce,2024-08-29
1896,Ruben Rojas,ruben.rojas1896@example.com,Santiago,Chile,plata,2023-09-19
1897,Pablo Ramirez,pablo.ramirez1897@example.com,Cali,Colombia,plata,2022-05-10
1898,Ruben Fernandez,ruben.fernandez1898@example.com,Cali,Colombia,platino,2022-06-26
1899,Marta Herrera,marta.herrera1899@example.com,Bogota,Colombia,oro,2022-03-17
1900,Elena Rojas,elena.rojas1900@example.com,Valencia,Espana,bronce,2022-09-22
1901,Lucia Ortiz,lucia.ortiz1901@example.com,Madrid,Espana,bronce,2022-09-01
1902,Lucia Gomez,lucia.gomez1902@example.com,Medellin,Colombia,bronce,2023-05-04
1903,Marta Sanchez,marta.sanchez1903@example.com,Quito,Ecuador,bronce,2024-03-29
1904,Laura Torres,laura.torres1904@example.com,Quito,Ecuador,oro,2024-08-19
1905,Elena Ramirez,elena.ramirez1905@example.com,Buenos Aires,Argentina,bronce,2023-09-04
1906,Laura Torres,laura.torres1906@example.com,Medellin,Colombia,bronce,2024-04-25
1907,Javier Silva,javier.silva1907@example.com,Ciudad de Mexico,Mexico,bronce,2023-12-19
1908,Carlos Garcia,carlos.garcia1908@example.com,Santiago,Chile,oro,2022-12-14
1909,Ana Ramirez,ana.ramirez1909@example.com,Madrid,Espana,bronce,2023-11-02
1910,Julia Diaz,julia.diaz1910@example.com,Quito,Ecuador,plata,2022-11-27
1911,Luis Sanchez,luis.sanchez1911@example.com,Lima,Peru,bronce,2022-12-05
1912,Ruben Castro,ruben.castro1912@example.com,Quito,Ecuador,bronce,2024-12-17
1913,Ana Silva,ana.silva1913@example.com,Barcelona,Espana,bronce,2024-09-24
1914,Sergio Ramirez,sergio.ramirez1914@example.com,Quito,Ecuador,plata,2023-12-17
1915,Elena Rodriguez,elena.rodriguez1915@example.com,Guadalajara,Mexico,plata,2023-10-12
1916,Lucia Rodriguez,lucia.rodriguez1916@example.com,Ciudad de Mexico,Mexico,bronce,2024-01-21
1917,Javier Diaz,javier.diaz1917@example.com,Valencia,Espana,bronce,2024-04-04
1918,Diego Rojas,diego.rojas1918@example.com,Cali,Colombia,bronce,2022-03-02
1919,Diego Gomez,diego.gomez1919@example.com,Medellin,Colombia,bronce,2023-01-28
1920,Lucia Gomez,lucia.gomez1920@example.com,Quito,Ecuador,bronce,2022-04-25
1921,Miguel Mendoza,miguel.mendoza1921@example.com,Medellin,Colombia,bronce,2023-08-03
1922,Lucia Garcia,lucia.garcia1922@example.com,Valencia,Espana,plata,2022-11-19
1923,Paula Rodriguez,paula.rodriguez1923@example.com,Quito,Ecuador,oro,2022-12-28
1924,Sofia Lopez,sofia.lopez1924@example.com,Valencia,Espana,plata,2024-07-11
1925,Miguel Navarro,miguel.navarro1925@example.com,Lima,Peru,plata,2022-08-12
1926,Maria Torres,maria.torres1926@example.com,Quito,Ecuador,platino,2024-09-24
1927,Miguel Lopez,miguel.lopez1927@example.com,Bogota,Colombia,platino,2023-04-06
1928,Maria Gomez,maria.gomez1928@example.com,Buenos Aires,Argentina,bronce,2022-07-29
1929,Carlos Navarro,carlos.navarro1929@example.com,Santiago,Chile,bronce,2022-06-06
1930,Alberto Rojas,alberto.rojas1930@example.com,Ciudad de Mexico,Mexico,bronce,2024-02-22
1931,Luis Sanchez,luis.sanchez1931@example.com,Buenos Aires,Argentina,oro,2024-09-15
1932,Diego Sanchez,diego.sanchez1932@example.com,Barcelona,Espana,bronce,2024-08-15
1933,Paula Rodriguez,paula.rodriguez1933@example.com,Ciudad de Mexico,Mexico,bronce,2022-07-06
1934,Alberto Herrera,alberto.herrera1934@example.com,Ciudad de Mexico,Mexico,bronce,2024-08-20
1935,Maria Martinez,maria.martinez1935@example.com,Ciudad de Mexico,Mexico,plata,2022-09-04
1936,Carlos Perez,carlos.perez1936@example.com,Quito,Ecuador,plata,2023-05-18
1937,Miguel Gomez,miguel.gomez1937@example.com,Santiago,Chile,plata,2022-01-07
1938,Pablo Castro,pablo.castro1938@example.com,Guadalajara,Mexico,plata,2022-10-11
1939,Alberto Castro,alberto.castro1939@example.com,Medellin,Colombia,oro,2022-12-17
1940,Laura Herrera,laura.herrera1940@example.com,Medellin,Colombia,bronce,2024-11-13
1941,Carlos Perez,carlos.perez1941@example.com,Madrid,Espana,oro,2022-11-01
1942,Javier Fernandez,javier.fernandez1942@example.com,Ciudad de Mexico,Mexico,plata,2022-10-30
1943,Ruben Fernandez,ruben.fernandez1943@example.com,Bogota,Colombia,bronce,2022-10-27
1944,Ana Garcia,ana.garcia1944@example.com,Lima,Peru,platino,2022-10-04
1945,Miguel Moreno,miguel.moreno1945@example.com,Santiago,Chile,oro,2023-08-15
1946,Maria Ramirez,maria.ramirez1946@example.com,Lima,Peru,oro,2022-08-14
1947,Carlos Torres,carlos.torres1947@example.com,Quito,Ecuador,oro,2022-11-15
1948,Julia Navarro,julia.navarro1948@example.com,Medellin,Colombia,bronce,2023-08-07
1949,Ana Lopez,ana.lopez1949@example.com,Cali,Colombia,bronce,2024-04-08
1950,Elena Navarro,elena.navarro1950@example.com,Guadalajara,Mexico,bronce,2022-04-28
1951,Julia Rojas,julia.rojas1951@example.com,Cali,Colombia,oro,2023-01-17
1952,Carmen Sanchez,carmen.sanchez1952@example.com,Bogota,Colombia,oro,2023-09-17
1953,Luis Rojas,luis.rojas1953@example.com,Buenos Aires,Argentina,platino,2024-09-30
1954,Diego Herrera,diego.herrera1954@example.com,Cali,Colombia,oro,2024-10-30
1955,Alberto Fernandez,alberto.fernandez1955@example.com,Quito,Ecuador,plata,2024-08-13
1956,Sofia Gomez,sofia.gomez1956@example.com,Valencia,Espana,bronce,2023-07-07
1957,Lucia Silva,lucia.silva1957@example.com,Cali,Colombia,bronce,2022-04-18
1958,Lucia Lopez,lucia.lopez1958@example.com,Ciudad de Mexico,Mexico,bronce,2024-11-23
1959,Andres Garcia,andres.garcia1959@example.com,Lima,Peru,plata,2023-11-12
1960,Carlos Rojas,carlos.rojas1960@example.com,Ciudad de Mexico,Mexico,bronce,2024-09-18
1961,Paula Ortiz,paula.ortiz1961@example.com,Madrid,Espana,oro,2024-10-05
1962,Alberto Ramirez,alberto.ramirez1962@example.com,Medellin,Colombia,plata,2024-05-17
1963,Maria Martinez,maria.martinez1963@example.com,Lima,Peru,bronce,2023-04-06
1964,Paula Ramirez,paula.ramirez1964@example.com,Bogota,Colombia,oro,2023-10-28
1965,Paula Perez,paula.perez1965@example.com,Medellin,Colombia,plata,2024-01-27
1966,Marta Silva,marta.silva1966@example.com,Barcelona,Espana,plata,2024-08-22
1967,Miguel Castro,miguel.castro1967@example.com,Buenos Aires,Argentina,bronce,2022-09-05
1968,Diego Gomez,diego.gomez1968@example.com,Barcelona,Espana,bronce,2023-08-31
1969,Paula Castro,paula.castro1969@example.com,Medellin,Colombia,bronce,2023-10-15
1970,Carlos Rojas,carlos.rojas1970@example.com,Buenos Aires,Argentina,bronce,2022-08-15
1971,Paula Rojas,paula.rojas1971@example.com,Lima,Peru,plata,2023-03-17
1972,Julia Fernandez,julia.fernandez1972@example.com,Valencia,Espana,platino,2024-10-10
1973,Andres Vargas,andres.vargas1973@example.com,Bogota,Colombia,oro,2022-01-18
1974,Elena Garcia,elena.garcia1974@example.com,Barcelona,Espana,bronce,2023-07-04
1975,Pablo Diaz,pablo.diaz1975@example.com,Cali,Colombia,platino,2023-10-30
1976,Luis Fernandez,luis.fernandez1976@example.com,Quito,Ecuador,bronce,2024-09-20
1977,Julia Ramirez,julia.ramirez1977@example.com,Bogota,Colombia,bronce,2022-11-07
1978,Elena Navarro,elena.navarro1978@example.com,Bogota,Colombia,plata,2023-03-07
1979,Luis Navarro,luis.navarro1979@example.com,Medellin,Colombia,oro,2022-03-30
1980,Sergio Torres,sergio.torres1980@example.com,Lima,Peru,oro,2023-01-03
1981,Andres Castro,andres.castro1981@example.com,Ciudad de Mexico,Mexico,oro,2024-12-28
1982,Carmen Martinez,carmen.martinez1982@example.com,Guadalajara,Mexico,bronce,2024-04-18
1983,Luis Torres,luis.torres1983@example.com,Santiago,Chile,bronce,2023-04-15
1984,Sergio Rojas,sergio.rojas1984@example.com,Buenos Aires,Argentina,bronce,2023-11-26
1985,Carmen Rojas,carmen.rojas1985@example.com,Guadalajara,Mexico,plata,2024-11-22
1986,Sergio Navarro,sergio.navarro1986@example.com,Ciudad de Mexico,Mexico,bronce,2023-04-27
1987,Paula Torres,paula.torres1987@example.com,Ciudad de Mexico,Mexico,bronce,2022-11-19
1988,Laura Ortiz,laura.ortiz1988@example.com,Valencia,Espana,bronce,2024-08-20
1989,Laura Navarro,laura.navarro1989@example.com,Medellin,Colombia,plata,2024-07-20
1990,Julia Vargas,julia.vargas1990@example.com,Lima,Peru,plata,2023-07-20
1991,Lucia Rodriguez,lucia.rodriguez1991@example.com,Madrid,Espana,bronce,2022-01-13
1992,Sofia Fernandez,sofia.fernandez1992@example.com,Santiago,Chile,bronce,2022-01-15
1993,Javier Herrera,javier.herrera1993@example.com,Ciudad de Mexico,Mexico,plata,2022-05-09
1994,Carmen Vargas,carmen.vargas1994@example.com,Medellin,Colombia,plata,2024-01-30
1995,Sergio Ortiz,sergio.ortiz1995@example.com,Barcelona,Espana,bronce,2022-07-12
1996,Ana Silva,ana.silva1996@example.com,Santiago,Chile,bronce,2022-03-11
1997,Pablo Rodriguez,pablo.rodriguez1997@example.com,Madrid,Espana,oro,2024-01-17
1998,Alberto Mendoza,alberto.mendoza1998@example.com,Ciudad de Mexico,Mexico,plata,2023-06-11
1999,Javier Fernandez,javier.fernandez1999@example.com,Barcelona,Espana,bronce,2023-08-04
2000,Javier Silva,javier.silva2000@example.com,Lima,Peru,plata,2022-07-30
2001,Ruben Ramirez,ruben.ramirez2001@example.com,Valencia,Espana,plata,2022-08-24
2002,Luis Torres,luis.torres2002@example.com,Santiago,Chile,bronce,2022-09-22
2003,Miguel Rodriguez,miguel.rodriguez2003@example.com,Ciudad de Mexico,Mexico,bronce,2023-12-07
2004,Diego Martinez,diego.martinez2004@example.com,Madrid,Espana,platino,2024-12-08
2005,Sergio Vargas,sergio.vargas2005@example.com,Buenos Aires,Argentina,bronce,2024-09-29
2006,Maria Vargas,maria.vargas2006@example.com,Lima,Peru,bronce,2022-05-05
2007,Sofia Vargas,sofia.vargas2007@example.com,Valencia,Espana,plata,2024-01-15
2008,Carlos Lopez,carlos.lopez2008@example.com,Quito,Ecuador,bronce,2024-04-09
2009,Sergio Ramirez,sergio.ramirez2009@example.com,Santiago,Chile,plata,2022-02-14
2010,Carmen Rodriguez,carmen.rodriguez2010@example.com,Buenos Aires,Argentina,bronce,2023-11-30
2011,Diego Martinez,diego.martinez2011@example.com,Medellin,Colombia,bronce,2023-05-02
2012,Miguel Torres,miguel.torres2012@example.com,Barcelona,Espana,bronce,2022-08-02
2013,Carlos Castro,carlos.castro2013@example.com,Cali,Colombia,platino,2024-05-14
2014,Julia Rojas,julia.rojas2014@example.com,Santiago,Chile,plata,2024-10-21
2015,Carmen Navarro,carmen.navarro2015@example.com,Guadalajara,Mexico,oro,2023-10-18
2016,Elena Mendoza,elena.mendoza2016@example.com,Guadalajara,Mexico,bronce,2022-08-09
2017,Sofia Fernandez,sofia.fernandez2017@example.com,Santiago,Chile,plata,2023-04-15
2018,Marta Herrera,marta.herrera2018@example.com,Medellin,Colombia,bronce,2023-07-19
2019,Marta Rodriguez,marta.rodriguez2019@example.com,Madrid,Espana,plata,2024-09-15
2020,Diego Mendoza,diego.mendoza2020@example.com,Lima,Peru,bronce,2024-05-15
2021,Elena Fernandez,elena.fernandez2021@example.com,Guadalajara,Mexico,plata,2024-01-05
2022,Andres Herrera,andres.herrera2022@example.com,Ciudad de Mexico,Mexico,bronce,2024-04-16
2023,Andres Navarro,andres.navarro2023@example.com,Ciudad de Mexico,Mexico,bronce,2024-01-31
2024,Pablo Moreno,pablo.moreno2024@example.com,Lima,Peru,plata,2022-12-17
2025,Luis Ortiz,luis.ortiz2025@example.com,Santiago,Chile,bronce,2022-05-27
2026,Diego Garcia,diego.garcia2026@example.com,Buenos Aires,Argentina,bronce,2024-07-08
2027,Carmen Lopez,carmen.lopez2027@example.com,Santiago,Chile,oro,2023-08-30
2028,Alberto Castro,alberto.castro2028@example.com,Bogota,Colombia,bronce,2024-11-19
2029,Lucia Ramirez,lucia.ramirez2029@example.com,Buenos Aires,Argentina,plata,2024-01-16
2030,Elena Martinez,elena.martinez2030@example.com,Quito,Ecuador,oro,2023-06-04
2031,Pablo Moreno,pablo.moreno2031@example.com,Valencia,Espana,plata,2023-12-10
2032,Carlos Rodriguez,carlos.rodriguez2032@example.com,Ciudad de Mexico,Mexico,bronce,2023-12-16
2033,Luis Navarro,luis.navarro2033@example.com,Buenos Aires,Argentina,plata,2024-12-10
2034,Andres Lopez,andres.lopez2034@example.com,Ciudad de Mexico,Mexico,bronce,2023-02-04
2035,Alberto Diaz,alberto.diaz2035@example.com,Quito,Ecuador,bronce,2023-02-21
2036,Paula Silva,paula.silva2036@example.com,Medellin,Colombia,plata,2023-01-23
2037,Pablo Ramirez,pablo.ramirez2037@example.com,Valencia,Espana,platino,2022-04-29
2038,Ana Moreno,ana.moreno2038@example.com,Barcelona,Espana,bronce,2023-05-30
2039,Alberto Moreno,alberto.moreno2039@example.com,Lima,Peru,bronce,2023-05-03
2040,Sofia Ortiz,sofia.ortiz2040@example.com,Buenos Aires,Argentina,plata,2022-08-04
2041,Javier Torres,javier.torres2041@example.com,Ciudad de Mexico,Mexico,bronce,2024-06-11
2042,Ruben Navarro,ruben.navarro2042@example.com,Cali,Colombia,plata,2024-01-25
2043,Marta Ramirez,marta.ramirez2043@example.com,Medellin,Colombia,bronce,2022-09-22
2044,Marta Mendoza,marta.mendoza2044@example.com,Quito,Ecuador,bronce,2022-07-01
2045,Javier Moreno,javier.moreno2045@example.com,Buenos Aires,Argentina,plata,2023-11-08
2046,Alberto Martinez,alberto.martinez2046@example.com,Quito,Ecuador,platino,2022-01-06
2047,Diego Castro,diego.castro2047@example.com,Santiago,Chile,bronce,2022-06-15
2048,Lucia Mendoza,lucia.mendoza2048@example.com,Santiago,Chile,oro,2023-04-27
2049,Sergio Martinez,sergio.martinez2049@example.com,Ciudad de Mexico,Mexico,bronce,2024-12-20
2050,Andres Silva,andres.silva2050@example.com,Valencia,Espana,bronce,2022-03-25
2051,Carlos Martinez,carlos.martinez2051@example.com,Guadalajara,Mexico,bronce,2023-08-02
2052,Elena Mendoza,elena.mendoza2052@example.com,Buenos Aires,Argentina,bronce,2023-09-08
2053,Miguel Herrera,miguel.herrera2053@example.com,Ciudad de Mexico,Mexico,plata,2022-10-03
2054,Julia Lopez,julia.lopez2054@example.com,Madrid,Espana,bronce,2023-07-24
2055,Marta Moreno,marta.moreno2055@example.com,Quito,Ecuador,bronce,2023-11-26
2056,Miguel Martinez,miguel.martinez2056@example.com,Santiago,Chile,bronce,2022-05-31
2057,Marta Vargas,marta.vargas2057@example.com,Medellin,Colombia,oro,2024-11-10
2058,Marta Ortiz,marta.ortiz2058@example.com,Cali,Colombia,oro,2022-09-27
2059,Miguel Sanchez,miguel.sanchez2059@example.com,Barcelona,Espana,bronce,2023-02-08
2060,Sofia Lopez,sofia.lopez2060@example.com,Quito,Ecuador,bronce,2022-01-27
2061,Ruben Diaz,ruben.diaz2061@example.com,Valencia,Espana,platino,2023-10-12
2062,Pablo Fernandez,pablo.fernandez2062@example.com,Medellin,Colombia,bronce,2023-10-13
2063,Maria Garcia,maria.garcia2063@example.com,Cali,Colombia,oro,2022-05-08
2064,Marta Torres,marta.torres2064@example.com,Bogota,Colombia,plata,2022-11-17
2065,Pablo Perez,pablo.perez2065@example.com,Guadalajara,Mexico,oro,2024-04-19
2066,Lucia Martinez,lucia.martinez2066@example.com,Quito,Ecuador,bronce,2024-02-20
2067,Marta Perez,marta.perez2067@example.com,Lima,Peru,bronce,2022-12-03
2068,Julia Garcia,julia.garcia2068@example.com,Ciudad de Mexico,Mexico,bronce,2023-11-21
2069,Elena Ortiz,elena.ortiz2069@example.com,Barcelona,Espana,bronce,2024-03-29
2070,Sofia Navarro,sofia.navarro2070@example.com,Lima,Peru,bronce,2023-02-14
2071,Carlos Fernandez,carlos.fernandez2071@example.com,Bogota,Colombia,platino,2022-07-12
2072,Carmen Mendoza,carmen.mendoza2072@example.com,Lima,Peru,bronce,2022-01-24
2073,Sofia Torres,sofia.torres2073@example.com,Medellin,Colombia,bronce,2024-11-11
2074,Elena Ortiz,elena.ortiz2074@example.com,Ciudad de Mexico,Mexico,bronce,2022-12-17
2075,Andres Lopez,andres.lopez2075@example.com,Cali,Colombia,bronce,2024-06-01
2076,Sofia Perez,sofia.perez2076@example.com,Cali,Colombia,bronce,2022-12-22
2077,Diego Moreno,diego.moreno2077@example.com,Barcelona,Espana,bronce,2024-02-19
2078,Sofia Sanchez,sofia.sanchez2078@example.com,Ciudad de Mexico,Mexico,plata,2022-12-31
2079,Javier Silva,javier.silva2079@example.com,Medellin,Colombia,oro,2023-10-28
2080,Maria Diaz,maria.diaz2080@example.com,Lima,Peru,bronce,2024-11-10
2081,Paula Diaz,paula.diaz2081@example.com,Cali,Colombia,plata,2024-04-05
2082,Luis Torres,luis.torres2082@example.com,Quito,Ecuador,bronce,2022-06-30
2083,Elena Herrera,elena.herrera2083@example.com,Bogota,Colombia,bronce,2023-07-28
2084,Andres Garcia,andres.garcia2084@example.com,Bogota,Colombia,oro,2022-10-23
2085,Maria Herrera,maria.herrera2085@example.com,Madrid,Espana,oro,2022-08-29
2086,Andres Herrera,andres.herrera2086@example.com,Buenos Aires,Argentina,bronce,2024-06-30
2087,Marta Silva,marta.silva2087@example.com,Madrid,Espana,bronce,2024-12-11
2088,Andres Navarro,andres.navarro2088@example.com,Bogota,Colombia,bronce,2024-10-10
2089,Elena Herrera,elena.herrera2089@example.com,Lima,Peru,bronce,2024-07-07
2090,Ana Ramirez,ana.ramirez2090@example.com,Guadalajara,Mexico,plata,2023-05-28
2091,Ruben Torres,ruben.torres2091@example.com,Ciudad de Mexico,Mexico,bronce,2023-07-31
2092,Elena Fernandez,elena.fernandez2092@example.com,Santiago,Chile,oro,2023-08-15
2093,Paula Silva,paula.silva2093@example.com,Santiago,Chile,plata,2024-03-17
2094,Carlos Fernandez,carlos.fernandez2094@example.com,Lima,Peru,bronce,2022-02-27
2095,Carlos Vargas,carlos.vargas2095@example.com,Guadalajara,Mexico,oro,2024-06-24
2096,Sergio Rodriguez,sergio.rodriguez2096@example.com,Cali,Colombia,plata,2024-06-03
2097,Julia Gomez,julia.gomez2097@example.com,Barcelona,Espana,bronce,2024-12-25
2098,Ruben Perez,ruben.perez2098@example.com,Medellin,Colombia,bronce,2023-10-14
2099,Sergio Diaz,sergio.diaz2099@example.com,Buenos Aires,Argentina,oro,2023-05-16
2100,Laura Ramirez,laura.ramirez2100@example.com,Bogota,Colombia,platino,2023-06-09
2101,Julia Moreno,julia.moreno2101@example.com,Buenos Aires,Argentina,bronce,2023-11-11
2102,Andres Diaz,andres.diaz2102@example.com,Barcelona,Espana,plata,2022-11-28
2103,Carlos Lopez,carlos.lopez2103@example.com,Madrid,Espana,oro,2024-04-30
2104,Maria Ramirez,maria.ramirez2104@example.com,Medellin,Colombia,platino,2023-05-01
2105,Ruben Rodriguez,ruben.rodriguez2105@example.com,Valencia,Espana,bronce,2022-11-05
2106,Javier Silva,javier.silva2106@example.com,Lima,Peru,bronce,2024-03-16
2107,Sergio Herrera,sergio.herrera2107@example.com,Medellin,Colombia,oro,2023-01-04
2108,Maria Sanchez,maria.sanchez2108@example.com,Cali,Colombia,bronce,2022-03-30
2109,Javier Perez,javier.perez2109@example.com,Medellin,Colombia,bronce,2023-07-26
2110,Javier Garcia,javier.garcia2110@example.com,Bogota,Colombia,plata,2023-07-09
2111,Javier Fernandez,javier.fernandez2111@example.com,Quito,Ecuador,bronce,2022-11-16
2112,Andres Garcia,andres.garcia2112@example.com,Buenos Aires,Argentina,plata,2022-02-07
2113,Julia Ortiz,julia.ortiz2113@example.com,Barcelona,Espana,bronce,2023-06-05
2114,Julia Martinez,julia.martinez2114@example.com,Valencia,Espana,plata,2024-04-25
2115,Marta Rojas,marta.rojas2115@example.com,Madrid,Espana,bronce,2024-05-27
2116,Laura Vargas,laura.vargas2116@example.com,Bogota,Colombia,oro,2022-08-20
2117,Alberto Sanchez,alberto.sanchez2117@example.com,Guadalajara,Mexico,bronce,2023-04-17
2118,Lucia Silva,lucia.silva2118@example.com,Quito,Ecuador,bronce,2024-09-16
2119,Lucia Martinez,lucia.martinez2119@example.com,Cali,Colombia,platino,2023-01-13
2120,Marta Mendoza,marta.mendoza2120@example.com,Madrid,Espana,plata,2023-06-06
2121,Sergio Moreno,sergio.moreno2121@example.com,Madrid,Espana,bronce,2024-01-15
2122,Alberto Castro,alberto.castro2122@example.com,Medellin,Colombia,bronce,2023-05-16
2123,Pablo Mendoza,pablo.mendoza2123@example.com,Bogota,Colombia,plata,2024-07-10
2124,Carmen Diaz,carmen.diaz2124@example.com,Ciudad de Mexico,Mexico,platino,2023-01-30
2125,Marta Perez,marta.perez2125@example.com,Barcelona,Espana,bronce,2023-06-23
2126,Javier Lopez,javier.lopez2126@example.com,Valencia,Espana,oro,2023-07-20
2127,Elena Ortiz,elena.ortiz2127@example.com,Ciudad de Mexico,Mexico,bronce,2024-03-26
2128,Carmen Diaz,carmen.diaz2128@example.com,Bogota,Colombia,plata,2023-01-06
2129,Luis Silva,luis.silva2129@example.com,Medellin,Colombia,bronce,2022-10-29
2130,Elena Gomez,elena.gomez2130@example.com,Valencia,Espana,bronce,2023-01-30
2131,Marta Navarro,marta.navarro2131@example.com,Madrid,Espana,oro,2022-09-12
2132,Alberto Mendoza,alberto.mendoza2132@example.com,Medellin,Colombia,bronce,2022-08-03
2133,Lucia Gomez,lucia.gomez2133@example.com,Bogota,Colombia,oro,2024-06-16
2134,Miguel Torres,miguel.torres2134@example.com,Lima,Peru,bronce,2023-01-14
2135,Sofia Herrera,sofia.herrera2135@example.com,Lima,Peru,bronce,2022-10-23
2136,Andres Sanchez,andres.sanchez2136@example.com,Cali,Colombia,oro,2024-06-07
2137,Lucia Garcia,lucia.garcia2137@example.com,Bogota,Colombia,plata,2024-05-13
2138,Ana Perez,ana.perez2138@example.com,Cali,Colombia,bronce,2022-09-27
2139,Lucia Vargas,lucia.vargas2139@example.com,Guadalajara,Mexico,plata,2022-11-30
2140,Sofia Martinez,sofia.martinez2140@example.com,Medellin,Colombia,bronce,2024-06-18
2141,Marta Gomez,marta.gomez2141@example.com,Santiago,Chile,oro,2022-11-01
2142,Ruben Ortiz,ruben.ortiz2142@example.com,Quito,Ecuador,bronce,2024-08-01
2143,Alberto Rodriguez,alberto.rodriguez2143@example.com,Medellin,Colombia,bronce,2023-11-08
2144,Carmen Rodriguez,carmen.rodriguez2144@example.com,Barcelona,Espana,bronce,2023-12-31
2145,Miguel Diaz,miguel.diaz2145@example.com,Barcelona,Espana,plata,2023-08-08
2146,Sofia Garcia,sofia.garcia2146@example.com,Lima,Peru,oro,2022-02-03
2147,Carlos Garcia,carlos.garcia2147@example.com,Medellin,Colombia,oro,2024-06-21
2148,Julia Lopez,julia.lopez2148@example.com,Bogota,Colombia,bronce,2023-09-07
2149,Paula Martinez,paula.martinez2149@example.com,Guadalajara,Mexico,bronce,2022-07-09
2150,Ruben Silva,ruben.silva2150@example.com,Quito,Ecuador,bronce,2024-07-01
2151,Elena Martinez,elena.martinez2151@example.com,Cali,Colombia,oro,2022-11-18
2152,Elena Ramirez,elena.ramirez2152@example.com,Bogota,Colombia,bronce,2023-02-05
2153,Ruben Moreno,ruben.moreno2153@example.com,Lima,Peru,plata,2023-12-01
2154,Lucia Castro,lucia.castro2154@example.com,Madrid,Espana,bronce,2022-11-06
2155,Marta Rojas,marta.rojas2155@example.com,Lima,Peru,platino,2022-01-08
2156,Diego Fernandez,diego.fernandez2156@example.com,Ciudad de Mexico,Mexico,bronce,2022-12-18
2157,Sofia Mendoza,sofia.mendoza2157@example.com,Madrid,Espana,bronce,2024-01-19
2158,Carmen Rodriguez,carmen.rodriguez2158@example.com,Valencia,Espana,oro,2023-04-09
2159,Paula Martinez,paula.martinez2159@example.com,Buenos Aires,Argentina,platino,2024-02-20
2160,Elena Mendoza,elena.mendoza2160@example.com,Santiago,Chile,plata,2022-03-18
2161,Paula Rodriguez,paula.rodriguez2161@example.com,Valencia,Espana,plata,2022-10-09
2162,Laura Lopez,laura.lopez2162@example.com,Guadalajara,Mexico,plata,2022-09-18
2163,Sofia Lopez,sofia.lopez2163@example.com,Quito,Ecuador,bronce,2022-03-12
2164,Julia Garcia,julia.garcia2164@example.com,Buenos Aires,Argentina,bronce,2023-12-10
2165,Alberto Martinez,alberto.martinez2165@example.com,Buenos Aires,Argentina,plata,2022-08-19
2166,Julia Vargas,julia.vargas2166@example.com,Valencia,Espana,plata,2023-06-02
2167,Elena Rojas,elena.rojas2167@example.com,Guadalajara,Mexico,bronce,2024-12-20
2168,Paula Rodriguez,paula.rodriguez2168@example.com,Buenos Aires,Argentina,bronce,2022-09-28
2169,Julia Ortiz,julia.ortiz2169@example.com,Barcelona,Espana,plata,2022-08-02
2170,Alberto Rodriguez,alberto.rodriguez2170@example.com,Bogota,Colombia,bronce,2024-10-16
2171,Ana Rojas,ana.rojas2171@example.com,Lima,Peru,plata,2023-01-27
2172,Marta Silva,marta.silva2172@example.com,Quito,Ecuador,plata,2022-11-20
2173,Alberto Ramirez,alberto.ramirez2173@example.com,Valencia,Espana,bronce,2024-02-27
2174,Sergio Torres,sergio.torres2174@example.com,Buenos Aires,Argentina,bronce,2022-05-22
2175,Laura Martinez,laura.martinez2175@example.com,Ciudad de Mexico,Mexico,bronce,2023-02-19
2176,Sergio Sanchez,sergio.sanchez2176@example.com,Guadalajara,Mexico,bronce,2022-08-07
2177,Maria Mendoza,maria.mendoza2177@example.com,Ciudad de Mexico,Mexico,plata,2024-09-03
2178,Diego Gomez,diego.gomez2178@example.com,Lima,Peru,plata,2022-11-21
2179,Carmen Garcia,carmen.garcia2179@example.com,Cali,Colombia,oro,2023-09-13
2180,Diego Moreno,diego.moreno2180@example.com,Guadalajara,Mexico,bronce,2023-07-27
2181,Andres Rojas,andres.rojas2181@example.com,Buenos Aires,Argentina,plata,2023-06-24
2182,Laura Rodriguez,laura.rodriguez2182@example.com,Ciudad de Mexico,Mexico,bronce,2022-03-14
2183,Carmen Rodriguez,carmen.rodriguez2183@example.com,Lima,Peru,oro,2022-10-15
2184,Carmen Martinez,carmen.martinez2184@example.com,Valencia,Espana,bronce,2024-07-25
2185,Carmen Rodriguez,carmen.rodriguez2185@example.com,Quito,Ecuador,plata,2023-08-24
2186,Javier Castro,javier.castro2186@example.com,Buenos Aires,Argentina,bronce,2024-08-18
2187,Elena Martinez,elena.martinez2187@example.com,Quito,Ecuador,bronce,2023-09-05
2188,Javier Castro,javier.castro2188@example.com,Medellin,Colombia,platino,2022-12-15
2189,Diego Lopez,diego.lopez2189@example.com,Cali,Colombia,bronce,2023-01-14
2190,Pablo Navarro,pablo.navarro2190@example.com,Madrid,Espana,bronce,2024-04-28
2191,Miguel Moreno,miguel.moreno2191@example.com,Quito,Ecuador,plata,2022-09-18
2192,Sofia Fernandez,sofia.fernandez2192@example.com,Santiago,Chile,bronce,2023-10-19
2193,Javier Diaz,javier.diaz2193@example.com,Bogota,Colombia,bronce,2024-10-21
2194,Laura Rodriguez,laura.rodriguez2194@example.com,Madrid,Espana,bronce,2024-07-14
2195,Andres Rodriguez,andres.rodriguez2195@example.com,Buenos Aires,Argentina,bronce,2023-03-01
2196,Paula Ramirez,paula.ramirez2196@example.com,Buenos Aires,Argentina,oro,2022-10-31
2197,Javier Garcia,javier.garcia2197@example.com,Ciudad de Mexico,Mexico,plata,2023-11-12
2198,Ruben Castro,ruben.castro2198@example.com,Barcelona,Espana,bronce,2023-10-31
2199,Pablo Fernandez,pablo.fernandez2199@example.com,Quito,Ecuador,bronce,2024-03-02
2200,Carlos Martinez,carlos.martinez2200@example.com,Cali,Colombia,oro,2022-03-21
2201,Miguel Ramirez,miguel.ramirez2201@example.com,Buenos Aires,Argentina,oro,2023-08-15
2202,Ana Vargas,ana.vargas2202@example.com,Lima,Peru,bronce,2022-01-11
2203,Ana Moreno,ana.moreno2203@example.com,Ciudad de Mexico,Mexico,plata,2024-12-21
2204,Elena Lopez,elena.lopez2204@example.com,Barcelona,Espana,bronce,2024-08-15
2205,Diego Ramirez,diego.ramirez2205@example.com,Lima,Peru,bronce,2024-03-21
2206,Sergio Silva,sergio.silva2206@example.com,Buenos Aires,Argentina,oro,2022-11-19
2207,Maria Perez,maria.perez2207@example.com,Lima,Peru,oro,2024-03-28
2208,Paula Silva,paula.silva2208@example.com,Guadalajara,Mexico,bronce,2023-05-03
2209,Laura Moreno,laura.moreno2209@example.com,Lima,Peru,oro,2023-12-12
2210,Maria Diaz,maria.diaz2210@example.com,Lima,Peru,plata,2022-09-11
2211,Andres Mendoza,andres.mendoza2211@example.com,Valencia,Espana,plata,2023-06-04
2212,Sergio Navarro,sergio.navarro2212@example.com,Valencia,Espana,plata,2024-08-18
2213,Carmen Sanchez,carmen.sanchez2213@example.com,Barcelona,Espana,bronce,2022-07-27
2214,Maria Navarro,maria.navarro2214@example.com,Santiago,Chile,oro,2023-02-26
2215,Maria Garcia,maria.garcia2215@example.com,Valencia,Espana,bronce,2022-11-16
2216,Miguel Martinez,miguel.martinez2216@example.com,Cali,Colombia,bronce,2022-07-16
2217,Diego Garcia,diego.garcia2217@example.com,Santiago,Chile,bronce,2023-03-11
2218,Alberto Fernandez,alberto.fernandez2218@example.com,Cali,Colombia,oro,2023-10-28
2219,Javier Ortiz,javier.ortiz2219@example.com,Madrid,Espana,bronce,2022-03-01
2220,Carlos Castro,carlos.castro2220@example.com,Medellin,Colombia,bronce,2022-08-13
2221,Julia Castro,julia.castro2221@example.com,Barcelona,Espana,plata,2024-06-13
2222,Carlos Rodriguez,carlos.rodriguez2222@example.com,Medellin,Colombia,bronce,2022-10-13
2223,Ana Ramirez,ana.ramirez2223@example.com,Buenos Aires,Argentina,bronce,2023-01-03
2224,Sofia Fernandez,sofia.fernandez2224@example.com,Ciudad de Mexico,Mexico,bronce,2024-01-07
2225,Sofia Torres,sofia.torres2225@example.com,Buenos Aires,Argentina,plata,2024-03-28
2226,Carmen Perez,carmen.perez2226@example.com,Barcelona,Espana,bronce,2024-11-16
2227,Ruben Sanchez,ruben.sanchez2227@example.com,Santiago,Chile,bronce,2022-06-23
2228,Julia Navarro,julia.navarro2228@example.com,Cali,Colombia,bronce,2024-04-06
2229,Javier Vargas,javier.vargas2229@example.com,Bogota,Colombia,oro,2024-03-03
2230,Alberto Diaz,alberto.diaz2230@example.com,Guadalajara,Mexico,plata,2022-05-16
2231,Carmen Rodriguez,carmen.rodriguez2231@example.com,Barcelona,Espana,bronce,2024-08-17
2232,Luis Herrera,luis.herrera2232@example.com,Cali,Colombia,oro,2022-12-09
2233,Julia Torres,julia.torres2233@example.com,Cali,Colombia,oro,2023-04-09
2234,Maria Fernandez,maria.fernandez2234@example.com,Barcelona,Espana,plata,2024-05-22
2235,Pablo Rojas,pablo.rojas2235@example.com,Quito,Ecuador,bronce,2023-07-28
2236,Sergio Martinez,sergio.martinez2236@example.com,Medellin,Colombia,bronce,2022-10-29
2237,Laura Ramirez,laura.ramirez2237@example.com,Madrid,Espana,plata,2022-12-19
2238,Javier Mendoza,javier.mendoza2238@example.com,Cali,Colombia,bronce,2024-03-21
2239,Diego Torres,diego.torres2239@example.com,Quito,Ecuador,bronce,2022-07-20
2240,Ruben Garcia,ruben.garcia2240@example.com,Buenos Aires,Argentina,bronce,2023-06-01
2241,Laura Sanchez,laura.sanchez2241@example.com,Guadalajara,Mexico,bronce,2024-03-29
2242,Andres Rodriguez,andres.rodriguez2242@example.com,Lima,Peru,plata,2024-08-26
2243,Diego Ramirez,diego.ramirez2243@example.com,Barcelona,Espana,bronce,2024-06-23
2244,Maria Fernandez,maria.fernandez2244@example.com,Ciudad de Mexico,Mexico,plata,2023-01-29
2245,Marta Martinez,marta.martinez2245@example.com,Bogota,Colombia,oro,2022-08-06
2246,Paula Rojas,paula.rojas2246@example.com,Buenos Aires,Argentina,bronce,2024-10-20
2247,Pablo Lopez,pablo.lopez2247@example.com,Lima,Peru,bronce,2023-10-17
2248,Carlos Gomez,carlos.gomez2248@example.com,Madrid,Espana,bronce,2023-03-23
2249,Carlos Navarro,carlos.navarro2249@example.com,Barcelona,Espana,bronce,2024-09-14
2250,Sofia Rodriguez,sofia.rodriguez2250@example.com,Quito,Ecuador,oro,2024-03-06
2251,Lucia Sanchez,lucia.sanchez2251@example.com,Cali,Colombia,plata,2023-06-06
2252,Pablo Gomez,pablo.gomez2252@example.com,Bogota,Colombia,oro,2022-08-02
2253,Laura Ramirez,laura.ramirez2253@example.com,Barcelona,Espana,platino,2022-03-31
2254,Lucia Sanchez,lucia.sanchez2254@example.com,Medellin,Colombia,bronce,2023-08-05
2255,Javier Navarro,javier.navarro2255@example.com,Madrid,Espana,plata,2022-05-06
2256,Andres Garcia,andres.garcia2256@example.com,Valencia,Espana,bronce,2022-12-06
2257,Sergio Ortiz,sergio.ortiz2257@example.com,Valencia,Espana,bronce,2024-01-17
2258,Andres Ramirez,andres.ramirez2258@example.com,Barcelona,Espana,bronce,2022-01-14
2259,Ana Garcia,ana.garcia2259@example.com,Quito,Ecuador,bronce,2024-12-19
2260,Alberto Martinez,alberto.martinez2260@example.com,Santiago,Chile,plata,2023-04-24
2261,Ana Martinez,ana.martinez2261@example.com,Quito,Ecuador,plata,2024-08-10
2262,Alberto Perez,alberto.perez2262@example.com,Valencia,Espana,bronce,2022-07-08
2263,Ana Gomez,ana.gomez2263@example.com,Bogota,Colombia,bronce,2023-05-20
2264,Lucia Castro,lucia.castro2264@example.com,Bogota,Colombia,plata,2024-11-15
2265,Maria Gomez,maria.gomez2265@example.com,Ciudad de Mexico,Mexico,plata,2023-11-24
2266,Luis Moreno,luis.moreno2266@example.com,Valencia,Espana,plata,2024-06-04
2267,Andres Perez,andres.perez2267@example.com,Valencia,Espana,bronce,2024-01-21
2268,Marta Perez,marta.perez2268@example.com,Quito,Ecuador,bronce,2024-03-20
2269,Maria Perez,maria.perez2269@example.com,Medellin,Colombia,plata,2023-02-03
2270,Alberto Gomez,alberto.gomez2270@example.com,Santiago,Chile,plata,2023-05-12
2271,Elena Silva,elena.silva2271@example.com,Valencia,Espana,bronce,2022-02-24
2272,Elena Sanchez,elena.sanchez2272@example.com,Quito,Ecuador,bronce,2022-10-11
2273,Javier Perez,javier.perez2273@example.com,Buenos Aires,Argentina,bronce,2022-03-12
2274,Diego Navarro,diego.navarro2274@example.com,Lima,Peru,plata,2022-12-22
2275,Carlos Rojas,carlos.rojas2275@example.com,Ciudad de Mexico,Mexico,bronce,2024-03-05
2276,Sofia Lopez,sofia.lopez2276@example.com,Lima,Peru,plata,2022-08-12
2277,Laura Mendoza,laura.mendoza2277@example.com,Medellin,Colombia,oro,2023-06-08
2278,Luis Lopez,luis.lopez2278@example.com,Cali,Colombia,bronce,2023-08-28
2279,Miguel Lopez,miguel.lopez2279@example.com,Madrid,Espana,bronce,2022-06-29
2280,Andres Diaz,andres.diaz2280@example.com,Valencia,Espana,bronce,2024-06-07
2281,Sergio Rojas,sergio.rojas2281@example.com,Santiago,Chile,bronce,2024-04-24
2282,Miguel Lopez,miguel.lopez2282@example.com,Bogota,Colombia,oro,2022-07-25
2283,Elena Herrera,elena.herrera2283@example.com,Barcelona,Espana,platino,2022-02-09
2284,Sergio Lopez,sergio.lopez2284@example.com,Bogota,Colombia,bronce,2022-01-05
2285,Andres Herrera,andres.herrera2285@example.com,Medellin,Colombia,oro,2022-11-17
2286,Paula Rodriguez,paula.rodriguez2286@example.com,Buenos Aires,Argentina,bronce,2022-05-18
2287,Julia Torres,julia.torres2287@example.com,Barcelona,Espana,plata,2022-01-20
2288,Paula Castro,paula.castro2288@example.com,Madrid,Espana,plata,2023-05-20
2289,Julia Perez,julia.perez2289@example.com,Buenos Aires,Argentina,bronce,2023-07-29
2290,Sofia Castro,sofia.castro2290@example.com,Barcelona,Espana,bronce,2022-01-21
2291,Miguel Rojas,miguel.rojas2291@example.com,Cali,Colombia,plata,2023-10-18
2292,Elena Rojas,elena.rojas2292@example.com,Buenos Aires,Argentina,bronce,2023-03-18
2293,Laura Fernandez,laura.fernandez2293@example.com,Ciudad de Mexico,Mexico,platino,2022-08-08
2294,Marta Herrera,marta.herrera2294@example.com,Barcelona,Espana,bronce,2022-05-02
2295,Marta Moreno,marta.moreno2295@example.com,Buenos Aires,Argentina,bronce,2024-04-11
2296,Paula Gomez,paula.gomez2296@example.com,Madrid,Espana,oro,2022-04-29
2297,Carlos Moreno,carlos.moreno2297@example.com,Valencia,Espana,bronce,2022-08-08
2298,Diego Ortiz,diego.ortiz2298@example.com,Barcelona,Espana,bronce,2024-02-20
2299,Laura Silva,laura.silva2299@example.com,Ciudad de Mexico,Mexico,bronce,2023-11-21
2300,Ruben Moreno,ruben.moreno2300@example.com,Buenos Aires,Argentina,bronce,2024-12-30
2301,Javier Herrera,javier.herrera2301@example.com,Guadalajara,Mexico,bronce,2022-02-14
2302,Maria Silva,maria.silva2302@example.com,Barcelona,Espana,bronce,2022-08-01
2303,Pablo Perez,pablo.perez2303@example.com,Medellin,Colombia,bronce,2023-12-26
2304,Ruben Moreno,ruben.moreno2304@example.com,Barcelona,Espana,bronce,2022-09-09
2305,Julia Lopez,julia.lopez2305@example.com,Medellin,Colombia,oro,2023-02-22
2306,Luis Fernandez,luis.fernandez2306@example.com,Valencia,Espana,oro,2022-11-21
2307,Elena Ortiz,elena.ortiz2307@example.com,Buenos Aires,Argentina,bronce,2024-06-04
2308,Carlos Perez,carlos.perez2308@example.com,Santiago,Chile,platino,2024-05-09
2309,Elena Silva,elena.silva2309@example.com,Santiago,Chile,oro,2024-06-01
2310,Lucia Diaz,lucia.diaz2310@example.com,Valencia,Espana,oro,2023-07-08
2311,Javier Sanchez,javier.sanchez2311@example.com,Madrid,Espana,plata,2023-06-19
2312,Luis Rodriguez,luis.rodriguez2312@example.com,Madrid,Espana,bronce,2023-09-17
2313,Lucia Ramirez,lucia.ramirez2313@example.com,Lima,Peru,bronce,2022-03-15
2314,Luis Torres,luis.torres2314@example.com,Lima,Peru,oro,2023-08-22
2315,Laura Ramirez,laura.ramirez2315@example.com,Valencia,Espana,bronce,2022-10-30
2316,Ana Garcia,ana.garcia2316@example.com,Lima,Peru,oro,2024-10-23
2317,Luis Perez,luis.perez2317@example.com,Ciudad de Mexico,Mexico,plata,2022-07-21
2318,Sofia Garcia,sofia.garcia2318@example.com,Valencia,Espana,bronce,2022-02-08
2319,Ruben Gomez,ruben.gomez2319@example.com,Bogota,Colombia,bronce,2024-11-20
2320,Sergio Ortiz,sergio.ortiz2320@example.com,Bogota,Colombia,platino,2022-06-22
2321,Luis Lopez,luis.lopez2321@example.com,Santiago,Chile,bronce,2023-07-21
2322,Ana Rojas,ana.rojas2322@example.com,Valencia,Espana,plata,2023-02-23
2323,Elena Garcia,elena.garcia2323@example.com,Valencia,Espana,platino,2022-10-22
2324,Andres Vargas,andres.vargas2324@example.com,Buenos Aires,Argentina,bronce,2023-06-19
2325,Marta Ortiz,marta.ortiz2325@example.com,Bogota,Colombia,bronce,2024-03-13
2326,Paula Gomez,paula.gomez2326@example.com,Bogota,Colombia,bronce,2022-05-05
2327,Elena Lopez,elena.lopez2327@example.com,Santiago,Chile,oro,2023-12-26
2328,Carlos Vargas,carlos.vargas2328@example.com,Quito,Ecuador,bronce,2024-09-05
2329,Ana Perez,ana.perez2329@example.com,Ciudad de Mexico,Mexico,bronce,2022-11-14
2330,Maria Mendoza,maria.mendoza2330@example.com,Santiago,Chile,bronce,2024-01-13
2331,Luis Silva,luis.silva2331@example.com,Lima,Peru,bronce,2024-10-04
2332,Ruben Rojas,ruben.rojas2332@example.com,Guadalajara,Mexico,bronce,2024-10-17
2333,Javier Castro,javier.castro2333@example.com,Santiago,Chile,bronce,2023-12-11
2334,Paula Castro,paula.castro2334@example.com,Madrid,Espana,oro,2024-10-27
2335,Pablo Moreno,pablo.moreno2335@example.com,Madrid,Espana,bronce,2024-05-01
2336,Lucia Torres,lucia.torres2336@example.com,Lima,Peru,oro,2023-07-16
2337,Diego Navarro,diego.navarro2337@example.com,Barcelona,Espana,oro,2022-05-18
2338,Paula Gomez,paula.gomez2338@example.com,Buenos Aires,Argentina,plata,2024-07-23
2339,Ana Garcia,ana.garcia2339@example.com,Cali,Colombia,plata,2022-11-10
2340,Luis Rojas,luis.rojas2340@example.com,Santiago,Chile,bronce,2024-03-17
2341,Sofia Rojas,sofia.rojas2341@example.com,Guadalajara,Mexico,plata,2023-12-08
2342,Miguel Navarro,miguel.navarro2342@example.com,Madrid,Espana,bronce,2023-01-30
2343,Lucia Fernandez,lucia.fernandez2343@example.com,Medellin,Colombia,bronce,2024-04-28
2344,Marta Diaz,marta.diaz2344@example.com,Buenos Aires,Argentina,plata,2023-12-21
2345,Pablo Vargas,pablo.vargas2345@example.com,Quito,Ecuador,bronce,2024-03-27
2346,Javier Fernandez,javier.fernandez2346@example.com,Santiago,Chile,bronce,2024-11-09
2347,Elena Herrera,elena.herrera2347@example.com,Lima,Peru,plata,2022-10-28
2348,Sergio Diaz,sergio.diaz2348@example.com,Quito,Ecuador,bronce,2024-04-16
2349,Laura Herrera,laura.herrera2349@example.com,Lima,Peru,bronce,2022-02-13
2350,Lucia Diaz,lucia.diaz2350@example.com,Ciudad de Mexico,Mexico,bronce,2024-02-16
2351,Lucia Sanchez,lucia.sanchez2351@example.com,Medellin,Colombia,bronce,2022-06-20
2352,Sergio Navarro,sergio.navarro2352@example.com,Ciudad de Mexico,Mexico,bronce,2022-08-31
2353,Marta Ramirez,marta.ramirez2353@example.com,Santiago,Chile,bronce,2022-08-03
2354,Diego Moreno,diego.moreno2354@example.com,Cali,Colombia,bronce,2024-06-29
2355,Elena Vargas,elena.vargas2355@example.com,Santiago,Chile,plata,2023-02-14
2356,Miguel Fernandez,miguel.fernandez2356@example.com,Buenos Aires,Argentina,platino,2023-03-03
2357,Sofia Navarro,sofia.navarro2357@example.com,Valencia,Espana,plata,2023-01-31
2358,Laura Fernandez,laura.fernandez2358@example.com,Quito,Ecuador,bronce,2023-11-15
2359,Carmen Navarro,carmen.navarro2359@example.com,Lima,Peru,plata,2024-09-30
2360,Laura Diaz,laura.diaz2360@example.com,Guadalajara,Mexico,oro,2024-01-13
2361,Carmen Garcia,carmen.garcia2361@example.com,Valencia,Espana,oro,2022-04-21
2362,Sergio Garcia,sergio.garcia2362@example.com,Valencia,Espana,bronce,2023-07-19
2363,Alberto Navarro,alberto.navarro2363@example.com,Lima,Peru,bronce,2022-04-28
2364,Maria Ramirez,maria.ramirez2364@example.com,Madrid,Espana,bronce,2022-07-01
2365,Sergio Fernandez,sergio.fernandez2365@example.com,Cali,Colombia,plata,2022-08-04
2366,Luis Silva,luis.silva2366@example.com,Guadalajara,Mexico,bronce,2024-02-03
2367,Elena Castro,elena.castro2367@example.com,Valencia,Espana,oro,2024-08-16
2368,Carlos Rojas,carlos.rojas2368@example.com,Lima,Peru,bronce,2022-09-28
2369,Carlos Rojas,carlos.rojas2369@example.com,Ciudad de Mexico,Mexico,plata,2024-10-28
2370,Carlos Lopez,carlos.lopez2370@example.com,Madrid,Espana,bronce,2022-10-18
2371,Ana Rodriguez,ana.rodriguez2371@example.com,Bogota,Colombia,bronce,2022-12-03
2372,Paula Moreno,paula.moreno2372@example.com,Medellin,Colombia,bronce,2022-05-19
2373,Luis Garcia,luis.garcia2373@example.com,Valencia,Espana,plata,2022-02-21
2374,Miguel Moreno,miguel.moreno2374@example.com,Quito,Ecuador,bronce,2023-11-10
2375,Andres Martinez,andres.martinez2375@example.com,Medellin,Colombia,bronce,2023-03-23
2376,Alberto Perez,alberto.perez2376@example.com,Ciudad de Mexico,Mexico,plata,2022-05-09
2377,Ruben Moreno,ruben.moreno2377@example.com,Ciudad de Mexico,Mexico,oro,2023-09-11
2378,Maria Castro,maria.castro2378@example.com,Valencia,Espana,plata,2023-01-14
2379,Alberto Herrera,alberto.herrera2379@example.com,Ciudad de Mexico,Mexico,plata,2023-03-07
2380,Andres Castro,andres.castro2380@example.com,Medellin,Colombia,bronce,2024-09-01
2381,Carlos Garcia,carlos.garcia2381@example.com,Madrid,Espana,oro,2023-03-18
2382,Sofia Silva,sofia.silva2382@example.com,Medellin,Colombia,bronce,2023-05-12
2383,Julia Sanchez,julia.sanchez2383@example.com,Guadalajara,Mexico,oro,2024-01-23
2384,Miguel Martinez,miguel.martinez2384@example.com,Barcelona,Espana,oro,2024-09-06
2385,Carlos Mendoza,carlos.mendoza2385@example.com,Santiago,Chile,bronce,2024-03-19
2386,Ruben Lopez,ruben.lopez2386@example.com,Guadalajara,Mexico,bronce,2023-06-24
2387,Alberto Ramirez,alberto.ramirez2387@example.com,Bogota,Colombia,plata,2022-12-01
2388,Alberto Torres,alberto.torres2388@example.com,Guadalajara,Mexico,plata,2022-07-15
2389,Alberto Herrera,alberto.herrera2389@example.com,Bogota,Colombia,plata,2022-05-16
2390,Ruben Garcia,ruben.garcia2390@example.com,Guadalajara,Mexico,platino,2024-04-11
2391,Diego Martinez,diego.martinez2391@example.com,Barcelona,Espana,bronce,2024-03-17
2392,Carlos Diaz,carlos.diaz2392@example.com,Guadalajara,Mexico,bronce,2023-01-23
2393,Carmen Torres,carmen.torres2393@example.com,Madrid,Espana,plata,2024-10-24
2394,Laura Herrera,laura.herrera2394@example.com,Madrid,Espana,bronce,2024-11-24
2395,Diego Castro,diego.castro2395@example.com,Bogota,Colombia,plata,2023-11-11
2396,Andres Martinez,andres.martinez2396@example.com,Valencia,Espana,oro,2022-10-15
2397,Julia Navarro,julia.navarro2397@example.com,Cali,Colombia,bronce,2023-07-09
2398,Javier Torres,javier.torres2398@example.com,Barcelona,Espana,oro,2024-06-19
2399,Javier Navarro,javier.navarro2399@example.com,Valencia,Espana,oro,2023-07-10
2400,Marta Navarro,marta.navarro2400@example.com,Barcelona,Espana,bronce,2023-06-25
2401,Ana Rodriguez,ana.rodriguez2401@example.com,Lima,Peru,oro,2023-08-07
2402,Pablo Ramirez,pablo.ramirez2402@example.com,Buenos Aires,Argentina,plata,2024-07-11
2403,Marta Diaz,marta.diaz2403@example.com,Valencia,Espana,bronce,2023-03-26
2404,Pablo Torres,pablo.torres2404@example.com,Barcelona,Espana,bronce,2022-07-20
2405,Miguel Gomez,miguel.gomez2405@example.com,Lima,Peru,bronce,2023-07-17
2406,Paula Vargas,paula.vargas2406@example.com,Buenos Aires,Argentina,plata,2023-11-25
2407,Miguel Torres,miguel.torres2407@example.com,Lima,Peru,bronce,2024-10-20
2408,Marta Lopez,marta.lopez2408@example.com,Valencia,Espana,bronce,2022-05-04
2409,Diego Perez,diego.perez2409@example.com,Medellin,Colombia,oro,2024-10-29
2410,Ana Martinez,ana.martinez2410@example.com,Barcelona,Espana,plata,2024-06-01
2411,Lucia Silva,lucia.silva2411@example.com,Cali,Colombia,plata,2024-02-17
2412,Ana Rojas,ana.rojas2412@example.com,Barcelona,Espana,platino,2022-09-16
2413,Julia Fernandez,julia.fernandez2413@example.com,Madrid,Espana,bronce,2022-08-14
2414,Carmen Fernandez,carmen.fernandez2414@example.com,Ciudad de Mexico,Mexico,bronce,2023-04-14
2415,Miguel Rodriguez,miguel.rodriguez2415@example.com,Quito,Ecuador,plata,2022-07-19
2416,Diego Perez,diego.perez2416@example.com,Guadalajara,Mexico,bronce,2023-12-20
2417,Carmen Ortiz,carmen.ortiz2417@example.com,Santiago,Chile,bronce,2024-04-03
2418,Javier Garcia,javier.garcia2418@example.com,Santiago,Chile,plata,2023-06-08
2419,Javier Martinez,javier.martinez2419@example.com,Quito,Ecuador,bronce,2024-01-28
2420,Sofia Silva,sofia.silva2420@example.com,Barcelona,Espana,bronce,2024-05-02
2421,Javier Ramirez,javier.ramirez2421@example.com,Bogota,Colombia,plata,2024-09-26
2422,Sergio Garcia,sergio.garcia2422@example.com,Guadalajara,Mexico,plata,2024-01-24
2423,Maria Torres,maria.torres2423@example.com,Santiago,Chile,bronce,2022-09-13
2424,Paula Moreno,paula.moreno2424@example.com,Santiago,Chile,bronce,2022-05-23
2425,Elena Gomez,elena.gomez2425@example.com,Buenos Aires,Argentina,oro,2024-10-26
2426,Pablo Fernandez,pablo.fernandez2426@example.com,Bogota,Colombia,oro,2024-04-26
2427,Carlos Castro,carlos.castro2427@example.com,Medellin,Colombia,bronce,2024-07-19
2428,Miguel Vargas,miguel.vargas2428@example.com,Madrid,Espana,bronce,2023-04-09
2429,Sergio Ortiz,sergio.ortiz2429@example.com,Bogota,Colombia,plata,2022-06-22
2430,Javier Sanchez,javier.sanchez2430@example.com,Barcelona,Espana,bronce,2023-10-17
2431,Maria Perez,maria.perez2431@example.com,Quito,Ecuador,bronce,2023-12-02
2432,Lucia Lopez,lucia.lopez2432@example.com,Barcelona,Espana,bronce,2022-08-26
2433,Carlos Rojas,carlos.rojas2433@example.com,Medellin,Colombia,bronce,2023-05-30
2434,Elena Ramirez,elena.ramirez2434@example.com,Lima,Peru,bronce,2023-04-09
2435,Diego Gomez,diego.gomez2435@example.com,Quito,Ecuador,bronce,2022-10-12
2436,Pablo Rojas,pablo.rojas2436@example.com,Medellin,Colombia,oro,2024-06-13
2437,Carmen Fernandez,carmen.fernandez2437@example.com,Cali,Colombia,bronce,2023-06-16
2438,Andres Lopez,andres.lopez2438@example.com,Ciudad de Mexico,Mexico,bronce,2024-10-11
2439,Paula Ramirez,paula.ramirez2439@example.com,Santiago,Chile,bronce,2022-01-02
2440,Luis Diaz,luis.diaz2440@example.com,Santiago,Chile,oro,2024-10-24
2441,Miguel Diaz,miguel.diaz2441@example.com,Ciudad de Mexico,Mexico,bronce,2023-12-26
2442,Ana Diaz,ana.diaz2442@example.com,Medellin,Colombia,bronce,2024-02-06
2443,Ana Ortiz,ana.ortiz2443@example.com,Medellin,Colombia,plata,2022-11-12
2444,Laura Sanchez,laura.sanchez2444@example.com,Guadalajara,Mexico,plata,2022-03-28
2445,Pablo Perez,pablo.perez2445@example.com,Lima,Peru,oro,2022-09-11
2446,Ruben Vargas,ruben.vargas2446@example.com,Madrid,Espana,bronce,2023-04-30
2447,Sergio Garcia,sergio.garcia2447@example.com,Santiago,Chile,bronce,2023-01-06
2448,Carmen Martinez,carmen.martinez2448@example.com,Cali,Colombia,bronce,2022-07-31
2449,Sergio Vargas,sergio.vargas2449@example.com,Barcelona,Espana,plata,2022-01-14
2450,Carlos Ramirez,carlos.ramirez2450@example.com,Barcelona,Espana,bronce,2024-02-03
2451,Paula Rojas,paula.rojas2451@example.com,Medellin,Colombia,bronce,2024-01-01
2452,Ruben Martinez,ruben.martinez2452@example.com,Valencia,Espana,bronce,2022-06-26
2453,Luis Mendoza,luis.mendoza2453@example.com,Barcelona,Espana,oro,2024-05-07
2454,Diego Torres,diego.torres2454@example.com,Bogota,Colombia,bronce,2024-12-06
2455,Paula Lopez,paula.lopez2455@example.com,Lima,Peru,bronce,2024-12-30
2456,Diego Gomez,diego.gomez2456@example.com,Buenos Aires,Argentina,oro,2022-08-02
2457,Paula Sanchez,paula.sanchez2457@example.com,Valencia,Espana,plata,2023-04-13
2458,Julia Torres,julia.torres2458@example.com,Buenos Aires,Argentina,plata,2022-02-27
2459,Diego Torres,diego.torres2459@example.com,Cali,Colombia,plata,2022-01-14
2460,Luis Diaz,luis.diaz2460@example.com,Buenos Aires,Argentina,bronce,2024-07-12
2461,Elena Torres,elena.torres2461@example.com,Valencia,Espana,oro,2024-11-26
2462,Laura Ortiz,laura.ortiz2462@example.com,Madrid,Espana,bronce,2022-08-10
2463,Diego Navarro,diego.navarro2463@example.com,Bogota,Colombia,platino,2023-05-23
2464,Pablo Torres,pablo.torres2464@example.com,Quito,Ecuador,bronce,2022-01-27
2465,Diego Navarro,diego.navarro2465@example.com,Ciudad de Mexico,Mexico,plata,2024-06-12
2466,Carlos Silva,carlos.silva2466@example.com,Madrid,Espana,bronce,2023-08-24
2467,Elena Silva,elena.silva2467@example.com,Quito,Ecuador,bronce,2022-11-16
2468,Andres Sanchez,andres.sanchez2468@example.com,Santiago,Chile,bronce,2024-11-27
2469,Ana Diaz,ana.diaz2469@example.com,Ciudad de Mexico,Mexico,plata,2022-05-29
2470,Laura Fernandez,laura.fernandez2470@example.com,Buenos Aires,Argentina,bronce,2022-10-20
2471,Ruben Rodriguez,ruben.rodriguez2471@example.com,Valencia,Espana,platino,2024-03-29
2472,Luis Rodriguez,luis.rodriguez2472@example.com,Guadalajara,Mexico,bronce,2023-03-24
2473,Sofia Castro,sofia.castro2473@example.com,Lima,Peru,plata,2024-02-07
2474,Laura Diaz,laura.diaz2474@example.com,Cali,Colombia,plata,2022-09-17
2475,Maria Silva,maria.silva2475@example.com,Madrid,Espana,bronce,2023-12-22
2476,Sofia Rojas,sofia.rojas2476@example.com,Santiago,Chile,plata,2023-09-03
2477,Lucia Rodriguez,lucia.rodriguez2477@example.com,Buenos Aires,Argentina,plata,2022-02-21
2478,Carlos Silva,carlos.silva2478@example.com,Buenos Aires,Argentina,plata,2022-12-20
2479,Luis Torres,luis.torres2479@example.com,Guadalajara,Mexico,plata,2022-11-22
2480,Maria Vargas,maria.vargas2480@example.com,Barcelona,Espana,plata,2023-10-10
2481,Andres Navarro,andres.navarro2481@example.com,Barcelona,Espana,bronce,2023-04-25
2482,Ruben Castro,ruben.castro2482@example.com,Santiago,Chile,bronce,2023-06-08
2483,Carlos Garcia,carlos.garcia2483@example.com,Lima,Peru,bronce,2022-07-05
2484,Elena Lopez,elena.lopez2484@example.com,Madrid,Espana,plata,2024-10-14
2485,Elena Diaz,elena.diaz2485@example.com,Ciudad de Mexico,Mexico,oro,2024-03-31
2486,Miguel Garcia,miguel.garcia2486@example.com,Ciudad de Mexico,Mexico,bronce,2024-01-04
2487,Laura Lopez,laura.lopez2487@example.com,Medellin,Colombia,bronce,2022-10-29
2488,Luis Herrera,luis.herrera2488@example.com,Guadalajara,Mexico,bronce,2024-01-18
2489,Lucia Martinez,lucia.martinez2489@example.com,Lima,Peru,plata,2022-09-15
2490,Miguel Lopez,miguel.lopez2490@example.com,Santiago,Chile,plata,2023-06-17
2491,Elena Ramirez,elena.ramirez2491@example.com,Barcelona,Espana,plata,2022-10-21
2492,Javier Rodriguez,javier.rodriguez2492@example.com,Cali,Colombia,plata,2022-11-28
2493,Julia Perez,julia.perez2493@example.com,Quito,Ecuador,plata,2023-12-13
2494,Carmen Ortiz,carmen.ortiz2494@example.com,Valencia,Espana,bronce,2022-12-10
2495,Sofia Castro,sofia.castro2495@example.com,Lima,Peru,bronce,2024-03-10
2496,Laura Navarro,laura.navarro2496@example.com,Cali,Colombia,bronce,2023-07-06
2497,Paula Fernandez,paula.fernandez2497@example.com,Ciudad de Mexico,Mexico,oro,2024-12-10
2498,Ruben Castro,ruben.castro2498@example.com,Bogota,Colombia,plata,2022-07-30
2499,Ana Sanchez,ana.sanchez2499@example.com,Quito,Ecuador,bronce,2024-10-31
2500,Julia Fernandez,julia.fernandez2500@example.com,Ciudad de Mexico,Mexico,bronce,2022-05-26
2501,Andres Lopez,andres.lopez2501@example.com,Ciudad de Mexico,Mexico,bronce,2023-08-25
2502,Luis Silva,luis.silva2502@example.com,Cali,Colombia,platino,2023-02-12
2503,Sergio Lopez,sergio.lopez2503@example.com,Barcelona,Espana,bronce,2024-04-03
2504,Maria Sanchez,maria.sanchez2504@example.com,Santiago,Chile,plata,2022-05-23
2505,Luis Torres,luis.torres2505@example.com,Bogota,Colombia,bronce,2022-10-06
2506,Maria Diaz,maria.diaz2506@example.com,Valencia,Espana,plata,2022-09-10
2507,Diego Gomez,diego.gomez2507@example.com,Santiago,Chile,plata,2024-10-05
2508,Carmen Fernandez,carmen.fernandez2508@example.com,Valencia,Espana,bronce,2023-08-09
2509,Sofia Perez,sofia.perez2509@example.com,Buenos Aires,Argentina,plata,2022-06-29
2510,Maria Ortiz,maria.ortiz2510@example.com,Cali,Colombia,bronce,2024-05-15
2511,Carlos Vargas,carlos.vargas2511@example.com,Santiago,Chile,oro,2022-11-09
2512,Ruben Ortiz,ruben.ortiz2512@example.com,Madrid,Espana,bronce,2022-09-04
2513,Alberto Navarro,alberto.navarro2513@example.com,Santiago,Chile,plata,2023-06-26
2514,Sergio Rojas,sergio.rojas2514@example.com,Valencia,Espana,bronce,2024-05-16
2515,Maria Silva,maria.silva2515@example.com,Lima,Peru,plata,2024-07-08
2516,Paula Martinez,paula.martinez2516@example.com,Medellin,Colombia,bronce,2022-01-18
2517,Andres Ortiz,andres.ortiz2517@example.com,Madrid,Espana,plata,2024-09-10
2518,Lucia Torres,lucia.torres2518@example.com,Cali,Colombia,bronce,2024-12-27
2519,Maria Moreno,maria.moreno2519@example.com,Madrid,Espana,bronce,2022-12-18
2520,Alberto Sanchez,alberto.sanchez2520@example.com,Bogota,Colombia,oro,2023-07-21
2521,Sofia Rodriguez,sofia.rodriguez2521@example.com,Buenos Aires,Argentina,bronce,2023-02-17
2522,Ana Mendoza,ana.mendoza2522@example.com,Ciudad de Mexico,Mexico,bronce,2023-06-06
2523,Laura Diaz,laura.diaz2523@example.com,Buenos Aires,Argentina,plata,2023-12-16
2524,Sofia Martinez,sofia.martinez2524@example.com,Lima,Peru,bronce,2023-12-14
2525,Luis Rojas,luis.rojas2525@example.com,Cali,Colombia,oro,2023-06-04
2526,Elena Rodriguez,elena.rodriguez2526@example.com,Ciudad de Mexico,Mexico,bronce,2023-06-05
2527,Diego Torres,diego.torres2527@example.com,Madrid,Espana,oro,2023-06-19
2528,Julia Moreno,julia.moreno2528@example.com,Bogota,Colombia,oro,2023-03-23
2529,Luis Moreno,luis.moreno2529@example.com,Buenos Aires,Argentina,bronce,2022-05-15
2530,Pablo Torres,pablo.torres2530@example.com,Madrid,Espana,bronce,2023-02-11
2531,Julia Fernandez,julia.fernandez2531@example.com,Medellin,Colombia,plata,2024-02-23
2532,Paula Silva,paula.silva2532@example.com,Barcelona,Espana,plata,2024-12-06
2533,Julia Lopez,julia.lopez2533@example.com,Lima,Peru,bronce,2024-06-08
2534,Carlos Rodriguez,carlos.rodriguez2534@example.com,Ciudad de Mexico,Mexico,bronce,2024-08-01
2535,Paula Lopez,paula.lopez2535@example.com,Guadalajara,Mexico,bronce,2024-05-07
2536,Alberto Silva,alberto.silva2536@example.com,Buenos Aires,Argentina,plata,2023-07-05
2537,Elena Torres,elena.torres2537@example.com,Valencia,Espana,plata,2024-01-17
2538,Diego Garcia,diego.garcia2538@example.com,Madrid,Espana,bronce,2024-07-04
2539,Lucia Lopez,lucia.lopez2539@example.com,Medellin,Colombia,bronce,2022-09-02
2540,Diego Garcia,diego.garcia2540@example.com,Valencia,Espana,plata,2022-06-13
2541,Javier Silva,javier.silva2541@example.com,Bogota,Colombia,oro,2022-10-19
2542,Alberto Torres,alberto.torres2542@example.com,Bogota,Colombia,bronce,2023-08-03
2543,Alberto Rodriguez,alberto.rodriguez2543@example.com,Santiago,Chile,bronce,2024-05-10
2544,Miguel Sanchez,miguel.sanchez2544@example.com,Bogota,Colombia,bronce,2023-05-08
2545,Paula Castro,paula.castro2545@example.com,Barcelona,Espana,plata,2024-12-12
2546,Miguel Vargas,miguel.vargas2546@example.com,Quito,Ecuador,bronce,2022-12-22
2547,Sergio Silva,sergio.silva2547@example.com,Madrid,Espana,bronce,2023-05-21
2548,Pablo Garcia,pablo.garcia2548@example.com,Valencia,Espana,plata,2024-10-02
2549,Diego Rodriguez,diego.rodriguez2549@example.com,Medellin,Colombia,bronce,2022-07-06
2550,Maria Garcia,maria.garcia2550@example.com,Madrid,Espana,bronce,2024-06-30
2551,Andres Fernandez,andres.fernandez2551@example.com,Lima,Peru,bronce,2022-06-15
2552,Elena Moreno,elena.moreno2552@example.com,Medellin,Colombia,bronce,2024-09-20
2553,Laura Rojas,laura.rojas2553@example.com,Santiago,Chile,bronce,2022-12-20
2554,Carlos Sanchez,carlos.sanchez2554@example.com,Barcelona,Espana,bronce,2023-11-27
2555,Alberto Rojas,alberto.rojas2555@example.com,Ciudad de Mexico,Mexico,bronce,2024-02-19
2556,Maria Rojas,maria.rojas2556@example.com,Barcelona,Espana,bronce,2023-02-16
2557,Sergio Lopez,sergio.lopez2557@example.com,Valencia,Espana,oro,2023-08-26
2558,Ruben Moreno,ruben.moreno2558@example.com,Medellin,Colombia,oro,2024-04-08
2559,Ana Diaz,ana.diaz2559@example.com,Lima,Peru,bronce,2024-08-17
2560,Pablo Rodriguez,pablo.rodriguez2560@example.com,Bogota,Colombia,plata,2022-04-29
2561,Pablo Fernandez,pablo.fernandez2561@example.com,Santiago,Chile,bronce,2023-06-27
2562,Miguel Herrera,miguel.herrera2562@example.com,Barcelona,Espana,oro,2024-07-23
2563,Andres Rojas,andres.rojas2563@example.com,Bogota,Colombia,oro,2023-09-01
2564,Sofia Perez,sofia.perez2564@example.com,Guadalajara,Mexico,plata,2022-02-01
2565,Sofia Herrera,sofia.herrera2565@example.com,Cali,Colombia,plata,2022-05-18
2566,Sofia Fernandez,sofia.fernandez2566@example.com,Ciudad de Mexico,Mexico,bronce,2024-06-14
2567,Paula Torres,paula.torres2567@example.com,Buenos Aires,Argentina,bronce,2023-04-09
2568,Carmen Rodriguez,carmen.rodriguez2568@example.com,Madrid,Espana,bronce,2024-02-10
2569,Miguel Navarro,miguel.navarro2569@example.com,Buenos Aires,Argentina,bronce,2024-09-04
2570,Julia Silva,julia.silva2570@example.com,Lima,Peru,plata,2022-04-07
2571,Paula Lopez,paula.lopez2571@example.com,Santiago,Chile,bronce,2023-05-14
2572,Julia Vargas,julia.vargas2572@example.com,Bogota,Colombia,bronce,2022-06-10
2573,Marta Herrera,marta.herrera2573@example.com,Medellin,Colombia,plata,2024-07-11
2574,Miguel Ramirez,miguel.ramirez2574@example.com,Quito,Ecuador,plata,2023-05-11
2575,Sergio Sanchez,sergio.sanchez2575@example.com,Santiago,Chile,plata,2024-08-17
2576,Elena Navarro,elena.navarro2576@example.com,Quito,Ecuador,bronce,2022-11-25
2577,Javier Perez,javier.perez2577@example.com,Lima,Peru,oro,2022-06-09
2578,Diego Gomez,diego.gomez2578@example.com,Cali,Colombia,bronce,2024-08-07
2579,Alberto Fernandez,alberto.fernandez2579@example.com,Barcelona,Espana,plata,2023-11-03
2580,Pablo Mendoza,pablo.mendoza2580@example.com,Valencia,Espana,bronce,2022-07-31
2581,Miguel Ramirez,miguel.ramirez2581@example.com,Bogota,Colombia,bronce,2024-01-31
2582,Diego Moreno,diego.moreno2582@example.com,Lima,Peru,platino,2023-04-02
2583,Javier Ortiz,javier.ortiz2583@example.com,Bogota,Colombia,bronce,2022-02-21
2584,Andres Ortiz,andres.ortiz2584@example.com,Medellin,Colombia,bronce,2022-10-13
2585,Miguel Mendoza,miguel.mendoza2585@example.com,Lima,Peru,bronce,2024-04-01
2586,Pablo Ortiz,pablo.ortiz2586@example.com,Barcelona,Espana,platino,2022-05-20
2587,Miguel Ortiz,miguel.ortiz2587@example.com,Guadalajara,Mexico,oro,2023-01-05
2588,Elena Navarro,elena.navarro2588@example.com,Ciudad de Mexico,Mexico,bronce,2022-10-12
2589,Alberto Castro,alberto.castro2589@example.com,Quito,Ecuador,plata,2024-03-13
2590,Elena Martinez,elena.martinez2590@example.com,Cali,Colombia,bronce,2024-07-30
2591,Luis Martinez,luis.martinez2591@example.com,Ciudad de Mexico,Mexico,plata,2024-05-12
2592,Miguel Herrera,miguel.herrera2592@example.com,Lima,Peru,bronce,2024-02-23
2593,Lucia Gomez,lucia.gomez2593@example.com,Quito,Ecuador,bronce,2022-04-09
2594,Luis Silva,luis.silva2594@example.com,Buenos Aires,Argentina,plata,2024-09-28
2595,Elena Ortiz,elena.ortiz2595@example.com,Buenos Aires,Argentina,oro,2022-06-27
2596,Carlos Castro,carlos.castro2596@example.com,Lima,Peru,bronce,2023-03-20
2597,Lucia Herrera,lucia.herrera2597@example.com,Quito,Ecuador,bronce,2024-06-25
2598,Marta Perez,marta.perez2598@example.com,Buenos Aires,Argentina,oro,2022-09-21
2599,Alberto Diaz,alberto.diaz2599@example.com,Bogota,Colombia,bronce,2022-08-26
2600,Miguel Navarro,miguel.navarro2600@example.com,Guadalajara,Mexico,bronce,2022-01-29
2601,Ruben Silva,ruben.silva2601@example.com,Valencia,Espana,bronce,2023-01-28
2602,Laura Sanchez,laura.sanchez2602@example.com,Ciudad de Mexico,Mexico,bronce,2023-06-27
2603,Sergio Ortiz,sergio.ortiz2603@example.com,Cali,Colombia,bronce,2023-05-27
2604,Pablo Torres,pablo.torres2604@example.com,Quito,Ecuador,bronce,2022-02-13
2605,Sergio Silva,sergio.silva2605@example.com,Ciudad de Mexico,Mexico,bronce,2022-08-13
2606,Sergio Ramirez,sergio.ramirez2606@example.com,Quito,Ecuador,bronce,2022-01-05
2607,Lucia Castro,lucia.castro2607@example.com,Santiago,Chile,oro,2022-09-04
2608,Javier Lopez,javier.lopez2608@example.com,Lima,Peru,bronce,2023-10-25
2609,Lucia Gomez,lucia.gomez2609@example.com,Valencia,Espana,plata,2022-01-10
2610,Paula Moreno,paula.moreno2610@example.com,Santiago,Chile,bronce,2022-06-30
2611,Alberto Silva,alberto.silva2611@example.com,Bogota,Colombia,bronce,2023-08-19
2612,Julia Rodriguez,julia.rodriguez2612@example.com,Ciudad de Mexico,Mexico,bronce,2023-09-05
2613,Carlos Rodriguez,carlos.rodriguez2613@example.com,Cali,Colombia,bronce,2024-09-08
2614,Pablo Rojas,pablo.rojas2614@example.com,Bogota,Colombia,plata,2023-09-21
2615,Maria Diaz,maria.diaz2615@example.com,Quito,Ecuador,bronce,2024-10-10
2616,Andres Silva,andres.silva2616@example.com,Lima,Peru,plata,2024-03-03
2617,Alberto Rodriguez,alberto.rodriguez2617@example.com,Ciudad de Mexico,Mexico,oro,2023-08-26
2618,Luis Gomez,luis.gomez2618@example.com,Madrid,Espana,bronce,2023-02-24
2619,Andres Garcia,andres.garcia2619@example.com,Valencia,Espana,oro,2022-05-02
2620,Julia Moreno,julia.moreno2620@example.com,Valencia,Espana,bronce,2024-02-12
2621,Paula Mendoza,paula.mendoza2621@example.com,Quito,Ecuador,bronce,2024-10-24
2622,Miguel Lopez,miguel.lopez2622@example.com,Medellin,Colombia,bronce,2023-02-05
2623,Maria Gomez,maria.gomez2623@example.com,Madrid,Espana,oro,2023-01-25
2624,Julia Silva,julia.silva2624@example.com,Guadalajara,Mexico,plata,2022-04-18
2625,Julia Garcia,julia.garcia2625@example.com,Quito,Ecuador,platino,2023-10-17
2626,Pablo Navarro,pablo.navarro2626@example.com,Ciudad de Mexico,Mexico,plata,2022-12-06
2627,Alberto Mendoza,alberto.mendoza2627@example.com,Cali,Colombia,bronce,2022-01-12
2628,Ana Lopez,ana.lopez2628@example.com,Valencia,Espana,oro,2022-01-09
2629,Carmen Martinez,carmen.martinez2629@example.com,Lima,Peru,platino,2023-01-03
2630,Ana Rojas,ana.rojas2630@example.com,Barcelona,Espana,plata,2023-05-22
2631,Julia Garcia,julia.garcia2631@example.com,Quito,Ecuador,plata,2023-05-16
2632,Andres Ramirez,andres.ramirez2632@example.com,Valencia,Espana,oro,2024-03-21
2633,Julia Rodriguez,julia.rodriguez2633@example.com,Barcelona,Espana,bronce,2023-08-02
2634,Pablo Ramirez,pablo.ramirez2634@example.com,Medellin,Colombia,oro,2024-05-09
2635,Luis Fernandez,luis.fernandez2635@example.com,Madrid,Espana,platino,2022-11-22
2636,Ana Moreno,ana.moreno2636@example.com,Madrid,Espana,plata,2022-09-12
2637,Elena Mendoza,elena.mendoza2637@example.com,Valencia,Espana,bronce,2023-08-14
2638,Marta Torres,marta.torres2638@example.com,Buenos Aires,Argentina,bronce,2022-04-26
2639,Carlos Castro,carlos.castro2639@example.com,Santiago,Chile,platino,2024-04-17
2640,Ruben Castro,ruben.castro2640@example.com,Valencia,Espana,oro,2022-07-23
2641,Laura Navarro,laura.navarro2641@example.com,Guadalajara,Mexico,plata,2024-09-29
2642,Diego Sanchez,diego.sanchez2642@example.com,Medellin,Colombia,oro,2024-12-13
2643,Laura Sanchez,laura.sanchez2643@example.com,Cali,Colombia,bronce,2023-08-12
2644,Diego Fernandez,diego.fernandez2644@example.com,Medellin,Colombia,oro,2022-12-08
2645,Diego Moreno,diego.moreno2645@example.com,Lima,Peru,bronce,2023-01-06
2646,Ana Mendoza,ana.mendoza2646@example.com,Ciudad de Mexico,Mexico,bronce,2023-04-16
2647,Pablo Perez,pablo.perez2647@example.com,Ciudad de Mexico,Mexico,bronce,2023-06-09
2648,Sergio Martinez,sergio.martinez2648@example.com,Lima,Peru,bronce,2022-03-24
2649,Julia Castro,julia.castro2649@example.com,Guadalajara,Mexico,bronce,2022-08-05
2650,Elena Vargas,elena.vargas2650@example.com,Barcelona,Espana,plata,2024-05-14
2651,Ruben Fernandez,ruben.fernandez2651@example.com,Valencia,Espana,bronce,2022-02-27
2652,Ruben Lopez,ruben.lopez2652@example.com,Medellin,Colombia,plata,2023-05-07
2653,Alberto Silva,alberto.silva2653@example.com,Barcelona,Espana,bronce,2024-08-16
2654,Miguel Silva,miguel.silva2654@example.com,Buenos Aires,Argentina,oro,2022-04-06
2655,Ruben Moreno,ruben.moreno2655@example.com,Cali,Colombia,bronce,2024-10-10
2656,Pablo Vargas,pablo.vargas2656@example.com,Madrid,Espana,plata,2023-06-02
2657,Luis Perez,luis.perez2657@example.com,Medellin,Colombia,plata,2023-04-09
2658,Javier Diaz,javier.diaz2658@example.com,Santiago,Chile,bronce,2024-02-21
2659,Andres Rodriguez,andres.rodriguez2659@example.com,Lima,Peru,bronce,2024-05-01
2660,Carlos Sanchez,carlos.sanchez2660@example.com,Quito,Ecuador,bronce,2023-06-02
2661,Sofia Torres,sofia.torres2661@example.com,Quito,Ecuador,bronce,2022-04-02
2662,Sergio Diaz,sergio.diaz2662@example.com,Guadalajara,Mexico,bronce,2024-11-26
2663,Maria Rodriguez,maria.rodriguez2663@example.com,Quito,Ecuador,bronce,2022-01-10
2664,Diego Navarro,diego.navarro2664@example.com,Quito,Ecuador,plata,2024-08-12
2665,Laura Perez,laura.perez2665@example.com,Guadalajara,Mexico,bronce,2023-04-21
2666,Lucia Ramirez,lucia.ramirez2666@example.com,Medellin,Colombia,bronce,2023-07-18
2667,Laura Torres,laura.torres2667@example.com,Quito,Ecuador,bronce,2024-04-17
2668,Alberto Torres,alberto.torres2668@example.com,Medellin,Colombia,bronce,2024-10-26
2669,Luis Silva,luis.silva2669@example.com,Barcelona,Espana,bronce,2022-06-14
2670,Alberto Moreno,alberto.moreno2670@example.com,Barcelona,Espana,plata,2024-06-07
2671,Sergio Mendoza,sergio.mendoza2671@example.com,Ciudad de Mexico,Mexico,plata,2023-12-25
2672,Ruben Fernandez,ruben.fernandez2672@example.com,Madrid,Espana,bronce,2023-02-08
2673,Ruben Perez,ruben.perez2673@example.com,Barcelona,Espana,bronce,2023-04-12
2674,Carlos Diaz,carlos.diaz2674@example.com,Valencia,Espana,bronce,2024-04-24
2675,Julia Vargas,julia.vargas2675@example.com,Ciudad de Mexico,Mexico,plata,2022-06-03
2676,Pablo Gomez,pablo.gomez2676@example.com,Cali,Colombia,bronce,2023-07-08
2677,Alberto Torres,alberto.torres2677@example.com,Ciudad de Mexico,Mexico,oro,2024-03-01
2678,Ruben Lopez,ruben.lopez2678@example.com,Ciudad de Mexico,Mexico,plata,2023-08-14
2679,Pablo Vargas,pablo.vargas2679@example.com,Quito,Ecuador,plata,2023-05-06
2680,Miguel Moreno,miguel.moreno2680@example.com,Valencia,Espana,bronce,2023-07-25
2681,Maria Ramirez,maria.ramirez2681@example.com,Cali,Colombia,oro,2023-07-15
2682,Maria Mendoza,maria.mendoza2682@example.com,Guadalajara,Mexico,bronce,2024-05-30
2683,Miguel Navarro,miguel.navarro2683@example.com,Bogota,Colombia,bronce,2024-06-17
2684,Paula Ortiz,paula.ortiz2684@example.com,Valencia,Espana,oro,2024-10-02
2685,Lucia Rodriguez,lucia.rodriguez2685@example.com,Madrid,Espana,plata,2022-03-20
2686,Diego Mendoza,diego.mendoza2686@example.com,Bogota,Colombia,bronce,2022-12-16
2687,Laura Gomez,laura.gomez2687@example.com,Bogota,Colombia,bronce,2024-08-18
2688,Pablo Torres,pablo.torres2688@example.com,Valencia,Espana,bronce,2023-12-04
2689,Carmen Diaz,carmen.diaz2689@example.com,Bogota,Colombia,oro,2023-02-17
2690,Alberto Perez,alberto.perez2690@example.com,Buenos Aires,Argentina,bronce,2023-11-20
2691,Marta Mendoza,marta.mendoza2691@example.com,Santiago,Chile,bronce,2023-05-23
2692,Carmen Castro,carmen.castro2692@example.com,Ciudad de Mexico,Mexico,bronce,2024-08-29
2693,Julia Navarro,julia.navarro2693@example.com,Madrid,Espana,platino,2023-09-04
2694,Sofia Navarro,sofia.navarro2694@example.com,Buenos Aires,Argentina,plata,2023-05-05
2695,Julia Diaz,julia.diaz2695@example.com,Barcelona,Espana,bronce,2023-11-14
2696,Miguel Moreno,miguel.moreno2696@example.com,Madrid,Espana,oro,2022-07-28
2697,Maria Ramirez,maria.ramirez2697@example.com,Ciudad de Mexico,Mexico,bronce,2024-04-23
2698,Sofia Torres,sofia.torres2698@example.com,Cali,Colombia,plata,2022-08-11
2699,Maria Moreno,maria.moreno2699@example.com,Bogota,Colombia,plata,2022-01-26
2700,Maria Rojas,maria.rojas2700@example.com,Quito,Ecuador,bronce,2022-02-26
2701,Ruben Ortiz,ruben.ortiz2701@example.com,Barcelona,Espana,plata,2022-03-14
2702,Sergio Herrera,sergio.herrera2702@example.com,Madrid,Espana,platino,2022-04-21
2703,Laura Castro,laura.castro2703@example.com,Guadalajara,Mexico,bronce,2022-02-25
2704,Paula Ortiz,paula.ortiz2704@example.com,Cali,Colombia,bronce,2022-11-26
2705,Luis Martinez,luis.martinez2705@example.com,Santiago,Chile,oro,2024-11-18
2706,Javier Herrera,javier.herrera2706@example.com,Madrid,Espana,bronce,2022-04-23
2707,Marta Fernandez,marta.fernandez2707@example.com,Cali,Colombia,bronce,2024-01-11
2708,Elena Diaz,elena.diaz2708@example.com,Barcelona,Espana,bronce,2024-08-11
2709,Marta Herrera,marta.herrera2709@example.com,Madrid,Espana,oro,2024-06-05
2710,Ruben Perez,ruben.perez2710@example.com,Cali,Colombia,plata,2023-02-01
2711,Luis Mendoza,luis.mendoza2711@example.com,Buenos Aires,Argentina,platino,2022-02-27
2712,Ana Torres,ana.torres2712@example.com,Barcelona,Espana,bronce,2023-02-08
2713,Julia Gomez,julia.gomez2713@example.com,Lima,Peru,platino,2023-10-21
2714,Lucia Gomez,lucia.gomez2714@example.com,Ciudad de Mexico,Mexico,bronce,2024-04-09
2715,Lucia Diaz,lucia.diaz2715@example.com,Cali,Colombia,plata,2022-06-05
2716,Diego Ortiz,diego.ortiz2716@example.com,Quito,Ecuador,plata,2022-11-26
2717,Sofia Martinez,sofia.martinez2717@example.com,Bogota,Colombia,bronce,2023-10-21
2718,Andres Ramirez,andres.ramirez2718@example.com,Valencia,Espana,plata,2024-02-23
2719,Pablo Silva,pablo.silva2719@example.com,Santiago,Chile,bronce,2022-12-07
2720,Carlos Torres,carlos.torres2720@example.com,Barcelona,Espana,bronce,2024-06-19
2721,Carmen Vargas,carmen.vargas2721@example.com,Lima,Peru,plata,2024-05-27
2722,Andres Gomez,andres.gomez2722@example.com,Santiago,Chile,bronce,2023-01-30
2723,Maria Martinez,maria.martinez2723@example.com,Quito,Ecuador,plata,2023-08-11
2724,Miguel Castro,miguel.castro2724@example.com,Cali,Colombia,bronce,2023-06-08
2725,Sergio Ortiz,sergio.ortiz2725@example.com,Guadalajara,Mexico,bronce,2024-01-03
2726,Carmen Ramirez,carmen.ramirez2726@example.com,Lima,Peru,plata,2022-12-19
2727,Maria Diaz,maria.diaz2727@example.com,Barcelona,Espana,bronce,2022-12-27
2728,Ana Martinez,ana.martinez2728@example.com,Bogota,Colombia,platino,2023-04-09
2729,Pablo Ortiz,pablo.ortiz2729@example.com,Cali,Colombia,platino,2022-08-25
2730,Diego Mendoza,diego.mendoza2730@example.com,Guadalajara,Mexico,bronce,2023-09-28
2731,Alberto Ortiz,alberto.ortiz2731@example.com,Buenos Aires,Argentina,bronce,2024-11-15
2732,Lucia Fernandez,lucia.fernandez2732@example.com,Quito,Ecuador,bronce,2023-01-18
2733,Julia Castro,julia.castro2733@example.com,Cali,Colombia,plata,2024-07-31
2734,Laura Diaz,laura.diaz2734@example.com,Valencia,Espana,bronce,2023-05-24
2735,Sofia Sanchez,sofia.sanchez2735@example.com,Valencia,Espana,oro,2022-07-01
2736,Maria Sanchez,maria.sanchez2736@example.com,Santiago,Chile,platino,2023-06-28
2737,Pablo Fernandez,pablo.fernandez2737@example.com,Cali,Colombia,bronce,2023-07-01
2738,Carlos Vargas,carlos.vargas2738@example.com,Guadalajara,Mexico,plata,2022-01-27
2739,Diego Martinez,diego.martinez2739@example.com,Ciudad de Mexico,Mexico,bronce,2023-06-09
2740,Elena Moreno,elena.moreno2740@example.com,Santiago,Chile,bronce,2022-06-29
2741,Carlos Torres,carlos.torres2741@example.com,Valencia,Espana,bronce,2024-05-19
2742,Luis Mendoza,luis.mendoza2742@example.com,Valencia,Espana,plata,2023-08-16
2743,Lucia Perez,lucia.perez2743@example.com,Buenos Aires,Argentina,bronce,2022-11-30
2744,Julia Rodriguez,julia.rodriguez2744@example.com,Cali,Colombia,oro,2022-01-03
2745,Carlos Gomez,carlos.gomez2745@example.com,Santiago,Chile,bronce,2023-09-18
2746,Sofia Navarro,sofia.navarro2746@example.com,Barcelona,Espana,plata,2024-02-11
2747,Laura Gomez,laura.gomez2747@example.com,Bogota,Colombia,oro,2023-04-10
2748,Paula Moreno,paula.moreno2748@example.com,Quito,Ecuador,plata,2024-09-18
2749,Sofia Silva,sofia.silva2749@example.com,Lima,Peru,bronce,2022-08-03
2750,Alberto Perez,alberto.perez2750@example.com,Madrid,Espana,bronce,2024-04-06
2751,Laura Castro,laura.castro2751@example.com,Santiago,Chile,bronce,2023-06-27
2752,Luis Sanchez,luis.sanchez2752@example.com,Madrid,Espana,bronce,2022-12-10
2753,Pablo Fernandez,pablo.fernandez2753@example.com,Barcelona,Espana,oro,2022-11-12
2754,Andres Perez,andres.perez2754@example.com,Lima,Peru,bronce,2023-05-08
2755,Alberto Rojas,alberto.rojas2755@example.com,Barcelona,Espana,bronce,2022-03-30
2756,Ruben Mendoza,ruben.mendoza2756@example.com,Bogota,Colombia,plata,2023-12-14
2757,Ruben Perez,ruben.perez2757@example.com,Barcelona,Espana,bronce,2023-03-24
2758,Carmen Perez,carmen.perez2758@example.com,Guadalajara,Mexico,oro,2024-01-16
2759,Miguel Silva,miguel.silva2759@example.com,Madrid,Espana,bronce,2023-07-19
2760,Sofia Torres,sofia.torres2760@example.com,Bogota,Colombia,bronce,2024-12-06
2761,Maria Ramirez,maria.ramirez2761@example.com,Bogota,Colombia,plata,2022-04-01
2762,Sofia Moreno,sofia.moreno2762@example.com,Guadalajara,Mexico,bronce,2023-06-24
2763,Miguel Martinez,miguel.martinez2763@example.com,Cali,Colombia,oro,2023-08-11
2764,Ana Mendoza,ana.mendoza2764@example.com,Valencia,Espana,bronce,2022-10-01
2765,Laura Fernandez,laura.fernandez2765@example.com,Cali,Colombia,bronce,2024-01-07
2766,Lucia Rojas,lucia.rojas2766@example.com,Cali,Colombia,bronce,2023-02-01
2767,Miguel Diaz,miguel.diaz2767@example.com,Medellin,Colombia,bronce,2024-04-16
2768,Alberto Herrera,alberto.herrera2768@example.com,Ciudad de Mexico,Mexico,plata,2024-10-07
2769,Diego Castro,diego.castro2769@example.com,Bogota,Colombia,bronce,2024-07-23
2770,Alberto Lopez,alberto.lopez2770@example.com,Medellin,Colombia,plata,2023-11-24
2771,Andres Lopez,andres.lopez2771@example.com,Santiago,Chile,oro,2024-02-26
2772,Ana Mendoza,ana.mendoza2772@example.com,Bogota,Colombia,bronce,2024-08-04
2773,Laura Ramirez,laura.ramirez2773@example.com,Bogota,Colombia,plata,2024-12-09
2774,Marta Perez,marta.perez2774@example.com,Barcelona,Espana,bronce,2024-03-03
2775,Lucia Martinez,lucia.martinez2775@example.com,Buenos Aires,Argentina,oro,2024-09-26
2776,Elena Martinez,elena.martinez2776@example.com,Buenos Aires,Argentina,bronce,2024-11-23
2777,Lucia Ortiz,lucia.ortiz2777@example.com,Buenos Aires,Argentina,plata,2022-07-12
2778,Julia Navarro,julia.navarro2778@example.com,Valencia,Espana,bronce,2023-07-03
2779,Miguel Fernandez,miguel.fernandez2779@example.com,Cali,Colombia,bronce,2023-01-27
2780,Ana Sanchez,ana.sanchez2780@example.com,Bogota,Colombia,bronce,2024-11-06
2781,Elena Diaz,elena.diaz2781@example.com,Santiago,Chile,bronce,2024-03-25
2782,Julia Martinez,julia.martinez2782@example.com,Medellin,Colombia,oro,2024-08-28
2783,Sergio Ramirez,sergio.ramirez2783@example.com,Medellin,Colombia,bronce,2023-01-18
2784,Paula Castro,paula.castro2784@example.com,Cali,Colombia,platino,2024-07-12
2785,Julia Navarro,julia.navarro2785@example.com,Santiago,Chile,bronce,2022-03-30
2786,Maria Gomez,maria.gomez2786@example.com,Buenos Aires,Argentina,bronce,2024-10-25
2787,Javier Lopez,javier.lopez2787@example.com,Santiago,Chile,bronce,2022-09-09
2788,Luis Martinez,luis.martinez2788@example.com,Cali,Colombia,bronce,2023-07-30
2789,Ana Fernandez,ana.fernandez2789@example.com,Santiago,Chile,oro,2024-02-24
2790,Paula Castro,paula.castro2790@example.com,Lima,Peru,bronce,2024-03-24
2791,Julia Rodriguez,julia.rodriguez2791@example.com,Ciudad de Mexico,Mexico,oro,2022-08-21
2792,Carlos Herrera,carlos.herrera2792@example.com,Buenos Aires,Argentina,bronce,2023-09-01
2793,Marta Torres,marta.torres2793@example.com,Lima,Peru,bronce,2023-08-04
2794,Lucia Herrera,lucia.herrera2794@example.com,Lima,Peru,bronce,2024-04-30
2795,Luis Torres,luis.torres2795@example.com,Bogota,Colombia,plata,2022-12-18
2796,Julia Lopez,julia.lopez2796@example.com,Buenos Aires,Argentina,bronce,2024-04-16
2797,Ruben Garcia,ruben.garcia2797@example.com,Cali,Colombia,oro,2023-11-06
2798,Pablo Vargas,pablo.vargas2798@example.com,Barcelona,Espana,bronce,2024-04-10
2799,Marta Ramirez,marta.ramirez2799@example.com,Medellin,Colombia,bronce,2024-08-16
2800,Miguel Silva,miguel.silva2800@example.com,Quito,Ecuador,plata,2023-04-15
2801,Sergio Mendoza,sergio.mendoza2801@example.com,Quito,Ecuador,plata,2023-04-19
2802,Sofia Lopez,sofia.lopez2802@example.com,Santiago,Chile,oro,2024-05-21
2803,Alberto Gomez,alberto.gomez2803@example.com,Quito,Ecuador,bronce,2024-05-06
2804,Luis Sanchez,luis.sanchez2804@example.com,Ciudad de Mexico,Mexico,plata,2024-08-17
2805,Carlos Martinez,carlos.martinez2805@example.com,Santiago,Chile,bronce,2023-08-26
2806,Alberto Garcia,alberto.garcia2806@example.com,Barcelona,Espana,platino,2023-11-28
2807,Javier Rodriguez,javier.rodriguez2807@example.com,Bogota,Colombia,bronce,2022-03-06
2808,Elena Ramirez,elena.ramirez2808@example.com,Valencia,Espana,oro,2023-05-13
2809,Sergio Lopez,sergio.lopez2809@example.com,Quito,Ecuador,bronce,2022-09-27
2810,Carlos Lopez,carlos.lopez2810@example.com,Guadalajara,Mexico,plata,2024-07-23
2811,Lucia Martinez,lucia.martinez2811@example.com,Quito,Ecuador,oro,2022-05-15
2812,Javier Moreno,javier.moreno2812@example.com,Medellin,Colombia,oro,2024-05-02
2813,Carlos Castro,carlos.castro2813@example.com,Medellin,Colombia,bronce,2024-07-05
2814,Alberto Navarro,alberto.navarro2814@example.com,Buenos Aires,Argentina,bronce,2023-05-30
2815,Carlos Martinez,carlos.martinez2815@example.com,Ciudad de Mexico,Mexico,oro,2024-01-02
2816,Luis Sanchez,luis.sanchez2816@example.com,Medellin,Colombia,plata,2023-09-27
2817,Andres Torres,andres.torres2817@example.com,Bogota,Colombia,plata,2024-01-25
2818,Ruben Castro,ruben.castro2818@example.com,Ciudad de Mexico,Mexico,bronce,2024-01-21
2819,Maria Martinez,maria.martinez2819@example.com,Madrid,Espana,bronce,2022-10-05
2820,Marta Sanchez,marta.sanchez2820@example.com,Valencia,Espana,bronce,2024-01-24
2821,Lucia Diaz,lucia.diaz2821@example.com,Madrid,Espana,plata,2024-09-14
2822,Paula Garcia,paula.garcia2822@example.com,Barcelona,Espana,bronce,2022-12-07
2823,Maria Fernandez,maria.fernandez2823@example.com,Valencia,Espana,bronce,2022-12-02
2824,Alberto Herrera,alberto.herrera2824@example.com,Madrid,Espana,oro,2022-11-17
2825,Carmen Ramirez,carmen.ramirez2825@example.com,Madrid,Espana,bronce,2024-09-25
2826,Paula Diaz,paula.diaz2826@example.com,Santiago,Chile,oro,2024-08-29
2827,Miguel Torres,miguel.torres2827@example.com,Valencia,Espana,bronce,2023-01-16
2828,Julia Ortiz,julia.ortiz2828@example.com,Ciudad de Mexico,Mexico,bronce,2024-10-23
2829,Carmen Ramirez,carmen.ramirez2829@example.com,Barcelona,Espana,bronce,2024-04-13
2830,Maria Ramirez,maria.ramirez2830@example.com,Quito,Ecuador,bronce,2023-03-17
2831,Julia Ortiz,julia.ortiz2831@example.com,Valencia,Espana,plata,2024-06-22
2832,Sergio Lopez,sergio.lopez2832@example.com,Buenos Aires,Argentina,bronce,2024-09-27
2833,Elena Rodriguez,elena.rodriguez2833@example.com,Guadalajara,Mexico,bronce,2024-08-09
2834,Lucia Diaz,lucia.diaz2834@example.com,Santiago,Chile,bronce,2023-05-31
2835,Miguel Gomez,miguel.gomez2835@example.com,Guadalajara,Mexico,plata,2022-08-26
2836,Lucia Sanchez,lucia.sanchez2836@example.com,Ciudad de Mexico,Mexico,oro,2022-07-03
2837,Alberto Martinez,alberto.martinez2837@example.com,Santiago,Chile,bronce,2024-06-24
2838,Ruben Mendoza,ruben.mendoza2838@example.com,Santiago,Chile,bronce,2024-03-13
2839,Laura Castro,laura.castro2839@example.com,Medellin,Colombia,bronce,2024-02-16
2840,Alberto Rojas,alberto.rojas2840@example.com,Quito,Ecuador,plata,2022-02-20
2841,Sofia Martinez,sofia.martinez2841@example.com,Quito,Ecuador,bronce,2024-11-23
2842,Marta Gomez,marta.gomez2842@example.com,Buenos Aires,Argentina,bronce,2022-05-05
2843,Sergio Castro,sergio.castro2843@example.com,Quito,Ecuador,plata,2023-09-28
2844,Diego Ramirez,diego.ramirez2844@example.com,Barcelona,Espana,bronce,2024-10-27
2845,Diego Rojas,diego.rojas2845@example.com,Ciudad de Mexico,Mexico,plata,2022-09-23
2846,Diego Rojas,diego.rojas2846@example.com,Guadalajara,Mexico,bronce,2023-07-21
2847,Ruben Diaz,ruben.diaz2847@example.com,Quito,Ecuador,oro,2024-07-09
2848,Miguel Herrera,miguel.herrera2848@example.com,Barcelona,Espana,bronce,2022-10-19
2849,Javier Perez,javier.perez2849@example.com,Santiago,Chile,bronce,2022-04-22
2850,Miguel Rodriguez,miguel.rodriguez2850@example.com,Madrid,Espana,bronce,2023-06-11
2851,Carlos Ortiz,carlos.ortiz2851@example.com,Medellin,Colombia,bronce,2024-05-20
2852,Miguel Garcia,miguel.garcia2852@example.com,Buenos Aires,Argentina,plata,2023-09-26
2853,Maria Perez,maria.perez2853@example.com,Bogota,Colombia,bronce,2023-04-30
2854,Luis Martinez,luis.martinez2854@example.com,Lima,Peru,bronce,2023-12-01
2855,Marta Sanchez,marta.sanchez2855@example.com,Quito,Ecuador,plata,2022-02-26
2856,Luis Fernandez,luis.fernandez2856@example.com,Barcelona,Espana,bronce,2023-01-17
2857,Pablo Martinez,pablo.martinez2857@example.com,Bogota,Colombia,plata,2024-08-19
2858,Sergio Torres,sergio.torres2858@example.com,Madrid,Espana,plata,2023-03-01
2859,Marta Ortiz,marta.ortiz2859@example.com,Buenos Aires,Argentina,bronce,2024-11-22
2860,Sofia Martinez,sofia.martinez2860@example.com,Lima,Peru,plata,2023-08-25
2861,Carlos Ortiz,carlos.ortiz2861@example.com,Guadalajara,Mexico,oro,2024-10-19
2862,Julia Diaz,julia.diaz2862@example.com,Barcelona,Espana,oro,2023-11-18
2863,Paula Vargas,paula.vargas2863@example.com,Valencia,Espana,bronce,2023-04-04
2864,Carmen Diaz,carmen.diaz2864@example.com,Madrid,Espana,bronce,2024-10-05
2865,Luis Gomez,luis.gomez2865@example.com,Cali,Colombia,oro,2022-10-23
2866,Ana Martinez,ana.martinez2866@example.com,Buenos Aires,Argentina,plata,2023-03-06
2867,Elena Vargas,elena.vargas2867@example.com,Barcelona,Espana,bronce,2024-03-02
2868,Carlos Ortiz,carlos.ortiz2868@example.com,Lima,Peru,bronce,2024-08-15
2869,Ruben Ramirez,ruben.ramirez2869@example.com,Bogota,Colombia,plata,2022-07-31
2870,Laura Vargas,laura.vargas2870@example.com,Ciudad de Mexico,Mexico,plata,2024-12-23
2871,Javier Castro,javier.castro2871@example.com,Buenos Aires,Argentina,oro,2023-04-17
2872,Alberto Fernandez,alberto.fernandez2872@example.com,Ciudad de Mexico,Mexico,oro,2023-01-07
2873,Paula Martinez,paula.martinez2873@example.com,Cali,Colombia,bronce,2022-05-21
2874,Laura Ramirez,laura.ramirez2874@example.com,Medellin,Colombia,plata,2022-01-30
2875,Miguel Mendoza,miguel.mendoza2875@example.com,Cali,Colombia,bronce,2023-09-03
2876,Lucia Gomez,lucia.gomez2876@example.com,Valencia,Espana,bronce,2023-10-24
2877,Andres Mendoza,andres.mendoza2877@example.com,Bogota,Colombia,bronce,2022-04-13
2878,Julia Mendoza,julia.mendoza2878@example.com,Santiago,Chile,oro,2024-09-16
2879,Ruben Sanchez,ruben.sanchez2879@example.com,Lima,Peru,bronce,2023-08-19
2880,Alberto Vargas,alberto.vargas2880@example.com,Lima,Peru,bronce,2022-02-28
2881,Ana Moreno,ana.moreno2881@example.com,Bogota,Colombia,bronce,2024-07-10
2882,Laura Torres,laura.torres2882@example.com,Bogota,Colombia,bronce,2022-08-04
2883,Pablo Rojas,pablo.rojas2883@example.com,Madrid,Espana,bronce,2024-01-07
2884,Ana Ortiz,ana.ortiz2884@example.com,Bogota,Colombia,bronce,2024-01-11
2885,Miguel Castro,miguel.castro2885@example.com,Guadalajara,Mexico,bronce,2024-06-06
2886,Carlos Silva,carlos.silva2886@example.com,Bogota,Colombia,bronce,2024-06-05
2887,Julia Silva,julia.silva2887@example.com,Buenos Aires,Argentina,oro,2024-12-15
2888,Luis Silva,luis.silva2888@example.com,Madrid,Espana,plata,2022-04-05
2889,Maria Mendoza,maria.mendoza2889@example.com,Medellin,Colombia,oro,2023-02-04
2890,Carlos Sanchez,carlos.sanchez2890@example.com,Bogota,Colombia,bronce,2023-02-03
2891,Maria Garcia,maria.garcia2891@example.com,Cali,Colombia,bronce,2023-02-16
2892,Pablo Lopez,pablo.lopez2892@example.com,Madrid,Espana,bronce,2022-09-19
2893,Miguel Sanchez,miguel.sanchez2893@example.com,Cali,Colombia,platino,2022-09-14
2894,Julia Rojas,julia.rojas2894@example.com,Santiago,Chile,bronce,2024-11-22
2895,Javier Ramirez,javier.ramirez2895@example.com,Lima,Peru,bronce,2024-09-11
2896,Lucia Torres,lucia.torres2896@example.com,Bogota,Colombia,oro,2024-01-18
2897,Andres Garcia,andres.garcia2897@example.com,Cali,Colombia,oro,2023-08-31
2898,Carmen Rojas,carmen.rojas2898@example.com,Buenos Aires,Argentina,bronce,2023-06-05
2899,Sergio Fernandez,sergio.fernandez2899@example.com,Cali,Colombia,plata,2024-01-17
2900,Laura Herrera,laura.herrera2900@example.com,Ciudad de Mexico,Mexico,bronce,2024-08-02
2901,Lucia Martinez,lucia.martinez2901@example.com,Medellin,Colombia,bronce,2023-04-12
2902,Paula Perez,paula.perez2902@example.com,Lima,Peru,bronce,2023-08-12
2903,Ruben Rodriguez,ruben.rodriguez2903@example.com,Guadalajara,Mexico,platino,2024-09-25
2904,Carmen Perez,carmen.perez2904@example.com,Quito,Ecuador,bronce,2024-09-24
2905,Andres Ortiz,andres.ortiz2905@example.com,Santiago,Chile,plata,2022-09-09
2906,Ruben Torres,ruben.torres2906@example.com,Medellin,Colombia,bronce,2022-09-19
2907,Carmen Diaz,carmen.diaz2907@example.com,Bogota,Colombia,plata,2022-08-12
2908,Julia Perez,julia.perez2908@example.com,Barcelona,Espana,plata,2022-01-30
2909,Maria Perez,maria.perez2909@example.com,Guadalajara,Mexico,plata,2024-01-31
2910,Elena Rojas,elena.rojas2910@example.com,Buenos Aires,Argentina,oro,2023-04-15
2911,Maria Navarro,maria.navarro2911@example.com,Medellin,Colombia,plata,2022-02-04
2912,Luis Moreno,luis.moreno2912@example.com,Madrid,Espana,plata,2022-08-12
2913,Diego Moreno,diego.moreno2913@example.com,Santiago,Chile,bronce,2023-08-06
2914,Laura Torres,laura.torres2914@example.com,Valencia,Espana,platino,2024-07-04
2915,Sofia Rodriguez,sofia.rodriguez2915@example.com,Ciudad de Mexico,Mexico,bronce,2023-12-27
2916,Sofia Moreno,sofia.moreno2916@example.com,Madrid,Espana,bronce,2023-08-07
2917,Carmen Silva,carmen.silva2917@example.com,Madrid,Espana,bronce,2022-07-24
2918,Julia Ramirez,julia.ramirez2918@example.com,Lima,Peru,bronce,2022-11-13
2919,Paula Rodriguez,paula.rodriguez2919@example.com,Buenos Aires,Argentina,plata,2024-05-06
2920,Miguel Moreno,miguel.moreno2920@example.com,Madrid,Espana,bronce,2024-04-27
2921,Elena Ortiz,elena.ortiz2921@example.com,Barcelona,Espana,bronce,2024-08-08
2922,Sergio Sanchez,sergio.sanchez2922@example.com,Cali,Colombia,oro,2023-07-31
2923,Maria Lopez,maria.lopez2923@example.com,Buenos Aires,Argentina,oro,2022-10-27
2924,Lucia Moreno,lucia.moreno2924@example.com,Cali,Colombia,bronce,2023-07-05
2925,Sofia Gomez,sofia.gomez2925@example.com,Lima,Peru,platino,2024-09-08
2926,Carlos Moreno,carlos.moreno2926@example.com,Guadalajara,Mexico,bronce,2022-07-17
2927,Carmen Moreno,carmen.moreno2927@example.com,Guadalajara,Mexico,bronce,2024-07-16
2928,Elena Perez,elena.perez2928@example.com,Bogota,Colombia,oro,2024-12-25
2929,Carlos Garcia,carlos.garcia2929@example.com,Buenos Aires,Argentina,plata,2024-06-16
2930,Andres Vargas,andres.vargas2930@example.com,Lima,Peru,plata,2023-12-23
2931,Carlos Diaz,carlos.diaz2931@example.com,Madrid,Espana,bronce,2023-03-25
2932,Andres Mendoza,andres.mendoza2932@example.com,Buenos Aires,Argentina,bronce,2024-07-25
2933,Carlos Fernandez,carlos.fernandez2933@example.com,Lima,Peru,bronce,2022-06-26
2934,Sofia Sanchez,sofia.sanchez2934@example.com,Cali,Colombia,platino,2024-04-11
2935,Paula Mendoza,paula.mendoza2935@example.com,Santiago,Chile,bronce,2023-03-16
2936,Laura Moreno,laura.moreno2936@example.com,Medellin,Colombia,bronce,2023-07-05
2937,Sergio Castro,sergio.castro2937@example.com,Valencia,Espana,bronce,2023-05-23
2938,Marta Navarro,marta.navarro2938@example.com,Santiago,Chile,plata,2022-01-11
2939,Julia Herrera,julia.herrera2939@example.com,Bogota,Colombia,bronce,2024-12-16
2940,Carlos Mendoza,carlos.mendoza2940@example.com,Santiago,Chile,plata,2024-01-01
2941,Marta Herrera,marta.herrera2941@example.com,Bogota,Colombia,bronce,2023-10-20
2942,Julia Diaz,julia.diaz2942@example.com,Medellin,Colombia,bronce,2022-04-21
2943,Sergio Rodriguez,sergio.rodriguez2943@example.com,Buenos Aires,Argentina,bronce,2024-05-02
2944,Carlos Castro,carlos.castro2944@example.com,Medellin,Colombia,bronce,2024-11-18
2945,Paula Herrera,paula.herrera2945@example.com,Santiago,Chile,plata,2024-06-11
2946,Maria Navarro,maria.navarro2946@example.com,Madrid,Espana,oro,2022-09-30
2947,Pablo Rojas,pablo.rojas2947@example.com,Madrid,Espana,bronce,2022-07-18
2948,Diego Vargas,diego.vargas2948@example.com,Madrid,Espana,bronce,2023-02-07
2949,Lucia Vargas,lucia.vargas2949@example.com,Bogota,Colombia,bronce,2022-01-25
2950,Lucia Martinez,lucia.martinez2950@example.com,Madrid,Espana,oro,2023-08-27
2951,Ana Garcia,ana.garcia2951@example.com,Medellin,Colombia,platino,2023-05-17
2952,Lucia Garcia,lucia.garcia2952@example.com,Madrid,Espana,plata,2023-07-05
2953,Julia Ortiz,julia.ortiz2953@example.com,Santiago,Chile,bronce,2024-12-20
2954,Sofia Herrera,sofia.herrera2954@example.com,Barcelona,Espana,bronce,2023-12-19
2955,Javier Perez,javier.perez2955@example.com,Quito,Ecuador,platino,2023-04-02
2956,Alberto Diaz,alberto.diaz2956@example.com,Lima,Peru,bronce,2024-05-07
2957,Luis Torres,luis.torres2957@example.com,Buenos Aires,Argentina,plata,2023-02-09
2958,Diego Sanchez,diego.sanchez2958@example.com,Santiago,Chile,oro,2024-04-09
2959,Lucia Diaz,lucia.diaz2959@example.com,Santiago,Chile,plata,2024-10-18
2960,Diego Gomez,diego.gomez2960@example.com,Lima,Peru,plata,2024-09-21
2961,Julia Rojas,julia.rojas2961@example.com,Ciudad de Mexico,Mexico,bronce,2023-07-23
2962,Sofia Herrera,sofia.herrera2962@example.com,Guadalajara,Mexico,oro,2023-05-30
2963,Alberto Rodriguez,alberto.rodriguez2963@example.com,Cali,Colombia,bronce,2023-03-12
2964,Luis Torres,luis.torres2964@example.com,Guadalajara,Mexico,oro,2023-08-08
2965,Marta Navarro,marta.navarro2965@example.com,Medellin,Colombia,bronce,2024-10-22
2966,Pablo Mendoza,pablo.mendoza2966@example.com,Barcelona,Espana,plata,2024-08-15
2967,Laura Herrera,laura.herrera2967@example.com,Quito,Ecuador,oro,2023-10-27
2968,Laura Moreno,laura.moreno2968@example.com,Buenos Aires,Argentina,plata,2022-11-06
2969,Marta Garcia,marta.garcia2969@example.com,Buenos Aires,Argentina,bronce,2023-02-17
2970,Carmen Navarro,carmen.navarro2970@example.com,Bogota,Colombia,bronce,2022-09-27
2971,Carmen Moreno,carmen.moreno2971@example.com,Santiago,Chile,oro,2022-07-24
2972,Luis Mendoza,luis.mendoza2972@example.com,Ciudad de Mexico,Mexico,plata,2022-01-10
2973,Pablo Ortiz,pablo.ortiz2973@example.com,Madrid,Espana,bronce,2024-04-27
2974,Alberto Perez,alberto.perez2974@example.com,Quito,Ecuador,oro,2024-03-19
2975,Ana Garcia,ana.garcia2975@example.com,Quito,Ecuador,oro,2022-07-16
2976,Diego Rojas,diego.rojas2976@example.com,Lima,Peru,oro,2024-01-23
2977,Diego Torres,diego.torres2977@example.com,Cali,Colombia,plata,2022-07-01
2978,Ruben Garcia,ruben.garcia2978@example.com,Valencia,Espana,platino,2022-10-31
2979,Javier Perez,javier.perez2979@example.com,Madrid,Espana,oro,2022-10-11
2980,Diego Navarro,diego.navarro2980@example.com,Buenos Aires,Argentina,bronce,2022-05-23
2981,Marta Fernandez,marta.fernandez2981@example.com,Lima,Peru,platino,2024-03-09
2982,Luis Perez,luis.perez2982@example.com,Barcelona,Espana,bronce,2022-02-16
2983,Paula Rojas,paula.rojas2983@example.com,Buenos Aires,Argentina,oro,2023-03-20
2984,Paula Rojas,paula.rojas2984@example.com,Madrid,Espana,plata,2023-06-19
2985,Marta Gomez,marta.gomez2985@example.com,Santiago,Chile,plata,2023-09-24
2986,Carmen Silva,carmen.silva2986@example.com,Madrid,Espana,bronce,2022-07-31
2987,Marta Vargas,marta.vargas2987@example.com,Quito,Ecuador,bronce,2023-06-01
2988,Sergio Lopez,sergio.lopez2988@example.com,Valencia,Espana,bronce,2024-05-18
2989,Julia Gomez,julia.gomez2989@example.com,Medellin,Colombia,plata,2023-02-14
2990,Sofia Silva,sofia.silva2990@example.com,Buenos Aires,Argentina,oro,2024-11-06
2991,Diego Rodriguez,diego.rodriguez2991@example.com,Lima,Peru,bronce,2023-04-16
2992,Carmen Garcia,carmen.garcia2992@example.com,Medellin,Colombia,bronce,2024-04-30
2993,Carlos Rojas,carlos.rojas2993@example.com,Quito,Ecuador,plata,2022-05-05
2994,Ruben Diaz,ruben.diaz2994@example.com,Madrid,Espana,bronce,2024-07-21
2995,Sergio Perez,sergio.perez2995@example.com,Cali,Colombia,bronce,2023-06-10
2996,Carmen Torres,carmen.torres2996@example.com,Quito,Ecuador,bronce,2024-12-20
2997,Elena Lopez,elena.lopez2997@example.com,Bogota,Colombia,plata,2024-02-07
2998,Elena Fernandez,elena.fernandez2998@example.com,Ciudad de Mexico,Mexico,plata,2024-03-22
2999,Sofia Sanchez,sofia.sanchez2999@example.com,Cali,Colombia,oro,2022-06-12
3000,Andres Vargas,andres.vargas3000@example.com,Medellin,Colombia,bronce,2023-09-14
3001,Sergio Rojas,sergio.rojas3001@example.com,Santiago,Chile,bronce,2024-03-19
3002,Andres Ortiz,andres.ortiz3002@example.com,Ciudad de Mexico,Mexico,plata,2024-06-05
3003,Julia Rodriguez,julia.rodriguez3003@example.com,Buenos Aires,Argentina,platino,2023-02-17
3004,Alberto Gomez,alberto.gomez3004@example.com,Ciudad de Mexico,Mexico,bronce,2023-09-10
3005,Marta Perez,marta.perez3005@example.com,Quito,Ecuador,oro,2022-07-09
3006,Miguel Vargas,miguel.vargas3006@example.com,Cali,Colombia,plata,2023-04-19
3007,Pablo Ramirez,pablo.ramirez3007@example.com,Santiago,Chile,oro,2023-06-06
3008,Sofia Mendoza,sofia.mendoza3008@example.com,Guadalajara,Mexico,bronce,2022-02-05
3009,Carmen Ortiz,carmen.ortiz3009@example.com,Santiago,Chile,bronce,2024-09-30
3010,Paula Herrera,paula.herrera3010@example.com,Lima,Peru,bronce,2023-12-06
3011,Miguel Lopez,miguel.lopez3011@example.com,Valencia,Espana,plata,2022-07-20
3012,Lucia Garcia,lucia.garcia3012@example.com,Bogota,Colombia,oro,2024-09-09
3013,Ana Mendoza,ana.mendoza3013@example.com,Bogota,Colombia,bronce,2024-01-28
3014,Marta Ortiz,marta.ortiz3014@example.com,Cali,Colombia,bronce,2024-01-30
3015,Diego Perez,diego.perez3015@example.com,Cali,Colombia,bronce,2024-10-18
3016,Diego Garcia,diego.garcia3016@example.com,Madrid,Espana,plata,2023-03-19
3017,Lucia Rojas,lucia.rojas3017@example.com,Lima,Peru,oro,2023-01-24
3018,Laura Vargas,laura.vargas3018@example.com,Lima,Peru,bronce,2023-11-07
3019,Pablo Mendoza,pablo.mendoza3019@example.com,Guadalajara,Mexico,plata,2024-08-30
3020,Marta Vargas,marta.vargas3020@example.com,Bogota,Colombia,bronce,2024-06-09
3021,Elena Herrera,elena.herrera3021@example.com,Santiago,Chile,oro,2024-05-11
3022,Maria Herrera,maria.herrera3022@example.com,Bogota,Colombia,oro,2024-04-16
3023,Miguel Garcia,miguel.garcia3023@example.com,Bogota,Colombia,bronce,2022-02-08
3024,Carlos Martinez,carlos.martinez3024@example.com,Quito,Ecuador,plata,2023-06-22
3025,Miguel Herrera,miguel.herrera3025@example.com,Quito,Ecuador,oro,2023-01-25
3026,Carmen Lopez,carmen.lopez3026@example.com,Guadalajara,Mexico,oro,2023-02-01
3027,Maria Sanchez,maria.sanchez3027@example.com,Valencia,Espana,plata,2024-07-26
3028,Marta Herrera,marta.herrera3028@example.com,Barcelona,Espana,bronce,2023-03-11
3029,Laura Sanchez,laura.sanchez3029@example.com,Quito,Ecuador,plata,2024-07-05
3030,Ruben Martinez,ruben.martinez3030@example.com,Bogota,Colombia,plata,2024-09-21
3031,Marta Garcia,marta.garcia3031@example.com,Buenos Aires,Argentina,bronce,2023-05-14
3032,Javier Torres,javier.torres3032@example.com,Medellin,Colombia,platino,2022-07-05
3033,Pablo Castro,pablo.castro3033@example.com,Cali,Colombia,bronce,2024-02-04
3034,Maria Moreno,maria.moreno3034@example.com,Quito,Ecuador,oro,2024-08-02
3035,Luis Ortiz,luis.ortiz3035@example.com,Guadalajara,Mexico,bronce,2023-03-21
3036,Alberto Rojas,alberto.rojas3036@example.com,Cali,Colombia,bronce,2022-08-02
3037,Paula Herrera,paula.herrera3037@example.com,Medellin,Colombia,bronce,2023-07-25
3038,Carlos Sanchez,carlos.sanchez3038@example.com,Valencia,Espana,plata,2024-12-10
3039,Javier Gomez,javier.gomez3039@example.com,Ciudad de Mexico,Mexico,oro,2023-07-21
3040,Carlos Gomez,carlos.gomez3040@example.com,Ciudad de Mexico,Mexico,bronce,2023-05-06
3041,Miguel Rodriguez,miguel.rodriguez3041@example.com,Barcelona,Espana,bronce,2023-04-27
3042,Javier Navarro,javier.navarro3042@example.com,Medellin,Colombia,oro,2024-03-14
3043,Elena Sanchez,elena.sanchez3043@example.com,Guadalajara,Mexico,plata,2023-01-09
3044,Lucia Diaz,lucia.diaz3044@example.com,Madrid,Espana,bronce,2024-03-09
3045,Carlos Fernandez,carlos.fernandez3045@example.com,Quito,Ecuador,oro,2024-12-16
3046,Ruben Garcia,ruben.garcia3046@example.com,Lima,Peru,bronce,2024-04-25
3047,Marta Ortiz,marta.ortiz3047@example.com,Guadalajara,Mexico,bronce,2024-10-13
3048,Sergio Sanchez,sergio.sanchez3048@example.com,Madrid,Espana,bronce,2024-05-14
3049,Carlos Martinez,carlos.martinez3049@example.com,Ciudad de Mexico,Mexico,plata,2024-07-12
3050,Marta Gomez,marta.gomez3050@example.com,Lima,Peru,bronce,2022-02-12
3051,Paula Martinez,paula.martinez3051@example.com,Madrid,Espana,oro,2023-01-22
3052,Carlos Navarro,carlos.navarro3052@example.com,Santiago,Chile,bronce,2022-10-27
3053,Sergio Lopez,sergio.lopez3053@example.com,Lima,Peru,platino,2024-08-03
3054,Miguel Gomez,miguel.gomez3054@example.com,Madrid,Espana,bronce,2022-09-09
3055,Sergio Perez,sergio.perez3055@example.com,Valencia,Espana,bronce,2024-11-25
3056,Diego Garcia,diego.garcia3056@example.com,Buenos Aires,Argentina,bronce,2024-02-04
3057,Paula Garcia,paula.garcia3057@example.com,Lima,Peru,bronce,2022-05-16
3058,Maria Ramirez,maria.ramirez3058@example.com,Santiago,Chile,bronce,2024-01-19
3059,Miguel Sanchez,miguel.sanchez3059@example.com,Ciudad de Mexico,Mexico,oro,2023-01-11
3060,Javier Rodriguez,javier.rodriguez3060@example.com,Guadalajara,Mexico,oro,2022-11-22
3061,Laura Perez,laura.perez3061@example.com,Ciudad de Mexico,Mexico,plata,2024-12-24
3062,Elena Perez,elena.perez3062@example.com,Ciudad de Mexico,Mexico,bronce,2024-05-18
3063,Miguel Diaz,miguel.diaz3063@example.com,Santiago,Chile,oro,2024-04-15
3064,Maria Navarro,maria.navarro3064@example.com,Madrid,Espana,bronce,2022-12-08
3065,Marta Gomez,marta.gomez3065@example.com,Valencia,Espana,plata,2023-12-27
3066,Pablo Moreno,pablo.moreno3066@example.com,Madrid,Espana,plata,2023-01-11
3067,Paula Herrera,paula.herrera3067@example.com,Santiago,Chile,bronce,2023-10-23
3068,Marta Rodriguez,marta.rodriguez3068@example.com,Buenos Aires,Argentina,bronce,2023-03-13
3069,Maria Ramirez,maria.ramirez3069@example.com,Madrid,Espana,oro,2023-10-30
3070,Luis Diaz,luis.diaz3070@example.com,Barcelona,Espana,bronce,2024-03-26
3071,Sofia Ramirez,sofia.ramirez3071@example.com,Bogota,Colombia,plata,2022-12-12
3072,Diego Lopez,diego.lopez3072@example.com,Valencia,Espana,platino,2022-01-13
3073,Laura Torres,laura.torres3073@example.com,Ciudad de Mexico,Mexico,bronce,2022-04-17
3074,Sergio Martinez,sergio.martinez3074@example.com,Cali,Colombia,bronce,2024-09-19
3075,Pablo Ortiz,pablo.ortiz3075@example.com,Medellin,Colombia,bronce,2024-11-16
3076,Marta Vargas,marta.vargas3076@example.com,Barcelona,Espana,oro,2024-01-28
3077,Maria Garcia,maria.garcia3077@example.com,Guadalajara,Mexico,bronce,2022-04-28
3078,Paula Ramirez,paula.ramirez3078@example.com,Santiago,Chile,bronce,2023-10-05
3079,Laura Ortiz,laura.ortiz3079@example.com,Guadalajara,Mexico,bronce,2023-04-19
3080,Sofia Moreno,sofia.moreno3080@example.com,Santiago,Chile,platino,2022-09-17
3081,Sofia Perez,sofia.perez3081@example.com,Lima,Peru,oro,2023-02-20
3082,Paula Mendoza,paula.mendoza3082@example.com,Lima,Peru,plata,2024-05-10
3083,Javier Lopez,javier.lopez3083@example.com,Guadalajara,Mexico,platino,2024-12-27
3084,Laura Sanchez,laura.sanchez3084@example.com,Madrid,Espana,plata,2024-08-13
3085,Elena Lopez,elena.lopez3085@example.com,Medellin,Colombia,platino,2022-08-12
3086,Miguel Ortiz,miguel.ortiz3086@example.com,Cali,Colombia,bronce,2023-07-04
3087,Carlos Moreno,carlos.moreno3087@example.com,Buenos Aires,Argentina,bronce,2023-08-02
3088,Carlos Ramirez,carlos.ramirez3088@example.com,Lima,Peru,oro,2022-11-17
3089,Laura Rojas,laura.rojas3089@example.com,Guadalajara,Mexico,bronce,2023-04-22
3090,Diego Perez,diego.perez3090@example.com,Medellin,Colombia,bronce,2023-02-21
3091,Elena Rodriguez,elena.rodriguez3091@example.com,Santiago,Chile,plata,2022-03-18
3092,Miguel Silva,miguel.silva3092@example.com,Buenos Aires,Argentina,plata,2023-04-01
3093,Marta Navarro,marta.navarro3093@example.com,Santiago,Chile,bronce,2023-02-03
3094,Laura Garcia,laura.garcia3094@example.com,Guadalajara,Mexico,bronce,2022-12-01
3095,Julia Rodriguez,julia.rodriguez3095@example.com,Guadalajara,Mexico,bronce,2023-11-04
3096,Sergio Vargas,sergio.vargas3096@example.com,Medellin,Colombia,bronce,2024-02-19
3097,Carlos Garcia,carlos.garcia3097@example.com,Medellin,Colombia,bronce,2022-02-21
3098,Elena Moreno,elena.moreno3098@example.com,Bogota,Colombia,bronce,2023-01-10
3099,Carlos Ortiz,carlos.ortiz3099@example.com,Bogota,Colombia,plata,2022-02-03
3100,Javier Perez,javier.perez3100@example.com,Guadalajara,Mexico,bronce,2024-06-18
3101,Miguel Perez,miguel.perez3101@example.com,Medellin,Colombia,bronce,2024-10-12
3102,Maria Mendoza,maria.mendoza3102@example.com,Barcelona,Espana,plata,2023-05-23
3103,Ana Fernandez,ana.fernandez3103@example.com,Madrid,Espana,bronce,2024-10-31
3104,Sofia Sanchez,sofia.sanchez3104@example.com,Lima,Peru,bronce,2023-11-20
3105,Marta Rodriguez,marta.rodriguez3105@example.com,Cali,Colombia,bronce,2024-08-09
3106,Elena Silva,elena.silva3106@example.com,Ciudad de Mexico,Mexico,plata,2024-11-04
3107,Ruben Ortiz,ruben.ortiz3107@example.com,Lima,Peru,bronce,2023-10-05
3108,Miguel Rodriguez,miguel.rodriguez3108@example.com,Barcelona,Espana,bronce,2023-05-04
3109,Julia Silva,julia.silva3109@example.com,Quito,Ecuador,plata,2024-03-23
3110,Laura Lopez,laura.lopez3110@example.com,Buenos Aires,Argentina,oro,2022-07-06
3111,Lucia Martinez,lucia.martinez3111@example.com,Guadalajara,Mexico,plata,2022-11-21
3112,Sergio Fernandez,sergio.fernandez3112@example.com,Cali,Colombia,oro,2023-08-26
3113,Luis Diaz,luis.diaz3113@example.com,Buenos Aires,Argentina,plata,2022-08-09
3114,Julia Mendoza,julia.mendoza3114@example.com,Valencia,Espana,bronce,2023-06-28
3115,Miguel Rojas,miguel.rojas3115@example.com,Bogota,Colombia,bronce,2024-07-26
3116,Diego Martinez,diego.martinez3116@example.com,Quito,Ecuador,bronce,2024-05-06
3117,Carmen Vargas,carmen.vargas3117@example.com,Bogota,Colombia,bronce,2024-09-02
3118,Carmen Mendoza,carmen.mendoza3118@example.com,Buenos Aires,Argentina,bronce,2024-07-30
3119,Ana Rojas,ana.rojas3119@example.com,Quito,Ecuador,bronce,2022-12-30
3120,Ruben Sanchez,ruben.sanchez3120@example.com,Guadalajara,Mexico,plata,2024-02-20
3121,Carmen Martinez,carmen.martinez3121@example.com,Bogota,Colombia,plata,2023-02-12
3122,Alberto Torres,alberto.torres3122@example.com,Lima,Peru,bronce,2024-11-29
3123,Diego Torres,diego.torres3123@example.com,Santiago,Chile,bronce,2022-07-13
3124,Carmen Fernandez,carmen.fernandez3124@example.com,Ciudad de Mexico,Mexico,bronce,2022-10-22
3125,Sofia Martinez,sofia.martinez3125@example.com,Barcelona,Espana,bronce,2024-10-28
3126,Ruben Martinez,ruben.martinez3126@example.com,Cali,Colombia,bronce,2022-09-19
3127,Paula Ramirez,paula.ramirez3127@example.com,Cali,Colombia,bronce,2023-11-10
3128,Julia Ortiz,julia.ortiz3128@example.com,Valencia,Espana,bronce,2022-11-15
3129,Lucia Vargas,lucia.vargas3129@example.com,Medellin,Colombia,platino,2022-11-08
3130,Sergio Diaz,sergio.diaz3130@example.com,Barcelona,Espana,bronce,2024-01-05
3131,Miguel Ortiz,miguel.ortiz3131@example.com,Buenos Aires,Argentina,plata,2024-05-20
3132,Diego Rojas,diego.rojas3132@example.com,Cali,Colombia,bronce,2022-09-12
3133,Sergio Moreno,sergio.moreno3133@example.com,Buenos Aires,Argentina,bronce,2024-12-12
3134,Luis Vargas,luis.vargas3134@example.com,Cali,Colombia,bronce,2022-04-07
3135,Marta Herrera,marta.herrera3135@example.com,Buenos Aires,Argentina,platino,2022-04-20
3136,Ana Ramirez,ana.ramirez3136@example.com,Buenos Aires,Argentina,bronce,2024-12-06
3137,Pablo Castro,pablo.castro3137@example.com,Barcelona,Espana,bronce,2022-03-02
3138,Diego Castro,diego.castro3138@example.com,Cali,Colombia,platino,2022-12-11
3139,Diego Herrera,diego.herrera3139@example.com,Buenos Aires,Argentina,bronce,2022-05-13
3140,Diego Mendoza,diego.mendoza3140@example.com,Guadalajara,Mexico,bronce,2022-09-01
3141,Diego Perez,diego.perez3141@example.com,Valencia,Espana,plata,2022-03-23
3142,Sofia Rojas,sofia.rojas3142@example.com,Santiago,Chile,bronce,2023-01-28
3143,Diego Garcia,diego.garcia3143@example.com,Valencia,Espana,platino,2022-11-20
3144,Pablo Ramirez,pablo.ramirez3144@example.com,Quito,Ecuador,bronce,2022-06-23
3145,Sergio Mendoza,sergio.mendoza3145@example.com,Buenos Aires,Argentina,plata,2024-02-26
3146,Pablo Castro,pablo.castro3146@example.com,Bogota,Colombia,bronce,2022-02-09
3147,Carmen Perez,carmen.perez3147@example.com,Valencia,Espana,oro,2023-06-04
3148,Paula Castro,paula.castro3148@example.com,Lima,Peru,oro,2022-12-01
3149,Alberto Fernandez,alberto.fernandez3149@example.com,Ciudad de Mexico,Mexico,oro,2023-12-14
3150,Maria Diaz,maria.diaz3150@example.com,Santiago,Chile,oro,2023-01-05
3151,Marta Sanchez,marta.sanchez3151@example.com,Santiago,Chile,plata,2023-06-02
3152,Laura Castro,laura.castro3152@example.com,Madrid,Espana,bronce,2024-06-07
3153,Carlos Lopez,carlos.lopez3153@example.com,Buenos Aires,Argentina,bronce,2022-06-08
3154,Sergio Diaz,sergio.diaz3154@example.com,Medellin,Colombia,bronce,2023-04-23
3155,Luis Ortiz,luis.ortiz3155@example.com,Lima,Peru,bronce,2023-09-08
3156,Paula Herrera,paula.herrera3156@example.com,Valencia,Espana,bronce,2024-03-17
3157,Sergio Diaz,sergio.diaz3157@example.com,Madrid,Espana,plata,2023-08-11
3158,Alberto Navarro,alberto.navarro3158@example.com,Guadalajara,Mexico,plata,2024-03-16
3159,Andres Garcia,andres.garcia3159@example.com,Ciudad de Mexico,Mexico,platino,2024-05-21
3160,Ruben Navarro,ruben.navarro3160@example.com,Ciudad de Mexico,Mexico,bronce,2024-05-13
3161,Maria Fernandez,maria.fernandez3161@example.com,Bogota,Colombia,plata,2023-11-05
3162,Ruben Silva,ruben.silva3162@example.com,Cali,Colombia,plata,2024-10-02
3163,Carlos Ortiz,carlos.ortiz3163@example.com,Quito,Ecuador,platino,2022-01-25
3164,Elena Castro,elena.castro3164@example.com,Santiago,Chile,plata,2023-07-01
3165,Maria Castro,maria.castro3165@example.com,Quito,Ecuador,bronce,2024-05-28
3166,Sofia Moreno,sofia.moreno3166@example.com,Bogota,Colombia,bronce,2022-04-24
3167,Marta Sanchez,marta.sanchez3167@example.com,Lima,Peru,platino,2024-06-14
3168,Javier Lopez,javier.lopez3168@example.com,Medellin,Colombia,plata,2022-02-12
3169,Paula Gomez,paula.gomez3169@example.com,Quito,Ecuador,oro,2024-05-11
3170,Carmen Torres,carmen.torres3170@example.com,Lima,Peru,plata,2022-07-24
3171,Carmen Moreno,carmen.moreno3171@example.com,Barcelona,Espana,plata,2024-01-01
3172,Julia Perez,julia.perez3172@example.com,Quito,Ecuador,plata,2024-06-26
3173,Sofia Vargas,sofia.vargas3173@example.com,Guadalajara,Mexico,oro,2024-06-10
3174,Elena Garcia,elena.garcia3174@example.com,Santiago,Chile,oro,2023-09-21
3175,Alberto Garcia,alberto.garcia3175@example.com,Ciudad de Mexico,Mexico,bronce,2024-09-21
3176,Pablo Navarro,pablo.navarro3176@example.com,Valencia,Espana,bronce,2022-06-03
3177,Carmen Mendoza,carmen.mendoza3177@example.com,Quito,Ecuador,bronce,2022-09-16
3178,Javier Mendoza,javier.mendoza3178@example.com,Barcelona,Espana,bronce,2022-05-26
3179,Laura Gomez,laura.gomez3179@example.com,Santiago,Chile,oro,2024-02-27
3180,Carlos Ramirez,carlos.ramirez3180@example.com,Valencia,Espana,oro,2024-09-03
3181,Laura Rojas,laura.rojas3181@example.com,Santiago,Chile,bronce,2024-10-15
3182,Carlos Perez,carlos.perez3182@example.com,Cali,Colombia,bronce,2023-07-24
3183,Marta Moreno,marta.moreno3183@example.com,Valencia,Espana,bronce,2022-05-25
3184,Luis Rojas,luis.rojas3184@example.com,Valencia,Espana,oro,2022-07-08
3185,Carmen Diaz,carmen.diaz3185@example.com,Bogota,Colombia,plata,2023-11-17
3186,Julia Diaz,julia.diaz3186@example.com,Lima,Peru,bronce,2024-09-08
3187,Sergio Gomez,sergio.gomez3187@example.com,Santiago,Chile,bronce,2024-12-17
3188,Sofia Silva,sofia.silva3188@example.com,Buenos Aires,Argentina,plata,2024-02-29
3189,Luis Navarro,luis.navarro3189@example.com,Guadalajara,Mexico,bronce,2024-08-22
3190,Paula Navarro,paula.navarro3190@example.com,Cali,Colombia,oro,2023-06-08
3191,Ana Herrera,ana.herrera3191@example.com,Lima,Peru,oro,2022-08-03
3192,Andres Gomez,andres.gomez3192@example.com,Bogota,Colombia,bronce,2023-05-25
3193,Andres Herrera,andres.herrera3193@example.com,Quito,Ecuador,bronce,2022-04-19
3194,Carlos Sanchez,carlos.sanchez3194@example.com,Medellin,Colombia,bronce,2024-01-07
3195,Marta Mendoza,marta.mendoza3195@example.com,Medellin,Colombia,bronce,2022-12-27
3196,Carlos Perez,carlos.perez3196@example.com,Cali,Colombia,bronce,2023-01-06
3197,Laura Diaz,laura.diaz3197@example.com,Buenos Aires,Argentina,bronce,2022-01-04
3198,Paula Rodriguez,paula.rodriguez3198@example.com,Buenos Aires,Argentina,bronce,2024-12-30
3199,Alberto Rodriguez,alberto.rodriguez3199@example.com,Santiago,Chile,oro,2023-04-13
3200,Javier Fernandez,javier.fernandez3200@example.com,Barcelona,Espana,bronce,2024-05-09
3201,Julia Vargas,julia.vargas3201@example.com,Barcelona,Espana,oro,2023-07-23
3202,Julia Garcia,julia.garcia3202@example.com,Lima,Peru,bronce,2023-12-03
3203,Sergio Silva,sergio.silva3203@example.com,Quito,Ecuador,bronce,2023-05-28
3204,Maria Martinez,maria.martinez3204@example.com,Barcelona,Espana,bronce,2024-01-23
3205,Javier Navarro,javier.navarro3205@example.com,Lima,Peru,bronce,2022-08-07
3206,Andres Perez,andres.perez3206@example.com,Bogota,Colombia,bronce,2024-12-26
3207,Alberto Fernandez,alberto.fernandez3207@example.com,Quito,Ecuador,oro,2023-04-14
3208,Paula Lopez,paula.lopez3208@example.com,Quito,Ecuador,oro,2022-01-12
3209,Sofia Silva,sofia.silva3209@example.com,Guadalajara,Mexico,bronce,2024-11-09
3210,Laura Moreno,laura.moreno3210@example.com,Valencia,Espana,bronce,2022-01-25
3211,Alberto Rodriguez,alberto.rodriguez3211@example.com,Santiago,Chile,bronce,2023-06-02
3212,Javier Martinez,javier.martinez3212@example.com,Barcelona,Espana,plata,2024-05-09
3213,Elena Castro,elena.castro3213@example.com,Medellin,Colombia,bronce,2023-02-10
3214,Alberto Mendoza,alberto.mendoza3214@example.com,Guadalajara,Mexico,bronce,2022-08-18
3215,Pablo Martinez,pablo.martinez3215@example.com,Madrid,Espana,oro,2022-09-21
3216,Javier Sanchez,javier.sanchez3216@example.com,Medellin,Colombia,oro,2024-01-21
3217,Ana Ramirez,ana.ramirez3217@example.com,Santiago,Chile,plata,2023-09-21
3218,Sofia Martinez,sofia.martinez3218@example.com,Barcelona,Espana,bronce,2023-07-06
3219,Alberto Gomez,alberto.gomez3219@example.com,Medellin,Colombia,bronce,2023-07-18
3220,Sofia Garcia,sofia.garcia3220@example.com,Madrid,Espana,bronce,2022-12-15
3221,Andres Torres,andres.torres3221@example.com,Guadalajara,Mexico,plata,2024-10-20
3222,Javier Moreno,javier.moreno3222@example.com,Madrid,Espana,plata,2022-09-11
3223,Sergio Diaz,sergio.diaz3223@example.com,Bogota,Colombia,bronce,2024-07-06
3224,Sergio Perez,sergio.perez3224@example.com,Ciudad de Mexico,Mexico,oro,2024-04-30
3225,Carmen Diaz,carmen.diaz3225@example.com,Valencia,Espana,bronce,2022-01-08
3226,Sergio Ramirez,sergio.ramirez3226@example.com,Valencia,Espana,plata,2022-07-07
3227,Pablo Lopez,pablo.lopez3227@example.com,Lima,Peru,bronce,2023-08-28
3228,Miguel Martinez,miguel.martinez3228@example.com,Santiago,Chile,bronce,2022-06-23
3229,Marta Lopez,marta.lopez3229@example.com,Madrid,Espana,bronce,2024-07-22
3230,Paula Navarro,paula.navarro3230@example.com,Lima,Peru,plata,2023-04-29
3231,Paula Moreno,paula.moreno3231@example.com,Cali,Colombia,bronce,2024-07-05
3232,Laura Martinez,laura.martinez3232@example.com,Barcelona,Espana,bronce,2022-05-11
3233,Andres Gomez,andres.gomez3233@example.com,Lima,Peru,plata,2022-01-27
3234,Ana Diaz,ana.diaz3234@example.com,Medellin,Colombia,plata,2023-12-04
3235,Pablo Lopez,pablo.lopez3235@example.com,Bogota,Colombia,plata,2024-05-28
3236,Pablo Mendoza,pablo.mendoza3236@example.com,Barcelona,Espana,plata,2024-12-22
3237,Miguel Ortiz,miguel.ortiz3237@example.com,Lima,Peru,plata,2024-05-12
3238,Alberto Sanchez,alberto.sanchez3238@example.com,Bogota,Colombia,plata,2024-03-29
3239,Ruben Garcia,ruben.garcia3239@example.com,Guadalajara,Mexico,bronce,2022-03-05
3240,Ana Perez,ana.perez3240@example.com,Valencia,Espana,bronce,2023-10-23
3241,Laura Vargas,laura.vargas3241@example.com,Lima,Peru,bronce,2024-02-21
3242,Laura Silva,laura.silva3242@example.com,Santiago,Chile,bronce,2023-03-09
3243,Ruben Gomez,ruben.gomez3243@example.com,Ciudad de Mexico,Mexico,bronce,2024-12-30
3244,Lucia Perez,lucia.perez3244@example.com,Medellin,Colombia,bronce,2024-12-17
3245,Marta Sanchez,marta.sanchez3245@example.com,Guadalajara,Mexico,bronce,2024-07-26
3246,Paula Garcia,paula.garcia3246@example.com,Cali,Colombia,plata,2024-08-21
3247,Sergio Garcia,sergio.garcia3247@example.com,Quito,Ecuador,plata,2023-09-14
3248,Luis Diaz,luis.diaz3248@example.com,Buenos Aires,Argentina,plata,2024-06-17
3249,Maria Castro,maria.castro3249@example.com,Madrid,Espana,oro,2022-03-20
3250,Miguel Garcia,miguel.garcia3250@example.com,Santiago,Chile,bronce,2022-09-09
3251,Elena Sanchez,elena.sanchez3251@example.com,Valencia,Espana,bronce,2023-12-29
3252,Marta Ortiz,marta.ortiz3252@example.com,Bogota,Colombia,bronce,2022-05-16
3253,Carlos Navarro,carlos.navarro3253@example.com,Cali,Colombia,bronce,2024-06-09
3254,Miguel Castro,miguel.castro3254@example.com,Valencia,Espana,bronce,2022-07-14
3255,Laura Ramirez,laura.ramirez3255@example.com,Quito,Ecuador,oro,2023-01-18
3256,Carlos Vargas,carlos.vargas3256@example.com,Quito,Ecuador,bronce,2022-10-11
3257,Carlos Fernandez,carlos.fernandez3257@example.com,Barcelona,Espana,bronce,2023-08-16
3258,Carlos Sanchez,carlos.sanchez3258@example.com,Bogota,Colombia,bronce,2022-03-31
3259,Pablo Fernandez,pablo.fernandez3259@example.com,Medellin,Colombia,bronce,2024-06-08
3260,Sofia Rojas,sofia.rojas3260@example.com,Buenos Aires,Argentina,plata,2024-08-30
3261,Sofia Rojas,sofia.rojas3261@example.com,Guadalajara,Mexico,plata,2024-03-29
3262,Diego Rojas,diego.rojas3262@example.com,Buenos Aires,Argentina,plata,2022-07-22
3263,Marta Castro,marta.castro3263@example.com,Madrid,Espana,plata,2022-11-15
3264,Ruben Rodriguez,ruben.rodriguez3264@example.com,Ciudad de Mexico,Mexico,bronce,2022-09-06
3265,Lucia Castro,lucia.castro3265@example.com,Valencia,Espana,bronce,2023-10-22
3266,Carmen Mendoza,carmen.mendoza3266@example.com,Valencia,Espana,plata,2024-08-30
3267,Marta Castro,marta.castro3267@example.com,Santiago,Chile,bronce,2024-08-20
3268,Andres Vargas,andres.vargas3268@example.com,Barcelona,Espana,bronce,2024-11-15
3269,Maria Sanchez,maria.sanchez3269@example.com,Madrid,Espana,bronce,2024-01-26
3270,Alberto Herrera,alberto.herrera3270@example.com,Cali,Colombia,plata,2022-08-31
3271,Carlos Torres,carlos.torres3271@example.com,Buenos Aires,Argentina,bronce,2023-03-12
3272,Sofia Perez,sofia.perez3272@example.com,Ciudad de Mexico,Mexico,platino,2022-11-19
3273,Andres Torres,andres.torres3273@example.com,Barcelona,Espana,bronce,2022-03-11
3274,Sofia Martinez,sofia.martinez3274@example.com,Santiago,Chile,bronce,2024-05-26
3275,Laura Ortiz,laura.ortiz3275@example.com,Medellin,Colombia,bronce,2023-09-25
3276,Julia Moreno,julia.moreno3276@example.com,Buenos Aires,Argentina,bronce,2024-11-28
3277,Luis Gomez,luis.gomez3277@example.com,Valencia,Espana,bronce,2024-07-10
3278,Laura Herrera,laura.herrera3278@example.com,Lima,Peru,plata,2023-12-13
3279,Alberto Rodriguez,alberto.rodriguez3279@example.com,Bogota,Colombia,bronce,2022-02-17
3280,Marta Fernandez,marta.fernandez3280@example.com,Quito,Ecuador,bronce,2023-04-30
3281,Luis Rojas,luis.rojas3281@example.com,Medellin,Colombia,bronce,2023-06-05
3282,Sergio Garcia,sergio.garcia3282@example.com,Buenos Aires,Argentina,bronce,2024-01-09
3283,Alberto Moreno,alberto.moreno3283@example.com,Ciudad de Mexico,Mexico,oro,2023-09-13
3284,Luis Silva,luis.silva3284@example.com,Madrid,Espana,bronce,2024-05-04
3285,Sofia Vargas,sofia.vargas3285@example.com,Barcelona,Espana,plata,2022-01-25
3286,Diego Sanchez,diego.sanchez3286@example.com,Medellin,Colombia,bronce,2022-05-04
3287,Maria Moreno,maria.moreno3287@example.com,Valencia,Espana,bronce,2024-11-09
3288,Laura Gomez,laura.gomez3288@example.com,Guadalajara,Mexico,oro,2023-04-22
3289,Carlos Moreno,carlos.moreno3289@example.com,Barcelona,Espana,bronce,2024-06-19
3290,Carlos Castro,carlos.castro3290@example.com,Guadalajara,Mexico,oro,2024-07-27
3291,Sofia Rodriguez,sofia.rodriguez3291@example.com,Valencia,Espana,bronce,2022-05-13
3292,Diego Rodriguez,diego.rodriguez3292@example.com,Valencia,Espana,bronce,2024-02-12
3293,Laura Garcia,laura.garcia3293@example.com,Medellin,Colombia,oro,2022-07-10
3294,Javier Rodriguez,javier.rodriguez3294@example.com,Ciudad de Mexico,Mexico,bronce,2022-06-18
3295,Carlos Perez,carlos.perez3295@example.com,Medellin,Colombia,platino,2022-09-25
3296,Sergio Garcia,sergio.garcia3296@example.com,Medellin,Colombia,oro,2024-04-06
3297,Laura Ortiz,laura.ortiz3297@example.com,Medellin,Colombia,bronce,2022-04-13
3298,Julia Ortiz,julia.ortiz3298@example.com,Medellin,Colombia,bronce,2024-01-01
3299,Lucia Lopez,lucia.lopez3299@example.com,Medellin,Colombia,oro,2023-02-22
3300,Paula Gomez,paula.gomez3300@example.com,Lima,Peru,bronce,2022-10-17
3301,Carmen Moreno,carmen.moreno3301@example.com,Ciudad de Mexico,Mexico,plata,2022-09-20
3302,Javier Rojas,javier.rojas3302@example.com,Cali,Colombia,bronce,2023-01-12
3303,Carmen Vargas,carmen.vargas3303@example.com,Buenos Aires,Argentina,bronce,2023-01-18
3304,Javier Navarro,javier.navarro3304@example.com,Ciudad de Mexico,Mexico,bronce,2022-12-11
3305,Maria Castro,maria.castro3305@example.com,Quito,Ecuador,plata,2023-07-22
3306,Javier Rojas,javier.rojas3306@example.com,Ciudad de Mexico,Mexico,plata,2024-12-23
3307,Javier Ramirez,javier.ramirez3307@example.com,Valencia,Espana,plata,2023-05-10
3308,Maria Ramirez,maria.ramirez3308@example.com,Ciudad de Mexico,Mexico,bronce,2022-07-21
3309,Ana Perez,ana.perez3309@example.com,Santiago,Chile,bronce,2023-11-01
3310,Julia Ramirez,julia.ramirez3310@example.com,Valencia,Espana,bronce,2024-06-27
3311,Lucia Ortiz,lucia.ortiz3311@example.com,Valencia,Espana,bronce,2023-10-19
3312,Sofia Fernandez,sofia.fernandez3312@example.com,Guadalajara,Mexico,bronce,2023-08-05
3313,Julia Martinez,julia.martinez3313@example.com,Lima,Peru,plata,2024-01-03
3314,Laura Vargas,laura.vargas3314@example.com,Medellin,Colombia,bronce,2024-08-22
3315,Sofia Herrera,sofia.herrera3315@example.com,Ciudad de Mexico,Mexico,bronce,2022-03-25
3316,Paula Navarro,paula.navarro3316@example.com,Guadalajara,Mexico,plata,2024-12-11
3317,Carmen Ramirez,carmen.ramirez3317@example.com,Guadalajara,Mexico,bronce,2024-09-05
3318,Miguel Herrera,miguel.herrera3318@example.com,Barcelona,Espana,platino,2024-11-18
3319,Javier Perez,javier.perez3319@example.com,Medellin,Colombia,bronce,2023-06-30
3320,Ana Diaz,ana.diaz3320@example.com,Quito,Ecuador,bronce,2024-07-24
3321,Luis Diaz,luis.diaz3321@example.com,Lima,Peru,oro,2022-03-31
3322,Carlos Gomez,carlos.gomez3322@example.com,Santiago,Chile,plata,2023-03-29
3323,Sergio Moreno,sergio.moreno3323@example.com,Madrid,Espana,oro,2024-08-21
3324,Carmen Mendoza,carmen.mendoza3324@example.com,Cali,Colombia,bronce,2022-10-25
3325,Sofia Gomez,sofia.gomez3325@example.com,Madrid,Espana,bronce,2024-04-16
3326,Sergio Martinez,sergio.martinez3326@example.com,Bogota,Colombia,plata,2022-12-16
3327,Carlos Silva,carlos.silva3327@example.com,Lima,Peru,bronce,2023-10-08
3328,Laura Silva,laura.silva3328@example.com,Medellin,Colombia,plata,2023-12-17
3329,Miguel Ortiz,miguel.ortiz3329@example.com,Valencia,Espana,bronce,2024-08-19
3330,Julia Perez,julia.perez3330@example.com,Buenos Aires,Argentina,bronce,2023-01-10
3331,Carmen Moreno,carmen.moreno3331@example.com,Santiago,Chile,bronce,2024-05-12
3332,Ruben Moreno,ruben.moreno3332@example.com,Guadalajara,Mexico,plata,2023-04-22
3333,Laura Herrera,laura.herrera3333@example.com,Santiago,Chile,bronce,2023-03-07
3334,Paula Silva,paula.silva3334@example.com,Buenos Aires,Argentina,platino,2022-03-29
3335,Luis Navarro,luis.navarro3335@example.com,Guadalajara,Mexico,bronce,2022-03-25
3336,Laura Torres,laura.torres3336@example.com,Lima,Peru,bronce,2024-04-24
3337,Lucia Rodriguez,lucia.rodriguez3337@example.com,Bogota,Colombia,bronce,2022-04-25
3338,Luis Lopez,luis.lopez3338@example.com,Cali,Colombia,plata,2022-05-03
3339,Ruben Mendoza,ruben.mendoza3339@example.com,Ciudad de Mexico,Mexico,oro,2022-07-22
3340,Ruben Silva,ruben.silva3340@example.com,Buenos Aires,Argentina,bronce,2023-01-05
3341,Lucia Garcia,lucia.garcia3341@example.com,Cali,Colombia,bronce,2022-06-28
3342,Elena Fernandez,elena.fernandez3342@example.com,Cali,Colombia,plata,2023-10-09
3343,Luis Sanchez,luis.sanchez3343@example.com,Barcelona,Espana,bronce,2024-06-19
3344,Carmen Gomez,carmen.gomez3344@example.com,Guadalajara,Mexico,plata,2023-08-05
3345,Lucia Castro,lucia.castro3345@example.com,Barcelona,Espana,plata,2023-12-30
3346,Sergio Ramirez,sergio.ramirez3346@example.com,Cali,Colombia,bronce,2024-09-04
3347,Carmen Torres,carmen.torres3347@example.com,Medellin,Colombia,plata,2024-09-06
3348,Maria Diaz,maria.diaz3348@example.com,Santiago,Chile,plata,2023-12-23
3349,Maria Castro,maria.castro3349@example.com,Cali,Colombia,bronce,2022-03-16
3350,Sergio Rojas,sergio.rojas3350@example.com,Madrid,Espana,bronce,2024-05-14
3351,Carlos Garcia,carlos.garcia3351@example.com,Ciudad de Mexico,Mexico,bronce,2024-04-09
3352,Julia Martinez,julia.martinez3352@example.com,Valencia,Espana,plata,2022-11-29
3353,Maria Gomez,maria.gomez3353@example.com,Medellin,Colombia,plata,2022-06-27
3354,Marta Diaz,marta.diaz3354@example.com,Bogota,Colombia,bronce,2022-05-25
3355,Alberto Navarro,alberto.navarro3355@example.com,Barcelona,Espana,bronce,2022-10-30
3356,Sofia Mendoza,sofia.mendoza3356@example.com,Quito,Ecuador,bronce,2024-03-24
3357,Luis Castro,luis.castro3357@example.com,Bogota,Colombia,bronce,2024-11-01
3358,Ruben Garcia,ruben.garcia3358@example.com,Ciudad de Mexico,Mexico,bronce,2022-06-18
3359,Carlos Martinez,carlos.martinez3359@example.com,Santiago,Chile,bronce,2023-03-31
3360,Lucia Torres,lucia.torres3360@example.com,Medellin,Colombia,bronce,2024-07-02
3361,Alberto Vargas,alberto.vargas3361@example.com,Quito,Ecuador,plata,2022-04-05
3362,Marta Rojas,marta.rojas3362@example.com,Medellin,Colombia,plata,2024-10-29
3363,Ana Martinez,ana.martinez3363@example.com,Quito,Ecuador,bronce,2022-01-20
3364,Paula Mendoza,paula.mendoza3364@example.com,Cali,Colombia,plata,2022-11-06
3365,Carlos Torres,carlos.torres3365@example.com,Madrid,Espana,bronce,2022-02-05
3366,Marta Vargas,marta.vargas3366@example.com,Lima,Peru,bronce,2024-04-13
3367,Carmen Garcia,carmen.garcia3367@example.com,Lima,Peru,platino,2023-04-13
3368,Javier Silva,javier.silva3368@example.com,Quito,Ecuador,bronce,2023-04-24
3369,Sofia Ramirez,sofia.ramirez3369@example.com,Barcelona,Espana,bronce,2023-08-22
3370,Maria Sanchez,maria.sanchez3370@example.com,Lima,Peru,bronce,2022-11-24
3371,Alberto Gomez,alberto.gomez3371@example.com,Medellin,Colombia,plata,2024-04-08
3372,Laura Fernandez,laura.fernandez3372@example.com,Lima,Peru,bronce,2023-04-18
3373,Elena Garcia,elena.garcia3373@example.com,Quito,Ecuador,platino,2024-05-21
3374,Lucia Ortiz,lucia.ortiz3374@example.com,Valencia,Espana,bronce,2023-12-10
3375,Andres Silva,andres.silva3375@example.com,Medellin,Colombia,bronce,2024-01-10
3376,Lucia Mendoza,lucia.mendoza3376@example.com,Bogota,Colombia,bronce,2024-12-17
3377,Lucia Fernandez,lucia.fernandez3377@example.com,Bogota,Colombia,plata,2023-07-09
3378,Pablo Vargas,pablo.vargas3378@example.com,Guadalajara,Mexico,bronce,2022-11-25
3379,Ruben Torres,ruben.torres3379@example.com,Medellin,Colombia,oro,2024-03-08
3380,Miguel Torres,miguel.torres3380@example.com,Guadalajara,Mexico,oro,2024-02-13
3381,Paula Vargas,paula.vargas3381@example.com,Buenos Aires,Argentina,bronce,2023-06-14
3382,Sergio Torres,sergio.torres3382@example.com,Valencia,Espana,bronce,2023-01-02
3383,Alberto Herrera,alberto.herrera3383@example.com,Madrid,Espana,bronce,2024-10-15
3384,Julia Rodriguez,julia.rodriguez3384@example.com,Buenos Aires,Argentina,plata,2022-10-03
3385,Sergio Lopez,sergio.lopez3385@example.com,Valencia,Espana,plata,2022-03-28
3386,Laura Mendoza,laura.mendoza3386@example.com,Valencia,Espana,bronce,2023-11-23
3387,Sergio Mendoza,sergio.mendoza3387@example.com,Guadalajara,Mexico,platino,2022-03-31
3388,Marta Silva,marta.silva3388@example.com,Bogota,Colombia,bronce,2024-04-13
3389,Javier Fernandez,javier.fernandez3389@example.com,Valencia,Espana,oro,2024-07-11
3390,Andres Torres,andres.torres3390@example.com,Bogota,Colombia,oro,2024-02-25
3391,Javier Garcia,javier.garcia3391@example.com,Ciudad de Mexico,Mexico,bronce,2022-09-16
3392,Lucia Perez,lucia.perez3392@example.com,Lima,Peru,bronce,2024-10-29
3393,Sergio Moreno,sergio.moreno3393@example.com,Quito,Ecuador,bronce,2022-04-07
3394,Carlos Gomez,carlos.gomez3394@example.com,Buenos Aires,Argentina,oro,2022-04-28
3395,Elena Torres,elena.torres3395@example.com,Lima,Peru,bronce,2022-11-29
3396,Sergio Martinez,sergio.martinez3396@example.com,Ciudad de Mexico,Mexico,oro,2023-08-16
3397,Diego Torres,diego.torres3397@example.com,Medellin,Colombia,bronce,2024-02-17
3398,Alberto Moreno,alberto.moreno3398@example.com,Santiago,Chile,bronce,2022-11-15
3399,Ana Vargas,ana.vargas3399@example.com,Bogota,Colombia,oro,2024-09-29
3400,Marta Vargas,marta.vargas3400@example.com,Santiago,Chile,bronce,2024-06-13
3401,Paula Ortiz,paula.ortiz3401@example.com,Quito,Ecuador,plata,2022-09-10
3402,Julia Sanchez,julia.sanchez3402@example.com,Medellin,Colombia,bronce,2022-03-09
3403,Carlos Perez,carlos.perez3403@example.com,Guadalajara,Mexico,bronce,2024-02-08
3404,Alberto Castro,alberto.castro3404@example.com,Santiago,Chile,bronce,2022-07-12
3405,Miguel Torres,miguel.torres3405@example.com,Santiago,Chile,bronce,2022-11-05
3406,Miguel Navarro,miguel.navarro3406@example.com,Valencia,Espana,plata,2024-04-25
3407,Miguel Rodriguez,miguel.rodriguez3407@example.com,Quito,Ecuador,bronce,2022-07-27
3408,Carmen Martinez,carmen.martinez3408@example.com,Ciudad de Mexico,Mexico,bronce,2023-01-24
3409,Andres Gomez,andres.gomez3409@example.com,Madrid,Espana,bronce,2024-10-12
3410,Diego Torres,diego.torres3410@example.com,Barcelona,Espana,plata,2024-01-17
3411,Luis Mendoza,luis.mendoza3411@example.com,Buenos Aires,Argentina,oro,2023-11-10
3412,Alberto Torres,alberto.torres3412@example.com,Cali,Colombia,plata,2024-12-29
3413,Laura Diaz,laura.diaz3413@example.com,Barcelona,Espana,platino,2024-04-23
3414,Luis Lopez,luis.lopez3414@example.com,Ciudad de Mexico,Mexico,bronce,2023-05-19
3415,Pablo Diaz,pablo.diaz3415@example.com,Guadalajara,Mexico,bronce,2023-12-29
3416,Sofia Ramirez,sofia.ramirez3416@example.com,Madrid,Espana,bronce,2023-08-07
3417,Carmen Vargas,carmen.vargas3417@example.com,Medellin,Colombia,bronce,2023-02-03
3418,Ruben Castro,ruben.castro3418@example.com,Cali,Colombia,plata,2024-12-03
3419,Luis Diaz,luis.diaz3419@example.com,Santiago,Chile,plata,2023-10-12
3420,Javier Lopez,javier.lopez3420@example.com,Guadalajara,Mexico,bronce,2024-03-28
3421,Lucia Lopez,lucia.lopez3421@example.com,Barcelona,Espana,oro,2023-03-25
3422,Sergio Lopez,sergio.lopez3422@example.com,Guadalajara,Mexico,bronce,2022-08-04
3423,Carmen Castro,carmen.castro3423@example.com,Lima,Peru,plata,2022-05-15
3424,Miguel Mendoza,miguel.mendoza3424@example.com,Madrid,Espana,bronce,2024-05-30
3425,Carmen Mendoza,carmen.mendoza3425@example.com,Quito,Ecuador,plata,2023-07-25
3426,Alberto Gomez,alberto.gomez3426@example.com,Barcelona,Espana,bronce,2023-07-19
3427,Diego Rodriguez,diego.rodriguez3427@example.com,Guadalajara,Mexico,oro,2022-05-13
3428,Ruben Castro,ruben.castro3428@example.com,Medellin,Colombia,oro,2024-05-12
3429,Sergio Garcia,sergio.garcia3429@example.com,Buenos Aires,Argentina,bronce,2022-10-16
3430,Elena Castro,elena.castro3430@example.com,Lima,Peru,bronce,2023-10-18
3431,Laura Fernandez,laura.fernandez3431@example.com,Lima,Peru,plata,2023-01-19
3432,Sergio Silva,sergio.silva3432@example.com,Lima,Peru,plata,2022-09-06
3433,Laura Castro,laura.castro3433@example.com,Santiago,Chile,bronce,2022-06-28
3434,Elena Moreno,elena.moreno3434@example.com,Bogota,Colombia,plata,2024-06-10
3435,Laura Diaz,laura.diaz3435@example.com,Cali,Colombia,oro,2022-04-15
3436,Carmen Silva,carmen.silva3436@example.com,Buenos Aires,Argentina,plata,2022-01-03
3437,Javier Ramirez,javier.ramirez3437@example.com,Valencia,Espana,bronce,2022-12-02
3438,Andres Castro,andres.castro3438@example.com,Ciudad de Mexico,Mexico,oro,2024-08-30
3439,Julia Fernandez,julia.fernandez3439@example.com,Ciudad de Mexico,Mexico,bronce,2024-02-08
3440,Paula Diaz,paula.diaz3440@example.com,Quito,Ecuador,bronce,2024-06-15
3441,Julia Silva,julia.silva3441@example.com,Madrid,Espana,platino,2022-08-13
3442,Ana Fernandez,ana.fernandez3442@example.com,Barcelona,Espana,bronce,2024-11-28
3443,Diego Garcia,diego.garcia3443@example.com,Madrid,Espana,bronce,2022-05-09
3444,Laura Fernandez,laura.fernandez3444@example.com,Ciudad de Mexico,Mexico,plata,2022-02-08
3445,Julia Fernandez,julia.fernandez3445@example.com,Ciudad de Mexico,Mexico,oro,2023-06-07
3446,Marta Diaz,marta.diaz3446@example.com,Guadalajara,Mexico,bronce,2023-04-25
3447,Elena Rodriguez,elena.rodriguez3447@example.com,Valencia,Espana,bronce,2022-11-15
3448,Pablo Martinez,pablo.martinez3448@example.com,Bogota,Colombia,bronce,2022-07-05
3449,Carmen Gomez,carmen.gomez3449@example.com,Cali,Colombia,bronce,2022-12-18
3450,Diego Diaz,diego.diaz3450@example.com,Madrid,Espana,bronce,2023-02-14
3451,Diego Garcia,diego.garcia3451@example.com,Santiago,Chile,bronce,2023-10-21
3452,Luis Fernandez,luis.fernandez3452@example.com,Madrid,Espana,oro,2023-01-29
3453,Diego Gomez,diego.gomez3453@example.com,Buenos Aires,Argentina,plata,2022-09-25
3454,Elena Garcia,elena.garcia3454@example.com,Cali,Colombia,oro,2023-10-17
3455,Paula Perez,paula.perez3455@example.com,Quito,Ecuador,oro,2023-09-30
3456,Ruben Perez,ruben.perez3456@example.com,Buenos Aires,Argentina,oro,2023-04-24
3457,Sergio Martinez,sergio.martinez3457@example.com,Cali,Colombia,plata,2022-05-01
3458,Ana Herrera,ana.herrera3458@example.com,Buenos Aires,Argentina,bronce,2024-11-23
3459,Paula Rodriguez,paula.rodriguez3459@example.com,Barcelona,Espana,oro,2023-07-24
3460,Miguel Vargas,miguel.vargas3460@example.com,Valencia,Espana,bronce,2022-11-01
3461,Sofia Rojas,sofia.rojas3461@example.com,Cali,Colombia,bronce,2024-03-05
3462,Julia Silva,julia.silva3462@example.com,Lima,Peru,bronce,2023-04-04
3463,Ruben Ramirez,ruben.ramirez3463@example.com,Santiago,Chile,bronce,2022-06-29
3464,Luis Ramirez,luis.ramirez3464@example.com,Medellin,Colombia,bronce,2024-02-07
3465,Miguel Herrera,miguel.herrera3465@example.com,Bogota,Colombia,plata,2022-04-12
3466,Marta Mendoza,marta.mendoza3466@example.com,Quito,Ecuador,bronce,2022-10-30
3467,Lucia Sanchez,lucia.sanchez3467@example.com,Ciudad de Mexico,Mexico,bronce,2023-12-27
3468,Javier Herrera,javier.herrera3468@example.com,Barcelona,Espana,bronce,2024-03-03
3469,Lucia Torres,lucia.torres3469@example.com,Valencia,Espana,oro,2024-12-21
3470,Ruben Rodriguez,ruben.rodriguez3470@example.com,Lima,Peru,bronce,2024-02-16
3471,Laura Castro,laura.castro3471@example.com,Lima,Peru,bronce,2022-09-11
3472,Marta Navarro,marta.navarro3472@example.com,Lima,Peru,plata,2024-02-19
3473,Marta Martinez,marta.martinez3473@example.com,Madrid,Espana,oro,2024-04-02
3474,Ruben Garcia,ruben.garcia3474@example.com,Santiago,Chile,bronce,2024-01-10
3475,Javier Ortiz,javier.ortiz3475@example.com,Barcelona,Espana,plata,2024-03-27
3476,Laura Vargas,laura.vargas3476@example.com,Santiago,Chile,bronce,2024-06-14
3477,Lucia Sanchez,lucia.sanchez3477@example.com,Lima,Peru,oro,2023-09-15
3478,Lucia Herrera,lucia.herrera3478@example.com,Medellin,Colombia,plata,2024-12-25
3479,Sofia Fernandez,sofia.fernandez3479@example.com,Valencia,Espana,plata,2023-12-07
3480,Sergio Gomez,sergio.gomez3480@example.com,Buenos Aires,Argentina,bronce,2022-03-02
3481,Sergio Perez,sergio.perez3481@example.com,Madrid,Espana,plata,2022-07-08
3482,Laura Vargas,laura.vargas3482@example.com,Ciudad de Mexico,Mexico,bronce,2023-06-29
3483,Sergio Martinez,sergio.martinez3483@example.com,Bogota,Colombia,bronce,2023-04-22
3484,Laura Fernandez,laura.fernandez3484@example.com,Cali,Colombia,plata,2024-06-09
3485,Sofia Gomez,sofia.gomez3485@example.com,Santiago,Chile,plata,2024-01-07
3486,Ana Rodriguez,ana.rodriguez3486@example.com,Quito,Ecuador,bronce,2022-01-01
3487,Elena Herrera,elena.herrera3487@example.com,Medellin,Colombia,oro,2023-05-14
3488,Alberto Garcia,alberto.garcia3488@example.com,Bogota,Colombia,bronce,2023-08-20
3489,Sofia Navarro,sofia.navarro3489@example.com,Lima,Peru,plata,2024-12-09
3490,Marta Rodriguez,marta.rodriguez3490@example.com,Medellin,Colombia,bronce,2023-12-24
3491,Maria Fernandez,maria.fernandez3491@example.com,Valencia,Espana,bronce,2022-07-17
3492,Carmen Rodriguez,carmen.rodriguez3492@example.com,Lima,Peru,oro,2022-07-29
3493,Miguel Fernandez,miguel.fernandez3493@example.com,Quito,Ecuador,bronce,2022-12-12
3494,Marta Castro,marta.castro3494@example.com,Bogota,Colombia,oro,2023-03-15
3495,Julia Rodriguez,julia.rodriguez3495@example.com,Barcelona,Espana,bronce,2022-04-29
3496,Lucia Ramirez,lucia.ramirez3496@example.com,Barcelona,Espana,plata,2024-05-14
3497,Maria Herrera,maria.herrera3497@example.com,Guadalajara,Mexico,bronce,2022-03-16
3498,Diego Torres,diego.torres3498@example.com,Bogota,Colombia,plata,2022-03-15
3499,Maria Martinez,maria.martinez3499@example.com,Guadalajara,Mexico,oro,2022-05-20
3500,Sofia Rojas,sofia.rojas3500@example.com,Santiago,Chile,plata,2022-05-28
3501,Luis Lopez,luis.lopez3501@example.com,Madrid,Espana,bronce,2023-09-10
3502,Carmen Garcia,carmen.garcia3502@example.com,Lima,Peru,plata,2024-06-14
3503,Elena Diaz,elena.diaz3503@example.com,Madrid,Espana,plata,2024-10-29
3504,Laura Perez,laura.perez3504@example.com,Barcelona,Espana,bronce,2024-06-05
3505,Ana Garcia,ana.garcia3505@example.com,Buenos Aires,Argentina,plata,2024-01-21
3506,Ruben Herrera,ruben.herrera3506@example.com,Guadalajara,Mexico,plata,2023-10-09
3507,Paula Vargas,paula.vargas3507@example.com,Quito,Ecuador,plata,2022-12-05
3508,Paula Ortiz,paula.ortiz3508@example.com,Ciudad de Mexico,Mexico,bronce,2023-04-01
3509,Luis Torres,luis.torres3509@example.com,Cali,Colombia,bronce,2024-08-13
3510,Elena Diaz,elena.diaz3510@example.com,Buenos Aires,Argentina,platino,2022-04-26
3511,Alberto Silva,alberto.silva3511@example.com,Santiago,Chile,plata,2024-06-22
3512,Pablo Rodriguez,pablo.rodriguez3512@example.com,Buenos Aires,Argentina,bronce,2024-06-07
3513,Maria Fernandez,maria.fernandez3513@example.com,Medellin,Colombia,platino,2022-03-04
3514,Maria Herrera,maria.herrera3514@example.com,Quito,Ecuador,bronce,2022-09-22
3515,Javier Perez,javier.perez3515@example.com,Bogota,Colombia,bronce,2022-12-06
3516,Alberto Mendoza,alberto.mendoza3516@example.com,Medellin,Colombia,plata,2024-09-26
3517,Carlos Perez,carlos.perez3517@example.com,Bogota,Colombia,plata,2023-04-26
3518,Julia Diaz,julia.diaz3518@example.com,Bogota,Colombia,platino,2024-04-29
3519,Andres Mendoza,andres.mendoza3519@example.com,Valencia,Espana,plata,2023-10-20
3520,Julia Sanchez,julia.sanchez3520@example.com,Ciudad de Mexico,Mexico,bronce,2022-03-30
3521,Paula Navarro,paula.navarro3521@example.com,Buenos Aires,Argentina,bronce,2024-01-01
3522,Elena Garcia,elena.garcia3522@example.com,Cali,Colombia,bronce,2023-11-27
3523,Paula Perez,paula.perez3523@example.com,Quito,Ecuador,oro,2024-08-11
3524,Carlos Vargas,carlos.vargas3524@example.com,Cali,Colombia,bronce,2024-10-05
3525,Javier Vargas,javier.vargas3525@example.com,Cali,Colombia,bronce,2023-10-06
3526,Laura Ortiz,laura.ortiz3526@example.com,Madrid,Espana,bronce,2024-08-20
3527,Maria Navarro,maria.navarro3527@example.com,Lima,Peru,bronce,2022-06-02
3528,Luis Rojas,luis.rojas3528@example.com,Barcelona,Espana,bronce,2023-11-03
3529,Carlos Rojas,carlos.rojas3529@example.com,Barcelona,Espana,plata,2023-09-25
3530,Maria Gomez,maria.gomez3530@example.com,Quito,Ecuador,bronce,2022-07-08
3531,Miguel Silva,miguel.silva3531@example.com,Ciudad de Mexico,Mexico,platino,2023-08-13
3532,Luis Castro,luis.castro3532@example.com,Madrid,Espana,oro,2024-01-15
3533,Luis Garcia,luis.garcia3533@example.com,Cali,Colombia,bronce,2023-03-31
3534,Alberto Silva,alberto.silva3534@example.com,Guadalajara,Mexico,oro,2023-12-31
3535,Luis Fernandez,luis.fernandez3535@example.com,Madrid,Espana,bronce,2024-03-26
3536,Luis Torres,luis.torres3536@example.com,Santiago,Chile,bronce,2023-10-07
3537,Ana Torres,ana.torres3537@example.com,Buenos Aires,Argentina,bronce,2023-03-12
3538,Maria Silva,maria.silva3538@example.com,Madrid,Espana,oro,2022-10-18
3539,Lucia Perez,lucia.perez3539@example.com,Guadalajara,Mexico,plata,2023-12-25
3540,Paula Fernandez,paula.fernandez3540@example.com,Valencia,Espana,bronce,2024-09-12
3541,Marta Garcia,marta.garcia3541@example.com,Buenos Aires,Argentina,plata,2023-05-21
3542,Pablo Gomez,pablo.gomez3542@example.com,Medellin,Colombia,plata,2023-07-05
3543,Luis Rodriguez,luis.rodriguez3543@example.com,Valencia,Espana,plata,2024-09-25
3544,Sergio Vargas,sergio.vargas3544@example.com,Ciudad de Mexico,Mexico,bronce,2022-11-22
3545,Ana Mendoza,ana.mendoza3545@example.com,Cali,Colombia,oro,2024-06-03
3546,Carmen Torres,carmen.torres3546@example.com,Medellin,Colombia,plata,2022-10-07
3547,Sofia Ortiz,sofia.ortiz3547@example.com,Lima,Peru,bronce,2022-10-10
3548,Ruben Navarro,ruben.navarro3548@example.com,Guadalajara,Mexico,oro,2022-11-04
3549,Elena Rodriguez,elena.rodriguez3549@example.com,Cali,Colombia,bronce,2022-02-27
3550,Carmen Ramirez,carmen.ramirez3550@example.com,Valencia,Espana,plata,2023-05-20
3551,Sofia Ramirez,sofia.ramirez3551@example.com,Ciudad de Mexico,Mexico,plata,2023-01-23
3552,Lucia Fernandez,lucia.fernandez3552@example.com,Madrid,Espana,bronce,2022-09-10
3553,Julia Silva,julia.silva3553@example.com,Lima,Peru,bronce,2024-04-08
3554,Marta Fernandez,marta.fernandez3554@example.com,Madrid,Espana,plata,2023-07-21
3555,Sofia Rodriguez,sofia.rodriguez3555@example.com,Buenos Aires,Argentina,oro,2022-08-03
3556,Sofia Ramirez,sofia.ramirez3556@example.com,Medellin,Colombia,oro,2022-07-30
3557,Marta Sanchez,marta.sanchez3557@example.com,Buenos Aires,Argentina,plata,2024-06-05
3558,Elena Fernandez,elena.fernandez3558@example.com,Medellin,Colombia,bronce,2022-10-24
3559,Carlos Ramirez,carlos.ramirez3559@example.com,Madrid,Espana,bronce,2023-03-09
3560,Diego Moreno,diego.moreno3560@example.com,Quito,Ecuador,plata,2022-05-12
3561,Luis Perez,luis.perez3561@example.com,Santiago,Chile,bronce,2024-05-30
3562,Carlos Fernandez,carlos.fernandez3562@example.com,Madrid,Espana,plata,2023-01-27
3563,Sofia Rodriguez,sofia.rodriguez3563@example.com,Madrid,Espana,bronce,2024-02-11
3564,Sergio Fernandez,sergio.fernandez3564@example.com,Ciudad de Mexico,Mexico,bronce,2023-03-21
3565,Sergio Vargas,sergio.vargas3565@example.com,Quito,Ecuador,plata,2024-05-27
3566,Javier Castro,javier.castro3566@example.com,Ciudad de Mexico,Mexico,plata,2023-03-19
3567,Sofia Perez,sofia.perez3567@example.com,Madrid,Espana,plata,2024-09-07
3568,Carlos Rodriguez,carlos.rodriguez3568@example.com,Buenos Aires,Argentina,bronce,2024-03-04
3569,Sergio Vargas,sergio.vargas3569@example.com,Cali,Colombia,oro,2023-06-11
3570,Laura Rojas,laura.rojas3570@example.com,Guadalajara,Mexico,bronce,2023-06-14
3571,Sergio Rodriguez,sergio.rodriguez3571@example.com,Medellin,Colombia,plata,2023-11-11
3572,Paula Ramirez,paula.ramirez3572@example.com,Madrid,Espana,plata,2024-01-29
3573,Andres Rodriguez,andres.rodriguez3573@example.com,Madrid,Espana,bronce,2024-02-13
3574,Elena Torres,elena.torres3574@example.com,Guadalajara,Mexico,plata,2022-02-06
3575,Alberto Castro,alberto.castro3575@example.com,Guadalajara,Mexico,plata,2022-10-18
3576,Andres Moreno,andres.moreno3576@example.com,Bogota,Colombia,bronce,2023-04-24
3577,Carmen Moreno,carmen.moreno3577@example.com,Madrid,Espana,plata,2023-08-11
3578,Ruben Herrera,ruben.herrera3578@example.com,Santiago,Chile,bronce,2022-04-09
3579,Ruben Sanchez,ruben.sanchez3579@example.com,Barcelona,Espana,oro,2022-08-07
3580,Luis Silva,luis.silva3580@example.com,Valencia,Espana,bronce,2023-05-22
3581,Ruben Gomez,ruben.gomez3581@example.com,Cali,Colombia,bronce,2023-05-05
3582,Sergio Fernandez,sergio.fernandez3582@example.com,Buenos Aires,Argentina,plata,2023-11-05
3583,Laura Herrera,laura.herrera3583@example.com,Quito,Ecuador,bronce,2022-03-18
3584,Elena Gomez,elena.gomez3584@example.com,Guadalajara,Mexico,platino,2024-05-22
3585,Sergio Rodriguez,sergio.rodriguez3585@example.com,Quito,Ecuador,bronce,2022-11-26
3586,Laura Moreno,laura.moreno3586@example.com,Guadalajara,Mexico,bronce,2023-08-26
3587,Diego Rojas,diego.rojas3587@example.com,Lima,Peru,bronce,2024-11-03
3588,Andres Vargas,andres.vargas3588@example.com,Valencia,Espana,bronce,2023-02-20
3589,Andres Martinez,andres.martinez3589@example.com,Madrid,Espana,bronce,2022-12-10
3590,Julia Castro,julia.castro3590@example.com,Buenos Aires,Argentina,bronce,2022-10-17
3591,Maria Lopez,maria.lopez3591@example.com,Quito,Ecuador,bronce,2023-12-16
3592,Javier Vargas,javier.vargas3592@example.com,Buenos Aires,Argentina,bronce,2024-11-14
3593,Alberto Ramirez,alberto.ramirez3593@example.com,Medellin,Colombia,bronce,2023-09-05
3594,Pablo Herrera,pablo.herrera3594@example.com,Cali,Colombia,bronce,2022-08-06
3595,Laura Navarro,laura.navarro3595@example.com,Barcelona,Espana,bronce,2024-11-01
3596,Javier Lopez,javier.lopez3596@example.com,Medellin,Colombia,bronce,2022-02-16
3597,Elena Martinez,elena.martinez3597@example.com,Buenos Aires,Argentina,bronce,2023-03-26
3598,Pablo Vargas,pablo.vargas3598@example.com,Barcelona,Espana,bronce,2022-05-18
3599,Javier Navarro,javier.navarro3599@example.com,Cali,Colombia,bronce,2022-02-06
3600,Carmen Lopez,carmen.lopez3600@example.com,Bogota,Colombia,bronce,2024-12-28
3601,Sofia Torres,sofia.torres3601@example.com,Cali,Colombia,oro,2022-04-04
3602,Carmen Diaz,carmen.diaz3602@example.com,Santiago,Chile,bronce,2024-09-19
3603,Carlos Gomez,carlos.gomez3603@example.com,Lima,Peru,bronce,2023-08-20
3604,Carmen Rojas,carmen.rojas3604@example.com,Medellin,Colombia,plata,2022-12-17
3605,Julia Perez,julia.perez3605@example.com,Santiago,Chile,bronce,2024-08-02
3606,Maria Torres,maria.torres3606@example.com,Buenos Aires,Argentina,bronce,2022-01-05
3607,Elena Silva,elena.silva3607@example.com,Quito,Ecuador,plata,2024-01-26
3608,Andres Fernandez,andres.fernandez3608@example.com,Buenos Aires,Argentina,plata,2024-04-20
3609,Carmen Garcia,carmen.garcia3609@example.com,Ciudad de Mexico,Mexico,platino,2023-02-03
3610,Andres Mendoza,andres.mendoza3610@example.com,Buenos Aires,Argentina,oro,2022-11-26
3611,Pablo Perez,pablo.perez3611@example.com,Bogota,Colombia,plata,2022-01-11
3612,Andres Herrera,andres.herrera3612@example.com,Buenos Aires,Argentina,plata,2022-01-25
3613,Carmen Herrera,carmen.herrera3613@example.com,Buenos Aires,Argentina,bronce,2022-02-18
3614,Luis Ramirez,luis.ramirez3614@example.com,Guadalajara,Mexico,oro,2023-05-15
3615,Sergio Rodriguez,sergio.rodriguez3615@example.com,Barcelona,Espana,plata,2023-08-05
3616,Sofia Navarro,sofia.navarro3616@example.com,Ciudad de Mexico,Mexico,bronce,2023-04-10
3617,Luis Rojas,luis.rojas3617@example.com,Buenos Aires,Argentina,bronce,2024-02-09
3618,Sofia Diaz,sofia.diaz3618@example.com,Valencia,Espana,plata,2023-02-01
3619,Sofia Mendoza,sofia.mendoza3619@example.com,Santiago,Chile,bronce,2024-05-15
3620,Luis Herrera,luis.herrera3620@example.com,Lima,Peru,oro,2023-12-17
3621,Alberto Herrera,alberto.herrera3621@example.com,Ciudad de Mexico,Mexico,bronce,2024-10-23
3622,Laura Lopez,laura.lopez3622@example.com,Quito,Ecuador,oro,2024-03-05
3623,Elena Castro,elena.castro3623@example.com,Lima,Peru,bronce,2022-05-21
3624,Sofia Perez,sofia.perez3624@example.com,Cali,Colombia,plata,2023-09-05
3625,Paula Rodriguez,paula.rodriguez3625@example.com,Lima,Peru,bronce,2023-12-21
3626,Marta Gomez,marta.gomez3626@example.com,Quito,Ecuador,bronce,2022-01-16
3627,Sergio Martinez,sergio.martinez3627@example.com,Barcelona,Espana,bronce,2022-02-18
3628,Laura Martinez,laura.martinez3628@example.com,Quito,Ecuador,bronce,2022-01-25
3629,Paula Moreno,paula.moreno3629@example.com,Madrid,Espana,bronce,2022-07-07
3630,Paula Ramirez,paula.ramirez3630@example.com,Cali,Colombia,oro,2024-08-23
3631,Diego Fernandez,diego.fernandez3631@example.com,Quito,Ecuador,bronce,2022-09-20
3632,Lucia Lopez,lucia.lopez3632@example.com,Buenos Aires,Argentina,plata,2022-07-24
3633,Ana Herrera,ana.herrera3633@example.com,Bogota,Colombia,plata,2023-05-04
3634,Sergio Castro,sergio.castro3634@example.com,Guadalajara,Mexico,bronce,2023-03-12
3635,Alberto Vargas,alberto.vargas3635@example.com,Valencia,Espana,oro,2024-12-23
3636,Diego Lopez,diego.lopez3636@example.com,Valencia,Espana,plata,2022-04-24
3637,Lucia Martinez,lucia.martinez3637@example.com,Lima,Peru,plata,2024-07-09
3638,Diego Martinez,diego.martinez3638@example.com,Madrid,Espana,oro,2022-09-09
3639,Luis Garcia,luis.garcia3639@example.com,Quito,Ecuador,plata,2022-12-06
3640,Carmen Navarro,carmen.navarro3640@example.com,Cali,Colombia,platino,2023-06-16
3641,Marta Fernandez,marta.fernandez3641@example.com,Madrid,Espana,bronce,2024-12-04
3642,Julia Rojas,julia.rojas3642@example.com,Santiago,Chile,bronce,2022-09-15
3643,Julia Navarro,julia.navarro3643@example.com,Madrid,Espana,plata,2023-01-12
3644,Diego Ortiz,diego.ortiz3644@example.com,Bogota,Colombia,bronce,2023-12-23
3645,Alberto Gomez,alberto.gomez3645@example.com,Valencia,Espana,plata,2024-01-04
3646,Lucia Torres,lucia.torres3646@example.com,Santiago,Chile,bronce,2023-02-07
3647,Carmen Torres,carmen.torres3647@example.com,Medellin,Colombia,bronce,2022-05-24
3648,Carmen Garcia,carmen.garcia3648@example.com,Guadalajara,Mexico,oro,2024-05-13
3649,Alberto Herrera,alberto.herrera3649@example.com,Madrid,Espana,bronce,2024-09-12
3650,Marta Vargas,marta.vargas3650@example.com,Buenos Aires,Argentina,bronce,2023-10-22
3651,Maria Fernandez,maria.fernandez3651@example.com,Buenos Aires,Argentina,plata,2024-08-13
3652,Luis Vargas,luis.vargas3652@example.com,Bogota,Colombia,plata,2022-10-06
3653,Sofia Moreno,sofia.moreno3653@example.com,Lima,Peru,oro,2024-08-04
3654,Lucia Garcia,lucia.garcia3654@example.com,Cali,Colombia,bronce,2024-06-04
3655,Andres Castro,andres.castro3655@example.com,Buenos Aires,Argentina,oro,2024-09-15
3656,Diego Mendoza,diego.mendoza3656@example.com,Valencia,Espana,plata,2024-10-17
3657,Lucia Moreno,lucia.moreno3657@example.com,Quito,Ecuador,oro,2023-01-14
3658,Julia Castro,julia.castro3658@example.com,Valencia,Espana,bronce,2022-05-12
3659,Elena Rodriguez,elena.rodriguez3659@example.com,Guadalajara,Mexico,bronce,2024-03-31
3660,Diego Moreno,diego.moreno3660@example.com,Barcelona,Espana,bronce,2024-01-04
3661,Pablo Herrera,pablo.herrera3661@example.com,Madrid,Espana,plata,2023-12-11
3662,Diego Torres,diego.torres3662@example.com,Barcelona,Espana,bronce,2023-11-22
3663,Alberto Vargas,alberto.vargas3663@example.com,Quito,Ecuador,bronce,2022-02-14
3664,Alberto Castro,alberto.castro3664@example.com,Valencia,Espana,plata,2024-01-04
3665,Lucia Martinez,lucia.martinez3665@example.com,Lima,Peru,bronce,2023-06-15
3666,Diego Perez,diego.perez3666@example.com,Ciudad de Mexico,Mexico,bronce,2022-02-04
3667,Pablo Herrera,pablo.herrera3667@example.com,Barcelona,Espana,bronce,2024-07-25
3668,Carlos Navarro,carlos.navarro3668@example.com,Cali,Colombia,oro,2022-01-31
3669,Sofia Perez,sofia.perez3669@example.com,Cali,Colombia,plata,2022-09-13
3670,Laura Diaz,laura.diaz3670@example.com,Bogota,Colombia,plata,2022-11-19
3671,Maria Ortiz,maria.ortiz3671@example.com,Guadalajara,Mexico,oro,2024-05-07
3672,Luis Lopez,luis.lopez3672@example.com,Lima,Peru,plata,2022-03-29
3673,Pablo Perez,pablo.perez3673@example.com,Lima,Peru,bronce,2023-02-25
3674,Ana Rodriguez,ana.rodriguez3674@example.com,Ciudad de Mexico,Mexico,plata,2023-02-05
3675,Carmen Sanchez,carmen.sanchez3675@example.com,Lima,Peru,platino,2023-03-31
3676,Sofia Castro,sofia.castro3676@example.com,Quito,Ecuador,bronce,2024-08-13
3677,Miguel Gomez,miguel.gomez3677@example.com,Barcelona,Espana,plata,2022-12-23
3678,Sergio Navarro,sergio.navarro3678@example.com,Guadalajara,Mexico,bronce,2023-01-24
3679,Lucia Mendoza,lucia.mendoza3679@example.com,Santiago,Chile,oro,2023-03-24
3680,Marta Mendoza,marta.mendoza3680@example.com,Madrid,Espana,plata,2023-03-07
3681,Marta Moreno,marta.moreno3681@example.com,Guadalajara,Mexico,oro,2024-11-10
3682,Ana Moreno,ana.moreno3682@example.com,Lima,Peru,plata,2022-10-20
3683,Laura Ramirez,laura.ramirez3683@example.com,Bogota,Colombia,bronce,2022-05-05
3684,Pablo Navarro,pablo.navarro3684@example.com,Lima,Peru,bronce,2023-04-07
3685,Alberto Rodriguez,alberto.rodriguez3685@example.com,Quito,Ecuador,oro,2022-04-02
3686,Carlos Moreno,carlos.moreno3686@example.com,Guadalajara,Mexico,bronce,2024-05-23
3687,Maria Martinez,maria.martinez3687@example.com,Guadalajara,Mexico,bronce,2024-09-03
3688,Julia Gomez,julia.gomez3688@example.com,Ciudad de Mexico,Mexico,plata,2024-06-28
3689,Alberto Perez,alberto.perez3689@example.com,Medellin,Colombia,bronce,2024-05-31
3690,Carlos Castro,carlos.castro3690@example.com,Cali,Colombia,bronce,2023-04-07
3691,Sofia Herrera,sofia.herrera3691@example.com,Ciudad de Mexico,Mexico,bronce,2024-02-04
3692,Carmen Rodriguez,carmen.rodriguez3692@example.com,Cali,Colombia,bronce,2023-03-11
3693,Carlos Castro,carlos.castro3693@example.com,Santiago,Chile,plata,2024-07-24
3694,Elena Sanchez,elena.sanchez3694@example.com,Santiago,Chile,bronce,2022-08-02
3695,Miguel Rodriguez,miguel.rodriguez3695@example.com,Medellin,Colombia,bronce,2022-06-04
3696,Carmen Diaz,carmen.diaz3696@example.com,Ciudad de Mexico,Mexico,oro,2024-12-04
3697,Elena Vargas,elena.vargas3697@example.com,Valencia,Espana,bronce,2023-01-30
3698,Sofia Sanchez,sofia.sanchez3698@example.com,Valencia,Espana,plata,2022-12-07
3699,Javier Fernandez,javier.fernandez3699@example.com,Medellin,Colombia,bronce,2024-01-02
3700,Sergio Navarro,sergio.navarro3700@example.com,Madrid,Espana,bronce,2023-01-11
3701,Carlos Gomez,carlos.gomez3701@example.com,Lima,Peru,plata,2024-03-29
3702,Laura Navarro,laura.navarro3702@example.com,Barcelona,Espana,plata,2023-04-16
3703,Laura Silva,laura.silva3703@example.com,Bogota,Colombia,oro,2024-05-08
3704,Julia Fernandez,julia.fernandez3704@example.com,Bogota,Colombia,bronce,2022-03-30
3705,Julia Vargas,julia.vargas3705@example.com,Valencia,Espana,bronce,2024-03-07
3706,Lucia Moreno,lucia.moreno3706@example.com,Medellin,Colombia,bronce,2022-12-26
3707,Carlos Torres,carlos.torres3707@example.com,Buenos Aires,Argentina,bronce,2023-04-09
3708,Sergio Diaz,sergio.diaz3708@example.com,Lima,Peru,bronce,2024-10-15
3709,Diego Gomez,diego.gomez3709@example.com,Valencia,Espana,oro,2023-06-13
3710,Paula Martinez,paula.martinez3710@example.com,Valencia,Espana,plata,2022-03-23
3711,Miguel Garcia,miguel.garcia3711@example.com,Cali,Colombia,bronce,2023-05-17
3712,Alberto Gomez,alberto.gomez3712@example.com,Bogota,Colombia,bronce,2022-09-21
3713,Paula Herrera,paula.herrera3713@example.com,Santiago,Chile,bronce,2023-06-04
3714,Laura Sanchez,laura.sanchez3714@example.com,Valencia,Espana,bronce,2022-08-27
3715,Marta Lopez,marta.lopez3715@example.com,Medellin,Colombia,plata,2023-12-06
3716,Javier Gomez,javier.gomez3716@example.com,Ciudad de Mexico,Mexico,oro,2022-09-15
3717,Elena Vargas,elena.vargas3717@example.com,Medellin,Colombia,bronce,2023-05-25
3718,Javier Sanchez,javier.sanchez3718@example.com,Guadalajara,Mexico,bronce,2024-11-11
3719,Andres Sanchez,andres.sanchez3719@example.com,Santiago,Chile,bronce,2023-11-30
3720,Javier Martinez,javier.martinez3720@example.com,Ciudad de Mexico,Mexico,bronce,2024-02-15
3721,Carmen Gomez,carmen.gomez3721@example.com,Cali,Colombia,oro,2024-04-25
3722,Pablo Sanchez,pablo.sanchez3722@example.com,Quito,Ecuador,plata,2024-10-04
3723,Sergio Silva,sergio.silva3723@example.com,Quito,Ecuador,oro,2024-08-28
3724,Alberto Ortiz,alberto.ortiz3724@example.com,Quito,Ecuador,oro,2024-07-28
3725,Ana Fernandez,ana.fernandez3725@example.com,Madrid,Espana,bronce,2023-01-09
3726,Alberto Rodriguez,alberto.rodriguez3726@example.com,Lima,Peru,plata,2023-11-16
3727,Maria Rodriguez,maria.rodriguez3727@example.com,Lima,Peru,plata,2024-06-14
3728,Lucia Gomez,lucia.gomez3728@example.com,Santiago,Chile,bronce,2023-09-05
3729,Elena Torres,elena.torres3729@example.com,Buenos Aires,Argentina,bronce,2022-05-20
3730,Carmen Ramirez,carmen.ramirez3730@example.com,Medellin,Colombia,plata,2023-07-12
3731,Marta Gomez,marta.gomez3731@example.com,Buenos Aires,Argentina,oro,2022-08-25
3732,Ruben Fernandez,ruben.fernandez3732@example.com,Ciudad de Mexico,Mexico,bronce,2024-01-26
3733,Sofia Perez,sofia.perez3733@example.com,Santiago,Chile,oro,2024-07-30
3734,Julia Ramirez,julia.ramirez3734@example.com,Medellin,Colombia,oro,2024-02-08
3735,Elena Rojas,elena.rojas3735@example.com,Buenos Aires,Argentina,oro,2023-08-27
3736,Laura Garcia,laura.garcia3736@example.com,Santiago,Chile,bronce,2023-10-19
3737,Miguel Torres,miguel.torres3737@example.com,Lima,Peru,bronce,2023-08-13
3738,Lucia Castro,lucia.castro3738@example.com,Valencia,Espana,plata,2023-05-07
3739,Andres Rojas,andres.rojas3739@example.com,Lima,Peru,bronce,2022-09-06
3740,Paula Vargas,paula.vargas3740@example.com,Valencia,Espana,bronce,2024-01-10
3741,Laura Ramirez,laura.ramirez3741@example.com,Quito,Ecuador,plata,2023-01-18
3742,Elena Rojas,elena.rojas3742@example.com,Madrid,Espana,bronce,2022-06-21
3743,Julia Fernandez,julia.fernandez3743@example.com,Valencia,Espana,bronce,2024-05-26
3744,Sofia Vargas,sofia.vargas3744@example.com,Guadalajara,Mexico,oro,2023-08-27
3745,Laura Gomez,laura.gomez3745@example.com,Ciudad de Mexico,Mexico,bronce,2023-07-24
3746,Alberto Diaz,alberto.diaz3746@example.com,Buenos Aires,Argentina,oro,2023-07-23
3747,Sofia Martinez,sofia.martinez3747@example.com,Medellin,Colombia,bronce,2022-03-27
3748,Alberto Fernandez,alberto.fernandez3748@example.com,Madrid,Espana,bronce,2023-08-09
3749,Julia Martinez,julia.martinez3749@example.com,Guadalajara,Mexico,bronce,2023-08-19
3750,Julia Sanchez,julia.sanchez3750@example.com,Ciudad de Mexico,Mexico,bronce,2023-07-14
3751,Pablo Diaz,pablo.diaz3751@example.com,Ciudad de Mexico,Mexico,bronce,2022-01-08
3752,Sergio Ramirez,sergio.ramirez3752@example.com,Medellin,Colombia,oro,2024-04-01
3753,Alberto Ortiz,alberto.ortiz3753@example.com,Lima,Peru,oro,2023-11-04
3754,Javier Garcia,javier.garcia3754@example.com,Santiago,Chile,bronce,2024-04-09
3755,Ana Mendoza,ana.mendoza3755@example.com,Valencia,Espana,bronce,2023-07-06
3756,Elena Gomez,elena.gomez3756@example.com,Madrid,Espana,plata,2022-12-27
3757,Carmen Moreno,carmen.moreno3757@example.com,Valencia,Espana,bronce,2024-07-01
3758,Lucia Rojas,lucia.rojas3758@example.com,Madrid,Espana,bronce,2023-01-20
3759,Luis Navarro,luis.navarro3759@example.com,Buenos Aires,Argentina,bronce,2023-05-12
3760,Pablo Martinez,pablo.martinez3760@example.com,Guadalajara,Mexico,bronce,2022-01-19
3761,Carlos Navarro,carlos.navarro3761@example.com,Cali,Colombia,bronce,2022-06-28
3762,Lucia Rodriguez,lucia.rodriguez3762@example.com,Guadalajara,Mexico,bronce,2022-05-05
3763,Pablo Mendoza,pablo.mendoza3763@example.com,Santiago,Chile,plata,2023-04-09
3764,Carmen Rojas,carmen.rojas3764@example.com,Santiago,Chile,bronce,2022-10-15
3765,Sofia Torres,sofia.torres3765@example.com,Cali,Colombia,bronce,2022-12-31
3766,Sofia Fernandez,sofia.fernandez3766@example.com,Guadalajara,Mexico,bronce,2024-04-18
3767,Andres Rodriguez,andres.rodriguez3767@example.com,Ciudad de Mexico,Mexico,bronce,2024-01-18
3768,Marta Silva,marta.silva3768@example.com,Quito,Ecuador,oro,2024-05-23
3769,Paula Moreno,paula.moreno3769@example.com,Santiago,Chile,plata,2024-06-12
3770,Elena Ortiz,elena.ortiz3770@example.com,Bogota,Colombia,oro,2022-09-29
3771,Sofia Moreno,sofia.moreno3771@example.com,Lima,Peru,bronce,2023-11-06
3772,Elena Navarro,elena.navarro3772@example.com,Medellin,Colombia,bronce,2024-08-10
3773,Lucia Mendoza,lucia.mendoza3773@example.com,Santiago,Chile,bronce,2022-11-30
3774,Maria Diaz,maria.diaz3774@example.com,Quito,Ecuador,bronce,2023-02-16
3775,Sofia Moreno,sofia.moreno3775@example.com,Santiago,Chile,plata,2023-08-05
3776,Carlos Perez,carlos.perez3776@example.com,Barcelona,Espana,bronce,2024-05-23
3777,Lucia Herrera,lucia.herrera3777@example.com,Valencia,Espana,bronce,2022-06-11
3778,Ruben Castro,ruben.castro3778@example.com,Santiago,Chile,bronce,2023-05-27
3779,Alberto Diaz,alberto.diaz3779@example.com,Barcelona,Espana,bronce,2022-09-23
3780,Sofia Castro,sofia.castro3780@example.com,Madrid,Espana,bronce,2024-02-20
3781,Luis Perez,luis.perez3781@example.com,Bogota,Colombia,plata,2022-09-22
3782,Laura Castro,laura.castro3782@example.com,Cali,Colombia,platino,2023-01-26
3783,Maria Torres,maria.torres3783@example.com,Barcelona,Espana,bronce,2023-01-15
3784,Sergio Gomez,sergio.gomez3784@example.com,Barcelona,Espana,bronce,2022-03-19
3785,Alberto Navarro,alberto.navarro3785@example.com,Medellin,Colombia,bronce,2024-01-02
3786,Pablo Rodriguez,pablo.rodriguez3786@example.com,Guadalajara,Mexico,bronce,2022-10-06
3787,Carlos Herrera,carlos.herrera3787@example.com,Ciudad de Mexico,Mexico,plata,2023-06-22
3788,Ana Sanchez,ana.sanchez3788@example.com,Santiago,Chile,bronce,2024-02-03
3789,Alberto Sanchez,alberto.sanchez3789@example.com,Quito,Ecuador,platino,2024-05-11
3790,Elena Lopez,elena.lopez3790@example.com,Madrid,Espana,oro,2024-10-02
3791,Maria Martinez,maria.martinez3791@example.com,Buenos Aires,Argentina,bronce,2022-05-19
3792,Carlos Martinez,carlos.martinez3792@example.com,Barcelona,Espana,oro,2023-11-19
3793,Javier Silva,javier.silva3793@example.com,Medellin,Colombia,plata,2022-12-26
3794,Andres Ortiz,andres.ortiz3794@example.com,Medellin,Colombia,platino,2024-04-22
3795,Ruben Vargas,ruben.vargas3795@example.com,Buenos Aires,Argentina,bronce,2023-03-02
3796,Javier Garcia,javier.garcia3796@example.com,Bogota,Colombia,platino,2022-01-16
3797,Andres Mendoza,andres.mendoza3797@example.com,Lima,Peru,bronce,2024-07-26
3798,Luis Castro,luis.castro3798@example.com,Medellin,Colombia,bronce,2024-04-12
3799,Ana Ramirez,ana.ramirez3799@example.com,Santiago,Chile,oro,2022-12-28
3800,Luis Ortiz,luis.ortiz3800@example.com,Quito,Ecuador,bronce,2024-07-03
3801,Julia Diaz,julia.diaz3801@example.com,Ciudad de Mexico,Mexico,bronce,2023-03-26
3802,Pablo Fernandez,pablo.fernandez3802@example.com,Barcelona,Espana,bronce,2023-03-28
3803,Paula Herrera,paula.herrera3803@example.com,Buenos Aires,Argentina,bronce,2022-11-25
3804,Ana Ramirez,ana.ramirez3804@example.com,Cali,Colombia,bronce,2023-06-25
3805,Ana Moreno,ana.moreno3805@example.com,Medellin,Colombia,bronce,2024-12-24
3806,Paula Rojas,paula.rojas3806@example.com,Cali,Colombia,bronce,2022-02-27
3807,Maria Silva,maria.silva3807@example.com,Bogota,Colombia,oro,2023-10-12
3808,Carlos Gomez,carlos.gomez3808@example.com,Bogota,Colombia,bronce,2022-07-11
3809,Lucia Rodriguez,lucia.rodriguez3809@example.com,Quito,Ecuador,oro,2022-05-16
3810,Carmen Torres,carmen.torres3810@example.com,Bogota,Colombia,plata,2022-03-03
3811,Laura Castro,laura.castro3811@example.com,Cali,Colombia,plata,2022-10-27
3812,Sofia Silva,sofia.silva3812@example.com,Buenos Aires,Argentina,plata,2024-03-11
3813,Andres Perez,andres.perez3813@example.com,Valencia,Espana,oro,2024-03-17
3814,Sofia Moreno,sofia.moreno3814@example.com,Guadalajara,Mexico,bronce,2024-05-25
3815,Miguel Silva,miguel.silva3815@example.com,Lima,Peru,plata,2022-06-09
3816,Luis Silva,luis.silva3816@example.com,Santiago,Chile,oro,2022-04-29
3817,Diego Silva,diego.silva3817@example.com,Madrid,Espana,plata,2024-12-11
3818,Paula Navarro,paula.navarro3818@example.com,Medellin,Colombia,bronce,2024-10-06
3819,Carmen Rojas,carmen.rojas3819@example.com,Madrid,Espana,plata,2024-02-06
3820,Ruben Fernandez,ruben.fernandez3820@example.com,Guadalajara,Mexico,plata,2024-07-08
3821,Maria Diaz,maria.diaz3821@example.com,Bogota,Colombia,bronce,2024-05-30
3822,Ana Moreno,ana.moreno3822@example.com,Lima,Peru,plata,2023-09-24
3823,Lucia Sanchez,lucia.sanchez3823@example.com,Valencia,Espana,oro,2023-06-05
3824,Carlos Castro,carlos.castro3824@example.com,Lima,Peru,bronce,2024-12-07
3825,Pablo Vargas,pablo.vargas3825@example.com,Medellin,Colombia,bronce,2024-01-11
3826,Julia Rojas,julia.rojas3826@example.com,Quito,Ecuador,bronce,2024-08-24
3827,Elena Diaz,elena.diaz3827@example.com,Valencia,Espana,plata,2022-08-15
3828,Lucia Moreno,lucia.moreno3828@example.com,Bogota,Colombia,bronce,2022-09-01
3829,Andres Rodriguez,andres.rodriguez3829@example.com,Medellin,Colombia,plata,2023-11-21
3830,Carlos Moreno,carlos.moreno3830@example.com,Quito,Ecuador,bronce,2024-11-10
3831,Ruben Silva,ruben.silva3831@example.com,Buenos Aires,Argentina,oro,2023-11-11
3832,Laura Mendoza,laura.mendoza3832@example.com,Santiago,Chile,plata,2023-05-01
3833,Paula Ortiz,paula.ortiz3833@example.com,Ciudad de Mexico,Mexico,oro,2022-01-28
3834,Andres Gomez,andres.gomez3834@example.com,Santiago,Chile,bronce,2022-06-19
3835,Maria Garcia,maria.garcia3835@example.com,Guadalajara,Mexico,bronce,2022-09-10
3836,Marta Rojas,marta.rojas3836@example.com,Buenos Aires,Argentina,plata,2022-08-08
3837,Carlos Rodriguez,carlos.rodriguez3837@example.com,Lima,Peru,bronce,2024-02-09
3838,Pablo Perez,pablo.perez3838@example.com,Quito,Ecuador,bronce,2024-01-20
3839,Alberto Moreno,alberto.moreno3839@example.com,Ciudad de Mexico,Mexico,bronce,2023-02-20
3840,Alberto Vargas,alberto.vargas3840@example.com,Cali,Colombia,bronce,2024-12-17
3841,Ruben Castro,ruben.castro3841@example.com,Guadalajara,Mexico,plata,2023-03-08
3842,Diego Herrera,diego.herrera3842@example.com,Buenos Aires,Argentina,bronce,2023-05-03
3843,Pablo Lopez,pablo.lopez3843@example.com,Quito,Ecuador,bronce,2023-07-31
3844,Elena Herrera,elena.herrera3844@example.com,Buenos Aires,Argentina,bronce,2023-09-20
3845,Julia Vargas,julia.vargas3845@example.com,Quito,Ecuador,bronce,2022-07-29
3846,Diego Diaz,diego.diaz3846@example.com,Buenos Aires,Argentina,bronce,2022-11-25
3847,Sergio Torres,sergio.torres3847@example.com,Quito,Ecuador,oro,2024-01-24
3848,Miguel Ramirez,miguel.ramirez3848@example.com,Santiago,Chile,oro,2024-07-14
3849,Marta Vargas,marta.vargas3849@example.com,Lima,Peru,platino,2023-04-09
3850,Laura Gomez,laura.gomez3850@example.com,Valencia,Espana,bronce,2022-05-07
3851,Marta Sanchez,marta.sanchez3851@example.com,Quito,Ecuador,bronce,2024-07-21
3852,Ana Lopez,ana.lopez3852@example.com,Medellin,Colombia,bronce,2023-09-30
3853,Maria Gomez,maria.gomez3853@example.com,Santiago,Chile,plata,2023-04-23
3854,Miguel Perez,miguel.perez3854@example.com,Medellin,Colombia,plata,2023-10-04
3855,Diego Ramirez,diego.ramirez3855@example.com,Cali,Colombia,plata,2024-06-20
3856,Marta Ortiz,marta.ortiz3856@example.com,Buenos Aires,Argentina,bronce,2022-01-02
3857,Miguel Martinez,miguel.martinez3857@example.com,Ciudad de Mexico,Mexico,plata,2023-01-30
3858,Ana Gomez,ana.gomez3858@example.com,Buenos Aires,Argentina,platino,2024-10-26
3859,Elena Garcia,elena.garcia3859@example.com,Madrid,Espana,bronce,2022-11-26
3860,Sofia Navarro,sofia.navarro3860@example.com,Lima,Peru,oro,2024-12-02
3861,Lucia Moreno,lucia.moreno3861@example.com,Medellin,Colombia,plata,2022-11-05
3862,Carmen Sanchez,carmen.sanchez3862@example.com,Santiago,Chile,bronce,2023-05-27
3863,Laura Diaz,laura.diaz3863@example.com,Bogota,Colombia,oro,2022-03-18
3864,Carmen Moreno,carmen.moreno3864@example.com,Guadalajara,Mexico,oro,2024-03-05
3865,Carmen Navarro,carmen.navarro3865@example.com,Guadalajara,Mexico,plata,2022-09-20
3866,Sergio Vargas,sergio.vargas3866@example.com,Barcelona,Espana,bronce,2024-07-18
3867,Lucia Perez,lucia.perez3867@example.com,Cali,Colombia,bronce,2022-05-23
3868,Paula Rojas,paula.rojas3868@example.com,Guadalajara,Mexico,plata,2022-05-08
3869,Laura Rojas,laura.rojas3869@example.com,Lima,Peru,bronce,2023-05-29
3870,Marta Castro,marta.castro3870@example.com,Lima,Peru,bronce,2022-04-03
3871,Ana Garcia,ana.garcia3871@example.com,Medellin,Colombia,bronce,2022-12-27
3872,Maria Moreno,maria.moreno3872@example.com,Guadalajara,Mexico,bronce,2024-01-25
3873,Ruben Garcia,ruben.garcia3873@example.com,Valencia,Espana,plata,2023-07-07
3874,Diego Ortiz,diego.ortiz3874@example.com,Lima,Peru,bronce,2023-09-05
3875,Carmen Mendoza,carmen.mendoza3875@example.com,Lima,Peru,bronce,2022-04-10
3876,Carmen Vargas,carmen.vargas3876@example.com,Quito,Ecuador,bronce,2024-01-14
3877,Andres Castro,andres.castro3877@example.com,Cali,Colombia,bronce,2022-04-10
3878,Laura Rodriguez,laura.rodriguez3878@example.com,Medellin,Colombia,bronce,2023-09-19
3879,Carlos Mendoza,carlos.mendoza3879@example.com,Santiago,Chile,bronce,2024-05-15
3880,Ana Perez,ana.perez3880@example.com,Buenos Aires,Argentina,bronce,2024-03-06
3881,Ruben Perez,ruben.perez3881@example.com,Valencia,Espana,bronce,2023-01-22
3882,Laura Moreno,laura.moreno3882@example.com,Ciudad de Mexico,Mexico,plata,2022-06-19
3883,Pablo Ortiz,pablo.ortiz3883@example.com,Guadalajara,Mexico,bronce,2024-06-28
3884,Diego Torres,diego.torres3884@example.com,Cali,Colombia,plata,2022-08-25
3885,Carlos Ramirez,carlos.ramirez3885@example.com,Medellin,Colombia,bronce,2023-06-27
3886,Sofia Ramirez,sofia.ramirez3886@example.com,Valencia,Espana,plata,2022-09-17
3887,Luis Perez,luis.perez3887@example.com,Medellin,Colombia,plata,2022-02-02
3888,Carlos Vargas,carlos.vargas3888@example.com,Valencia,Espana,bronce,2023-04-02
3889,Maria Navarro,maria.navarro3889@example.com,Bogota,Colombia,plata,2023-08-26
3890,Paula Fernandez,paula.fernandez3890@example.com,Valencia,Espana,plata,2024-04-11
3891,Pablo Herrera,pablo.herrera3891@example.com,Medellin,Colombia,bronce,2024-03-05
3892,Julia Herrera,julia.herrera3892@example.com,Guadalajara,Mexico,plata,2024-06-29
3893,Sofia Mendoza,sofia.mendoza3893@example.com,Medellin,Colombia,plata,2024-06-10
3894,Laura Moreno,laura.moreno3894@example.com,Barcelona,Espana,bronce,2023-03-16
3895,Carmen Ortiz,carmen.ortiz3895@example.com,Santiago,Chile,oro,2023-01-09
3896,Julia Moreno,julia.moreno3896@example.com,Cali,Colombia,bronce,2023-10-22
3897,Lucia Navarro,lucia.navarro3897@example.com,Guadalajara,Mexico,plata,2023-06-10
3898,Ana Moreno,ana.moreno3898@example.com,Ciudad de Mexico,Mexico,oro,2022-11-20
3899,Elena Silva,elena.silva3899@example.com,Ciudad de Mexico,Mexico,platino,2022-02-04
3900,Julia Mendoza,julia.mendoza3900@example.com,Cali,Colombia,plata,2023-06-05
3901,Lucia Navarro,lucia.navarro3901@example.com,Santiago,Chile,plata,2023-05-29
3902,Alberto Vargas,alberto.vargas3902@example.com,Lima,Peru,bronce,2024-10-27
3903,Lucia Moreno,lucia.moreno3903@example.com,Lima,Peru,bronce,2024-06-08
3904,Ana Navarro,ana.navarro3904@example.com,Cali,Colombia,oro,2022-10-22
3905,Ruben Fernandez,ruben.fernandez3905@example.com,Medellin,Colombia,bronce,2022-05-01
3906,Sergio Martinez,sergio.martinez3906@example.com,Madrid,Espana,oro,2024-05-12
3907,Marta Mendoza,marta.mendoza3907@example.com,Cali,Colombia,bronce,2023-06-18
3908,Alberto Castro,alberto.castro3908@example.com,Quito,Ecuador,bronce,2022-02-16
3909,Carlos Diaz,carlos.diaz3909@example.com,Bogota,Colombia,bronce,2024-04-05
3910,Julia Moreno,julia.moreno3910@example.com,Lima,Peru,bronce,2023-01-14
3911,Laura Garcia,laura.garcia3911@example.com,Santiago,Chile,bronce,2022-07-07
3912,Alberto Torres,alberto.torres3912@example.com,Guadalajara,Mexico,bronce,2023-12-23
3913,Carlos Perez,carlos.perez3913@example.com,Ciudad de Mexico,Mexico,platino,2024-05-09
3914,Pablo Perez,pablo.perez3914@example.com,Santiago,Chile,plata,2024-04-29
3915,Sergio Navarro,sergio.navarro3915@example.com,Barcelona,Espana,plata,2022-10-28
3916,Luis Vargas,luis.vargas3916@example.com,Barcelona,Espana,bronce,2023-10-11
3917,Luis Martinez,luis.martinez3917@example.com,Valencia,Espana,bronce,2023-05-26
3918,Paula Fernandez,paula.fernandez3918@example.com,Santiago,Chile,plata,2024-08-09
3919,Luis Sanchez,luis.sanchez3919@example.com,Cali,Colombia,bronce,2022-07-27
3920,Carmen Ortiz,carmen.ortiz3920@example.com,Valencia,Espana,bronce,2024-06-17
3921,Julia Perez,julia.perez3921@example.com,Madrid,Espana,oro,2023-01-15
3922,Carmen Fernandez,carmen.fernandez3922@example.com,Cali,Colombia,bronce,2023-11-08
3923,Diego Gomez,diego.gomez3923@example.com,Medellin,Colombia,oro,2023-07-04
3924,Sofia Lopez,sofia.lopez3924@example.com,Valencia,Espana,bronce,2023-01-17
3925,Carmen Herrera,carmen.herrera3925@example.com,Madrid,Espana,bronce,2022-09-11
3926,Pablo Vargas,pablo.vargas3926@example.com,Santiago,Chile,bronce,2023-02-03
3927,Lucia Diaz,lucia.diaz3927@example.com,Santiago,Chile,oro,2023-10-28
3928,Carlos Fernandez,carlos.fernandez3928@example.com,Valencia,Espana,plata,2023-11-05
3929,Andres Rojas,andres.rojas3929@example.com,Cali,Colombia,plata,2023-11-14
3930,Marta Rodriguez,marta.rodriguez3930@example.com,Bogota,Colombia,bronce,2023-12-20
3931,Marta Ortiz,marta.ortiz3931@example.com,Medellin,Colombia,oro,2022-02-26
3932,Luis Vargas,luis.vargas3932@example.com,Barcelona,Espana,plata,2023-03-09
3933,Marta Sanchez,marta.sanchez3933@example.com,Quito,Ecuador,plata,2022-12-11
3934,Marta Ramirez,marta.ramirez3934@example.com,Buenos Aires,Argentina,plata,2023-03-12
3935,Carlos Mendoza,carlos.mendoza3935@example.com,Lima,Peru,plata,2023-02-23
3936,Paula Lopez,paula.lopez3936@example.com,Bogota,Colombia,plata,2022-07-13
3937,Lucia Ramirez,lucia.ramirez3937@example.com,Lima,Peru,bronce,2024-11-22
3938,Diego Vargas,diego.vargas3938@example.com,Ciudad de Mexico,Mexico,oro,2022-01-01
3939,Marta Silva,marta.silva3939@example.com,Valencia,Espana,bronce,2023-10-15
3940,Lucia Vargas,lucia.vargas3940@example.com,Bogota,Colombia,platino,2023-05-21
3941,Lucia Moreno,lucia.moreno3941@example.com,Santiago,Chile,bronce,2024-02-10
3942,Elena Herrera,elena.herrera3942@example.com,Santiago,Chile,bronce,2024-06-28
3943,Julia Mendoza,julia.mendoza3943@example.com,Buenos Aires,Argentina,bronce,2023-12-12
3944,Alberto Fernandez,alberto.fernandez3944@example.com,Valencia,Espana,plata,2024-04-19
3945,Maria Moreno,maria.moreno3945@example.com,Guadalajara,Mexico,bronce,2022-10-27
3946,Marta Sanchez,marta.sanchez3946@example.com,Quito,Ecuador,oro,2024-12-24
3947,Ana Silva,ana.silva3947@example.com,Madrid,Espana,plata,2022-04-06
3948,Miguel Navarro,miguel.navarro3948@example.com,Bogota,Colombia,bronce,2024-01-03
3949,Alberto Perez,alberto.perez3949@example.com,Madrid,Espana,bronce,2022-06-10
3950,Carlos Vargas,carlos.vargas3950@example.com,Barcelona,Espana,plata,2022-09-14
3951,Miguel Silva,miguel.silva3951@example.com,Quito,Ecuador,oro,2024-06-22
3952,Laura Garcia,laura.garcia3952@example.com,Valencia,Espana,bronce,2024-01-12
3953,Marta Moreno,marta.moreno3953@example.com,Valencia,Espana,oro,2023-11-25
3954,Diego Silva,diego.silva3954@example.com,Madrid,Espana,bronce,2024-06-26
3955,Pablo Mendoza,pablo.mendoza3955@example.com,Quito,Ecuador,plata,2022-11-01
3956,Julia Lopez,julia.lopez3956@example.com,Cali,Colombia,plata,2023-12-03
3957,Lucia Herrera,lucia.herrera3957@example.com,Santiago,Chile,bronce,2022-08-10
3958,Marta Herrera,marta.herrera3958@example.com,Bogota,Colombia,bronce,2023-06-12
3959,Luis Garcia,luis.garcia3959@example.com,Guadalajara,Mexico,plata,2023-03-20
3960,Laura Moreno,laura.moreno3960@example.com,Lima,Peru,bronce,2023-11-09
3961,Julia Castro,julia.castro3961@example.com,Buenos Aires,Argentina,bronce,2022-03-13
3962,Ruben Navarro,ruben.navarro3962@example.com,Ciudad de Mexico,Mexico,bronce,2022-01-29
3963,Andres Garcia,andres.garcia3963@example.com,Valencia,Espana,plata,2022-02-04
3964,Miguel Navarro,miguel.navarro3964@example.com,Valencia,Espana,bronce,2022-10-18
3965,Carlos Vargas,carlos.vargas3965@example.com,Guadalajara,Mexico,bronce,2023-09-23
3966,Ruben Perez,ruben.perez3966@example.com,Cali,Colombia,platino,2022-06-22
3967,Sergio Fernandez,sergio.fernandez3967@example.com,Madrid,Espana,plata,2024-12-21
3968,Laura Herrera,laura.herrera3968@example.com,Valencia,Espana,bronce,2023-03-29
3969,Pablo Navarro,pablo.navarro3969@example.com,Cali,Colombia,bronce,2022-11-28
3970,Carmen Gomez,carmen.gomez3970@example.com,Valencia,Espana,bronce,2024-09-04
3971,Diego Navarro,diego.navarro3971@example.com,Ciudad de Mexico,Mexico,bronce,2022-07-11
3972,Julia Castro,julia.castro3972@example.com,Bogota,Colombia,bronce,2022-07-25
3973,Maria Lopez,maria.lopez3973@example.com,Bogota,Colombia,bronce,2023-02-21
3974,Javier Vargas,javier.vargas3974@example.com,Barcelona,Espana,bronce,2022-03-19
3975,Luis Silva,luis.silva3975@example.com,Ciudad de Mexico,Mexico,plata,2024-01-17
3976,Andres Rodriguez,andres.rodriguez3976@example.com,Valencia,Espana,bronce,2024-04-30
3977,Carmen Rodriguez,carmen.rodriguez3977@example.com,Guadalajara,Mexico,bronce,2023-01-23
3978,Alberto Garcia,alberto.garcia3978@example.com,Quito,Ecuador,oro,2024-08-08
3979,Lucia Vargas,lucia.vargas3979@example.com,Lima,Peru,bronce,2022-01-09
3980,Carlos Rodriguez,carlos.rodriguez3980@example.com,Buenos Aires,Argentina,plata,2023-08-05
3981,Diego Ortiz,diego.ortiz3981@example.com,Santiago,Chile,bronce,2024-03-10
3982,Luis Martinez,luis.martinez3982@example.com,Quito,Ecuador,plata,2023-02-17
3983,Andres Rodriguez,andres.rodriguez3983@example.com,Buenos Aires,Argentina,bronce,2024-11-02
3984,Andres Perez,andres.perez3984@example.com,Bogota,Colombia,bronce,2023-04-17
3985,Ruben Herrera,ruben.herrera3985@example.com,Ciudad de Mexico,Mexico,oro,2024-10-02
3986,Elena Ortiz,elena.ortiz3986@example.com,Lima,Peru,bronce,2023-12-23
3987,Elena Perez,elena.perez3987@example.com,Buenos Aires,Argentina,bronce,2022-09-10
3988,Luis Ramirez,luis.ramirez3988@example.com,Medellin,Colombia,bronce,2024-06-29
3989,Sofia Herrera,sofia.herrera3989@example.com,Valencia,Espana,bronce,2022-02-03
3990,Diego Herrera,diego.herrera3990@example.com,Barcelona,Espana,bronce,2022-07-27
3991,Sergio Lopez,sergio.lopez3991@example.com,Medellin,Colombia,bronce,2024-05-03
3992,Sergio Silva,sergio.silva3992@example.com,Santiago,Chile,bronce,2024-09-14
3993,Maria Mendoza,maria.mendoza3993@example.com,Ciudad de Mexico,Mexico,plata,2023-03-01
3994,Javier Moreno,javier.moreno3994@example.com,Madrid,Espana,oro,2023-12-21
3995,Lucia Ramirez,lucia.ramirez3995@example.com,Quito,Ecuador,bronce,2024-02-03
3996,Elena Fernandez,elena.fernandez3996@example.com,Medellin,Colombia,oro,2024-03-19
3997,Ana Mendoza,ana.mendoza3997@example.com,Medellin,Colombia,bronce,2024-09-18
3998,Paula Mendoza,paula.mendoza3998@example.com,Santiago,Chile,bronce,2022-04-06
3999,Marta Ramirez,marta.ramirez3999@example.com,Medellin,Colombia,plata,2022-07-30
4000,Lucia Moreno,lucia.moreno4000@example.com,Guadalajara,Mexico,plata,2024-10-02
4001,Elena Fernandez,elena.fernandez4001@example.com,Quito,Ecuador,bronce,2023-08-20
4002,Paula Moreno,paula.moreno4002@example.com,Ciudad de Mexico,Mexico,platino,2023-08-02
4003,Ana Rodriguez,ana.rodriguez4003@example.com,Guadalajara,Mexico,oro,2023-03-18
4004,Sofia Ortiz,sofia.ortiz4004@example.com,Medellin,Colombia,bronce,2023-02-01
4005,Paula Ramirez,paula.ramirez4005@example.com,Lima,Peru,plata,2022-09-26
4006,Alberto Vargas,alberto.vargas4006@example.com,Madrid,Espana,plata,2023-03-13
4007,Javier Lopez,javier.lopez4007@example.com,Bogota,Colombia,oro,2022-03-22
4008,Andres Ramirez,andres.ramirez4008@example.com,Quito,Ecuador,plata,2022-11-17
4009,Carlos Garcia,carlos.garcia4009@example.com,Cali,Colombia,bronce,2024-12-23
4010,Maria Mendoza,maria.mendoza4010@example.com,Valencia,Espana,plata,2022-06-28
4011,Miguel Moreno,miguel.moreno4011@example.com,Medellin,Colombia,bronce,2024-03-12
4012,Ruben Torres,ruben.torres4012@example.com,Bogota,Colombia,plata,2022-02-07
4013,Andres Silva,andres.silva4013@example.com,Ciudad de Mexico,Mexico,plata,2024-03-14
4014,Diego Silva,diego.silva4014@example.com,Valencia,Espana,plata,2022-10-17
4015,Javier Martinez,javier.martinez4015@example.com,Medellin,Colombia,bronce,2024-02-09
4016,Maria Rodriguez,maria.rodriguez4016@example.com,Lima,Peru,bronce,2023-06-28
4017,Javier Perez,javier.perez4017@example.com,Madrid,Espana,plata,2024-04-29
4018,Carlos Garcia,carlos.garcia4018@example.com,Santiago,Chile,bronce,2024-01-01
4019,Carlos Vargas,carlos.vargas4019@example.com,Madrid,Espana,bronce,2023-09-04
4020,Andres Ramirez,andres.ramirez4020@example.com,Cali,Colombia,bronce,2024-03-14
4021,Maria Ramirez,maria.ramirez4021@example.com,Buenos Aires,Argentina,oro,2024-11-23
4022,Ana Rodriguez,ana.rodriguez4022@example.com,Quito,Ecuador,bronce,2023-10-15
4023,Lucia Ortiz,lucia.ortiz4023@example.com,Bogota,Colombia,plata,2022-07-10
4024,Javier Navarro,javier.navarro4024@example.com,Madrid,Espana,bronce,2022-05-08
4025,Diego Vargas,diego.vargas4025@example.com,Santiago,Chile,oro,2023-08-23
4026,Maria Garcia,maria.garcia4026@example.com,Lima,Peru,bronce,2023-04-18
4027,Laura Fernandez,laura.fernandez4027@example.com,Ciudad de Mexico,Mexico,bronce,2023-10-29
4028,Sofia Moreno,sofia.moreno4028@example.com,Madrid,Espana,bronce,2024-01-01
4029,Andres Moreno,andres.moreno4029@example.com,Ciudad de Mexico,Mexico,bronce,2022-07-24
4030,Sofia Sanchez,sofia.sanchez4030@example.com,Medellin,Colombia,oro,2024-03-24
4031,Lucia Silva,lucia.silva4031@example.com,Cali,Colombia,plata,2024-12-21
4032,Lucia Navarro,lucia.navarro4032@example.com,Madrid,Espana,plata,2022-12-22
4033,Javier Ramirez,javier.ramirez4033@example.com,Bogota,Colombia,plata,2024-10-13
4034,Javier Fernandez,javier.fernandez4034@example.com,Quito,Ecuador,oro,2024-10-13
4035,Sofia Ramirez,sofia.ramirez4035@example.com,Madrid,Espana,platino,2023-04-04
4036,Ana Garcia,ana.garcia4036@example.com,Lima,Peru,plata,2024-05-20
4037,Andres Ramirez,andres.ramirez4037@example.com,Ciudad de Mexico,Mexico,bronce,2024-10-17
4038,Carmen Garcia,carmen.garcia4038@example.com,Guadalajara,Mexico,bronce,2024-07-21
4039,Elena Garcia,elena.garcia4039@example.com,Quito,Ecuador,plata,2023-03-02
4040,Miguel Vargas,miguel.vargas4040@example.com,Valencia,Espana,plata,2023-12-31
4041,Elena Ramirez,elena.ramirez4041@example.com,Quito,Ecuador,plata,2023-10-11
4042,Andres Navarro,andres.navarro4042@example.com,Bogota,Colombia,bronce,2023-03-30
4043,Sergio Ramirez,sergio.ramirez4043@example.com,Medellin,Colombia,plata,2023-12-02
4044,Maria Navarro,maria.navarro4044@example.com,Cali,Colombia,bronce,2024-10-19
4045,Sofia Silva,sofia.silva4045@example.com,Guadalajara,Mexico,bronce,2022-01-29
4046,Ana Gomez,ana.gomez4046@example.com,Bogota,Colombia,oro,2024-09-14
4047,Diego Ortiz,diego.ortiz4047@example.com,Santiago,Chile,plata,2023-02-08
4048,Laura Torres,laura.torres4048@example.com,Madrid,Espana,bronce,2024-06-26
4049,Elena Vargas,elena.vargas4049@example.com,Guadalajara,Mexico,bronce,2022-04-29
4050,Diego Martinez,diego.martinez4050@example.com,Guadalajara,Mexico,plata,2024-09-02
4051,Elena Sanchez,elena.sanchez4051@example.com,Ciudad de Mexico,Mexico,bronce,2023-05-06
4052,Miguel Ramirez,miguel.ramirez4052@example.com,Guadalajara,Mexico,bronce,2024-09-30
4053,Sergio Perez,sergio.perez4053@example.com,Buenos Aires,Argentina,plata,2023-04-14
4054,Paula Vargas,paula.vargas4054@example.com,Lima,Peru,plata,2024-03-28
4055,Ana Rodriguez,ana.rodriguez4055@example.com,Valencia,Espana,bronce,2023-10-15
4056,Miguel Perez,miguel.perez4056@example.com,Cali,Colombia,bronce,2022-08-08
4057,Paula Rojas,paula.rojas4057@example.com,Ciudad de Mexico,Mexico,plata,2022-10-01
4058,Lucia Castro,lucia.castro4058@example.com,Medellin,Colombia,bronce,2023-08-13
4059,Laura Navarro,laura.navarro4059@example.com,Quito,Ecuador,bronce,2023-06-18
4060,Pablo Mendoza,pablo.mendoza4060@example.com,Ciudad de Mexico,Mexico,bronce,2023-11-06
4061,Maria Silva,maria.silva4061@example.com,Guadalajara,Mexico,bronce,2024-06-02
4062,Ana Garcia,ana.garcia4062@example.com,Valencia,Espana,oro,2024-04-26
4063,Carmen Castro,carmen.castro4063@example.com,Medellin,Colombia,bronce,2022-03-06
4064,Lucia Sanchez,lucia.sanchez4064@example.com,Guadalajara,Mexico,platino,2023-06-27
4065,Sergio Perez,sergio.perez4065@example.com,Cali,Colombia,bronce,2022-06-12
4066,Elena Sanchez,elena.sanchez4066@example.com,Santiago,Chile,plata,2023-07-16
4067,Ruben Torres,ruben.torres4067@example.com,Barcelona,Espana,bronce,2023-08-10
4068,Sofia Martinez,sofia.martinez4068@example.com,Barcelona,Espana,plata,2024-12-26
4069,Marta Ramirez,marta.ramirez4069@example.com,Medellin,Colombia,oro,2023-03-02
4070,Maria Lopez,maria.lopez4070@example.com,Bogota,Colombia,bronce,2023-05-11
4071,Luis Ramirez,luis.ramirez4071@example.com,Santiago,Chile,bronce,2023-07-15
4072,Sergio Castro,sergio.castro4072@example.com,Lima,Peru,oro,2022-05-23
4073,Paula Lopez,paula.lopez4073@example.com,Cali,Colombia,oro,2022-03-07
4074,Julia Martinez,julia.martinez4074@example.com,Ciudad de Mexico,Mexico,platino,2024-02-17
4075,Elena Silva,elena.silva4075@example.com,Bogota,Colombia,bronce,2022-11-26
4076,Ana Moreno,ana.moreno4076@example.com,Ciudad de Mexico,Mexico,bronce,2023-02-01
4077,Alberto Perez,alberto.perez4077@example.com,Buenos Aires,Argentina,bronce,2024-12-22
4078,Carmen Mendoza,carmen.mendoza4078@example.com,Buenos Aires,Argentina,plata,2022-09-30
4079,Laura Sanchez,laura.sanchez4079@example.com,Quito,Ecuador,bronce,2024-09-17
4080,Sergio Ortiz,sergio.ortiz4080@example.com,Ciudad de Mexico,Mexico,bronce,2023-11-20
4081,Julia Martinez,julia.martinez4081@example.com,Medellin,Colombia,plata,2022-10-18
4082,Javier Rojas,javier.rojas4082@example.com,Madrid,Espana,bronce,2024-11-11
4083,Sergio Garcia,sergio.garcia4083@example.com,Buenos Aires,Argentina,plata,2023-11-13
4084,Sergio Lopez,sergio.lopez4084@example.com,Santiago,Chile,bronce,2022-12-09
4085,Lucia Diaz,lucia.diaz4085@example.com,Ciudad de Mexico,Mexico,oro,2023-05-10
4086,Carmen Rodriguez,carmen.rodriguez4086@example.com,Quito,Ecuador,bronce,2023-02-12
4087,Javier Torres,javier.torres4087@example.com,Bogota,Colombia,plata,2024-07-14
4088,Julia Sanchez,julia.sanchez4088@example.com,Madrid,Espana,bronce,2023-05-25
4089,Alberto Rodriguez,alberto.rodriguez4089@example.com,Guadalajara,Mexico,bronce,2022-02-10
4090,Alberto Navarro,alberto.navarro4090@example.com,Barcelona,Espana,bronce,2024-01-24
4091,Marta Navarro,marta.navarro4091@example.com,Barcelona,Espana,oro,2024-04-08
4092,Ana Navarro,ana.navarro4092@example.com,Buenos Aires,Argentina,bronce,2023-03-10
4093,Miguel Lopez,miguel.lopez4093@example.com,Cali,Colombia,bronce,2024-10-06
4094,Sofia Fernandez,sofia.fernandez4094@example.com,Guadalajara,Mexico,plata,2023-04-11
4095,Alberto Gomez,alberto.gomez4095@example.com,Buenos Aires,Argentina,bronce,2022-10-17
4096,Lucia Gomez,lucia.gomez4096@example.com,Medellin,Colombia,bronce,2024-02-07
4097,Lucia Diaz,lucia.diaz4097@example.com,Guadalajara,Mexico,bronce,2022-05-20
4098,Maria Ramirez,maria.ramirez4098@example.com,Ciudad de Mexico,Mexico,bronce,2024-12-14
4099,Sergio Torres,sergio.torres4099@example.com,Ciudad de Mexico,Mexico,bronce,2024-01-19
4100,Elena Perez,elena.perez4100@example.com,Buenos Aires,Argentina,bronce,2022-12-13
4101,Luis Navarro,luis.navarro4101@example.com,Medellin,Colombia,bronce,2022-03-31
4102,Alberto Navarro,alberto.navarro4102@example.com,Ciudad de Mexico,Mexico,bronce,2023-10-03
4103,Carlos Gomez,carlos.gomez4103@example.com,Guadalajara,Mexico,plata,2023-10-05
4104,Ana Sanchez,ana.sanchez4104@example.com,Barcelona,Espana,plata,2024-05-19
4105,Luis Ramirez,luis.ramirez4105@example.com,Valencia,Espana,bronce,2022-11-07
4106,Diego Fernandez,diego.fernandez4106@example.com,Barcelona,Espana,bronce,2022-08-21
4107,Maria Navarro,maria.navarro4107@example.com,Valencia,Espana,plata,2023-03-28
4108,Paula Diaz,paula.diaz4108@example.com,Cali,Colombia,bronce,2024-06-15
4109,Lucia Garcia,lucia.garcia4109@example.com,Quito,Ecuador,oro,2024-09-21
4110,Elena Martinez,elena.martinez4110@example.com,Quito,Ecuador,bronce,2023-01-24
4111,Ana Rodriguez,ana.rodriguez4111@example.com,Santiago,Chile,bronce,2022-02-22
4112,Diego Fernandez,diego.fernandez4112@example.com,Ciudad de Mexico,Mexico,bronce,2022-05-02
4113,Carlos Gomez,carlos.gomez4113@example.com,Valencia,Espana,plata,2023-08-20
4114,Alberto Mendoza,alberto.mendoza4114@example.com,Medellin,Colombia,bronce,2022-01-28
4115,Javier Mendoza,javier.mendoza4115@example.com,Santiago,Chile,bronce,2024-03-03
4116,Diego Martinez,diego.martinez4116@example.com,Lima,Peru,bronce,2022-02-06
4117,Ana Ortiz,ana.ortiz4117@example.com,Quito,Ecuador,plata,2023-04-09
4118,Maria Vargas,maria.vargas4118@example.com,Medellin,Colombia,bronce,2024-05-23
4119,Laura Gomez,laura.gomez4119@example.com,Cali,Colombia,plata,2023-05-28
4120,Luis Diaz,luis.diaz4120@example.com,Ciudad de Mexico,Mexico,bronce,2024-01-10
4121,Marta Diaz,marta.diaz4121@example.com,Madrid,Espana,bronce,2023-01-01
4122,Julia Lopez,julia.lopez4122@example.com,Barcelona,Espana,bronce,2024-05-18
4123,Alberto Mendoza,alberto.mendoza4123@example.com,Madrid,Espana,platino,2023-04-13
4124,Javier Garcia,javier.garcia4124@example.com,Buenos Aires,Argentina,bronce,2024-04-04
4125,Sergio Rodriguez,sergio.rodriguez4125@example.com,Valencia,Espana,bronce,2024-11-08
4126,Lucia Perez,lucia.perez4126@example.com,Buenos Aires,Argentina,oro,2023-02-22
4127,Ana Martinez,ana.martinez4127@example.com,Medellin,Colombia,bronce,2022-09-12
4128,Luis Rodriguez,luis.rodriguez4128@example.com,Santiago,Chile,bronce,2024-10-18
4129,Lucia Fernandez,lucia.fernandez4129@example.com,Barcelona,Espana,bronce,2024-01-16
4130,Sofia Fernandez,sofia.fernandez4130@example.com,Bogota,Colombia,plata,2024-08-19
4131,Ana Martinez,ana.martinez4131@example.com,Valencia,Espana,bronce,2023-02-19
4132,Julia Silva,julia.silva4132@example.com,Cali,Colombia,oro,2023-01-17
4133,Marta Mendoza,marta.mendoza4133@example.com,Ciudad de Mexico,Mexico,plata,2022-05-16
4134,Lucia Moreno,lucia.moreno4134@example.com,Valencia,Espana,bronce,2024-04-26
4135,Alberto Ramirez,alberto.ramirez4135@example.com,Buenos Aires,Argentina,bronce,2024-07-13
4136,Alberto Ortiz,alberto.ortiz4136@example.com,Quito,Ecuador,plata,2024-06-16
4137,Alberto Fernandez,alberto.fernandez4137@example.com,Madrid,Espana,oro,2022-11-15
4138,Javier Diaz,javier.diaz4138@example.com,Barcelona,Espana,oro,2023-06-19
4139,Ruben Garcia,ruben.garcia4139@example.com,Quito,Ecuador,bronce,2023-06-25
4140,Lucia Moreno,lucia.moreno4140@example.com,Guadalajara,Mexico,plata,2022-05-12
4141,Marta Rodriguez,marta.rodriguez4141@example.com,Quito,Ecuador,plata,2022-01-01
4142,Ruben Rojas,ruben.rojas4142@example.com,Buenos Aires,Argentina,oro,2023-01-01
4143,Carlos Herrera,carlos.herrera4143@example.com,Buenos Aires,Argentina,bronce,2023-07-13
4144,Sofia Sanchez,sofia.sanchez4144@example.com,Barcelona,Espana,plata,2024-12-18
4145,Maria Castro,maria.castro4145@example.com,Ciudad de Mexico,Mexico,plata,2024-08-14
4146,Javier Gomez,javier.gomez4146@example.com,Medellin,Colombia,oro,2024-02-23
4147,Sofia Fernandez,sofia.fernandez4147@example.com,Lima,Peru,plata,2024-11-20
4148,Ruben Ramirez,ruben.ramirez4148@example.com,Madrid,Espana,oro,2024-04-28
4149,Ruben Sanchez,ruben.sanchez4149@example.com,Madrid,Espana,bronce,2023-07-31
4150,Miguel Herrera,miguel.herrera4150@example.com,Ciudad de Mexico,Mexico,bronce,2024-09-25
4151,Elena Fernandez,elena.fernandez4151@example.com,Quito,Ecuador,bronce,2024-10-04
4152,Lucia Torres,lucia.torres4152@example.com,Quito,Ecuador,oro,2022-08-11
4153,Julia Silva,julia.silva4153@example.com,Guadalajara,Mexico,bronce,2022-11-06
4154,Alberto Sanchez,alberto.sanchez4154@example.com,Cali,Colombia,plata,2024-11-26
4155,Laura Torres,laura.torres4155@example.com,Bogota,Colombia,platino,2022-01-07
4156,Carlos Navarro,carlos.navarro4156@example.com,Quito,Ecuador,oro,2023-07-22
4157,Marta Fernandez,marta.fernandez4157@example.com,Valencia,Espana,plata,2023-02-24
4158,Elena Martinez,elena.martinez4158@example.com,Barcelona,Espana,plata,2024-03-26
4159,Carlos Perez,carlos.perez4159@example.com,Ciudad de Mexico,Mexico,bronce,2024-11-15
4160,Ana Navarro,ana.navarro4160@example.com,Medellin,Colombia,bronce,2022-12-15
4161,Sofia Herrera,sofia.herrera4161@example.com,Cali,Colombia,bronce,2022-08-30
4162,Miguel Silva,miguel.silva4162@example.com,Lima,Peru,plata,2022-12-27
4163,Pablo Perez,pablo.perez4163@example.com,Bogota,Colombia,bronce,2024-02-23
4164,Laura Silva,laura.silva4164@example.com,Lima,Peru,bronce,2023-01-29
4165,Marta Fernandez,marta.fernandez4165@example.com,Valencia,Espana,plata,2023-12-05
4166,Andres Herrera,andres.herrera4166@example.com,Bogota,Colombia,bronce,2023-01-17
4167,Diego Mendoza,diego.mendoza4167@example.com,Madrid,Espana,oro,2024-03-21
4168,Carlos Sanchez,carlos.sanchez4168@example.com,Buenos Aires,Argentina,bronce,2022-03-10
4169,Lucia Ortiz,lucia.ortiz4169@example.com,Lima,Peru,oro,2023-01-11
4170,Andres Castro,andres.castro4170@example.com,Lima,Peru,bronce,2022-12-05
4171,Miguel Moreno,miguel.moreno4171@example.com,Valencia,Espana,plata,2023-10-17
4172,Javier Herrera,javier.herrera4172@example.com,Santiago,Chile,plata,2023-12-10
4173,Lucia Lopez,lucia.lopez4173@example.com,Barcelona,Espana,bronce,2024-03-07
4174,Miguel Moreno,miguel.moreno4174@example.com,Guadalajara,Mexico,bronce,2024-09-14
4175,Sofia Sanchez,sofia.sanchez4175@example.com,Buenos Aires,Argentina,oro,2024-05-21
4176,Elena Perez,elena.perez4176@example.com,Barcelona,Espana,bronce,2022-02-15
4177,Elena Martinez,elena.martinez4177@example.com,Barcelona,Espana,plata,2024-01-13
4178,Marta Lopez,marta.lopez4178@example.com,Madrid,Espana,bronce,2022-01-19
4179,Diego Navarro,diego.navarro4179@example.com,Buenos Aires,Argentina,plata,2023-03-29
4180,Diego Gomez,diego.gomez4180@example.com,Guadalajara,Mexico,bronce,2023-10-11
4181,Andres Fernandez,andres.fernandez4181@example.com,Barcelona,Espana,plata,2022-12-16
4182,Miguel Torres,miguel.torres4182@example.com,Ciudad de Mexico,Mexico,plata,2024-02-06
4183,Maria Moreno,maria.moreno4183@example.com,Santiago,Chile,bronce,2024-05-21
4184,Ruben Vargas,ruben.vargas4184@example.com,Valencia,Espana,bronce,2023-10-29
4185,Luis Ramirez,luis.ramirez4185@example.com,Guadalajara,Mexico,oro,2023-07-29
4186,Pablo Silva,pablo.silva4186@example.com,Bogota,Colombia,plata,2024-12-01
4187,Javier Torres,javier.torres4187@example.com,Bogota,Colombia,platino,2023-12-16
4188,Laura Herrera,laura.herrera4188@example.com,Medellin,Colombia,plata,2022-09-08
4189,Ana Ortiz,ana.ortiz4189@example.com,Medellin,Colombia,plata,2023-12-20
4190,Julia Rojas,julia.rojas4190@example.com,Cali,Colombia,plata,2023-06-11
4191,Sofia Garcia,sofia.garcia4191@example.com,Valencia,Espana,oro,2022-01-27
4192,Elena Perez,elena.perez4192@example.com,Medellin,Colombia,bronce,2024-09-29
4193,Marta Castro,marta.castro4193@example.com,Guadalajara,Mexico,bronce,2024-05-21
4194,Ana Torres,ana.torres4194@example.com,Medellin,Colombia,oro,2023-11-08
4195,Pablo Perez,pablo.perez4195@example.com,Guadalajara,Mexico,oro,2024-01-07
4196,Diego Gomez,diego.gomez4196@example.com,Barcelona,Espana,bronce,2023-09-24
4197,Pablo Rodriguez,pablo.rodriguez4197@example.com,Barcelona,Espana,bronce,2023-01-11
4198,Maria Sanchez,maria.sanchez4198@example.com,Lima,Peru,plata,2024-10-18
4199,Alberto Herrera,alberto.herrera4199@example.com,Cali,Colombia,plata,2023-08-29
4200,Laura Garcia,laura.garcia4200@example.com,Guadalajara,Mexico,bronce,2023-01-07
4201,Andres Silva,andres.silva4201@example.com,Buenos Aires,Argentina,plata,2024-01-20
4202,Marta Gomez,marta.gomez4202@example.com,Barcelona,Espana,bronce,2022-06-22
4203,Elena Silva,elena.silva4203@example.com,Quito,Ecuador,bronce,2022-12-16
4204,Maria Perez,maria.perez4204@example.com,Cali,Colombia,plata,2022-05-22
4205,Javier Silva,javier.silva4205@example.com,Lima,Peru,bronce,2022-04-04
4206,Paula Vargas,paula.vargas4206@example.com,Cali,Colombia,plata,2024-06-18
4207,Julia Mendoza,julia.mendoza4207@example.com,Medellin,Colombia,bronce,2023-04-24
4208,Julia Rodriguez,julia.rodriguez4208@example.com,Guadalajara,Mexico,oro,2024-07-27
4209,Laura Herrera,laura.herrera4209@example.com,Valencia,Espana,bronce,2023-11-30
4210,Carmen Perez,carmen.perez4210@example.com,Guadalajara,Mexico,platino,2022-09-14
4211,Carlos Fernandez,carlos.fernandez4211@example.com,Quito,Ecuador,plata,2022-08-20
4212,Marta Garcia,marta.garcia4212@example.com,Guadalajara,Mexico,bronce,2023-05-16
4213,Sofia Navarro,sofia.navarro4213@example.com,Madrid,Espana,platino,2022-04-14
4214,Marta Castro,marta.castro4214@example.com,Buenos Aires,Argentina,bronce,2023-10-03
4215,Andres Navarro,andres.navarro4215@example.com,Madrid,Espana,bronce,2023-05-19
4216,Alberto Vargas,alberto.vargas4216@example.com,Barcelona,Espana,oro,2022-06-02
4217,Diego Lopez,diego.lopez4217@example.com,Bogota,Colombia,oro,2023-07-29
4218,Elena Gomez,elena.gomez4218@example.com,Bogota,Colombia,plata,2024-07-18
4219,Lucia Diaz,lucia.diaz4219@example.com,Madrid,Espana,platino,2024-09-22
4220,Carlos Martinez,carlos.martinez4220@example.com,Madrid,Espana,bronce,2023-04-04
4221,Maria Ortiz,maria.ortiz4221@example.com,Santiago,Chile,bronce,2022-03-22
4222,Lucia Navarro,lucia.navarro4222@example.com,Cali,Colombia,bronce,2024-08-03
4223,Paula Vargas,paula.vargas4223@example.com,Valencia,Espana,bronce,2023-08-27
4224,Lucia Vargas,lucia.vargas4224@example.com,Cali,Colombia,plata,2024-04-12
4225,Sergio Moreno,sergio.moreno4225@example.com,Buenos Aires,Argentina,bronce,2022-02-19
4226,Carlos Rojas,carlos.rojas4226@example.com,Buenos Aires,Argentina,plata,2022-11-19
4227,Sofia Rodriguez,sofia.rodriguez4227@example.com,Bogota,Colombia,bronce,2022-11-09
4228,Carmen Ramirez,carmen.ramirez4228@example.com,Valencia,Espana,bronce,2024-02-24
4229,Elena Herrera,elena.herrera4229@example.com,Quito,Ecuador,plata,2024-01-16
4230,Ana Silva,ana.silva4230@example.com,Guadalajara,Mexico,bronce,2024-03-22
4231,Luis Vargas,luis.vargas4231@example.com,Quito,Ecuador,plata,2023-03-11
4232,Julia Mendoza,julia.mendoza4232@example.com,Bogota,Colombia,plata,2022-12-07
4233,Carmen Vargas,carmen.vargas4233@example.com,Barcelona,Espana,plata,2022-07-27
4234,Javier Fernandez,javier.fernandez4234@example.com,Medellin,Colombia,oro,2022-10-05
4235,Javier Diaz,javier.diaz4235@example.com,Bogota,Colombia,platino,2022-06-29
4236,Ana Rojas,ana.rojas4236@example.com,Buenos Aires,Argentina,bronce,2024-06-20
4237,Julia Mendoza,julia.mendoza4237@example.com,Buenos Aires,Argentina,plata,2024-01-12
4238,Maria Sanchez,maria.sanchez4238@example.com,Madrid,Espana,bronce,2024-01-13
4239,Sergio Perez,sergio.perez4239@example.com,Guadalajara,Mexico,bronce,2024-08-28
4240,Laura Rojas,laura.rojas4240@example.com,Medellin,Colombia,plata,2024-03-20
4241,Elena Herrera,elena.herrera4241@example.com,Guadalajara,Mexico,plata,2022-12-18
4242,Javier Fernandez,javier.fernandez4242@example.com,Medellin,Colombia,oro,2022-12-09
4243,Paula Castro,paula.castro4243@example.com,Ciudad de Mexico,Mexico,plata,2022-05-20
4244,Ana Garcia,ana.garcia4244@example.com,Buenos Aires,Argentina,plata,2024-03-01
4245,Miguel Perez,miguel.perez4245@example.com,Bogota,Colombia,plata,2024-08-15
4246,Javier Navarro,javier.navarro4246@example.com,Valencia,Espana,bronce,2024-02-22
4247,Javier Vargas,javier.vargas4247@example.com,Buenos Aires,Argentina,bronce,2023-05-31
4248,Carlos Mendoza,carlos.mendoza4248@example.com,Quito,Ecuador,bronce,2022-12-31
4249,Julia Sanchez,julia.sanchez4249@example.com,Cali,Colombia,plata,2023-04-25
4250,Miguel Perez,miguel.perez4250@example.com,Quito,Ecuador,bronce,2022-10-24
4251,Sofia Navarro,sofia.navarro4251@example.com,Valencia,Espana,bronce,2022-07-01
4252,Miguel Navarro,miguel.navarro4252@example.com,Santiago,Chile,bronce,2023-04-18
4253,Alberto Mendoza,alberto.mendoza4253@example.com,Quito,Ecuador,plata,2022-09-17
4254,Elena Gomez,elena.gomez4254@example.com,Bogota,Colombia,bronce,2024-03-20
4255,Elena Silva,elena.silva4255@example.com,Barcelona,Espana,bronce,2024-09-19
4256,Elena Torres,elena.torres4256@example.com,Guadalajara,Mexico,bronce,2022-07-31
4257,Elena Silva,elena.silva4257@example.com,Lima,Peru,bronce,2022-01-07
4258,Luis Mendoza,luis.mendoza4258@example.com,Madrid,Espana,bronce,2024-08-15
4259,Carmen Diaz,carmen.diaz4259@example.com,Guadalajara,Mexico,oro,2022-11-18
4260,Ana Gomez,ana.gomez4260@example.com,Lima,Peru,bronce,2022-10-07
4261,Laura Navarro,laura.navarro4261@example.com,Madrid,Espana,bronce,2024-07-25
4262,Laura Torres,laura.torres4262@example.com,Ciudad de Mexico,Mexico,plata,2024-07-08
4263,Javier Diaz,javier.diaz4263@example.com,Madrid,Espana,plata,2023-09-28
4264,Sergio Rojas,sergio.rojas4264@example.com,Valencia,Espana,bronce,2022-06-20
4265,Pablo Ortiz,pablo.ortiz4265@example.com,Cali,Colombia,bronce,2024-02-12
4266,Alberto Martinez,alberto.martinez4266@example.com,Bogota,Colombia,oro,2024-03-20
4267,Miguel Navarro,miguel.navarro4267@example.com,Barcelona,Espana,platino,2023-05-01
4268,Julia Diaz,julia.diaz4268@example.com,Santiago,Chile,bronce,2023-09-07
4269,Ana Garcia,ana.garcia4269@example.com,Valencia,Espana,plata,2023-08-11
4270,Lucia Gomez,lucia.gomez4270@example.com,Lima,Peru,bronce,2023-12-26
4271,Sergio Torres,sergio.torres4271@example.com,Valencia,Espana,bronce,2023-07-19
4272,Lucia Rojas,lucia.rojas4272@example.com,Ciudad de Mexico,Mexico,bronce,2024-12-02
4273,Julia Vargas,julia.vargas4273@example.com,Buenos Aires,Argentina,plata,2022-02-08
4274,Elena Martinez,elena.martinez4274@example.com,Cali,Colombia,bronce,2022-02-27
4275,Ana Torres,ana.torres4275@example.com,Cali,Colombia,bronce,2022-06-15
4276,Sergio Sanchez,sergio.sanchez4276@example.com,Santiago,Chile,bronce,2022-06-13
4277,Luis Perez,luis.perez4277@example.com,Madrid,Espana,bronce,2023-07-01
4278,Sergio Moreno,sergio.moreno4278@example.com,Santiago,Chile,bronce,2022-03-28
4279,Marta Silva,marta.silva4279@example.com,Buenos Aires,Argentina,bronce,2022-07-29
4280,Paula Lopez,paula.lopez4280@example.com,Santiago,Chile,plata,2023-07-24
4281,Diego Castro,diego.castro4281@example.com,Cali,Colombia,bronce,2024-09-12
4282,Ruben Diaz,ruben.diaz4282@example.com,Medellin,Colombia,bronce,2024-05-29
4283,Carlos Gomez,carlos.gomez4283@example.com,Ciudad de Mexico,Mexico,plata,2022-08-26
4284,Sofia Moreno,sofia.moreno4284@example.com,Guadalajara,Mexico,bronce,2022-03-02
4285,Maria Sanchez,maria.sanchez4285@example.com,Quito,Ecuador,bronce,2024-03-20
4286,Sergio Herrera,sergio.herrera4286@example.com,Lima,Peru,oro,2024-05-03
4287,Marta Diaz,marta.diaz4287@example.com,Madrid,Espana,plata,2024-10-14
4288,Paula Rodriguez,paula.rodriguez4288@example.com,Barcelona,Espana,bronce,2023-04-20
4289,Sergio Herrera,sergio.herrera4289@example.com,Quito,Ecuador,bronce,2022-03-05
4290,Elena Mendoza,elena.mendoza4290@example.com,Medellin,Colombia,bronce,2024-10-27
4291,Luis Vargas,luis.vargas4291@example.com,Ciudad de Mexico,Mexico,bronce,2022-11-11
4292,Julia Moreno,julia.moreno4292@example.com,Madrid,Espana,oro,2023-02-24
4293,Diego Martinez,diego.martinez4293@example.com,Barcelona,Espana,plata,2023-03-30
4294,Luis Gomez,luis.gomez4294@example.com,Medellin,Colombia,bronce,2024-12-14
4295,Julia Gomez,julia.gomez4295@example.com,Buenos Aires,Argentina,bronce,2023-01-31
4296,Alberto Herrera,alberto.herrera4296@example.com,Santiago,Chile,bronce,2023-09-02
4297,Sofia Fernandez,sofia.fernandez4297@example.com,Lima,Peru,bronce,2023-07-07
4298,Sergio Moreno,sergio.moreno4298@example.com,Valencia,Espana,bronce,2024-12-20
4299,Ana Gomez,ana.gomez4299@example.com,Valencia,Espana,bronce,2024-11-08
4300,Luis Castro,luis.castro4300@example.com,Ciudad de Mexico,Mexico,oro,2023-11-23
4301,Javier Sanchez,javier.sanchez4301@example.com,Ciudad de Mexico,Mexico,plata,2022-04-26
4302,Andres Vargas,andres.vargas4302@example.com,Madrid,Espana,oro,2023-01-15
4303,Maria Rodriguez,maria.rodriguez4303@example.com,Cali,Colombia,oro,2023-12-31
4304,Ana Moreno,ana.moreno4304@example.com,Lima,Peru,oro,2024-05-29
4305,Andres Garcia,andres.garcia4305@example.com,Barcelona,Espana,platino,2024-04-03
4306,Sergio Navarro,sergio.navarro4306@example.com,Santiago,Chile,bronce,2023-06-18
4307,Marta Silva,marta.silva4307@example.com,Cali,Colombia,bronce,2024-01-05
4308,Sergio Vargas,sergio.vargas4308@example.com,Ciudad de Mexico,Mexico,bronce,2022-12-05
4309,Paula Ortiz,paula.ortiz4309@example.com,Guadalajara,Mexico,plata,2023-11-28
4310,Carmen Silva,carmen.silva4310@example.com,Buenos Aires,Argentina,plata,2023-06-08
4311,Lucia Martinez,lucia.martinez4311@example.com,Guadalajara,Mexico,bronce,2024-01-19
4312,Ruben Moreno,ruben.moreno4312@example.com,Barcelona,Espana,oro,2024-08-12
4313,Elena Fernandez,elena.fernandez4313@example.com,Bogota,Colombia,plata,2024-06-16
4314,Luis Mendoza,luis.mendoza4314@example.com,Lima,Peru,plata,2024-03-12
4315,Sergio Mendoza,sergio.mendoza4315@example.com,Madrid,Espana,bronce,2024-04-20
4316,Javier Navarro,javier.navarro4316@example.com,Buenos Aires,Argentina,bronce,2022-07-10
4317,Alberto Torres,alberto.torres4317@example.com,Ciudad de Mexico,Mexico,bronce,2022-07-22
4318,Sofia Lopez,sofia.lopez4318@example.com,Barcelona,Espana,bronce,2024-07-07
4319,Ruben Martinez,ruben.martinez4319@example.com,Barcelona,Espana,plata,2023-08-16
4320,Ana Lopez,ana.lopez4320@example.com,Quito,Ecuador,bronce,2023-04-18
4321,Andres Navarro,andres.navarro4321@example.com,Madrid,Espana,bronce,2023-12-30
4322,Sofia Vargas,sofia.vargas4322@example.com,Madrid,Espana,bronce,2022-04-01
4323,Diego Fernandez,diego.fernandez4323@example.com,Madrid,Espana,plata,2022-06-30
4324,Javier Diaz,javier.diaz4324@example.com,Guadalajara,Mexico,bronce,2022-06-11
4325,Alberto Lopez,alberto.lopez4325@example.com,Quito,Ecuador,platino,2023-09-12
4326,Miguel Vargas,miguel.vargas4326@example.com,Valencia,Espana,bronce,2022-03-14
4327,Ruben Diaz,ruben.diaz4327@example.com,Santiago,Chile,oro,2022-02-18
4328,Sofia Herrera,sofia.herrera4328@example.com,Buenos Aires,Argentina,bronce,2024-01-11
4329,Ana Garcia,ana.garcia4329@example.com,Valencia,Espana,bronce,2024-03-15
4330,Ruben Ortiz,ruben.ortiz4330@example.com,Madrid,Espana,platino,2022-10-10
4331,Carlos Rodriguez,carlos.rodriguez4331@example.com,Cali,Colombia,plata,2024-01-27
4332,Javier Diaz,javier.diaz4332@example.com,Madrid,Espana,plata,2022-04-16
4333,Ruben Gomez,ruben.gomez4333@example.com,Barcelona,Espana,plata,2023-03-25
4334,Ruben Moreno,ruben.moreno4334@example.com,Cali,Colombia,bronce,2023-02-05
4335,Julia Rojas,julia.rojas4335@example.com,Santiago,Chile,plata,2023-01-15
4336,Sofia Lopez,sofia.lopez4336@example.com,Quito,Ecuador,bronce,2024-08-07
4337,Sergio Torres,sergio.torres4337@example.com,Guadalajara,Mexico,plata,2022-03-27
4338,Elena Ramirez,elena.ramirez4338@example.com,Bogota,Colombia,oro,2023-11-20
4339,Marta Torres,marta.torres4339@example.com,Bogota,Colombia,oro,2022-10-27
4340,Lucia Garcia,lucia.garcia4340@example.com,Guadalajara,Mexico,plata,2023-06-17
4341,Luis Lopez,luis.lopez4341@example.com,Valencia,Espana,plata,2022-08-09
4342,Sofia Ramirez,sofia.ramirez4342@example.com,Ciudad de Mexico,Mexico,bronce,2024-03-13
4343,Diego Perez,diego.perez4343@example.com,Santiago,Chile,bronce,2022-03-08
4344,Javier Ramirez,javier.ramirez4344@example.com,Lima,Peru,oro,2022-03-25
4345,Miguel Lopez,miguel.lopez4345@example.com,Madrid,Espana,plata,2022-12-27
4346,Lucia Moreno,lucia.moreno4346@example.com,Bogota,Colombia,bronce,2024-08-24
4347,Ana Lopez,ana.lopez4347@example.com,Bogota,Colombia,plata,2022-01-27
4348,Carlos Castro,carlos.castro4348@example.com,Ciudad de Mexico,Mexico,bronce,2022-07-14
4349,Sergio Silva,sergio.silva4349@example.com,Valencia,Espana,oro,2023-06-23
4350,Miguel Fernandez,miguel.fernandez4350@example.com,Quito,Ecuador,oro,2022-01-24
4351,Carmen Martinez,carmen.martinez4351@example.com,Quito,Ecuador,bronce,2023-08-09
4352,Pablo Garcia,pablo.garcia4352@example.com,Bogota,Colombia,bronce,2023-02-01
4353,Pablo Fernandez,pablo.fernandez4353@example.com,Medellin,Colombia,plata,2023-12-08
4354,Sofia Martinez,sofia.martinez4354@example.com,Cali,Colombia,bronce,2022-03-05
4355,Diego Mendoza,diego.mendoza4355@example.com,Madrid,Espana,platino,2022-07-13
4356,Paula Navarro,paula.navarro4356@example.com,Lima,Peru,bronce,2022-07-02
4357,Alberto Navarro,alberto.navarro4357@example.com,Santiago,Chile,bronce,2024-03-18
4358,Javier Ortiz,javier.ortiz4358@example.com,Bogota,Colombia,bronce,2024-03-20
4359,Andres Vargas,andres.vargas4359@example.com,Ciudad de Mexico,Mexico,plata,2022-05-08
4360,Alberto Gomez,alberto.gomez4360@example.com,Medellin,Colombia,plata,2023-03-20
4361,Ana Diaz,ana.diaz4361@example.com,Valencia,Espana,oro,2024-02-10
4362,Sergio Perez,sergio.perez4362@example.com,Bogota,Colombia,platino,2022-01-08
4363,Diego Silva,diego.silva4363@example.com,Barcelona,Espana,plata,2022-04-21
4364,Alberto Diaz,alberto.diaz4364@example.com,Santiago,Chile,bronce,2023-12-06
4365,Pablo Fernandez,pablo.fernandez4365@example.com,Guadalajara,Mexico,bronce,2023-09-11
4366,Paula Rojas,paula.rojas4366@example.com,Quito,Ecuador,oro,2024-02-14
4367,Carlos Fernandez,carlos.fernandez4367@example.com,Madrid,Espana,bronce,2023-05-26
4368,Maria Fernandez,maria.fernandez4368@example.com,Guadalajara,Mexico,oro,2024-09-14
4369,Julia Sanchez,julia.sanchez4369@example.com,Ciudad de Mexico,Mexico,oro,2022-05-18
4370,Lucia Rodriguez,lucia.rodriguez4370@example.com,Guadalajara,Mexico,plata,2022-06-19
4371,Pablo Garcia,pablo.garcia4371@example.com,Quito,Ecuador,plata,2023-11-27
4372,Carlos Diaz,carlos.diaz4372@example.com,Medellin,Colombia,platino,2024-07-27
4373,Laura Navarro,laura.navarro4373@example.com,Barcelona,Espana,plata,2022-01-26
4374,Paula Perez,paula.perez4374@example.com,Madrid,Espana,plata,2024-02-16
4375,Elena Castro,elena.castro4375@example.com,Cali,Colombia,bronce,2024-11-30
4376,Pablo Gomez,pablo.gomez4376@example.com,Valencia,Espana,bronce,2023-09-10
4377,Elena Gomez,elena.gomez4377@example.com,Barcelona,Espana,bronce,2024-06-29
4378,Javier Lopez,javier.lopez4378@example.com,Barcelona,Espana,oro,2022-10-14
4379,Carlos Vargas,carlos.vargas4379@example.com,Bogota,Colombia,plata,2024-05-31
4380,Julia Rojas,julia.rojas4380@example.com,Barcelona,Espana,plata,2023-05-17
4381,Julia Fernandez,julia.fernandez4381@example.com,Cali,Colombia,bronce,2022-11-23
4382,Maria Ramirez,maria.ramirez4382@example.com,Guadalajara,Mexico,oro,2022-08-06
4383,Miguel Torres,miguel.torres4383@example.com,Bogota,Colombia,bronce,2024-07-22
4384,Pablo Perez,pablo.perez4384@example.com,Barcelona,Espana,plata,2024-02-25
4385,Miguel Rojas,miguel.rojas4385@example.com,Ciudad de Mexico,Mexico,bronce,2024-05-13
4386,Marta Vargas,marta.vargas4386@example.com,Barcelona,Espana,oro,2024-02-10
4387,Javier Rodriguez,javier.rodriguez4387@example.com,Buenos Aires,Argentina,plata,2022-10-07
4388,Luis Torres,luis.torres4388@example.com,Medellin,Colombia,bronce,2022-07-29
4389,Elena Fernandez,elena.fernandez4389@example.com,Medellin,Colombia,bronce,2023-12-11
4390,Pablo Herrera,pablo.herrera4390@example.com,Valencia,Espana,bronce,2022-10-04
4391,Carlos Gomez,carlos.gomez4391@example.com,Bogota,Colombia,bronce,2023-12-11
4392,Paula Navarro,paula.navarro4392@example.com,Barcelona,Espana,bronce,2024-09-13
4393,Ana Castro,ana.castro4393@example.com,Ciudad de Mexico,Mexico,bronce,2024-03-31
4394,Luis Martinez,luis.martinez4394@example.com,Barcelona,Espana,bronce,2023-06-01
4395,Lucia Diaz,lucia.diaz4395@example.com,Buenos Aires,Argentina,bronce,2024-09-22
4396,Lucia Mendoza,lucia.mendoza4396@example.com,Bogota,Colombia,plata,2023-08-27
4397,Javier Perez,javier.perez4397@example.com,Ciudad de Mexico,Mexico,bronce,2023-05-30
4398,Javier Moreno,javier.moreno4398@example.com,Ciudad de Mexico,Mexico,bronce,2024-11-15
4399,Luis Herrera,luis.herrera4399@example.com,Guadalajara,Mexico,oro,2023-01-02
4400,Andres Rojas,andres.rojas4400@example.com,Santiago,Chile,bronce,2022-08-15
4401,Miguel Rodriguez,miguel.rodriguez4401@example.com,Ciudad de Mexico,Mexico,plata,2022-06-02
4402,Maria Fernandez,maria.fernandez4402@example.com,Lima,Peru,oro,2023-11-18
4403,Miguel Gomez,miguel.gomez4403@example.com,Bogota,Colombia,plata,2023-07-13
4404,Julia Gomez,julia.gomez4404@example.com,Santiago,Chile,bronce,2024-04-27
4405,Javier Mendoza,javier.mendoza4405@example.com,Medellin,Colombia,bronce,2022-06-10
4406,Ruben Garcia,ruben.garcia4406@example.com,Guadalajara,Mexico,oro,2022-12-16
4407,Javier Ramirez,javier.ramirez4407@example.com,Cali,Colombia,oro,2022-05-13
4408,Carlos Navarro,carlos.navarro4408@example.com,Lima,Peru,bronce,2022-12-05
4409,Javier Mendoza,javier.mendoza4409@example.com,Bogota,Colombia,plata,2024-11-17
4410,Elena Castro,elena.castro4410@example.com,Ciudad de Mexico,Mexico,oro,2024-09-09
4411,Maria Navarro,maria.navarro4411@example.com,Barcelona,Espana,oro,2023-06-28
4412,Pablo Diaz,pablo.diaz4412@example.com,Guadalajara,Mexico,bronce,2022-04-19
4413,Elena Castro,elena.castro4413@example.com,Madrid,Espana,bronce,2024-12-25
4414,Marta Ramirez,marta.ramirez4414@example.com,Medellin,Colombia,bronce,2022-06-22
4415,Diego Garcia,diego.garcia4415@example.com,Madrid,Espana,bronce,2022-04-21
4416,Sofia Garcia,sofia.garcia4416@example.com,Bogota,Colombia,plata,2023-03-26
4417,Diego Mendoza,diego.mendoza4417@example.com,Cali,Colombia,bronce,2024-10-27
4418,Carlos Lopez,carlos.lopez4418@example.com,Bogota,Colombia,bronce,2024-05-24
4419,Marta Fernandez,marta.fernandez4419@example.com,Medellin,Colombia,bronce,2023-01-29
4420,Maria Castro,maria.castro4420@example.com,Barcelona,Espana,oro,2023-05-14
4421,Marta Vargas,marta.vargas4421@example.com,Buenos Aires,Argentina,oro,2022-03-08
4422,Alberto Ramirez,alberto.ramirez4422@example.com,Santiago,Chile,oro,2022-10-24
4423,Sergio Navarro,sergio.navarro4423@example.com,Cali,Colombia,oro,2024-01-04
4424,Diego Herrera,diego.herrera4424@example.com,Madrid,Espana,platino,2023-04-06
4425,Elena Ortiz,elena.ortiz4425@example.com,Madrid,Espana,bronce,2024-12-07
4426,Ruben Rojas,ruben.rojas4426@example.com,Buenos Aires,Argentina,bronce,2023-05-03
4427,Javier Navarro,javier.navarro4427@example.com,Quito,Ecuador,oro,2024-07-16
4428,Diego Castro,diego.castro4428@example.com,Lima,Peru,plata,2024-03-07
4429,Sergio Ramirez,sergio.ramirez4429@example.com,Medellin,Colombia,bronce,2023-07-10
4430,Julia Silva,julia.silva4430@example.com,Cali,Colombia,platino,2024-08-09
4431,Julia Mendoza,julia.mendoza4431@example.com,Barcelona,Espana,bronce,2024-08-11
4432,Luis Rodriguez,luis.rodriguez4432@example.com,Madrid,Espana,oro,2022-12-18
4433,Ruben Ortiz,ruben.ortiz4433@example.com,Santiago,Chile,plata,2022-11-01
4434,Maria Rojas,maria.rojas4434@example.com,Cali,Colombia,bronce,2024-02-15
4435,Pablo Mendoza,pablo.mendoza4435@example.com,Cali,Colombia,oro,2022-01-30
4436,Julia Moreno,julia.moreno4436@example.com,Medellin,Colombia,plata,2024-02-08
4437,Andres Ortiz,andres.ortiz4437@example.com,Bogota,Colombia,plata,2023-04-22
4438,Julia Perez,julia.perez4438@example.com,Quito,Ecuador,plata,2024-04-19
4439,Elena Lopez,elena.lopez4439@example.com,Santiago,Chile,bronce,2022-05-23
4440,Elena Lopez,elena.lopez4440@example.com,Buenos Aires,Argentina,bronce,2023-09-22
4441,Elena Perez,elena.perez4441@example.com,Medellin,Colombia,bronce,2023-08-11
4442,Miguel Sanchez,miguel.sanchez4442@example.com,Buenos Aires,Argentina,bronce,2022-01-17
4443,Andres Diaz,andres.diaz4443@example.com,Medellin,Colombia,bronce,2023-07-29
4444,Diego Lopez,diego.lopez4444@example.com,Ciudad de Mexico,Mexico,bronce,2023-12-20
4445,Marta Lopez,marta.lopez4445@example.com,Barcelona,Espana,bronce,2023-03-20
4446,Sofia Ramirez,sofia.ramirez4446@example.com,Buenos Aires,Argentina,plata,2023-11-02
4447,Elena Herrera,elena.herrera4447@example.com,Madrid,Espana,bronce,2022-12-24
4448,Carlos Martinez,carlos.martinez4448@example.com,Buenos Aires,Argentina,bronce,2023-11-01
4449,Pablo Ramirez,pablo.ramirez4449@example.com,Guadalajara,Mexico,oro,2022-09-24
4450,Ruben Rojas,ruben.rojas4450@example.com,Madrid,Espana,platino,2022-11-05
4451,Ruben Moreno,ruben.moreno4451@example.com,Ciudad de Mexico,Mexico,oro,2022-03-19
4452,Javier Martinez,javier.martinez4452@example.com,Valencia,Espana,bronce,2022-04-18
4453,Diego Moreno,diego.moreno4453@example.com,Cali,Colombia,plata,2022-05-28
4454,Marta Garcia,marta.garcia4454@example.com,Madrid,Espana,bronce,2022-07-27
4455,Carmen Sanchez,carmen.sanchez4455@example.com,Buenos Aires,Argentina,plata,2024-02-26
4456,Luis Gomez,luis.gomez4456@example.com,Ciudad de Mexico,Mexico,oro,2022-08-25
4457,Pablo Mendoza,pablo.mendoza4457@example.com,Medellin,Colombia,bronce,2023-01-25
4458,Ana Lopez,ana.lopez4458@example.com,Lima,Peru,oro,2022-07-10
4459,Maria Herrera,maria.herrera4459@example.com,Guadalajara,Mexico,plata,2023-04-10
4460,Andres Navarro,andres.navarro4460@example.com,Guadalajara,Mexico,bronce,2022-09-25
4461,Maria Navarro,maria.navarro4461@example.com,Barcelona,Espana,bronce,2022-12-27
4462,Elena Gomez,elena.gomez4462@example.com,Ciudad de Mexico,Mexico,oro,2022-03-17
4463,Pablo Rodriguez,pablo.rodriguez4463@example.com,Buenos Aires,Argentina,bronce,2023-07-07
4464,Andres Sanchez,andres.sanchez4464@example.com,Quito,Ecuador,bronce,2022-10-22
4465,Sofia Herrera,sofia.herrera4465@example.com,Guadalajara,Mexico,bronce,2023-12-15
4466,Luis Lopez,luis.lopez4466@example.com,Valencia,Espana,platino,2024-12-28
4467,Sergio Castro,sergio.castro4467@example.com,Buenos Aires,Argentina,bronce,2023-06-16
4468,Julia Fernandez,julia.fernandez4468@example.com,Madrid,Espana,platino,2023-07-14
4469,Ruben Herrera,ruben.herrera4469@example.com,Bogota,Colombia,plata,2024-06-28
4470,Marta Castro,marta.castro4470@example.com,Quito,Ecuador,bronce,2023-01-13
4471,Sofia Vargas,sofia.vargas4471@example.com,Santiago,Chile,bronce,2022-06-04
4472,Ruben Herrera,ruben.herrera4472@example.com,Lima,Peru,plata,2024-02-28
4473,Diego Navarro,diego.navarro4473@example.com,Medellin,Colombia,bronce,2023-12-13
4474,Maria Fernandez,maria.fernandez4474@example.com,Buenos Aires,Argentina,bronce,2023-05-30
4475,Ruben Ramirez,ruben.ramirez4475@example.com,Buenos Aires,Argentina,bronce,2023-02-28
4476,Elena Castro,elena.castro4476@example.com,Valencia,Espana,oro,2022-02-02
4477,Julia Silva,julia.silva4477@example.com,Quito,Ecuador,plata,2023-09-02
4478,Miguel Torres,miguel.torres4478@example.com,Quito,Ecuador,bronce,2023-08-23
4479,Ruben Fernandez,ruben.fernandez4479@example.com,Barcelona,Espana,bronce,2023-07-19
4480,Lucia Silva,lucia.silva4480@example.com,Santiago,Chile,bronce,2022-11-29
4481,Diego Navarro,diego.navarro4481@example.com,Cali,Colombia,plata,2022-06-16
4482,Javier Vargas,javier.vargas4482@example.com,Buenos Aires,Argentina,bronce,2023-09-18
4483,Paula Martinez,paula.martinez4483@example.com,Ciudad de Mexico,Mexico,platino,2023-11-10
4484,Luis Perez,luis.perez4484@example.com,Valencia,Espana,oro,2022-07-09
4485,Diego Torres,diego.torres4485@example.com,Barcelona,Espana,bronce,2022-05-12
4486,Miguel Moreno,miguel.moreno4486@example.com,Ciudad de Mexico,Mexico,oro,2023-06-13
4487,Lucia Rojas,lucia.rojas4487@example.com,Lima,Peru,plata,2022-02-22
4488,Javier Silva,javier.silva4488@example.com,Santiago,Chile,plata,2022-08-01
4489,Andres Garcia,andres.garcia4489@example.com,Bogota,Colombia,bronce,2023-11-28
4490,Miguel Torres,miguel.torres4490@example.com,Lima,Peru,oro,2022-11-24
4491,Carlos Moreno,carlos.moreno4491@example.com,Medellin,Colombia,bronce,2023-05-20
4492,Carlos Navarro,carlos.navarro4492@example.com,Ciudad de Mexico,Mexico,oro,2024-01-23
4493,Andres Martinez,andres.martinez4493@example.com,Bogota,Colombia,bronce,2022-07-13
4494,Javier Mendoza,javier.mendoza4494@example.com,Ciudad de Mexico,Mexico,bronce,2022-09-07
4495,Elena Garcia,elena.garcia4495@example.com,Ciudad de Mexico,Mexico,platino,2022-11-22
4496,Carmen Lopez,carmen.lopez4496@example.com,Buenos Aires,Argentina,bronce,2023-04-02
4497,Elena Silva,elena.silva4497@example.com,Cali,Colombia,bronce,2023-09-06
4498,Miguel Herrera,miguel.herrera4498@example.com,Ciudad de Mexico,Mexico,oro,2022-03-22
4499,Laura Navarro,laura.navarro4499@example.com,Guadalajara,Mexico,bronce,2023-06-03
4500,Elena Castro,elena.castro4500@example.com,Cali,Colombia,oro,2024-01-23
4501,Andres Castro,andres.castro4501@example.com,Ciudad de Mexico,Mexico,oro,2024-07-21
4502,Lucia Ramirez,lucia.ramirez4502@example.com,Barcelona,Espana,bronce,2023-08-14
4503,Alberto Ramirez,alberto.ramirez4503@example.com,Lima,Peru,plata,2023-11-17
4504,Sergio Ramirez,sergio.ramirez4504@example.com,Barcelona,Espana,platino,2024-06-10
4505,Ana Perez,ana.perez4505@example.com,Lima,Peru,oro,2024-03-07
4506,Miguel Mendoza,miguel.mendoza4506@example.com,Santiago,Chile,bronce,2023-08-09
4507,Javier Fernandez,javier.fernandez4507@example.com,Quito,Ecuador,plata,2023-09-13
4508,Pablo Castro,pablo.castro4508@example.com,Madrid,Espana,plata,2024-12-24
4509,Javier Rojas,javier.rojas4509@example.com,Valencia,Espana,bronce,2024-04-08
4510,Alberto Ramirez,alberto.ramirez4510@example.com,Madrid,Espana,plata,2022-09-22
4511,Javier Castro,javier.castro4511@example.com,Cali,Colombia,bronce,2023-05-12
4512,Lucia Garcia,lucia.garcia4512@example.com,Lima,Peru,bronce,2024-03-23
4513,Maria Gomez,maria.gomez4513@example.com,Santiago,Chile,bronce,2023-07-26
4514,Julia Diaz,julia.diaz4514@example.com,Buenos Aires,Argentina,oro,2023-04-19
4515,Julia Fernandez,julia.fernandez4515@example.com,Lima,Peru,bronce,2023-10-29
4516,Sergio Ortiz,sergio.ortiz4516@example.com,Madrid,Espana,bronce,2023-02-16
4517,Miguel Mendoza,miguel.mendoza4517@example.com,Santiago,Chile,bronce,2024-01-13
4518,Luis Moreno,luis.moreno4518@example.com,Bogota,Colombia,bronce,2024-03-12
4519,Marta Fernandez,marta.fernandez4519@example.com,Buenos Aires,Argentina,platino,2024-09-10
4520,Sofia Rodriguez,sofia.rodriguez4520@example.com,Santiago,Chile,bronce,2024-11-12
4521,Alberto Herrera,alberto.herrera4521@example.com,Buenos Aires,Argentina,bronce,2024-02-19
4522,Andres Mendoza,andres.mendoza4522@example.com,Cali,Colombia,platino,2024-04-07
4523,Lucia Torres,lucia.torres4523@example.com,Guadalajara,Mexico,bronce,2024-04-25
4524,Alberto Silva,alberto.silva4524@example.com,Cali,Colombia,bronce,2022-12-28
4525,Paula Ortiz,paula.ortiz4525@example.com,Guadalajara,Mexico,oro,2024-09-29
4526,Diego Ramirez,diego.ramirez4526@example.com,Cali,Colombia,plata,2023-07-13
4527,Ana Sanchez,ana.sanchez4527@example.com,Medellin,Colombia,bronce,2024-08-07
4528,Luis Garcia,luis.garcia4528@example.com,Valencia,Espana,plata,2022-08-26
4529,Sofia Herrera,sofia.herrera4529@example.com,Medellin,Colombia,plata,2022-12-06
4530,Pablo Vargas,pablo.vargas4530@example.com,Buenos Aires,Argentina,plata,2023-11-11
4531,Ana Lopez,ana.lopez4531@example.com,Lima,Peru,bronce,2023-09-26
4532,Maria Rodriguez,maria.rodriguez4532@example.com,Barcelona,Espana,oro,2023-03-17
4533,Marta Navarro,marta.navarro4533@example.com,Valencia,Espana,plata,2022-08-30
4534,Sergio Gomez,sergio.gomez4534@example.com,Ciudad de Mexico,Mexico,plata,2022-09-07
4535,Ana Gomez,ana.gomez4535@example.com,Buenos Aires,Argentina,oro,2024-03-07
4536,Lucia Castro,lucia.castro4536@example.com,Valencia,Espana,oro,2022-01-24
4537,Luis Fernandez,luis.fernandez4537@example.com,Bogota,Colombia,plata,2022-05-11
4538,Marta Ortiz,marta.ortiz4538@example.com,Madrid,Espana,bronce,2024-10-10
4539,Paula Rojas,paula.rojas4539@example.com,Madrid,Espana,bronce,2024-12-08
4540,Ruben Fernandez,ruben.fernandez4540@example.com,Barcelona,Espana,plata,2022-03-28
4541,Pablo Perez,pablo.perez4541@example.com,Buenos Aires,Argentina,bronce,2022-06-05
4542,Carmen Mendoza,carmen.mendoza4542@example.com,Lima,Peru,plata,2022-12-27
4543,Julia Vargas,julia.vargas4543@example.com,Cali,Colombia,plata,2023-10-04
4544,Carmen Ortiz,carmen.ortiz4544@example.com,Valencia,Espana,plata,2022-07-28
4545,Sofia Gomez,sofia.gomez4545@example.com,Quito,Ecuador,bronce,2024-12-11
4546,Sergio Garcia,sergio.garcia4546@example.com,Bogota,Colombia,oro,2023-06-26
4547,Pablo Mendoza,pablo.mendoza4547@example.com,Barcelona,Espana,plata,2023-08-12
4548,Paula Sanchez,paula.sanchez4548@example.com,Barcelona,Espana,bronce,2022-08-02
4549,Lucia Silva,lucia.silva4549@example.com,Medellin,Colombia,plata,2022-12-03
4550,Ruben Moreno,ruben.moreno4550@example.com,Buenos Aires,Argentina,bronce,2024-03-17
4551,Ana Sanchez,ana.sanchez4551@example.com,Medellin,Colombia,plata,2023-11-24
4552,Ana Herrera,ana.herrera4552@example.com,Cali,Colombia,bronce,2022-09-04
4553,Luis Rodriguez,luis.rodriguez4553@example.com,Medellin,Colombia,plata,2023-04-29
4554,Pablo Fernandez,pablo.fernandez4554@example.com,Quito,Ecuador,bronce,2022-07-23
4555,Marta Fernandez,marta.fernandez4555@example.com,Buenos Aires,Argentina,bronce,2023-03-23
4556,Laura Rojas,laura.rojas4556@example.com,Guadalajara,Mexico,bronce,2022-08-26
4557,Carlos Ramirez,carlos.ramirez4557@example.com,Cali,Colombia,bronce,2024-12-08
4558,Ruben Castro,ruben.castro4558@example.com,Ciudad de Mexico,Mexico,oro,2022-11-22
4559,Sergio Torres,sergio.torres4559@example.com,Lima,Peru,oro,2023-06-03
4560,Carmen Moreno,carmen.moreno4560@example.com,Guadalajara,Mexico,bronce,2023-12-04
4561,Diego Lopez,diego.lopez4561@example.com,Santiago,Chile,bronce,2022-02-14
4562,Sofia Moreno,sofia.moreno4562@example.com,Madrid,Espana,plata,2022-08-18
4563,Ana Rodriguez,ana.rodriguez4563@example.com,Lima,Peru,bronce,2024-12-18
4564,Carlos Rodriguez,carlos.rodriguez4564@example.com,Quito,Ecuador,bronce,2024-02-03
4565,Ruben Moreno,ruben.moreno4565@example.com,Buenos Aires,Argentina,bronce,2022-09-22
4566,Elena Lopez,elena.lopez4566@example.com,Quito,Ecuador,plata,2023-04-17
4567,Marta Herrera,marta.herrera4567@example.com,Ciudad de Mexico,Mexico,platino,2024-07-27
4568,Marta Martinez,marta.martinez4568@example.com,Bogota,Colombia,bronce,2022-08-04
4569,Elena Martinez,elena.martinez4569@example.com,Guadalajara,Mexico,platino,2022-11-24
4570,Laura Ortiz,laura.ortiz4570@example.com,Guadalajara,Mexico,oro,2022-09-20
4571,Andres Lopez,andres.lopez4571@example.com,Barcelona,Espana,platino,2023-12-30
4572,Luis Ortiz,luis.ortiz4572@example.com,Valencia,Espana,plata,2023-08-01
4573,Diego Gomez,diego.gomez4573@example.com,Bogota,Colombia,oro,2023-07-03
4574,Ruben Herrera,ruben.herrera4574@example.com,Ciudad de Mexico,Mexico,plata,2023-02-19
4575,Marta Ortiz,marta.ortiz4575@example.com,Barcelona,Espana,oro,2022-12-26
4576,Sergio Martinez,sergio.martinez4576@example.com,Santiago,Chile,bronce,2023-07-17
4577,Luis Gomez,luis.gomez4577@example.com,Barcelona,Espana,plata,2024-05-24
4578,Carlos Vargas,carlos.vargas4578@example.com,Quito,Ecuador,plata,2024-06-08
4579,Javier Mendoza,javier.mendoza4579@example.com,Buenos Aires,Argentina,bronce,2024-05-09
4580,Javier Lopez,javier.lopez4580@example.com,Medellin,Colombia,bronce,2022-02-20
4581,Carlos Lopez,carlos.lopez4581@example.com,Medellin,Colombia,bronce,2023-06-21
4582,Alberto Fernandez,alberto.fernandez4582@example.com,Buenos Aires,Argentina,bronce,2023-03-08
4583,Carlos Sanchez,carlos.sanchez4583@example.com,Barcelona,Espana,bronce,2024-10-21
4584,Marta Perez,marta.perez4584@example.com,Buenos Aires,Argentina,bronce,2023-03-31
4585,Pablo Martinez,pablo.martinez4585@example.com,Ciudad de Mexico,Mexico,bronce,2022-09-28
4586,Carmen Silva,carmen.silva4586@example.com,Valencia,Espana,plata,2022-10-02
4587,Laura Herrera,laura.herrera4587@example.com,Lima,Peru,bronce,2022-08-02
4588,Elena Martinez,elena.martinez4588@example.com,Guadalajara,Mexico,bronce,2023-04-29
4589,Carmen Ramirez,carmen.ramirez4589@example.com,Barcelona,Espana,bronce,2022-10-17
4590,Javier Castro,javier.castro4590@example.com,Guadalajara,Mexico,bronce,2023-09-13
4591,Andres Castro,andres.castro4591@example.com,Medellin,Colombia,bronce,2022-09-10
4592,Ana Navarro,ana.navarro4592@example.com,Santiago,Chile,platino,2023-10-03
4593,Luis Castro,luis.castro4593@example.com,Cali,Colombia,bronce,2023-11-06
4594,Marta Rojas,marta.rojas4594@example.com,Quito,Ecuador,bronce,2024-01-04
4595,Carmen Garcia,carmen.garcia4595@example.com,Quito,Ecuador,plata,2024-08-24
4596,Ana Rodriguez,ana.rodriguez4596@example.com,Madrid,Espana,oro,2022-03-26
4597,Ruben Castro,ruben.castro4597@example.com,Medellin,Colombia,bronce,2022-02-27
4598,Ana Ortiz,ana.ortiz4598@example.com,Valencia,Espana,bronce,2023-05-19
4599,Alberto Fernandez,alberto.fernandez4599@example.com,Cali,Colombia,plata,2023-07-20
4600,Marta Castro,marta.castro4600@example.com,Barcelona,Espana,bronce,2024-04-09
4601,Alberto Sanchez,alberto.sanchez4601@example.com,Ciudad de Mexico,Mexico,bronce,2022-09-06
4602,Julia Torres,julia.torres4602@example.com,Barcelona,Espana,platino,2023-05-14
4603,Elena Herrera,elena.herrera4603@example.com,Guadalajara,Mexico,platino,2023-11-01
4604,Sergio Rojas,sergio.rojas4604@example.com,Cali,Colombia,plata,2023-12-20
4605,Laura Martinez,laura.martinez4605@example.com,Quito,Ecuador,bronce,2023-08-18
4606,Diego Mendoza,diego.mendoza4606@example.com,Lima,Peru,plata,2023-10-09
4607,Laura Ortiz,laura.ortiz4607@example.com,Guadalajara,Mexico,platino,2022-06-29
4608,Diego Torres,diego.torres4608@example.com,Cali,Colombia,oro,2023-05-24
4609,Ruben Gomez,ruben.gomez4609@example.com,Buenos Aires,Argentina,bronce,2023-08-16
4610,Sofia Ramirez,sofia.ramirez4610@example.com,Buenos Aires,Argentina,bronce,2022-03-28
4611,Luis Silva,luis.silva4611@example.com,Barcelona,Espana,bronce,2024-11-26
4612,Elena Torres,elena.torres4612@example.com,Medellin,Colombia,oro,2023-11-25
4613,Sergio Garcia,sergio.garcia4613@example.com,Quito,Ecuador,bronce,2024-02-25
4614,Lucia Rodriguez,lucia.rodriguez4614@example.com,Bogota,Colombia,bronce,2023-08-09
4615,Pablo Silva,pablo.silva4615@example.com,Madrid,Espana,bronce,2024-10-16
4616,Sofia Herrera,sofia.herrera4616@example.com,Lima,Peru,bronce,2022-01-07
4617,Javier Herrera,javier.herrera4617@example.com,Quito,Ecuador,oro,2024-11-15
4618,Pablo Martinez,pablo.martinez4618@example.com,Guadalajara,Mexico,bronce,2022-08-15
4619,Carmen Lopez,carmen.lopez4619@example.com,Guadalajara,Mexico,bronce,2024-08-26
4620,Ruben Fernandez,ruben.fernandez4620@example.com,Medellin,Colombia,plata,2022-03-09
4621,Carmen Sanchez,carmen.sanchez4621@example.com,Medellin,Colombia,plata,2022-12-09
4622,Alberto Fernandez,alberto.fernandez4622@example.com,Lima,Peru,plata,2023-09-17
4623,Paula Vargas,paula.vargas4623@example.com,Lima,Peru,oro,2023-12-22
4624,Luis Perez,luis.perez4624@example.com,Cali,Colombia,bronce,2022-01-17
4625,Miguel Martinez,miguel.martinez4625@example.com,Bogota,Colombia,bronce,2023-01-28
4626,Miguel Diaz,miguel.diaz4626@example.com,Valencia,Espana,bronce,2024-07-11
4627,Ana Moreno,ana.moreno4627@example.com,Madrid,Espana,plata,2022-07-20
4628,Carlos Castro,carlos.castro4628@example.com,Cali,Colombia,oro,2024-11-03
4629,Sergio Gomez,sergio.gomez4629@example.com,Ciudad de Mexico,Mexico,bronce,2024-02-17
4630,Miguel Gomez,miguel.gomez4630@example.com,Buenos Aires,Argentina,plata,2024-12-04
4631,Maria Vargas,maria.vargas4631@example.com,Santiago,Chile,plata,2024-09-16
4632,Javier Lopez,javier.lopez4632@example.com,Medellin,Colombia,platino,2022-09-06
4633,Javier Silva,javier.silva4633@example.com,Valencia,Espana,bronce,2024-10-27
4634,Carlos Mendoza,carlos.mendoza4634@example.com,Lima,Peru,bronce,2023-06-27
4635,Maria Garcia,maria.garcia4635@example.com,Santiago,Chile,plata,2022-10-10
4636,Sergio Navarro,sergio.navarro4636@example.com,Ciudad de Mexico,Mexico,oro,2024-09-02
4637,Paula Garcia,paula.garcia4637@example.com,Madrid,Espana,plata,2023-05-31
4638,Diego Torres,diego.torres4638@example.com,Cali,Colombia,oro,2024-01-23
4639,Carmen Rojas,carmen.rojas4639@example.com,Guadalajara,Mexico,bronce,2023-10-31
4640,Julia Gomez,julia.gomez4640@example.com,Lima,Peru,plata,2022-11-24
4641,Paula Sanchez,paula.sanchez4641@example.com,Ciudad de Mexico,Mexico,bronce,2024-12-12
4642,Ana Garcia,ana.garcia4642@example.com,Cali,Colombia,bronce,2024-07-02
4643,Alberto Moreno,alberto.moreno4643@example.com,Medellin,Colombia,bronce,2023-08-03
4644,Luis Garcia,luis.garcia4644@example.com,Medellin,Colombia,bronce,2023-09-21
4645,Ana Torres,ana.torres4645@example.com,Madrid,Espana,bronce,2022-03-18
4646,Sofia Fernandez,sofia.fernandez4646@example.com,Barcelona,Espana,plata,2024-03-10
4647,Marta Navarro,marta.navarro4647@example.com,Santiago,Chile,oro,2024-09-23
4648,Luis Ortiz,luis.ortiz4648@example.com,Medellin,Colombia,bronce,2024-11-27
4649,Javier Silva,javier.silva4649@example.com,Lima,Peru,bronce,2023-09-06
4650,Javier Moreno,javier.moreno4650@example.com,Medellin,Colombia,bronce,2024-12-28
4651,Miguel Ramirez,miguel.ramirez4651@example.com,Quito,Ecuador,bronce,2024-05-24
4652,Alberto Gomez,alberto.gomez4652@example.com,Valencia,Espana,bronce,2023-07-07
4653,Elena Lopez,elena.lopez4653@example.com,Valencia,Espana,plata,2024-05-26
4654,Laura Navarro,laura.navarro4654@example.com,Guadalajara,Mexico,oro,2022-06-21
4655,Maria Fernandez,maria.fernandez4655@example.com,Santiago,Chile,bronce,2024-01-10
4656,Carlos Diaz,carlos.diaz4656@example.com,Barcelona,Espana,plata,2023-11-10
4657,Maria Martinez,maria.martinez4657@example.com,Ciudad de Mexico,Mexico,plata,2023-06-25
4658,Pablo Perez,pablo.perez4658@example.com,Valencia,Espana,bronce,2023-12-07
4659,Sofia Castro,sofia.castro4659@example.com,Buenos Aires,Argentina,bronce,2024-07-22
4660,Diego Diaz,diego.diaz4660@example.com,Ciudad de Mexico,Mexico,bronce,2023-09-19
4661,Paula Vargas,paula.vargas4661@example.com,Guadalajara,Mexico,bronce,2023-02-20
4662,Pablo Sanchez,pablo.sanchez4662@example.com,Bogota,Colombia,oro,2023-04-08
4663,Carlos Rodriguez,carlos.rodriguez4663@example.com,Bogota,Colombia,bronce,2023-09-15
4664,Miguel Mendoza,miguel.mendoza4664@example.com,Guadalajara,Mexico,bronce,2023-09-29
4665,Elena Diaz,elena.diaz4665@example.com,Medellin,Colombia,bronce,2022-12-10
4666,Paula Fernandez,paula.fernandez4666@example.com,Buenos Aires,Argentina,bronce,2023-08-08
4667,Elena Perez,elena.perez4667@example.com,Barcelona,Espana,oro,2022-11-11
4668,Maria Rojas,maria.rojas4668@example.com,Bogota,Colombia,bronce,2024-10-31
4669,Marta Vargas,marta.vargas4669@example.com,Barcelona,Espana,plata,2023-08-09
4670,Sofia Fernandez,sofia.fernandez4670@example.com,Barcelona,Espana,bronce,2024-07-06
4671,Luis Ortiz,luis.ortiz4671@example.com,Bogota,Colombia,bronce,2023-02-20
4672,Andres Ortiz,andres.ortiz4672@example.com,Cali,Colombia,bronce,2023-03-08
4673,Laura Lopez,laura.lopez4673@example.com,Barcelona,Espana,oro,2022-11-12
4674,Ruben Castro,ruben.castro4674@example.com,Barcelona,Espana,bronce,2023-09-18
4675,Paula Navarro,paula.navarro4675@example.com,Lima,Peru,plata,2023-11-06
4676,Miguel Torres,miguel.torres4676@example.com,Ciudad de Mexico,Mexico,bronce,2023-09-12
4677,Pablo Garcia,pablo.garcia4677@example.com,Buenos Aires,Argentina,plata,2024-07-05
4678,Pablo Martinez,pablo.martinez4678@example.com,Buenos Aires,Argentina,plata,2023-07-14
4679,Andres Rojas,andres.rojas4679@example.com,Barcelona,Espana,plata,2024-06-18
4680,Luis Ortiz,luis.ortiz4680@example.com,Guadalajara,Mexico,bronce,2022-03-05
4681,Elena Martinez,elena.martinez4681@example.com,Lima,Peru,bronce,2023-01-30
4682,Carlos Ramirez,carlos.ramirez4682@example.com,Cali,Colombia,oro,2024-02-20
4683,Andres Torres,andres.torres4683@example.com,Lima,Peru,plata,2023-02-24
4684,Luis Perez,luis.perez4684@example.com,Quito,Ecuador,bronce,2024-03-11
4685,Lucia Castro,lucia.castro4685@example.com,Ciudad de Mexico,Mexico,bronce,2023-10-11
4686,Marta Mendoza,marta.mendoza4686@example.com,Barcelona,Espana,bronce,2023-06-15
4687,Julia Sanchez,julia.sanchez4687@example.com,Guadalajara,Mexico,bronce,2023-09-03
4688,Javier Rodriguez,javier.rodriguez4688@example.com,Lima,Peru,bronce,2024-09-14
4689,Ana Fernandez,ana.fernandez4689@example.com,Ciudad de Mexico,Mexico,bronce,2024-01-14
4690,Marta Gomez,marta.gomez4690@example.com,Santiago,Chile,bronce,2024-12-13
4691,Ana Moreno,ana.moreno4691@example.com,Ciudad de Mexico,Mexico,plata,2022-04-15
4692,Luis Ramirez,luis.ramirez4692@example.com,Cali,Colombia,oro,2024-06-09
4693,Alberto Garcia,alberto.garcia4693@example.com,Quito,Ecuador,plata,2024-09-02
4694,Ruben Gomez,ruben.gomez4694@example.com,Barcelona,Espana,bronce,2024-10-13
4695,Marta Moreno,marta.moreno4695@example.com,Cali,Colombia,plata,2023-08-14
4696,Paula Torres,paula.torres4696@example.com,Barcelona,Espana,bronce,2023-06-18
4697,Luis Vargas,luis.vargas4697@example.com,Guadalajara,Mexico,plata,2023-10-02
4698,Luis Perez,luis.perez4698@example.com,Quito,Ecuador,bronce,2024-09-28
4699,Elena Gomez,elena.gomez4699@example.com,Quito,Ecuador,bronce,2024-08-07
4700,Ana Martinez,ana.martinez4700@example.com,Valencia,Espana,plata,2024-10-20
4701,Ruben Rodriguez,ruben.rodriguez4701@example.com,Buenos Aires,Argentina,bronce,2024-11-27
4702,Luis Garcia,luis.garcia4702@example.com,Lima,Peru,plata,2023-11-14
4703,Lucia Castro,lucia.castro4703@example.com,Lima,Peru,plata,2022-10-11
4704,Ruben Lopez,ruben.lopez4704@example.com,Ciudad de Mexico,Mexico,bronce,2022-06-15
4705,Marta Vargas,marta.vargas4705@example.com,Valencia,Espana,bronce,2024-09-09
4706,Laura Navarro,laura.navarro4706@example.com,Cali,Colombia,plata,2022-06-16
4707,Diego Rojas,diego.rojas4707@example.com,Santiago,Chile,plata,2022-03-19
4708,Lucia Vargas,lucia.vargas4708@example.com,Guadalajara,Mexico,oro,2023-06-02
4709,Sergio Martinez,sergio.martinez4709@example.com,Medellin,Colombia,bronce,2024-03-24
4710,Sofia Torres,sofia.torres4710@example.com,Valencia,Espana,oro,2024-03-16
4711,Javier Mendoza,javier.mendoza4711@example.com,Guadalajara,Mexico,bronce,2022-10-06
4712,Sergio Fernandez,sergio.fernandez4712@example.com,Cali,Colombia,bronce,2023-07-04
4713,Ruben Silva,ruben.silva4713@example.com,Cali,Colombia,plata,2024-09-06
4714,Diego Moreno,diego.moreno4714@example.com,Quito,Ecuador,bronce,2024-05-25
4715,Ana Perez,ana.perez4715@example.com,Madrid,Espana,bronce,2024-09-30
4716,Lucia Martinez,lucia.martinez4716@example.com,Valencia,Espana,bronce,2024-04-22
4717,Ruben Garcia,ruben.garcia4717@example.com,Quito,Ecuador,oro,2022-04-10
4718,Alberto Perez,alberto.perez4718@example.com,Quito,Ecuador,oro,2022-08-11
4719,Sofia Gomez,sofia.gomez4719@example.com,Bogota,Colombia,platino,2022-07-05
4720,Carlos Rojas,carlos.rojas4720@example.com,Quito,Ecuador,bronce,2022-05-26
4721,Pablo Vargas,pablo.vargas4721@example.com,Valencia,Espana,bronce,2024-07-29
4722,Paula Torres,paula.torres4722@example.com,Madrid,Espana,oro,2024-02-12
4723,Julia Moreno,julia.moreno4723@example.com,Bogota,Colombia,bronce,2024-09-27
4724,Luis Herrera,luis.herrera4724@example.com,Ciudad de Mexico,Mexico,bronce,2022-12-17
4725,Javier Moreno,javier.moreno4725@example.com,Madrid,Espana,bronce,2024-12-08
4726,Diego Mendoza,diego.mendoza4726@example.com,Valencia,Espana,plata,2024-10-16
4727,Luis Fernandez,luis.fernandez4727@example.com,Santiago,Chile,plata,2022-04-27
4728,Ruben Silva,ruben.silva4728@example.com,Guadalajara,Mexico,bronce,2024-08-09
4729,Maria Diaz,maria.diaz4729@example.com,Guadalajara,Mexico,bronce,2022-05-02
4730,Andres Lopez,andres.lopez4730@example.com,Quito,Ecuador,plata,2023-05-10
4731,Julia Martinez,julia.martinez4731@example.com,Valencia,Espana,plata,2022-07-17
4732,Andres Rodriguez,andres.rodriguez4732@example.com,Lima,Peru,bronce,2023-09-28
4733,Sergio Navarro,sergio.navarro4733@example.com,Medellin,Colombia,bronce,2022-01-20
4734,Javier Lopez,javier.lopez4734@example.com,Quito,Ecuador,platino,2024-07-16
4735,Paula Silva,paula.silva4735@example.com,Santiago,Chile,plata,2023-06-06
4736,Sofia Herrera,sofia.herrera4736@example.com,Valencia,Espana,plata,2024-08-12
4737,Luis Diaz,luis.diaz4737@example.com,Valencia,Espana,plata,2023-04-20
4738,Miguel Ortiz,miguel.ortiz4738@example.com,Ciudad de Mexico,Mexico,platino,2023-09-02
4739,Elena Ortiz,elena.ortiz4739@example.com,Ciudad de Mexico,Mexico,bronce,2024-03-19
4740,Lucia Ortiz,lucia.ortiz4740@example.com,Valencia,Espana,bronce,2024-11-30
4741,Javier Torres,javier.torres4741@example.com,Bogota,Colombia,bronce,2023-02-14
4742,Diego Perez,diego.perez4742@example.com,Lima,Peru,oro,2023-07-25
4743,Sofia Garcia,sofia.garcia4743@example.com,Santiago,Chile,bronce,2022-12-22
4744,Elena Silva,elena.silva4744@example.com,Valencia,Espana,bronce,2022-02-15
4745,Andres Mendoza,andres.mendoza4745@example.com,Buenos Aires,Argentina,bronce,2024-08-14
4746,Elena Ramirez,elena.ramirez4746@example.com,Barcelona,Espana,plata,2023-09-09
4747,Sergio Rodriguez,sergio.rodriguez4747@example.com,Cali,Colombia,plata,2023-02-12
4748,Javier Silva,javier.silva4748@example.com,Madrid,Espana,bronce,2024-04-30
4749,Ruben Perez,ruben.perez4749@example.com,Guadalajara,Mexico,bronce,2024-06-15
4750,Miguel Ramirez,miguel.ramirez4750@example.com,Valencia,Espana,plata,2024-12-14
4751,Ana Rojas,ana.rojas4751@example.com,Valencia,Espana,bronce,2023-04-24
4752,Maria Martinez,maria.martinez4752@example.com,Valencia,Espana,plata,2022-04-26
4753,Paula Rodriguez,paula.rodriguez4753@example.com,Valencia,Espana,bronce,2023-06-16
4754,Ruben Rodriguez,ruben.rodriguez4754@example.com,Madrid,Espana,oro,2023-04-28
4755,Laura Navarro,laura.navarro4755@example.com,Ciudad de Mexico,Mexico,bronce,2022-08-16
4756,Carmen Navarro,carmen.navarro4756@example.com,Lima,Peru,plata,2023-10-05
4757,Pablo Diaz,pablo.diaz4757@example.com,Bogota,Colombia,bronce,2023-03-30
4758,Maria Diaz,maria.diaz4758@example.com,Santiago,Chile,bronce,2024-08-23
4759,Diego Diaz,diego.diaz4759@example.com,Ciudad de Mexico,Mexico,plata,2022-02-22
4760,Andres Fernandez,andres.fernandez4760@example.com,Bogota,Colombia,plata,2024-02-23
4761,Alberto Ramirez,alberto.ramirez4761@example.com,Madrid,Espana,plata,2023-10-22
4762,Paula Fernandez,paula.fernandez4762@example.com,Santiago,Chile,plata,2022-09-11
4763,Luis Castro,luis.castro4763@example.com,Madrid,Espana,plata,2023-01-21
4764,Laura Fernandez,laura.fernandez4764@example.com,Cali,Colombia,oro,2024-07-30
4765,Sofia Castro,sofia.castro4765@example.com,Madrid,Espana,bronce,2023-02-03
4766,Carlos Ortiz,carlos.ortiz4766@example.com,Santiago,Chile,oro,2023-12-29
4767,Pablo Sanchez,pablo.sanchez4767@example.com,Quito,Ecuador,bronce,2023-07-16
4768,Ana Rodriguez,ana.rodriguez4768@example.com,Bogota,Colombia,bronce,2024-09-07
4769,Maria Ramirez,maria.ramirez4769@example.com,Bogota,Colombia,plata,2023-12-25
4770,Ana Martinez,ana.martinez4770@example.com,Ciudad de Mexico,Mexico,bronce,2024-07-02
4771,Javier Sanchez,javier.sanchez4771@example.com,Ciudad de Mexico,Mexico,bronce,2024-09-16
4772,Sergio Herrera,sergio.herrera4772@example.com,Medellin,Colombia,bronce,2022-05-22
4773,Carlos Diaz,carlos.diaz4773@example.com,Medellin,Colombia,bronce,2024-07-01
4774,Alberto Ramirez,alberto.ramirez4774@example.com,Valencia,Espana,plata,2024-11-17
4775,Javier Herrera,javier.herrera4775@example.com,Bogota,Colombia,bronce,2022-02-09
4776,Ana Martinez,ana.martinez4776@example.com,Guadalajara,Mexico,bronce,2023-05-13
4777,Elena Torres,elena.torres4777@example.com,Buenos Aires,Argentina,bronce,2022-10-07
4778,Marta Garcia,marta.garcia4778@example.com,Santiago,Chile,bronce,2024-12-11
4779,Maria Torres,maria.torres4779@example.com,Ciudad de Mexico,Mexico,bronce,2023-01-21
4780,Luis Sanchez,luis.sanchez4780@example.com,Santiago,Chile,bronce,2022-07-24
4781,Paula Ortiz,paula.ortiz4781@example.com,Guadalajara,Mexico,oro,2022-04-15
4782,Pablo Perez,pablo.perez4782@example.com,Medellin,Colombia,plata,2024-05-18
4783,Elena Sanchez,elena.sanchez4783@example.com,Medellin,Colombia,bronce,2022-03-06
4784,Sergio Garcia,sergio.garcia4784@example.com,Ciudad de Mexico,Mexico,bronce,2022-11-30
4785,Paula Martinez,paula.martinez4785@example.com,Bogota,Colombia,bronce,2023-08-31
4786,Miguel Sanchez,miguel.sanchez4786@example.com,Santiago,Chile,bronce,2022-02-19
4787,Pablo Sanchez,pablo.sanchez4787@example.com,Valencia,Espana,bronce,2022-07-11
4788,Ana Moreno,ana.moreno4788@example.com,Madrid,Espana,oro,2024-12-24
4789,Elena Mendoza,elena.mendoza4789@example.com,Cali,Colombia,plata,2023-05-17
4790,Pablo Mendoza,pablo.mendoza4790@example.com,Madrid,Espana,bronce,2022-11-29
4791,Carlos Navarro,carlos.navarro4791@example.com,Valencia,Espana,bronce,2024-08-10
4792,Alberto Mendoza,alberto.mendoza4792@example.com,Medellin,Colombia,plata,2022-03-30
4793,Alberto Torres,alberto.torres4793@example.com,Madrid,Espana,oro,2022-10-17
4794,Javier Fernandez,javier.fernandez4794@example.com,Valencia,Espana,bronce,2024-07-31
4795,Miguel Castro,miguel.castro4795@example.com,Ciudad de Mexico,Mexico,oro,2024-04-04
4796,Carlos Gomez,carlos.gomez4796@example.com,Medellin,Colombia,bronce,2023-04-19
4797,Lucia Castro,lucia.castro4797@example.com,Lima,Peru,plata,2024-12-09
4798,Maria Navarro,maria.navarro4798@example.com,Barcelona,Espana,bronce,2023-09-24
4799,Miguel Lopez,miguel.lopez4799@example.com,Buenos Aires,Argentina,plata,2024-03-27
4800,Pablo Herrera,pablo.herrera4800@example.com,Guadalajara,Mexico,bronce,2024-12-14
4801,Carmen Ortiz,carmen.ortiz4801@example.com,Guadalajara,Mexico,bronce,2023-07-07
4802,Pablo Ramirez,pablo.ramirez4802@example.com,Buenos Aires,Argentina,plata,2023-06-11
4803,Laura Fernandez,laura.fernandez4803@example.com,Madrid,Espana,plata,2023-12-28
4804,Sergio Perez,sergio.perez4804@example.com,Santiago,Chile,plata,2022-03-15
4805,Andres Lopez,andres.lopez4805@example.com,Bogota,Colombia,bronce,2023-04-15
4806,Sergio Gomez,sergio.gomez4806@example.com,Guadalajara,Mexico,plata,2024-01-27
4807,Diego Moreno,diego.moreno4807@example.com,Bogota,Colombia,bronce,2023-02-20
4808,Ruben Ramirez,ruben.ramirez4808@example.com,Medellin,Colombia,plata,2024-02-18
4809,Miguel Sanchez,miguel.sanchez4809@example.com,Buenos Aires,Argentina,bronce,2023-03-18
4810,Paula Ramirez,paula.ramirez4810@example.com,Quito,Ecuador,bronce,2022-08-01
4811,Laura Silva,laura.silva4811@example.com,Lima,Peru,bronce,2022-06-10
4812,Laura Garcia,laura.garcia4812@example.com,Buenos Aires,Argentina,platino,2023-08-21
4813,Lucia Garcia,lucia.garcia4813@example.com,Ciudad de Mexico,Mexico,plata,2022-07-31
4814,Pablo Navarro,pablo.navarro4814@example.com,Ciudad de Mexico,Mexico,bronce,2023-02-09
4815,Marta Moreno,marta.moreno4815@example.com,Quito,Ecuador,plata,2023-07-24
4816,Javier Vargas,javier.vargas4816@example.com,Valencia,Espana,bronce,2022-02-24
4817,Ruben Ortiz,ruben.ortiz4817@example.com,Quito,Ecuador,bronce,2023-04-06
4818,Elena Vargas,elena.vargas4818@example.com,Guadalajara,Mexico,bronce,2022-12-08
4819,Lucia Ramirez,lucia.ramirez4819@example.com,Guadalajara,Mexico,plata,2022-12-10
4820,Julia Sanchez,julia.sanchez4820@example.com,Guadalajara,Mexico,oro,2024-09-22
4821,Lucia Silva,lucia.silva4821@example.com,Santiago,Chile,oro,2024-10-09
4822,Andres Herrera,andres.herrera4822@example.com,Buenos Aires,Argentina,bronce,2022-11-25
4823,Julia Perez,julia.perez4823@example.com,Barcelona,Espana,bronce,2024-08-22
4824,Alberto Moreno,alberto.moreno4824@example.com,Santiago,Chile,oro,2022-09-02
4825,Diego Moreno,diego.moreno4825@example.com,Buenos Aires,Argentina,bronce,2023-01-15
4826,Sofia Rodriguez,sofia.rodriguez4826@example.com,Lima,Peru,plata,2024-10-27
4827,Carlos Lopez,carlos.lopez4827@example.com,Quito,Ecuador,platino,2022-04-22
4828,Lucia Vargas,lucia.vargas4828@example.com,Quito,Ecuador,bronce,2023-02-23
4829,Julia Castro,julia.castro4829@example.com,Madrid,Espana,bronce,2024-05-31
4830,Diego Rojas,diego.rojas4830@example.com,Guadalajara,Mexico,oro,2024-10-26
4831,Elena Fernandez,elena.fernandez4831@example.com,Quito,Ecuador,plata,2024-11-04
4832,Maria Silva,maria.silva4832@example.com,Quito,Ecuador,oro,2024-08-21
4833,Miguel Diaz,miguel.diaz4833@example.com,Ciudad de Mexico,Mexico,plata,2024-11-22
4834,Laura Sanchez,laura.sanchez4834@example.com,Lima,Peru,bronce,2023-05-31
4835,Alberto Martinez,alberto.martinez4835@example.com,Lima,Peru,oro,2022-12-20
4836,Lucia Mendoza,lucia.mendoza4836@example.com,Madrid,Espana,plata,2023-02-26
4837,Maria Moreno,maria.moreno4837@example.com,Lima,Peru,oro,2022-05-13
4838,Luis Torres,luis.torres4838@example.com,Guadalajara,Mexico,bronce,2022-05-31
4839,Ruben Sanchez,ruben.sanchez4839@example.com,Ciudad de Mexico,Mexico,bronce,2024-12-02
4840,Julia Rodriguez,julia.rodriguez4840@example.com,Valencia,Espana,bronce,2022-07-28
4841,Sergio Lopez,sergio.lopez4841@example.com,Quito,Ecuador,bronce,2023-11-06
4842,Maria Martinez,maria.martinez4842@example.com,Bogota,Colombia,platino,2022-09-12
4843,Luis Ramirez,luis.ramirez4843@example.com,Cali,Colombia,platino,2023-12-29
4844,Carlos Lopez,carlos.lopez4844@example.com,Bogota,Colombia,bronce,2023-05-31
4845,Sergio Martinez,sergio.martinez4845@example.com,Quito,Ecuador,platino,2022-04-26
4846,Sergio Perez,sergio.perez4846@example.com,Cali,Colombia,bronce,2023-02-12
4847,Paula Rojas,paula.rojas4847@example.com,Barcelona,Espana,oro,2024-03-11
4848,Luis Torres,luis.torres4848@example.com,Madrid,Espana,plata,2024-05-26
4849,Carlos Lopez,carlos.lopez4849@example.com,Quito,Ecuador,plata,2022-11-14
4850,Julia Moreno,julia.moreno4850@example.com,Valencia,Espana,plata,2022-11-21
4851,Julia Torres,julia.torres4851@example.com,Santiago,Chile,plata,2024-03-09
4852,Marta Lopez,marta.lopez4852@example.com,Madrid,Espana,oro,2023-04-10
4853,Maria Rojas,maria.rojas4853@example.com,Lima,Peru,bronce,2022-03-18
4854,Luis Navarro,luis.navarro4854@example.com,Guadalajara,Mexico,oro,2022-05-15
4855,Luis Ramirez,luis.ramirez4855@example.com,Valencia,Espana,bronce,2023-02-14
4856,Andres Lopez,andres.lopez4856@example.com,Lima,Peru,bronce,2022-10-24
4857,Paula Gomez,paula.gomez4857@example.com,Bogota,Colombia,plata,2022-05-11
4858,Carmen Vargas,carmen.vargas4858@example.com,Quito,Ecuador,plata,2024-05-07
4859,Javier Navarro,javier.navarro4859@example.com,Guadalajara,Mexico,oro,2023-05-18
4860,Sergio Ortiz,sergio.ortiz4860@example.com,Cali,Colombia,bronce,2024-02-14
4861,Luis Ortiz,luis.ortiz4861@example.com,Madrid,Espana,bronce,2022-01-03
4862,Paula Silva,paula.silva4862@example.com,Bogota,Colombia,bronce,2023-03-17
4863,Ruben Vargas,ruben.vargas4863@example.com,Madrid,Espana,oro,2023-06-08
4864,Marta Castro,marta.castro4864@example.com,Lima,Peru,platino,2023-09-25
4865,Ruben Moreno,ruben.moreno4865@example.com,Barcelona,Espana,oro,2024-11-26
4866,Pablo Moreno,pablo.moreno4866@example.com,Barcelona,Espana,bronce,2023-05-17
4867,Diego Castro,diego.castro4867@example.com,Barcelona,Espana,oro,2023-06-20
4868,Elena Martinez,elena.martinez4868@example.com,Quito,Ecuador,bronce,2024-09-07
4869,Julia Mendoza,julia.mendoza4869@example.com,Quito,Ecuador,oro,2023-03-13
4870,Andres Garcia,andres.garcia4870@example.com,Buenos Aires,Argentina,plata,2023-03-09
4871,Carlos Diaz,carlos.diaz4871@example.com,Madrid,Espana,bronce,2022-06-24
4872,Alberto Diaz,alberto.diaz4872@example.com,Ciudad de Mexico,Mexico,plata,2024-03-01
4873,Luis Navarro,luis.navarro4873@example.com,Quito,Ecuador,plata,2022-01-22
4874,Pablo Rodriguez,pablo.rodriguez4874@example.com,Barcelona,Espana,bronce,2022-08-28
4875,Carlos Torres,carlos.torres4875@example.com,Santiago,Chile,bronce,2023-04-03
4876,Andres Fernandez,andres.fernandez4876@example.com,Madrid,Espana,plata,2023-04-21
4877,Sofia Rodriguez,sofia.rodriguez4877@example.com,Santiago,Chile,platino,2022-02-12
4878,Sofia Sanchez,sofia.sanchez4878@example.com,Ciudad de Mexico,Mexico,plata,2023-08-03
4879,Andres Diaz,andres.diaz4879@example.com,Lima,Peru,bronce,2024-11-30
4880,Sergio Ortiz,sergio.ortiz4880@example.com,Medellin,Colombia,plata,2022-04-25
4881,Miguel Fernandez,miguel.fernandez4881@example.com,Santiago,Chile,bronce,2023-06-25
4882,Alberto Mendoza,alberto.mendoza4882@example.com,Lima,Peru,bronce,2023-10-06
4883,Diego Moreno,diego.moreno4883@example.com,Bogota,Colombia,bronce,2022-12-21
4884,Carlos Silva,carlos.silva4884@example.com,Guadalajara,Mexico,bronce,2023-09-22
4885,Ana Mendoza,ana.mendoza4885@example.com,Cali,Colombia,bronce,2023-01-09
4886,Laura Moreno,laura.moreno4886@example.com,Cali,Colombia,bronce,2022-06-23
4887,Andres Moreno,andres.moreno4887@example.com,Santiago,Chile,bronce,2024-07-09
4888,Lucia Lopez,lucia.lopez4888@example.com,Valencia,Espana,plata,2024-12-29
4889,Elena Moreno,elena.moreno4889@example.com,Barcelona,Espana,bronce,2023-02-27
4890,Diego Garcia,diego.garcia4890@example.com,Cali,Colombia,bronce,2022-04-12
4891,Paula Moreno,paula.moreno4891@example.com,Santiago,Chile,bronce,2022-06-29
4892,Pablo Rojas,pablo.rojas4892@example.com,Barcelona,Espana,plata,2024-09-07
4893,Luis Herrera,luis.herrera4893@example.com,Medellin,Colombia,oro,2024-08-22
4894,Ana Castro,ana.castro4894@example.com,Buenos Aires,Argentina,bronce,2023-06-23
4895,Diego Fernandez,diego.fernandez4895@example.com,Cali,Colombia,plata,2024-08-12
4896,Sofia Fernandez,sofia.fernandez4896@example.com,Guadalajara,Mexico,oro,2022-09-01
4897,Ruben Vargas,ruben.vargas4897@example.com,Ciudad de Mexico,Mexico,plata,2023-03-15
4898,Pablo Torres,pablo.torres4898@example.com,Santiago,Chile,bronce,2022-05-04
4899,Sergio Gomez,sergio.gomez4899@example.com,Lima,Peru,bronce,2023-08-20
4900,Pablo Torres,pablo.torres4900@example.com,Cali,Colombia,bronce,2024-02-05
4901,Elena Ramirez,elena.ramirez4901@example.com,Cali,Colombia,bronce,2024-11-18
4902,Andres Sanchez,andres.sanchez4902@example.com,Bogota,Colombia,bronce,2024-04-06
4903,Carmen Castro,carmen.castro4903@example.com,Cali,Colombia,platino,2023-12-30
4904,Marta Gomez,marta.gomez4904@example.com,Lima,Peru,bronce,2024-01-08
4905,Carlos Perez,carlos.perez4905@example.com,Ciudad de Mexico,Mexico,bronce,2023-11-20
4906,Carmen Diaz,carmen.diaz4906@example.com,Buenos Aires,Argentina,platino,2023-04-05
4907,Javier Martinez,javier.martinez4907@example.com,Cali,Colombia,plata,2023-07-02
4908,Sergio Castro,sergio.castro4908@example.com,Buenos Aires,Argentina,bronce,2022-07-08
4909,Sergio Moreno,sergio.moreno4909@example.com,Buenos Aires,Argentina,platino,2022-01-22
4910,Carmen Navarro,carmen.navarro4910@example.com,Ciudad de Mexico,Mexico,bronce,2024-05-14
4911,Julia Perez,julia.perez4911@example.com,Quito,Ecuador,bronce,2023-06-28
4912,Lucia Ramirez,lucia.ramirez4912@example.com,Lima,Peru,bronce,2024-08-11
4913,Ana Ramirez,ana.ramirez4913@example.com,Barcelona,Espana,bronce,2022-05-14
4914,Carmen Moreno,carmen.moreno4914@example.com,Valencia,Espana,oro,2023-03-06
4915,Sergio Castro,sergio.castro4915@example.com,Quito,Ecuador,bronce,2022-10-09
4916,Maria Silva,maria.silva4916@example.com,Medellin,Colombia,oro,2024-07-10
4917,Maria Mendoza,maria.mendoza4917@example.com,Bogota,Colombia,bronce,2023-02-17
4918,Javier Martinez,javier.martinez4918@example.com,Santiago,Chile,oro,2023-11-27
4919,Paula Fernandez,paula.fernandez4919@example.com,Guadalajara,Mexico,bronce,2022-04-03
4920,Lucia Rojas,lucia.rojas4920@example.com,Barcelona,Espana,oro,2023-08-01
4921,Alberto Ramirez,alberto.ramirez4921@example.com,Barcelona,Espana,bronce,2023-04-29
4922,Ruben Torres,ruben.torres4922@example.com,Santiago,Chile,oro,2023-10-31
4923,Pablo Lopez,pablo.lopez4923@example.com,Santiago,Chile,oro,2023-10-03
4924,Andres Vargas,andres.vargas4924@example.com,Medellin,Colombia,plata,2022-04-28
4925,Elena Moreno,elena.moreno4925@example.com,Lima,Peru,bronce,2022-02-24
4926,Luis Garcia,luis.garcia4926@example.com,Barcelona,Espana,plata,2022-05-18
4927,Miguel Vargas,miguel.vargas4927@example.com,Lima,Peru,plata,2022-08-27
4928,Pablo Ortiz,pablo.ortiz4928@example.com,Madrid,Espana,plata,2024-03-06
4929,Carlos Vargas,carlos.vargas4929@example.com,Guadalajara,Mexico,plata,2022-10-22
4930,Laura Navarro,laura.navarro4930@example.com,Lima,Peru,platino,2024-11-28
4931,Ana Fernandez,ana.fernandez4931@example.com,Guadalajara,Mexico,platino,2022-04-05
4932,Marta Garcia,marta.garcia4932@example.com,Santiago,Chile,bronce,2023-07-11
4933,Ruben Rojas,ruben.rojas4933@example.com,Medellin,Colombia,bronce,2024-02-23
4934,Paula Sanchez,paula.sanchez4934@example.com,Bogota,Colombia,bronce,2022-03-01
4935,Miguel Garcia,miguel.garcia4935@example.com,Bogota,Colombia,plata,2023-07-17
4936,Pablo Lopez,pablo.lopez4936@example.com,Barcelona,Espana,platino,2022-03-16
4937,Alberto Ortiz,alberto.ortiz4937@example.com,Bogota,Colombia,bronce,2024-05-14
4938,Pablo Herrera,pablo.herrera4938@example.com,Valencia,Espana,bronce,2023-05-27
4939,Javier Perez,javier.perez4939@example.com,Santiago,Chile,bronce,2024-08-04
4940,Elena Vargas,elena.vargas4940@example.com,Valencia,Espana,bronce,2023-12-22
4941,Marta Gomez,marta.gomez4941@example.com,Barcelona,Espana,platino,2022-12-13
4942,Sofia Lopez,sofia.lopez4942@example.com,Buenos Aires,Argentina,plata,2022-06-19
4943,Paula Navarro,paula.navarro4943@example.com,Ciudad de Mexico,Mexico,bronce,2022-06-23
4944,Ruben Silva,ruben.silva4944@example.com,Valencia,Espana,bronce,2022-02-06
4945,Ana Fernandez,ana.fernandez4945@example.com,Buenos Aires,Argentina,bronce,2022-11-25
4946,Marta Fernandez,marta.fernandez4946@example.com,Valencia,Espana,plata,2024-03-09
4947,Miguel Silva,miguel.silva4947@example.com,Santiago,Chile,plata,2023-01-24
4948,Lucia Torres,lucia.torres4948@example.com,Madrid,Espana,bronce,2022-06-10
4949,Javier Fernandez,javier.fernandez4949@example.com,Guadalajara,Mexico,bronce,2022-03-29
4950,Miguel Fernandez,miguel.fernandez4950@example.com,Guadalajara,Mexico,oro,2023-04-25
4951,Elena Diaz,elena.diaz4951@example.com,Medellin,Colombia,oro,2022-08-18
4952,Luis Ramirez,luis.ramirez4952@example.com,Buenos Aires,Argentina,plata,2024-03-14
4953,Sergio Garcia,sergio.garcia4953@example.com,Medellin,Colombia,bronce,2023-01-04
4954,Maria Torres,maria.torres4954@example.com,Guadalajara,Mexico,platino,2022-05-18
4955,Miguel Diaz,miguel.diaz4955@example.com,Valencia,Espana,plata,2022-10-26
4956,Carlos Perez,carlos.perez4956@example.com,Ciudad de Mexico,Mexico,platino,2023-04-30
4957,Carlos Fernandez,carlos.fernandez4957@example.com,Santiago,Chile,bronce,2022-02-11
4958,Miguel Diaz,miguel.diaz4958@example.com,Quito,Ecuador,bronce,2022-05-03
4959,Julia Fernandez,julia.fernandez4959@example.com,Medellin,Colombia,bronce,2024-11-18
4960,Julia Ortiz,julia.ortiz4960@example.com,Cali,Colombia,oro,2023-01-16
4961,Miguel Ramirez,miguel.ramirez4961@example.com,Cali,Colombia,plata,2024-03-30
4962,Lucia Ramirez,lucia.ramirez4962@example.com,Lima,Peru,bronce,2024-09-26
4963,Alberto Perez,alberto.perez4963@example.com,Quito,Ecuador,platino,2022-05-05
4964,Laura Ortiz,laura.ortiz4964@example.com,Guadalajara,Mexico,platino,2024-01-22
4965,Julia Garcia,julia.garcia4965@example.com,Santiago,Chile,bronce,2024-07-01
4966,Maria Vargas,maria.vargas4966@example.com,Barcelona,Espana,plata,2022-01-26
4967,Laura Lopez,laura.lopez4967@example.com,Santiago,Chile,plata,2022-12-07
4968,Elena Herrera,elena.herrera4968@example.com,Santiago,Chile,bronce,2022-05-28
4969,Ana Fernandez,ana.fernandez4969@example.com,Buenos Aires,Argentina,plata,2022-02-04
4970,Paula Perez,paula.perez4970@example.com,Guadalajara,Mexico,bronce,2022-11-18
4971,Ruben Rodriguez,ruben.rodriguez4971@example.com,Lima,Peru,oro,2022-07-20
4972,Miguel Herrera,miguel.herrera4972@example.com,Guadalajara,Mexico,oro,2024-09-07
4973,Paula Fernandez,paula.fernandez4973@example.com,Lima,Peru,oro,2022-09-17
4974,Sergio Perez,sergio.perez4974@example.com,Valencia,Espana,plata,2024-03-29
4975,Paula Silva,paula.silva4975@example.com,Guadalajara,Mexico,bronce,2022-02-26
4976,Paula Garcia,paula.garcia4976@example.com,Cali,Colombia,bronce,2023-11-08
4977,Pablo Torres,pablo.torres4977@example.com,Lima,Peru,plata,2024-01-31
4978,Maria Lopez,maria.lopez4978@example.com,Lima,Peru,bronce,2022-06-17
4979,Julia Martinez,julia.martinez4979@example.com,Lima,Peru,plata,2023-04-18
4980,Carmen Garcia,carmen.garcia4980@example.com,Valencia,Espana,bronce,2024-10-14
4981,Julia Lopez,julia.lopez4981@example.com,Cali,Colombia,bronce,2023-11-04
4982,Alberto Ortiz,alberto.ortiz4982@example.com,Madrid,Espana,bronce,2024-06-03
4983,Carlos Diaz,carlos.diaz4983@example.com,Quito,Ecuador,plata,2023-04-11
4984,Sofia Navarro,sofia.navarro4984@example.com,Bogota,Colombia,bronce,2022-09-20
4985,Carlos Perez,carlos.perez4985@example.com,Guadalajara,Mexico,plata,2023-05-30
4986,Luis Herrera,luis.herrera4986@example.com,Cali,Colombia,bronce,2023-03-19
4987,Alberto Rodriguez,alberto.rodriguez4987@example.com,Lima,Peru,plata,2024-12-12
4988,Julia Martinez,julia.martinez4988@example.com,Santiago,Chile,plata,2023-04-15
4989,Julia Garcia,julia.garcia4989@example.com,Santiago,Chile,plata,2023-11-18
4990,Ruben Mendoza,ruben.mendoza4990@example.com,Guadalajara,Mexico,bronce,2023-10-06
4991,Carmen Rojas,carmen.rojas4991@example.com,Barcelona,Espana,bronce,2023-02-11
4992,Lucia Moreno,lucia.moreno4992@example.com,Quito,Ecuador,bronce,2023-02-15
4993,Alberto Ortiz,alberto.ortiz4993@example.com,Madrid,Espana,plata,2024-07-13
4994,Pablo Gomez,pablo.gomez4994@example.com,Cali,Colombia,bronce,2022-08-18
4995,Carmen Moreno,carmen.moreno4995@example.com,Medellin,Colombia,oro,2023-04-01
4996,Laura Ramirez,laura.ramirez4996@example.com,Medellin,Colombia,oro,2024-01-01
4997,Marta Ramirez,marta.ramirez4997@example.com,Quito,Ecuador,bronce,2022-03-03
4998,Paula Rojas,paula.rojas4998@example.com,Valencia,Espana,oro,2024-01-12
4999,Andres Torres,andres.torres4999@example.com,Ciudad de Mexico,Mexico,plata,2024-06-30
5000,Diego Garcia,diego.garcia5000@example.com,Valencia,Espana,bronce,2023-04-30
5001,Carlos Rodriguez,carlos.rodriguez5001@example.com,Lima,Peru,plata,2023-10-01
5002,Ana Ramirez,ana.ramirez5002@example.com,Buenos Aires,Argentina,platino,2023-06-17
5003,Carmen Vargas,carmen.vargas5003@example.com,Medellin,Colombia,bronce,2023-12-31
5004,Andres Moreno,andres.moreno5004@example.com,Madrid,Espana,bronce,2022-02-25
5005,Sergio Vargas,sergio.vargas5005@example.com,Barcelona,Espana,plata,2023-11-08
5006,Alberto Lopez,alberto.lopez5006@example.com,Valencia,Espana,bronce,2023-05-15
5007,Diego Fernandez,diego.fernandez5007@example.com,Medellin,Colombia,plata,2022-02-09
5008,Paula Diaz,paula.diaz5008@example.com,Lima,Peru,plata,2024-05-26
5009,Marta Navarro,marta.navarro5009@example.com,Barcelona,Espana,plata,2022-06-16
5010,Javier Ramirez,javier.ramirez5010@example.com,Ciudad de Mexico,Mexico,bronce,2023-10-10
5011,Paula Castro,paula.castro5011@example.com,Medellin,Colombia,bronce,2024-07-20
5012,Luis Moreno,luis.moreno5012@example.com,Madrid,Espana,oro,2024-10-05
5013,Pablo Fernandez,pablo.fernandez5013@example.com,Guadalajara,Mexico,bronce,2023-11-19
5014,Julia Navarro,julia.navarro5014@example.com,Buenos Aires,Argentina,bronce,2024-02-24
5015,Andres Rojas,andres.rojas5015@example.com,Quito,Ecuador,bronce,2023-10-03
5016,Julia Silva,julia.silva5016@example.com,Ciudad de Mexico,Mexico,bronce,2024-05-01
5017,Luis Moreno,luis.moreno5017@example.com,Bogota,Colombia,bronce,2024-12-04
5018,Lucia Castro,lucia.castro5018@example.com,Lima,Peru,bronce,2023-05-17
5019,Sergio Garcia,sergio.garcia5019@example.com,Valencia,Espana,plata,2023-03-29
5020,Carmen Vargas,carmen.vargas5020@example.com,Buenos Aires,Argentina,plata,2022-07-09
5021,Ruben Martinez,ruben.martinez5021@example.com,Quito,Ecuador,oro,2024-12-08
5022,Diego Castro,diego.castro5022@example.com,Madrid,Espana,oro,2024-09-25
5023,Andres Moreno,andres.moreno5023@example.com,Quito,Ecuador,bronce,2024-02-13
5024,Sofia Ramirez,sofia.ramirez5024@example.com,Valencia,Espana,bronce,2023-12-23
5025,Ruben Gomez,ruben.gomez5025@example.com,Cali,Colombia,oro,2022-08-13
5026,Maria Rodriguez,maria.rodriguez5026@example.com,Bogota,Colombia,bronce,2024-09-22
5027,Javier Rojas,javier.rojas5027@example.com,Barcelona,Espana,bronce,2022-03-05
5028,Luis Rojas,luis.rojas5028@example.com,Buenos Aires,Argentina,bronce,2023-11-08
5029,Marta Torres,marta.torres5029@example.com,Cali,Colombia,plata,2022-10-05
5030,Laura Moreno,laura.moreno5030@example.com,Ciudad de Mexico,Mexico,bronce,2023-05-13
5031,Elena Herrera,elena.herrera5031@example.com,Cali,Colombia,bronce,2022-04-15
5032,Paula Ramirez,paula.ramirez5032@example.com,Buenos Aires,Argentina,bronce,2022-05-28
5033,Miguel Garcia,miguel.garcia5033@example.com,Quito,Ecuador,plata,2023-02-17
5034,Maria Mendoza,maria.mendoza5034@example.com,Ciudad de Mexico,Mexico,bronce,2023-03-12
5035,Ana Torres,ana.torres5035@example.com,Barcelona,Espana,plata,2024-08-23
5036,Laura Rojas,laura.rojas5036@example.com,Bogota,Colombia,bronce,2023-10-17
5037,Julia Ortiz,julia.ortiz5037@example.com,Cali,Colombia,bronce,2022-02-04
5038,Lucia Fernandez,lucia.fernandez5038@example.com,Barcelona,Espana,bronce,2024-10-16
5039,Alberto Castro,alberto.castro5039@example.com,Valencia,Espana,bronce,2023-10-31
5040,Laura Garcia,laura.garcia5040@example.com,Valencia,Espana,bronce,2024-06-27
5041,Miguel Mendoza,miguel.mendoza5041@example.com,Quito,Ecuador,oro,2024-10-08
5042,Carlos Rodriguez,carlos.rodriguez5042@example.com,Medellin,Colombia,bronce,2023-07-16
5043,Miguel Ramirez,miguel.ramirez5043@example.com,Lima,Peru,platino,2022-07-16
5044,Pablo Fernandez,pablo.fernandez5044@example.com,Ciudad de Mexico,Mexico,bronce,2023-05-06
5045,Paula Garcia,paula.garcia5045@example.com,Ciudad de Mexico,Mexico,bronce,2024-01-22
5046,Miguel Torres,miguel.torres5046@example.com,Quito,Ecuador,plata,2022-02-06
5047,Sergio Ortiz,sergio.ortiz5047@example.com,Buenos Aires,Argentina,oro,2024-11-01
5048,Carmen Lopez,carmen.lopez5048@example.com,Valencia,Espana,bronce,2023-01-20
5049,Javier Perez,javier.perez5049@example.com,Bogota,Colombia,bronce,2023-12-24
5050,Julia Lopez,julia.lopez5050@example.com,Guadalajara,Mexico,plata,2024-12-10
5051,Sofia Martinez,sofia.martinez5051@example.com,Madrid,Espana,bronce,2024-08-05
5052,Carlos Sanchez,carlos.sanchez5052@example.com,Barcelona,Espana,plata,2024-03-22
5053,Alberto Vargas,alberto.vargas5053@example.com,Madrid,Espana,oro,2022-11-24
5054,Julia Herrera,julia.herrera5054@example.com,Buenos Aires,Argentina,bronce,2023-07-29
5055,Ana Rojas,ana.rojas5055@example.com,Cali,Colombia,oro,2023-07-04
5056,Julia Herrera,julia.herrera5056@example.com,Madrid,Espana,bronce,2024-08-02
5057,Julia Moreno,julia.moreno5057@example.com,Buenos Aires,Argentina,oro,2022-02-13
5058,Paula Fernandez,paula.fernandez5058@example.com,Guadalajara,Mexico,platino,2022-01-26
5059,Javier Ortiz,javier.ortiz5059@example.com,Buenos Aires,Argentina,plata,2022-05-10
5060,Carmen Lopez,carmen.lopez5060@example.com,Barcelona,Espana,platino,2024-11-14
5061,Lucia Rojas,lucia.rojas5061@example.com,Lima,Peru,oro,2023-08-15
5062,Carmen Martinez,carmen.martinez5062@example.com,Valencia,Espana,bronce,2024-02-06
5063,Carmen Herrera,carmen.herrera5063@example.com,Ciudad de Mexico,Mexico,bronce,2022-04-14
5064,Carmen Rodriguez,carmen.rodriguez5064@example.com,Ciudad de Mexico,Mexico,bronce,2022-01-15
5065,Lucia Sanchez,lucia.sanchez5065@example.com,Valencia,Espana,bronce,2023-12-14
5066,Andres Fernandez,andres.fernandez5066@example.com,Medellin,Colombia,plata,2024-02-12
5067,Lucia Rojas,lucia.rojas5067@example.com,Madrid,Espana,bronce,2023-04-13
5068,Ana Garcia,ana.garcia5068@example.com,Cali,Colombia,plata,2022-04-02
5069,Ana Perez,ana.perez5069@example.com,Buenos Aires,Argentina,bronce,2023-06-21
5070,Alberto Gomez,alberto.gomez5070@example.com,Bogota,Colombia,bronce,2023-12-02
5071,Julia Moreno,julia.moreno5071@example.com,Ciudad de Mexico,Mexico,bronce,2022-08-22
5072,Pablo Navarro,pablo.navarro5072@example.com,Quito,Ecuador,platino,2022-11-26
5073,Carlos Castro,carlos.castro5073@example.com,Valencia,Espana,bronce,2024-03-28
5074,Sergio Ramirez,sergio.ramirez5074@example.com,Bogota,Colombia,bronce,2022-08-21
5075,Maria Gomez,maria.gomez5075@example.com,Barcelona,Espana,bronce,2022-04-19
5076,Miguel Silva,miguel.silva5076@example.com,Ciudad de Mexico,Mexico,platino,2023-11-19
5077,Elena Martinez,elena.martinez5077@example.com,Valencia,Espana,bronce,2022-01-26
5078,Ana Martinez,ana.martinez5078@example.com,Lima,Peru,plata,2023-04-21
5079,Paula Sanchez,paula.sanchez5079@example.com,Bogota,Colombia,bronce,2023-09-16
5080,Lucia Perez,lucia.perez5080@example.com,Guadalajara,Mexico,bronce,2022-03-12
5081,Elena Torres,elena.torres5081@example.com,Valencia,Espana,plata,2023-12-17
5082,Lucia Ortiz,lucia.ortiz5082@example.com,Bogota,Colombia,plata,2024-06-19
5083,Ana Rojas,ana.rojas5083@example.com,Valencia,Espana,plata,2024-12-02
5084,Sofia Fernandez,sofia.fernandez5084@example.com,Ciudad de Mexico,Mexico,bronce,2022-10-19
5085,Lucia Sanchez,lucia.sanchez5085@example.com,Madrid,Espana,platino,2022-12-25
5086,Elena Castro,elena.castro5086@example.com,Madrid,Espana,plata,2023-11-08
5087,Paula Perez,paula.perez5087@example.com,Ciudad de Mexico,Mexico,platino,2023-10-19
5088,Laura Navarro,laura.navarro5088@example.com,Ciudad de Mexico,Mexico,bronce,2023-10-30
5089,Maria Torres,maria.torres5089@example.com,Bogota,Colombia,bronce,2022-12-11
5090,Lucia Vargas,lucia.vargas5090@example.com,Cali,Colombia,bronce,2022-03-03
5091,Ruben Ortiz,ruben.ortiz5091@example.com,Medellin,Colombia,plata,2022-01-28
5092,Miguel Gomez,miguel.gomez5092@example.com,Santiago,Chile,plata,2024-12-28
5093,Ana Torres,ana.torres5093@example.com,Cali,Colombia,bronce,2023-03-21
5094,Alberto Ramirez,alberto.ramirez5094@example.com,Lima,Peru,bronce,2023-05-06
5095,Sofia Perez,sofia.perez5095@example.com,Valencia,Espana,bronce,2023-11-17
5096,Carlos Rodriguez,carlos.rodriguez5096@example.com,Valencia,Espana,bronce,2022-08-13
5097,Carmen Perez,carmen.perez5097@example.com,Medellin,Colombia,oro,2023-02-23
5098,Elena Martinez,elena.martinez5098@example.com,Madrid,Espana,bronce,2023-04-24
5099,Julia Rojas,julia.rojas5099@example.com,Buenos Aires,Argentina,bronce,2022-04-14
5100,Javier Garcia,javier.garcia5100@example.com,Medellin,Colombia,bronce,2023-10-23
5101,Pablo Gomez,pablo.gomez5101@example.com,Medellin,Colombia,bronce,2022-08-01
5102,Lucia Mendoza,lucia.mendoza5102@example.com,Ciudad de Mexico,Mexico,platino,2022-01-04
5103,Laura Vargas,laura.vargas5103@example.com,Madrid,Espana,bronce,2023-11-11
5104,Diego Rojas,diego.rojas5104@example.com,Medellin,Colombia,oro,2022-11-25
5105,Maria Rojas,maria.rojas5105@example.com,Quito,Ecuador,plata,2024-02-26
5106,Carmen Perez,carmen.perez5106@example.com,Guadalajara,Mexico,plata,2023-08-11
5107,Sergio Castro,sergio.castro5107@example.com,Ciudad de Mexico,Mexico,bronce,2022-02-01
5108,Alberto Sanchez,alberto.sanchez5108@example.com,Ciudad de Mexico,Mexico,plata,2024-01-31
5109,Elena Castro,elena.castro5109@example.com,Cali,Colombia,plata,2022-02-14
5110,Javier Rojas,javier.rojas5110@example.com,Quito,Ecuador,bronce,2022-12-10
5111,Lucia Mendoza,lucia.mendoza5111@example.com,Quito,Ecuador,oro,2024-01-22
5112,Andres Ortiz,andres.ortiz5112@example.com,Medellin,Colombia,bronce,2023-03-19
5113,Alberto Garcia,alberto.garcia5113@example.com,Quito,Ecuador,bronce,2023-02-26
5114,Ana Perez,ana.perez5114@example.com,Madrid,Espana,bronce,2022-08-31
5115,Laura Ramirez,laura.ramirez5115@example.com,Bogota,Colombia,plata,2023-05-02
5116,Javier Gomez,javier.gomez5116@example.com,Bogota,Colombia,bronce,2022-11-17
5117,Javier Castro,javier.castro5117@example.com,Buenos Aires,Argentina,bronce,2024-11-02
5118,Diego Mendoza,diego.mendoza5118@example.com,Guadalajara,Mexico,bronce,2024-01-23
5119,Ruben Perez,ruben.perez5119@example.com,Cali,Colombia,bronce,2024-09-22
5120,Ana Mendoza,ana.mendoza5120@example.com,Bogota,Colombia,bronce,2023-01-05
5121,Paula Mendoza,paula.mendoza5121@example.com,Ciudad de Mexico,Mexico,oro,2024-11-06
5122,Carmen Ortiz,carmen.ortiz5122@example.com,Bogota,Colombia,bronce,2022-11-03
5123,Carmen Rodriguez,carmen.rodriguez5123@example.com,Cali,Colombia,platino,2022-12-05
5124,Andres Perez,andres.perez5124@example.com,Medellin,Colombia,plata,2022-11-23
5125,Maria Martinez,maria.martinez5125@example.com,Lima,Peru,plata,2023-10-08
5126,Marta Martinez,marta.martinez5126@example.com,Buenos Aires,Argentina,oro,2023-11-02
5127,Laura Rodriguez,laura.rodriguez5127@example.com,Valencia,Espana,bronce,2022-03-13
5128,Lucia Diaz,lucia.diaz5128@example.com,Quito,Ecuador,plata,2023-09-07
5129,Andres Rodriguez,andres.rodriguez5129@example.com,Guadalajara,Mexico,bronce,2024-11-09
5130,Carmen Perez,carmen.perez5130@example.com,Medellin,Colombia,bronce,2023-03-22
5131,Elena Navarro,elena.navarro5131@example.com,Ciudad de Mexico,Mexico,bronce,2024-02-06
5132,Miguel Mendoza,miguel.mendoza5132@example.com,Valencia,Espana,plata,2023-11-24
5133,Diego Ortiz,diego.ortiz5133@example.com,Madrid,Espana,oro,2024-12-09
5134,Ana Garcia,ana.garcia5134@example.com,Cali,Colombia,bronce,2023-12-05
5135,Marta Rojas,marta.rojas5135@example.com,Santiago,Chile,plata,2023-05-31
5136,Luis Castro,luis.castro5136@example.com,Medellin,Colombia,bronce,2022-01-15
5137,Diego Martinez,diego.martinez5137@example.com,Medellin,Colombia,bronce,2024-05-30
5138,Andres Ortiz,andres.ortiz5138@example.com,Quito,Ecuador,bronce,2023-01-07
5139,Luis Diaz,luis.diaz5139@example.com,Quito,Ecuador,plata,2024-10-09
5140,Alberto Navarro,alberto.navarro5140@example.com,Cali,Colombia,bronce,2022-09-25
5141,Miguel Martinez,miguel.martinez5141@example.com,Madrid,Espana,bronce,2023-04-24
5142,Ana Rojas,ana.rojas5142@example.com,Buenos Aires,Argentina,bronce,2024-06-26
5143,Andres Martinez,andres.martinez5143@example.com,Buenos Aires,Argentina,plata,2022-06-16
5144,Pablo Ortiz,pablo.ortiz5144@example.com,Lima,Peru,oro,2022-10-29
5145,Carmen Castro,carmen.castro5145@example.com,Quito,Ecuador,bronce,2024-05-17
5146,Sergio Rodriguez,sergio.rodriguez5146@example.com,Guadalajara,Mexico,plata,2022-12-14
5147,Diego Sanchez,diego.sanchez5147@example.com,Barcelona,Espana,plata,2024-11-14
5148,Paula Fernandez,paula.fernandez5148@example.com,Valencia,Espana,bronce,2023-08-12
5149,Miguel Garcia,miguel.garcia5149@example.com,Buenos Aires,Argentina,bronce,2024-06-22
5150,Lucia Garcia,lucia.garcia5150@example.com,Guadalajara,Mexico,oro,2023-08-23
5151,Carlos Ortiz,carlos.ortiz5151@example.com,Cali,Colombia,bronce,2022-02-19
5152,Carmen Navarro,carmen.navarro5152@example.com,Medellin,Colombia,bronce,2024-06-07
5153,Javier Ramirez,javier.ramirez5153@example.com,Buenos Aires,Argentina,oro,2023-04-05
5154,Andres Ortiz,andres.ortiz5154@example.com,Cali,Colombia,oro,2023-03-01
5155,Paula Rojas,paula.rojas5155@example.com,Barcelona,Espana,plata,2024-03-17
5156,Ruben Garcia,ruben.garcia5156@example.com,Quito,Ecuador,oro,2022-11-04
5157,Julia Moreno,julia.moreno5157@example.com,Medellin,Colombia,bronce,2023-04-14
5158,Maria Garcia,maria.garcia5158@example.com,Bogota,Colombia,plata,2023-10-29
5159,Maria Silva,maria.silva5159@example.com,Madrid,Espana,bronce,2023-10-12
5160,Julia Fernandez,julia.fernandez5160@example.com,Cali,Colombia,oro,2024-03-08
5161,Miguel Martinez,miguel.martinez5161@example.com,Quito,Ecuador,bronce,2022-04-01
5162,Ana Perez,ana.perez5162@example.com,Barcelona,Espana,bronce,2024-12-22
5163,Javier Rojas,javier.rojas5163@example.com,Valencia,Espana,bronce,2023-10-28
5164,Paula Silva,paula.silva5164@example.com,Valencia,Espana,plata,2023-11-09
5165,Miguel Vargas,miguel.vargas5165@example.com,Barcelona,Espana,bronce,2024-08-24
5166,Luis Lopez,luis.lopez5166@example.com,Guadalajara,Mexico,plata,2023-06-22
5167,Marta Ortiz,marta.ortiz5167@example.com,Bogota,Colombia,bronce,2022-02-03
5168,Carlos Herrera,carlos.herrera5168@example.com,Santiago,Chile,bronce,2022-05-26
5169,Miguel Diaz,miguel.diaz5169@example.com,Medellin,Colombia,plata,2024-11-03
5170,Ana Vargas,ana.vargas5170@example.com,Guadalajara,Mexico,bronce,2024-12-16
5171,Carmen Navarro,carmen.navarro5171@example.com,Barcelona,Espana,plata,2022-04-02
5172,Sofia Fernandez,sofia.fernandez5172@example.com,Bogota,Colombia,platino,2024-01-21
5173,Ruben Garcia,ruben.garcia5173@example.com,Medellin,Colombia,plata,2023-12-25
5174,Elena Martinez,elena.martinez5174@example.com,Madrid,Espana,bronce,2022-06-30
5175,Laura Castro,laura.castro5175@example.com,Cali,Colombia,bronce,2024-05-12
5176,Carlos Navarro,carlos.navarro5176@example.com,Cali,Colombia,oro,2023-05-19
5177,Laura Moreno,laura.moreno5177@example.com,Medellin,Colombia,plata,2022-09-10
5178,Diego Castro,diego.castro5178@example.com,Ciudad de Mexico,Mexico,oro,2023-09-06
5179,Luis Gomez,luis.gomez5179@example.com,Santiago,Chile,bronce,2024-09-18
5180,Sofia Diaz,sofia.diaz5180@example.com,Santiago,Chile,plata,2022-08-26
5181,Ruben Garcia,ruben.garcia5181@example.com,Madrid,Espana,bronce,2023-11-09
5182,Sergio Fernandez,sergio.fernandez5182@example.com,Guadalajara,Mexico,plata,2024-03-13
5183,Carmen Castro,carmen.castro5183@example.com,Lima,Peru,oro,2023-11-16
5184,Ruben Ortiz,ruben.ortiz5184@example.com,Lima,Peru,oro,2023-12-14
5185,Sergio Ortiz,sergio.ortiz5185@example.com,Bogota,Colombia,bronce,2024-03-05
5186,Andres Silva,andres.silva5186@example.com,Santiago,Chile,oro,2022-09-13
5187,Ruben Garcia,ruben.garcia5187@example.com,Santiago,Chile,bronce,2022-04-22
5188,Maria Silva,maria.silva5188@example.com,Medellin,Colombia,bronce,2024-12-19
5189,Paula Sanchez,paula.sanchez5189@example.com,Lima,Peru,plata,2022-12-16
5190,Javier Castro,javier.castro5190@example.com,Guadalajara,Mexico,bronce,2024-11-04
5191,Marta Ortiz,marta.ortiz5191@example.com,Santiago,Chile,bronce,2022-10-21
5192,Julia Mendoza,julia.mendoza5192@example.com,Buenos Aires,Argentina,plata,2022-10-18
5193,Diego Rojas,diego.rojas5193@example.com,Santiago,Chile,plata,2022-01-28
5194,Luis Perez,luis.perez5194@example.com,Quito,Ecuador,plata,2023-04-29
5195,Miguel Ramirez,miguel.ramirez5195@example.com,Lima,Peru,bronce,2024-10-31
5196,Sofia Moreno,sofia.moreno5196@example.com,Cali,Colombia,plata,2024-09-06
5197,Julia Ramirez,julia.ramirez5197@example.com,Ciudad de Mexico,Mexico,bronce,2022-11-30
5198,Julia Diaz,julia.diaz5198@example.com,Guadalajara,Mexico,bronce,2023-03-21
5199,Pablo Diaz,pablo.diaz5199@example.com,Lima,Peru,bronce,2024-01-04
5200,Alberto Vargas,alberto.vargas5200@example.com,Medellin,Colombia,plata,2024-11-11
5201,Sofia Garcia,sofia.garcia5201@example.com,Bogota,Colombia,bronce,2023-10-24
5202,Sofia Navarro,sofia.navarro5202@example.com,Buenos Aires,Argentina,bronce,2022-08-08
5203,Paula Martinez,paula.martinez5203@example.com,Quito,Ecuador,oro,2023-01-26
5204,Andres Navarro,andres.navarro5204@example.com,Lima,Peru,oro,2024-03-03
5205,Lucia Garcia,lucia.garcia5205@example.com,Barcelona,Espana,plata,2022-01-26
5206,Diego Ramirez,diego.ramirez5206@example.com,Quito,Ecuador,plata,2023-10-19
5207,Marta Diaz,marta.diaz5207@example.com,Santiago,Chile,platino,2024-04-22
5208,Sergio Vargas,sergio.vargas5208@example.com,Barcelona,Espana,plata,2023-01-15
5209,Diego Diaz,diego.diaz5209@example.com,Madrid,Espana,bronce,2023-08-14
5210,Ana Mendoza,ana.mendoza5210@example.com,Valencia,Espana,plata,2024-02-25
5211,Maria Garcia,maria.garcia5211@example.com,Quito,Ecuador,oro,2023-10-14
5212,Maria Navarro,maria.navarro5212@example.com,Santiago,Chile,plata,2022-01-27
5213,Diego Rojas,diego.rojas5213@example.com,Ciudad de Mexico,Mexico,bronce,2023-10-04
5214,Carmen Herrera,carmen.herrera5214@example.com,Guadalajara,Mexico,oro,2022-09-10
5215,Paula Martinez,paula.martinez5215@example.com,Medellin,Colombia,plata,2024-03-21
5216,Laura Rodriguez,laura.rodriguez5216@example.com,Lima,Peru,bronce,2022-10-14
5217,Sergio Fernandez,sergio.fernandez5217@example.com,Barcelona,Espana,platino,2024-12-07
5218,Andres Gomez,andres.gomez5218@example.com,Bogota,Colombia,plata,2022-05-09
5219,Luis Herrera,luis.herrera5219@example.com,Valencia,Espana,oro,2024-09-02
5220,Miguel Mendoza,miguel.mendoza5220@example.com,Lima,Peru,oro,2022-02-07
5221,Elena Diaz,elena.diaz5221@example.com,Ciudad de Mexico,Mexico,bronce,2024-01-18
5222,Ruben Herrera,ruben.herrera5222@example.com,Buenos Aires,Argentina,plata,2023-01-22
5223,Julia Rodriguez,julia.rodriguez5223@example.com,Quito,Ecuador,bronce,2022-08-02
5224,Paula Moreno,paula.moreno5224@example.com,Valencia,Espana,oro,2022-08-28
5225,Lucia Rodriguez,lucia.rodriguez5225@example.com,Quito,Ecuador,oro,2022-02-12
5226,Diego Rojas,diego.rojas5226@example.com,Barcelona,Espana,oro,2022-05-26
5227,Elena Fernandez,elena.fernandez5227@example.com,Santiago,Chile,plata,2023-03-06
5228,Sergio Diaz,sergio.diaz5228@example.com,Buenos Aires,Argentina,plata,2022-06-22
5229,Luis Perez,luis.perez5229@example.com,Santiago,Chile,bronce,2024-11-26
5230,Javier Diaz,javier.diaz5230@example.com,Barcelona,Espana,bronce,2024-06-23
5231,Maria Mendoza,maria.mendoza5231@example.com,Quito,Ecuador,bronce,2023-06-02
5232,Diego Silva,diego.silva5232@example.com,Santiago,Chile,oro,2022-04-14
5233,Javier Gomez,javier.gomez5233@example.com,Barcelona,Espana,plata,2024-12-15
5234,Carlos Perez,carlos.perez5234@example.com,Ciudad de Mexico,Mexico,plata,2024-03-04
5235,Miguel Ramirez,miguel.ramirez5235@example.com,Santiago,Chile,bronce,2022-07-20
5236,Ruben Rojas,ruben.rojas5236@example.com,Cali,Colombia,plata,2022-03-01
5237,Pablo Lopez,pablo.lopez5237@example.com,Medellin,Colombia,bronce,2023-11-10
5238,Paula Moreno,paula.moreno5238@example.com,Bogota,Colombia,platino,2022-02-14
5239,Julia Ortiz,julia.ortiz5239@example.com,Ciudad de Mexico,Mexico,oro,2023-11-04
5240,Julia Silva,julia.silva5240@example.com,Quito,Ecuador,bronce,2023-04-30
5241,Miguel Ramirez,miguel.ramirez5241@example.com,Guadalajara,Mexico,oro,2024-08-22
5242,Ruben Gomez,ruben.gomez5242@example.com,Buenos Aires,Argentina,bronce,2023-02-23
5243,Julia Gomez,julia.gomez5243@example.com,Santiago,Chile,bronce,2023-05-06
5244,Alberto Moreno,alberto.moreno5244@example.com,Santiago,Chile,plata,2023-08-21
5245,Miguel Torres,miguel.torres5245@example.com,Medellin,Colombia,plata,2024-12-12
5246,Laura Martinez,laura.martinez5246@example.com,Santiago,Chile,bronce,2024-02-09
5247,Pablo Rojas,pablo.rojas5247@example.com,Bogota,Colombia,bronce,2024-01-03
5248,Julia Martinez,julia.martinez5248@example.com,Guadalajara,Mexico,bronce,2022-12-06
5249,Julia Navarro,julia.navarro5249@example.com,Bogota,Colombia,bronce,2023-06-14
5250,Pablo Diaz,pablo.diaz5250@example.com,Quito,Ecuador,bronce,2022-08-01
5251,Maria Gomez,maria.gomez5251@example.com,Buenos Aires,Argentina,bronce,2023-03-05
5252,Sofia Rodriguez,sofia.rodriguez5252@example.com,Guadalajara,Mexico,oro,2024-06-19
5253,Marta Lopez,marta.lopez5253@example.com,Cali,Colombia,bronce,2022-04-19
5254,Pablo Ortiz,pablo.ortiz5254@example.com,Ciudad de Mexico,Mexico,bronce,2022-07-01
5255,Elena Ramirez,elena.ramirez5255@example.com,Santiago,Chile,bronce,2023-10-04
5256,Elena Ortiz,elena.ortiz5256@example.com,Bogota,Colombia,bronce,2024-05-24
5257,Luis Navarro,luis.navarro5257@example.com,Santiago,Chile,plata,2024-12-03
5258,Javier Garcia,javier.garcia5258@example.com,Bogota,Colombia,bronce,2023-10-05
5259,Andres Fernandez,andres.fernandez5259@example.com,Barcelona,Espana,bronce,2023-12-21
5260,Laura Silva,laura.silva5260@example.com,Buenos Aires,Argentina,oro,2022-11-13
5261,Alberto Torres,alberto.torres5261@example.com,Buenos Aires,Argentina,plata,2023-03-25
5262,Luis Ramirez,luis.ramirez5262@example.com,Medellin,Colombia,bronce,2022-12-11
5263,Pablo Vargas,pablo.vargas5263@example.com,Guadalajara,Mexico,bronce,2022-04-30
5264,Diego Moreno,diego.moreno5264@example.com,Buenos Aires,Argentina,oro,2023-02-10
5265,Paula Ortiz,paula.ortiz5265@example.com,Santiago,Chile,plata,2022-08-27
5266,Ruben Mendoza,ruben.mendoza5266@example.com,Quito,Ecuador,oro,2023-10-10
5267,Lucia Castro,lucia.castro5267@example.com,Lima,Peru,bronce,2024-04-05
5268,Carmen Vargas,carmen.vargas5268@example.com,Cali,Colombia,plata,2024-12-08
5269,Andres Fernandez,andres.fernandez5269@example.com,Valencia,Espana,bronce,2024-08-21
5270,Lucia Martinez,lucia.martinez5270@example.com,Barcelona,Espana,bronce,2022-12-15
5271,Carlos Moreno,carlos.moreno5271@example.com,Ciudad de Mexico,Mexico,plata,2024-10-24
5272,Sofia Garcia,sofia.garcia5272@example.com,Guadalajara,Mexico,plata,2024-10-28
5273,Laura Rojas,laura.rojas5273@example.com,Buenos Aires,Argentina,bronce,2023-07-06
5274,Diego Torres,diego.torres5274@example.com,Madrid,Espana,bronce,2022-08-13
5275,Carmen Herrera,carmen.herrera5275@example.com,Buenos Aires,Argentina,plata,2024-05-01
5276,Laura Ortiz,laura.ortiz5276@example.com,Santiago,Chile,bronce,2022-05-04
5277,Laura Vargas,laura.vargas5277@example.com,Buenos Aires,Argentina,bronce,2023-01-31
5278,Paula Vargas,paula.vargas5278@example.com,Ciudad de Mexico,Mexico,bronce,2023-08-06
5279,Miguel Torres,miguel.torres5279@example.com,Madrid,Espana,bronce,2024-08-03
5280,Carlos Fernandez,carlos.fernandez5280@example.com,Cali,Colombia,oro,2024-12-05
5281,Marta Rodriguez,marta.rodriguez5281@example.com,Guadalajara,Mexico,bronce,2024-06-14
5282,Marta Garcia,marta.garcia5282@example.com,Ciudad de Mexico,Mexico,bronce,2023-06-15
5283,Paula Moreno,paula.moreno5283@example.com,Ciudad de Mexico,Mexico,plata,2022-04-03
5284,Sergio Ortiz,sergio.ortiz5284@example.com,Ciudad de Mexico,Mexico,bronce,2024-05-25
5285,Alberto Rodriguez,alberto.rodriguez5285@example.com,Ciudad de Mexico,Mexico,plata,2024-07-27
5286,Pablo Gomez,pablo.gomez5286@example.com,Bogota,Colombia,bronce,2023-06-02
5287,Javier Castro,javier.castro5287@example.com,Guadalajara,Mexico,oro,2023-08-30
5288,Ruben Moreno,ruben.moreno5288@example.com,Bogota,Colombia,plata,2024-07-19
5289,Javier Moreno,javier.moreno5289@example.com,Cali,Colombia,plata,2022-05-25
5290,Javier Rojas,javier.rojas5290@example.com,Medellin,Colombia,bronce,2024-06-08
5291,Paula Rodriguez,paula.rodriguez5291@example.com,Buenos Aires,Argentina,oro,2023-07-16
5292,Ruben Perez,ruben.perez5292@example.com,Lima,Peru,plata,2024-01-22
5293,Elena Torres,elena.torres5293@example.com,Guadalajara,Mexico,bronce,2022-07-28
5294,Marta Rodriguez,marta.rodriguez5294@example.com,Barcelona,Espana,bronce,2023-11-05
5295,Julia Gomez,julia.gomez5295@example.com,Buenos Aires,Argentina,bronce,2022-10-21
5296,Sergio Fernandez,sergio.fernandez5296@example.com,Bogota,Colombia,bronce,2023-07-22
5297,Ana Navarro,ana.navarro5297@example.com,Madrid,Espana,bronce,2023-07-29
5298,Andres Gomez,andres.gomez5298@example.com,Valencia,Espana,oro,2024-11-13
5299,Carlos Navarro,carlos.navarro5299@example.com,Quito,Ecuador,platino,2024-01-04
5300,Paula Moreno,paula.moreno5300@example.com,Cali,Colombia,bronce,2023-09-03
5301,Luis Rojas,luis.rojas5301@example.com,Valencia,Espana,oro,2023-03-17
5302,Alberto Silva,alberto.silva5302@example.com,Barcelona,Espana,plata,2023-01-05
5303,Carlos Silva,carlos.silva5303@example.com,Guadalajara,Mexico,bronce,2023-12-16
5304,Sofia Sanchez,sofia.sanchez5304@example.com,Santiago,Chile,platino,2024-08-24
5305,Laura Diaz,laura.diaz5305@example.com,Medellin,Colombia,plata,2023-09-19
5306,Paula Ramirez,paula.ramirez5306@example.com,Barcelona,Espana,plata,2023-12-24
5307,Miguel Navarro,miguel.navarro5307@example.com,Medellin,Colombia,bronce,2022-12-26
5308,Marta Garcia,marta.garcia5308@example.com,Guadalajara,Mexico,bronce,2023-09-04
5309,Luis Torres,luis.torres5309@example.com,Barcelona,Espana,oro,2023-09-19
5310,Diego Sanchez,diego.sanchez5310@example.com,Bogota,Colombia,bronce,2024-01-17
5311,Julia Sanchez,julia.sanchez5311@example.com,Madrid,Espana,bronce,2022-12-13
5312,Julia Herrera,julia.herrera5312@example.com,Cali,Colombia,bronce,2023-01-18
5313,Laura Sanchez,laura.sanchez5313@example.com,Valencia,Espana,bronce,2023-01-29
5314,Miguel Herrera,miguel.herrera5314@example.com,Valencia,Espana,bronce,2023-04-06
5315,Sofia Navarro,sofia.navarro5315@example.com,Barcelona,Espana,oro,2022-11-16
5316,Pablo Herrera,pablo.herrera5316@example.com,Buenos Aires,Argentina,bronce,2022-08-03
5317,Lucia Lopez,lucia.lopez5317@example.com,Cali,Colombia,oro,2023-07-02
5318,Maria Martinez,maria.martinez5318@example.com,Quito,Ecuador,plata,2024-07-25
5319,Sergio Diaz,sergio.diaz5319@example.com,Medellin,Colombia,bronce,2022-02-04
5320,Laura Vargas,laura.vargas5320@example.com,Valencia,Espana,bronce,2023-12-30
5321,Elena Herrera,elena.herrera5321@example.com,Valencia,Espana,bronce,2024-06-13
5322,Paula Diaz,paula.diaz5322@example.com,Quito,Ecuador,oro,2024-06-21
5323,Andres Lopez,andres.lopez5323@example.com,Guadalajara,Mexico,plata,2024-07-22
5324,Miguel Navarro,miguel.navarro5324@example.com,Bogota,Colombia,bronce,2022-12-14
5325,Julia Ortiz,julia.ortiz5325@example.com,Guadalajara,Mexico,oro,2022-04-21
5326,Miguel Rojas,miguel.rojas5326@example.com,Ciudad de Mexico,Mexico,oro,2024-12-26
5327,Pablo Rojas,pablo.rojas5327@example.com,Barcelona,Espana,bronce,2024-02-06
5328,Laura Ortiz,laura.ortiz5328@example.com,Buenos Aires,Argentina,plata,2023-01-27
5329,Carlos Torres,carlos.torres5329@example.com,Barcelona,Espana,plata,2024-07-21
5330,Diego Martinez,diego.martinez5330@example.com,Valencia,Espana,oro,2023-01-23
5331,Pablo Castro,pablo.castro5331@example.com,Buenos Aires,Argentina,bronce,2024-03-31
5332,Paula Torres,paula.torres5332@example.com,Cali,Colombia,bronce,2024-11-17
5333,Miguel Herrera,miguel.herrera5333@example.com,Valencia,Espana,bronce,2024-04-20
5334,Ruben Herrera,ruben.herrera5334@example.com,Madrid,Espana,bronce,2023-12-19
5335,Carmen Torres,carmen.torres5335@example.com,Guadalajara,Mexico,bronce,2022-07-29
5336,Luis Fernandez,luis.fernandez5336@example.com,Buenos Aires,Argentina,plata,2024-10-19
5337,Marta Diaz,marta.diaz5337@example.com,Valencia,Espana,bronce,2023-04-12
5338,Pablo Castro,pablo.castro5338@example.com,Medellin,Colombia,bronce,2023-11-14
5339,Miguel Castro,miguel.castro5339@example.com,Medellin,Colombia,plata,2023-11-02
5340,Diego Ramirez,diego.ramirez5340@example.com,Lima,Peru,bronce,2022-09-27
5341,Elena Ramirez,elena.ramirez5341@example.com,Santiago,Chile,bronce,2023-10-23
5342,Carmen Navarro,carmen.navarro5342@example.com,Bogota,Colombia,plata,2023-03-04
5343,Pablo Perez,pablo.perez5343@example.com,Ciudad de Mexico,Mexico,oro,2023-01-18
5344,Sofia Lopez,sofia.lopez5344@example.com,Quito,Ecuador,bronce,2024-07-29
5345,Javier Herrera,javier.herrera5345@example.com,Medellin,Colombia,oro,2024-03-01
5346,Miguel Ortiz,miguel.ortiz5346@example.com,Barcelona,Espana,oro,2023-06-20
5347,Diego Castro,diego.castro5347@example.com,Bogota,Colombia,plata,2022-01-21
5348,Diego Diaz,diego.diaz5348@example.com,Guadalajara,Mexico,platino,2024-02-16
5349,Elena Gomez,elena.gomez5349@example.com,Quito,Ecuador,bronce,2024-03-19
5350,Pablo Torres,pablo.torres5350@example.com,Bogota,Colombia,bronce,2022-07-02
5351,Laura Rodriguez,laura.rodriguez5351@example.com,Madrid,Espana,oro,2024-04-08
5352,Lucia Ramirez,lucia.ramirez5352@example.com,Valencia,Espana,bronce,2023-03-14
5353,Maria Perez,maria.perez5353@example.com,Medellin,Colombia,bronce,2024-03-13
5354,Diego Perez,diego.perez5354@example.com,Barcelona,Espana,bronce,2024-07-08
5355,Sergio Vargas,sergio.vargas5355@example.com,Madrid,Espana,bronce,2024-02-06
5356,Paula Navarro,paula.navarro5356@example.com,Guadalajara,Mexico,bronce,2024-10-27
5357,Andres Sanchez,andres.sanchez5357@example.com,Santiago,Chile,bronce,2022-03-25
5358,Marta Ortiz,marta.ortiz5358@example.com,Valencia,Espana,platino,2022-12-22
5359,Luis Ramirez,luis.ramirez5359@example.com,Ciudad de Mexico,Mexico,bronce,2022-03-07
5360,Elena Navarro,elena.navarro5360@example.com,Ciudad de Mexico,Mexico,oro,2022-07-08
5361,Andres Fernandez,andres.fernandez5361@example.com,Buenos Aires,Argentina,bronce,2023-02-14
5362,Paula Navarro,paula.navarro5362@example.com,Quito,Ecuador,bronce,2022-01-26
5363,Pablo Rojas,pablo.rojas5363@example.com,Lima,Peru,oro,2023-03-10
5364,Ruben Rojas,ruben.rojas5364@example.com,Bogota,Colombia,bronce,2022-05-20
5365,Javier Vargas,javier.vargas5365@example.com,Quito,Ecuador,bronce,2022-05-05
5366,Carlos Torres,carlos.torres5366@example.com,Madrid,Espana,oro,2024-07-04
5367,Luis Ramirez,luis.ramirez5367@example.com,Quito,Ecuador,bronce,2024-03-25
5368,Pablo Mendoza,pablo.mendoza5368@example.com,Barcelona,Espana,bronce,2023-05-14
5369,Andres Herrera,andres.herrera5369@example.com,Barcelona,Espana,platino,2023-09-14
5370,Javier Garcia,javier.garcia5370@example.com,Barcelona,Espana,bronce,2022-11-16
5371,Sergio Rojas,sergio.rojas5371@example.com,Barcelona,Espana,plata,2023-06-16
5372,Marta Silva,marta.silva5372@example.com,Cali,Colombia,bronce,2024-04-29
5373,Miguel Moreno,miguel.moreno5373@example.com,Guadalajara,Mexico,bronce,2023-07-25
5374,Laura Torres,laura.torres5374@example.com,Buenos Aires,Argentina,bronce,2024-05-18
5375,Marta Gomez,marta.gomez5375@example.com,Madrid,Espana,plata,2023-06-15
5376,Andres Rojas,andres.rojas5376@example.com,Bogota,Colombia,bronce,2023-02-01
5377,Carlos Rojas,carlos.rojas5377@example.com,Barcelona,Espana,oro,2024-09-06
5378,Javier Fernandez,javier.fernandez5378@example.com,Barcelona,Espana,plata,2024-09-13
5379,Diego Diaz,diego.diaz5379@example.com,Buenos Aires,Argentina,plata,2022-09-08
5380,Lucia Fernandez,lucia.fernandez5380@example.com,Guadalajara,Mexico,bronce,2023-05-23
5381,Carlos Garcia,carlos.garcia5381@example.com,Valencia,Espana,plata,2024-04-25
5382,Julia Garcia,julia.garcia5382@example.com,Bogota,Colombia,plata,2022-10-14
5383,Miguel Rodriguez,miguel.rodriguez5383@example.com,Quito,Ecuador,bronce,2024-03-30
5384,Miguel Diaz,miguel.diaz5384@example.com,Ciudad de Mexico,Mexico,oro,2024-09-12
5385,Luis Ramirez,luis.ramirez5385@example.com,Valencia,Espana,bronce,2022-09-16
5386,Ruben Diaz,ruben.diaz5386@example.com,Quito,Ecuador,oro,2022-06-17
5387,Laura Navarro,laura.navarro5387@example.com,Valencia,Espana,platino,2024-10-31
5388,Alberto Sanchez,alberto.sanchez5388@example.com,Bogota,Colombia,bronce,2024-12-26
5389,Diego Fernandez,diego.fernandez5389@example.com,Buenos Aires,Argentina,bronce,2024-07-29
5390,Ruben Sanchez,ruben.sanchez5390@example.com,Ciudad de Mexico,Mexico,bronce,2023-11-03
5391,Carlos Perez,carlos.perez5391@example.com,Madrid,Espana,bronce,2022-04-04
5392,Carlos Vargas,carlos.vargas5392@example.com,Santiago,Chile,oro,2024-09-29
5393,Paula Gomez,paula.gomez5393@example.com,Valencia,Espana,bronce,2022-08-06
5394,Paula Gomez,paula.gomez5394@example.com,Buenos Aires,Argentina,plata,2022-07-15
5395,Lucia Rojas,lucia.rojas5395@example.com,Medellin,Colombia,oro,2024-02-25
5396,Ana Silva,ana.silva5396@example.com,Santiago,Chile,platino,2023-03-03
5397,Julia Sanchez,julia.sanchez5397@example.com,Lima,Peru,bronce,2024-08-08
5398,Miguel Martinez,miguel.martinez5398@example.com,Santiago,Chile,platino,2024-08-14
5399,Julia Sanchez,julia.sanchez5399@example.com,Quito,Ecuador,bronce,2024-05-31
5400,Ruben Vargas,ruben.vargas5400@example.com,Ciudad de Mexico,Mexico,bronce,2024-07-05
5401,Ruben Navarro,ruben.navarro5401@example.com,Madrid,Espana,bronce,2023-08-21
5402,Andres Lopez,andres.lopez5402@example.com,Ciudad de Mexico,Mexico,plata,2024-08-12
5403,Andres Garcia,andres.garcia5403@example.com,Cali,Colombia,bronce,2024-09-29
5404,Lucia Ramirez,lucia.ramirez5404@example.com,Buenos Aires,Argentina,bronce,2022-11-04
5405,Ana Navarro,ana.navarro5405@example.com,Valencia,Espana,bronce,2023-04-11
5406,Miguel Vargas,miguel.vargas5406@example.com,Buenos Aires,Argentina,oro,2023-11-08
5407,Marta Ortiz,marta.ortiz5407@example.com,Cali,Colombia,plata,2024-07-29
5408,Paula Castro,paula.castro5408@example.com,Buenos Aires,Argentina,plata,2023-03-03
5409,Pablo Garcia,pablo.garcia5409@example.com,Cali,Colombia,plata,2022-10-12
5410,Marta Diaz,marta.diaz5410@example.com,Medellin,Colombia,bronce,2022-12-18
5411,Ana Herrera,ana.herrera5411@example.com,Valencia,Espana,bronce,2024-05-25
5412,Diego Ramirez,diego.ramirez5412@example.com,Santiago,Chile,bronce,2023-07-24
5413,Lucia Lopez,lucia.lopez5413@example.com,Madrid,Espana,bronce,2022-10-07
5414,Ruben Lopez,ruben.lopez5414@example.com,Valencia,Espana,oro,2024-02-22
5415,Elena Rojas,elena.rojas5415@example.com,Cali,Colombia,bronce,2023-12-24
5416,Laura Torres,laura.torres5416@example.com,Barcelona,Espana,plata,2023-07-22
5417,Miguel Vargas,miguel.vargas5417@example.com,Quito,Ecuador,oro,2023-11-10
5418,Carlos Fernandez,carlos.fernandez5418@example.com,Medellin,Colombia,oro,2022-09-10
5419,Pablo Gomez,pablo.gomez5419@example.com,Valencia,Espana,bronce,2022-07-19
5420,Carmen Rojas,carmen.rojas5420@example.com,Bogota,Colombia,oro,2024-06-03
5421,Paula Garcia,paula.garcia5421@example.com,Valencia,Espana,plata,2024-01-15
5422,Alberto Diaz,alberto.diaz5422@example.com,Guadalajara,Mexico,bronce,2024-12-06
5423,Luis Fernandez,luis.fernandez5423@example.com,Cali,Colombia,plata,2024-10-25
5424,Laura Herrera,laura.herrera5424@example.com,Valencia,Espana,bronce,2023-02-02
5425,Elena Moreno,elena.moreno5425@example.com,Lima,Peru,oro,2023-05-22
5426,Laura Diaz,laura.diaz5426@example.com,Guadalajara,Mexico,plata,2024-07-18
5427,Paula Perez,paula.perez5427@example.com,Medellin,Colombia,plata,2022-01-04
5428,Maria Sanchez,maria.sanchez5428@example.com,Ciudad de Mexico,Mexico,oro,2024-08-03
5429,Ana Sanchez,ana.sanchez5429@example.com,Guadalajara,Mexico,plata,2022-07-03
5430,Ruben Perez,ruben.perez5430@example.com,Barcelona,Espana,bronce,2022-10-13
5431,Alberto Herrera,alberto.herrera5431@example.com,Santiago,Chile,bronce,2023-06-12
5432,Laura Garcia,laura.garcia5432@example.com,Bogota,Colombia,oro,2024-02-12
5433,Elena Garcia,elena.garcia5433@example.com,Madrid,Espana,plata,2023-01-23
5434,Lucia Ramirez,lucia.ramirez5434@example.com,Ciudad de Mexico,Mexico,oro,2024-10-24
5435,Lucia Sanchez,lucia.sanchez5435@example.com,Lima,Peru,bronce,2024-05-07
5436,Alberto Silva,alberto.silva5436@example.com,Buenos Aires,Argentina,bronce,2024-03-21
5437,Sofia Herrera,sofia.herrera5437@example.com,Bogota,Colombia,oro,2024-04-25
5438,Ana Herrera,ana.herrera5438@example.com,Medellin,Colombia,plata,2022-02-02
5439,Sofia Torres,sofia.torres5439@example.com,Guadalajara,Mexico,bronce,2024-06-20
5440,Pablo Diaz,pablo.diaz5440@example.com,Valencia,Espana,bronce,2023-10-24
5441,Lucia Diaz,lucia.diaz5441@example.com,Santiago,Chile,oro,2022-07-23
5442,Lucia Lopez,lucia.lopez5442@example.com,Bogota,Colombia,plata,2024-05-02
5443,Julia Vargas,julia.vargas5443@example.com,Valencia,Espana,bronce,2022-04-26
5444,Paula Mendoza,paula.mendoza5444@example.com,Barcelona,Espana,bronce,2023-11-08
5445,Javier Perez,javier.perez5445@example.com,Buenos Aires,Argentina,bronce,2023-09-16
5446,Miguel Rodriguez,miguel.rodriguez5446@example.com,Madrid,Espana,bronce,2022-02-01
5447,Andres Vargas,andres.vargas5447@example.com,Santiago,Chile,bronce,2023-02-15
5448,Sofia Fernandez,sofia.fernandez5448@example.com,Quito,Ecuador,bronce,2022-05-12
5449,Sofia Herrera,sofia.herrera5449@example.com,Barcelona,Espana,oro,2024-11-02
5450,Carlos Mendoza,carlos.mendoza5450@example.com,Barcelona,Espana,bronce,2024-05-27
5451,Javier Navarro,javier.navarro5451@example.com,Quito,Ecuador,oro,2024-12-26
5452,Marta Fernandez,marta.fernandez5452@example.com,Barcelona,Espana,bronce,2023-06-19
5453,Paula Ortiz,paula.ortiz5453@example.com,Medellin,Colombia,bronce,2022-12-26
5454,Sergio Martinez,sergio.martinez5454@example.com,Lima,Peru,bronce,2024-11-14
5455,Elena Fernandez,elena.fernandez5455@example.com,Barcelona,Espana,bronce,2022-12-02
5456,Maria Perez,maria.perez5456@example.com,Guadalajara,Mexico,plata,2023-03-31
5457,Carlos Ortiz,carlos.ortiz5457@example.com,Medellin,Colombia,oro,2022-05-27
5458,Miguel Castro,miguel.castro5458@example.com,Cali,Colombia,plata,2024-06-18
5459,Lucia Fernandez,lucia.fernandez5459@example.com,Quito,Ecuador,plata,2022-05-12
5460,Ruben Lopez,ruben.lopez5460@example.com,Guadalajara,Mexico,oro,2022-02-08
5461,Ruben Herrera,ruben.herrera5461@example.com,Bogota,Colombia,plata,2024-07-01
5462,Ana Rojas,ana.rojas5462@example.com,Quito,Ecuador,plata,2024-07-09
5463,Marta Mendoza,marta.mendoza5463@example.com,Ciudad de Mexico,Mexico,plata,2024-07-23
5464,Javier Diaz,javier.diaz5464@example.com,Barcelona,Espana,bronce,2024-07-29
5465,Carlos Martinez,carlos.martinez5465@example.com,Medellin,Colombia,bronce,2022-06-05
5466,Pablo Gomez,pablo.gomez5466@example.com,Valencia,Espana,plata,2023-02-01
5467,Ana Castro,ana.castro5467@example.com,Guadalajara,Mexico,plata,2024-04-17
5468,Elena Sanchez,elena.sanchez5468@example.com,Lima,Peru,bronce,2022-12-05
5469,Pablo Rodriguez,pablo.rodriguez5469@example.com,Madrid,Espana,platino,2024-05-02
5470,Javier Silva,javier.silva5470@example.com,Santiago,Chile,bronce,2024-09-23
5471,Pablo Ramirez,pablo.ramirez5471@example.com,Lima,Peru,plata,2024-11-18
5472,Diego Fernandez,diego.fernandez5472@example.com,Quito,Ecuador,platino,2024-05-01
5473,Sergio Vargas,sergio.vargas5473@example.com,Guadalajara,Mexico,bronce,2024-05-22
5474,Carlos Moreno,carlos.moreno5474@example.com,Bogota,Colombia,oro,2023-10-17
5475,Luis Garcia,luis.garcia5475@example.com,Barcelona,Espana,oro,2022-03-27
5476,Lucia Diaz,lucia.diaz5476@example.com,Quito,Ecuador,plata,2023-04-23
5477,Javier Perez,javier.perez5477@example.com,Medellin,Colombia,platino,2024-11-09
5478,Marta Rodriguez,marta.rodriguez5478@example.com,Medellin,Colombia,plata,2024-09-25
5479,Luis Garcia,luis.garcia5479@example.com,Buenos Aires,Argentina,bronce,2022-09-19
5480,Pablo Diaz,pablo.diaz5480@example.com,Buenos Aires,Argentina,plata,2024-03-29
5481,Alberto Ramirez,alberto.ramirez5481@example.com,Santiago,Chile,bronce,2022-12-03
5482,Luis Ramirez,luis.ramirez5482@example.com,Lima,Peru,bronce,2023-04-02
5483,Elena Herrera,elena.herrera5483@example.com,Lima,Peru,bronce,2023-12-12
5484,Paula Torres,paula.torres5484@example.com,Valencia,Espana,bronce,2023-06-28
5485,Lucia Vargas,lucia.vargas5485@example.com,Valencia,Espana,oro,2023-10-24
5486,Carlos Silva,carlos.silva5486@example.com,Valencia,Espana,oro,2022-04-18
5487,Laura Rojas,laura.rojas5487@example.com,Guadalajara,Mexico,platino,2022-11-21
5488,Sergio Ortiz,sergio.ortiz5488@example.com,Ciudad de Mexico,Mexico,bronce,2024-06-06
5489,Ruben Sanchez,ruben.sanchez5489@example.com,Lima,Peru,plata,2023-11-10
5490,Miguel Herrera,miguel.herrera5490@example.com,Lima,Peru,plata,2024-07-10
5491,Diego Rojas,diego.rojas5491@example.com,Santiago,Chile,bronce,2024-11-23
5492,Sergio Vargas,sergio.vargas5492@example.com,Madrid,Espana,plata,2023-01-25
5493,Carlos Garcia,carlos.garcia5493@example.com,Buenos Aires,Argentina,bronce,2022-10-17
5494,Laura Ramirez,laura.ramirez5494@example.com,Lima,Peru,oro,2022-12-06
5495,Sergio Mendoza,sergio.mendoza5495@example.com,Quito,Ecuador,bronce,2023-09-19
5496,Carlos Castro,carlos.castro5496@example.com,Medellin,Colombia,oro,2022-10-04
5497,Sergio Garcia,sergio.garcia5497@example.com,Santiago,Chile,oro,2023-03-04
5498,Diego Perez,diego.perez5498@example.com,Medellin,Colombia,plata,2022-07-09
5499,Alberto Vargas,alberto.vargas5499@example.com,Barcelona,Espana,bronce,2023-02-27
5500,Ana Silva,ana.silva5500@example.com,Medellin,Colombia,bronce,2024-11-03
5501,Julia Diaz,julia.diaz5501@example.com,Bogota,Colombia,platino,2023-04-10
5502,Laura Mendoza,laura.mendoza5502@example.com,Lima,Peru,bronce,2024-04-11
5503,Ana Herrera,ana.herrera5503@example.com,Valencia,Espana,bronce,2023-04-17
5504,Marta Perez,marta.perez5504@example.com,Barcelona,Espana,platino,2023-04-20
5505,Lucia Lopez,lucia.lopez5505@example.com,Ciudad de Mexico,Mexico,plata,2023-12-23
5506,Paula Ortiz,paula.ortiz5506@example.com,Ciudad de Mexico,Mexico,plata,2022-05-01
5507,Maria Vargas,maria.vargas5507@example.com,Ciudad de Mexico,Mexico,bronce,2023-01-24
5508,Luis Silva,luis.silva5508@example.com,Barcelona,Espana,bronce,2022-06-02
5509,Pablo Ortiz,pablo.ortiz5509@example.com,Cali,Colombia,oro,2022-08-06
5510,Ruben Diaz,ruben.diaz5510@example.com,Quito,Ecuador,bronce,2024-02-17
5511,Sofia Garcia,sofia.garcia5511@example.com,Barcelona,Espana,bronce,2022-07-11
5512,Sergio Ortiz,sergio.ortiz5512@example.com,Santiago,Chile,bronce,2022-08-11
5513,Julia Vargas,julia.vargas5513@example.com,Barcelona,Espana,plata,2023-09-20
5514,Ruben Martinez,ruben.martinez5514@example.com,Valencia,Espana,bronce,2023-01-16
5515,Lucia Ramirez,lucia.ramirez5515@example.com,Lima,Peru,oro,2022-05-15
5516,Andres Garcia,andres.garcia5516@example.com,Bogota,Colombia,bronce,2024-11-13
5517,Lucia Perez,lucia.perez5517@example.com,Ciudad de Mexico,Mexico,bronce,2024-10-07
5518,Andres Gomez,andres.gomez5518@example.com,Medellin,Colombia,platino,2023-09-29
5519,Pablo Torres,pablo.torres5519@example.com,Guadalajara,Mexico,platino,2023-07-29
5520,Lucia Vargas,lucia.vargas5520@example.com,Medellin,Colombia,plata,2024-06-04
5521,Sofia Silva,sofia.silva5521@example.com,Cali,Colombia,oro,2024-12-02
5522,Andres Fernandez,andres.fernandez5522@example.com,Santiago,Chile,bronce,2022-04-24
5523,Sergio Moreno,sergio.moreno5523@example.com,Ciudad de Mexico,Mexico,bronce,2022-04-17
5524,Julia Ortiz,julia.ortiz5524@example.com,Ciudad de Mexico,Mexico,bronce,2022-12-28
5525,Carmen Moreno,carmen.moreno5525@example.com,Santiago,Chile,bronce,2022-11-30
5526,Maria Perez,maria.perez5526@example.com,Cali,Colombia,plata,2024-09-07
5527,Pablo Rojas,pablo.rojas5527@example.com,Santiago,Chile,oro,2023-07-11
5528,Elena Perez,elena.perez5528@example.com,Buenos Aires,Argentina,bronce,2024-06-06
5529,Ana Torres,ana.torres5529@example.com,Lima,Peru,bronce,2024-01-01
5530,Luis Castro,luis.castro5530@example.com,Cali,Colombia,platino,2024-03-03
5531,Pablo Perez,pablo.perez5531@example.com,Ciudad de Mexico,Mexico,plata,2024-11-13
5532,Julia Garcia,julia.garcia5532@example.com,Barcelona,Espana,bronce,2023-10-06
5533,Lucia Silva,lucia.silva5533@example.com,Barcelona,Espana,bronce,2024-04-30
5534,Sofia Moreno,sofia.moreno5534@example.com,Barcelona,Espana,bronce,2022-10-22
5535,Luis Martinez,luis.martinez5535@example.com,Guadalajara,Mexico,bronce,2022-10-12
5536,Andres Fernandez,andres.fernandez5536@example.com,Bogota,Colombia,bronce,2023-10-04
5537,Luis Perez,luis.perez5537@example.com,Bogota,Colombia,bronce,2024-09-14
5538,Paula Navarro,paula.navarro5538@example.com,Guadalajara,Mexico,bronce,2022-02-25
5539,Paula Ortiz,paula.ortiz5539@example.com,Medellin,Colombia,bronce,2023-07-03
5540,Alberto Rojas,alberto.rojas5540@example.com,Barcelona,Espana,bronce,2022-08-10
5541,Javier Diaz,javier.diaz5541@example.com,Ciudad de Mexico,Mexico,bronce,2024-08-26
5542,Carlos Rodriguez,carlos.rodriguez5542@example.com,Ciudad de Mexico,Mexico,bronce,2023-07-22
5543,Javier Sanchez,javier.sanchez5543@example.com,Barcelona,Espana,oro,2022-02-16
5544,Sergio Rodriguez,sergio.rodriguez5544@example.com,Bogota,Colombia,plata,2022-01-03
5545,Laura Herrera,laura.herrera5545@example.com,Valencia,Espana,bronce,2023-12-02
5546,Ruben Rodriguez,ruben.rodriguez5546@example.com,Buenos Aires,Argentina,bronce,2022-09-12
5547,Carlos Rojas,carlos.rojas5547@example.com,Valencia,Espana,plata,2022-02-15
5548,Ana Navarro,ana.navarro5548@example.com,Madrid,Espana,bronce,2022-06-16
5549,Laura Gomez,laura.gomez5549@example.com,Bogota,Colombia,plata,2022-06-19
5550,Sergio Rojas,sergio.rojas5550@example.com,Cali,Colombia,platino,2023-01-14
5551,Carmen Mendoza,carmen.mendoza5551@example.com,Santiago,Chile,bronce,2024-02-26
5552,Miguel Diaz,miguel.diaz5552@example.com,Madrid,Espana,bronce,2024-07-28
5553,Andres Diaz,andres.diaz5553@example.com,Lima,Peru,bronce,2023-08-06
5554,Carmen Sanchez,carmen.sanchez5554@example.com,Bogota,Colombia,plata,2024-11-03
5555,Pablo Diaz,pablo.diaz5555@example.com,Medellin,Colombia,bronce,2024-05-16
5556,Lucia Mendoza,lucia.mendoza5556@example.com,Madrid,Espana,plata,2022-06-30
5557,Maria Rojas,maria.rojas5557@example.com,Bogota,Colombia,bronce,2024-03-16
5558,Javier Sanchez,javier.sanchez5558@example.com,Cali,Colombia,plata,2022-09-11
5559,Lucia Ramirez,lucia.ramirez5559@example.com,Guadalajara,Mexico,plata,2024-11-20
5560,Maria Moreno,maria.moreno5560@example.com,Santiago,Chile,bronce,2024-07-16
5561,Diego Rodriguez,diego.rodriguez5561@example.com,Ciudad de Mexico,Mexico,platino,2022-03-12
5562,Maria Herrera,maria.herrera5562@example.com,Barcelona,Espana,oro,2022-07-09
5563,Sergio Sanchez,sergio.sanchez5563@example.com,Medellin,Colombia,bronce,2023-04-29
5564,Maria Perez,maria.perez5564@example.com,Buenos Aires,Argentina,platino,2024-03-22
5565,Luis Diaz,luis.diaz5565@example.com,Guadalajara,Mexico,oro,2023-08-28
5566,Carmen Ramirez,carmen.ramirez5566@example.com,Guadalajara,Mexico,bronce,2022-04-04
5567,Laura Ortiz,laura.ortiz5567@example.com,Ciudad de Mexico,Mexico,plata,2023-11-20
5568,Miguel Sanchez,miguel.sanchez5568@example.com,Ciudad de Mexico,Mexico,plata,2023-12-11
5569,Elena Perez,elena.perez5569@example.com,Quito,Ecuador,plata,2024-10-15
5570,Laura Fernandez,laura.fernandez5570@example.com,Guadalajara,Mexico,oro,2022-10-18
5571,Sergio Mendoza,sergio.mendoza5571@example.com,Guadalajara,Mexico,bronce,2022-02-11
5572,Andres Navarro,andres.navarro5572@example.com,Medellin,Colombia,bronce,2024-03-31
5573,Laura Torres,laura.torres5573@example.com,Cali,Colombia,bronce,2024-02-09
5574,Andres Rojas,andres.rojas5574@example.com,Buenos Aires,Argentina,plata,2023-07-23
5575,Marta Ortiz,marta.ortiz5575@example.com,Lima,Peru,bronce,2024-01-28
5576,Lucia Silva,lucia.silva5576@example.com,Santiago,Chile,bronce,2022-07-15
5577,Pablo Rojas,pablo.rojas5577@example.com,Guadalajara,Mexico,bronce,2022-05-18
5578,Julia Ramirez,julia.ramirez5578@example.com,Santiago,Chile,plata,2023-03-17
5579,Diego Navarro,diego.navarro5579@example.com,Madrid,Espana,bronce,2024-09-06
5580,Miguel Sanchez,miguel.sanchez5580@example.com,Bogota,Colombia,bronce,2023-07-18
5581,Lucia Fernandez,lucia.fernandez5581@example.com,Valencia,Espana,bronce,2023-12-01
5582,Paula Moreno,paula.moreno5582@example.com,Guadalajara,Mexico,bronce,2024-12-26
5583,Marta Garcia,marta.garcia5583@example.com,Santiago,Chile,bronce,2022-11-28
5584,Luis Ramirez,luis.ramirez5584@example.com,Barcelona,Espana,bronce,2023-06-10
5585,Diego Mendoza,diego.mendoza5585@example.com,Valencia,Espana,plata,2024-01-21
5586,Marta Lopez,marta.lopez5586@example.com,Cali,Colombia,bronce,2022-06-15
5587,Laura Silva,laura.silva5587@example.com,Quito,Ecuador,bronce,2023-03-17
5588,Alberto Diaz,alberto.diaz5588@example.com,Madrid,Espana,plata,2023-08-31
5589,Paula Mendoza,paula.mendoza5589@example.com,Lima,Peru,bronce,2022-11-29
5590,Paula Castro,paula.castro5590@example.com,Valencia,Espana,bronce,2022-08-30
5591,Luis Lopez,luis.lopez5591@example.com,Bogota,Colombia,bronce,2023-04-25
5592,Pablo Moreno,pablo.moreno5592@example.com,Guadalajara,Mexico,bronce,2024-08-21
5593,Lucia Rodriguez,lucia.rodriguez5593@example.com,Buenos Aires,Argentina,bronce,2023-04-01
5594,Carmen Sanchez,carmen.sanchez5594@example.com,Lima,Peru,platino,2024-07-02
5595,Ruben Mendoza,ruben.mendoza5595@example.com,Madrid,Espana,bronce,2024-01-11
5596,Miguel Mendoza,miguel.mendoza5596@example.com,Madrid,Espana,plata,2022-05-21
5597,Lucia Garcia,lucia.garcia5597@example.com,Cali,Colombia,oro,2024-09-27
5598,Andres Fernandez,andres.fernandez5598@example.com,Ciudad de Mexico,Mexico,bronce,2023-10-07
5599,Sergio Rodriguez,sergio.rodriguez5599@example.com,Bogota,Colombia,plata,2023-09-15
5600,Sergio Perez,sergio.perez5600@example.com,Guadalajara,Mexico,bronce,2024-02-02
5601,Elena Navarro,elena.navarro5601@example.com,Bogota,Colombia,plata,2022-02-15
5602,Alberto Lopez,alberto.lopez5602@example.com,Quito,Ecuador,oro,2022-10-03
5603,Ana Castro,ana.castro5603@example.com,Valencia,Espana,bronce,2024-05-20
5604,Diego Silva,diego.silva5604@example.com,Guadalajara,Mexico,oro,2023-11-17
5605,Carmen Mendoza,carmen.mendoza5605@example.com,Ciudad de Mexico,Mexico,bronce,2023-03-03
5606,Luis Fernandez,luis.fernandez5606@example.com,Barcelona,Espana,plata,2023-05-22
5607,Diego Rojas,diego.rojas5607@example.com,Guadalajara,Mexico,bronce,2023-11-10
5608,Pablo Torres,pablo.torres5608@example.com,Barcelona,Espana,bronce,2023-06-12
5609,Carmen Martinez,carmen.martinez5609@example.com,Ciudad de Mexico,Mexico,bronce,2023-05-16
5610,Maria Sanchez,maria.sanchez5610@example.com,Guadalajara,Mexico,oro,2023-08-27
5611,Javier Moreno,javier.moreno5611@example.com,Madrid,Espana,plata,2022-11-05
5612,Laura Rojas,laura.rojas5612@example.com,Valencia,Espana,oro,2023-09-17
5613,Carmen Ramirez,carmen.ramirez5613@example.com,Bogota,Colombia,bronce,2024-01-28
5614,Elena Herrera,elena.herrera5614@example.com,Quito,Ecuador,bronce,2024-02-17
5615,Pablo Rojas,pablo.rojas5615@example.com,Valencia,Espana,bronce,2023-11-11
5616,Marta Gomez,marta.gomez5616@example.com,Quito,Ecuador,bronce,2023-05-11
5617,Sergio Perez,sergio.perez5617@example.com,Ciudad de Mexico,Mexico,bronce,2023-12-19
5618,Carlos Ortiz,carlos.ortiz5618@example.com,Quito,Ecuador,oro,2024-03-02
5619,Julia Navarro,julia.navarro5619@example.com,Santiago,Chile,oro,2022-12-06
5620,Carlos Garcia,carlos.garcia5620@example.com,Bogota,Colombia,bronce,2023-06-17
5621,Ana Herrera,ana.herrera5621@example.com,Ciudad de Mexico,Mexico,bronce,2024-01-13
5622,Ana Martinez,ana.martinez5622@example.com,Buenos Aires,Argentina,plata,2023-12-27
5623,Laura Mendoza,laura.mendoza5623@example.com,Madrid,Espana,plata,2023-06-28
5624,Ruben Vargas,ruben.vargas5624@example.com,Guadalajara,Mexico,plata,2022-10-16
5625,Laura Rojas,laura.rojas5625@example.com,Cali,Colombia,bronce,2024-09-23
5626,Andres Moreno,andres.moreno5626@example.com,Madrid,Espana,bronce,2023-08-17
5627,Sofia Castro,sofia.castro5627@example.com,Lima,Peru,bronce,2023-08-16
5628,Ana Perez,ana.perez5628@example.com,Bogota,Colombia,platino,2023-05-28
5629,Sofia Silva,sofia.silva5629@example.com,Lima,Peru,plata,2024-04-12
5630,Ana Vargas,ana.vargas5630@example.com,Valencia,Espana,oro,2022-11-27
5631,Diego Ramirez,diego.ramirez5631@example.com,Ciudad de Mexico,Mexico,bronce,2024-10-23
5632,Pablo Gomez,pablo.gomez5632@example.com,Medellin,Colombia,bronce,2022-03-10
5633,Lucia Garcia,lucia.garcia5633@example.com,Lima,Peru,bronce,2022-01-14
5634,Javier Vargas,javier.vargas5634@example.com,Quito,Ecuador,oro,2023-07-13
5635,Sergio Gomez,sergio.gomez5635@example.com,Santiago,Chile,bronce,2024-07-29
5636,Pablo Rojas,pablo.rojas5636@example.com,Lima,Peru,plata,2022-01-11
5637,Javier Fernandez,javier.fernandez5637@example.com,Santiago,Chile,bronce,2024-01-14
5638,Sofia Navarro,sofia.navarro5638@example.com,Bogota,Colombia,bronce,2023-03-03
5639,Maria Rojas,maria.rojas5639@example.com,Quito,Ecuador,bronce,2022-01-24
5640,Julia Torres,julia.torres5640@example.com,Ciudad de Mexico,Mexico,bronce,2023-02-10
5641,Sergio Moreno,sergio.moreno5641@example.com,Medellin,Colombia,oro,2023-12-10
5642,Javier Castro,javier.castro5642@example.com,Valencia,Espana,platino,2023-11-25
5643,Andres Castro,andres.castro5643@example.com,Buenos Aires,Argentina,plata,2024-07-18
5644,Andres Vargas,andres.vargas5644@example.com,Bogota,Colombia,bronce,2024-12-17
5645,Carmen Ortiz,carmen.ortiz5645@example.com,Guadalajara,Mexico,plata,2022-03-01
5646,Luis Gomez,luis.gomez5646@example.com,Madrid,Espana,bronce,2024-07-28
5647,Ruben Diaz,ruben.diaz5647@example.com,Guadalajara,Mexico,oro,2022-01-11
5648,Alberto Perez,alberto.perez5648@example.com,Guadalajara,Mexico,plata,2024-12-03
5649,Alberto Vargas,alberto.vargas5649@example.com,Ciudad de Mexico,Mexico,bronce,2024-04-27
5650,Alberto Navarro,alberto.navarro5650@example.com,Guadalajara,Mexico,bronce,2024-11-07
5651,Julia Castro,julia.castro5651@example.com,Quito,Ecuador,bronce,2022-03-16
5652,Marta Sanchez,marta.sanchez5652@example.com,Lima,Peru,bronce,2022-03-23
5653,Luis Ortiz,luis.ortiz5653@example.com,Cali,Colombia,oro,2024-12-15
5654,Diego Herrera,diego.herrera5654@example.com,Lima,Peru,plata,2022-11-05
5655,Laura Diaz,laura.diaz5655@example.com,Quito,Ecuador,bronce,2023-02-22
5656,Laura Martinez,laura.martinez5656@example.com,Barcelona,Espana,bronce,2022-11-22
5657,Paula Diaz,paula.diaz5657@example.com,Medellin,Colombia,plata,2022-06-21
5658,Paula Silva,paula.silva5658@example.com,Buenos Aires,Argentina,bronce,2022-03-19
5659,Lucia Vargas,lucia.vargas5659@example.com,Ciudad de Mexico,Mexico,bronce,2022-05-29
5660,Marta Lopez,marta.lopez5660@example.com,Barcelona,Espana,plata,2024-07-16
5661,Maria Lopez,maria.lopez5661@example.com,Cali,Colombia,bronce,2022-01-30
5662,Laura Navarro,laura.navarro5662@example.com,Medellin,Colombia,bronce,2024-09-07
5663,Ruben Diaz,ruben.diaz5663@example.com,Buenos Aires,Argentina,bronce,2022-08-29
5664,Diego Rojas,diego.rojas5664@example.com,Ciudad de Mexico,Mexico,bronce,2023-10-25
5665,Lucia Fernandez,lucia.fernandez5665@example.com,Barcelona,Espana,oro,2022-10-09
5666,Diego Rodriguez,diego.rodriguez5666@example.com,Madrid,Espana,oro,2024-09-02
5667,Laura Diaz,laura.diaz5667@example.com,Bogota,Colombia,platino,2022-02-14
5668,Paula Rojas,paula.rojas5668@example.com,Barcelona,Espana,platino,2024-02-22
5669,Sergio Gomez,sergio.gomez5669@example.com,Lima,Peru,bronce,2024-10-20
5670,Andres Castro,andres.castro5670@example.com,Bogota,Colombia,bronce,2023-04-28
5671,Miguel Diaz,miguel.diaz5671@example.com,Guadalajara,Mexico,plata,2023-05-09
5672,Carmen Gomez,carmen.gomez5672@example.com,Barcelona,Espana,bronce,2022-06-14
5673,Alberto Perez,alberto.perez5673@example.com,Cali,Colombia,platino,2024-08-20
5674,Carmen Perez,carmen.perez5674@example.com,Quito,Ecuador,bronce,2024-11-15
5675,Diego Perez,diego.perez5675@example.com,Guadalajara,Mexico,bronce,2023-06-28
5676,Javier Moreno,javier.moreno5676@example.com,Bogota,Colombia,plata,2024-01-29
5677,Lucia Gomez,lucia.gomez5677@example.com,Buenos Aires,Argentina,oro,2024-04-10
5678,Miguel Moreno,miguel.moreno5678@example.com,Ciudad de Mexico,Mexico,plata,2023-01-23
5679,Carmen Gomez,carmen.gomez5679@example.com,Valencia,Espana,plata,2022-01-05
5680,Ana Gomez,ana.gomez5680@example.com,Quito,Ecuador,bronce,2022-05-21
5681,Carlos Ortiz,carlos.ortiz5681@example.com,Quito,Ecuador,plata,2024-09-09
5682,Sergio Mendoza,sergio.mendoza5682@example.com,Ciudad de Mexico,Mexico,plata,2024-05-24
5683,Miguel Diaz,miguel.diaz5683@example.com,Madrid,Espana,bronce,2022-04-14
5684,Sofia Perez,sofia.perez5684@example.com,Medellin,Colombia,plata,2024-05-28
5685,Lucia Moreno,lucia.moreno5685@example.com,Ciudad de Mexico,Mexico,bronce,2024-08-25
5686,Sofia Rodriguez,sofia.rodriguez5686@example.com,Quito,Ecuador,bronce,2023-08-18
5687,Sergio Torres,sergio.torres5687@example.com,Buenos Aires,Argentina,platino,2023-05-10
5688,Laura Vargas,laura.vargas5688@example.com,Valencia,Espana,bronce,2024-12-30
5689,Sergio Rojas,sergio.rojas5689@example.com,Ciudad de Mexico,Mexico,plata,2024-08-12
5690,Laura Martinez,laura.martinez5690@example.com,Valencia,Espana,bronce,2023-02-28
5691,Miguel Garcia,miguel.garcia5691@example.com,Cali,Colombia,oro,2023-06-07
5692,Pablo Perez,pablo.perez5692@example.com,Ciudad de Mexico,Mexico,bronce,2024-10-28
5693,Ruben Martinez,ruben.martinez5693@example.com,Ciudad de Mexico,Mexico,bronce,2024-10-06
5694,Laura Ramirez,laura.ramirez5694@example.com,Cali,Colombia,oro,2023-11-22
5695,Pablo Ortiz,pablo.ortiz5695@example.com,Cali,Colombia,plata,2023-12-12
5696,Luis Perez,luis.perez5696@example.com,Santiago,Chile,bronce,2024-03-17
5697,Luis Torres,luis.torres5697@example.com,Ciudad de Mexico,Mexico,bronce,2022-11-13
5698,Sergio Sanchez,sergio.sanchez5698@example.com,Madrid,Espana,bronce,2024-10-01
5699,Marta Garcia,marta.garcia5699@example.com,Buenos Aires,Argentina,oro,2022-11-19
5700,Miguel Moreno,miguel.moreno5700@example.com,Guadalajara,Mexico,plata,2024-06-29
5701,Carmen Perez,carmen.perez5701@example.com,Buenos Aires,Argentina,oro,2024-06-17
5702,Miguel Ramirez,miguel.ramirez5702@example.com,Buenos Aires,Argentina,platino,2022-11-13
5703,Javier Rojas,javier.rojas5703@example.com,Valencia,Espana,bronce,2024-06-03
5704,Sofia Silva,sofia.silva5704@example.com,Quito,Ecuador,plata,2024-08-07
5705,Elena Lopez,elena.lopez5705@example.com,Quito,Ecuador,plata,2023-06-28
5706,Paula Vargas,paula.vargas5706@example.com,Barcelona,Espana,oro,2023-08-14
5707,Sofia Ortiz,sofia.ortiz5707@example.com,Valencia,Espana,plata,2023-07-12
5708,Elena Torres,elena.torres5708@example.com,Valencia,Espana,bronce,2022-02-19
5709,Lucia Garcia,lucia.garcia5709@example.com,Quito,Ecuador,oro,2023-08-15
5710,Sergio Perez,sergio.perez5710@example.com,Quito,Ecuador,plata,2024-01-08
5711,Javier Herrera,javier.herrera5711@example.com,Bogota,Colombia,oro,2023-09-07
5712,Julia Herrera,julia.herrera5712@example.com,Guadalajara,Mexico,bronce,2023-07-02
5713,Diego Gomez,diego.gomez5713@example.com,Valencia,Espana,bronce,2023-07-03
5714,Andres Lopez,andres.lopez5714@example.com,Madrid,Espana,plata,2023-08-11
5715,Alberto Perez,alberto.perez5715@example.com,Valencia,Espana,plata,2024-10-14
5716,Sofia Sanchez,sofia.sanchez5716@example.com,Madrid,Espana,bronce,2023-03-27
5717,Carlos Moreno,carlos.moreno5717@example.com,Lima,Peru,bronce,2022-09-03
5718,Marta Silva,marta.silva5718@example.com,Santiago,Chile,plata,2022-03-12
5719,Ana Garcia,ana.garcia5719@example.com,Valencia,Espana,platino,2024-08-11
5720,Diego Moreno,diego.moreno5720@example.com,Ciudad de Mexico,Mexico,bronce,2022-07-17
5721,Alberto Herrera,alberto.herrera5721@example.com,Valencia,Espana,bronce,2023-04-02
5722,Sofia Castro,sofia.castro5722@example.com,Ciudad de Mexico,Mexico,bronce,2024-04-08
5723,Andres Mendoza,andres.mendoza5723@example.com,Lima,Peru,bronce,2022-07-15
5724,Lucia Garcia,lucia.garcia5724@example.com,Lima,Peru,bronce,2022-09-14
5725,Laura Rojas,laura.rojas5725@example.com,Santiago,Chile,bronce,2023-11-27
5726,Elena Martinez,elena.martinez5726@example.com,Valencia,Espana,plata,2023-11-19
5727,Lucia Mendoza,lucia.mendoza5727@example.com,Valencia,Espana,bronce,2022-09-24
5728,Maria Torres,maria.torres5728@example.com,Barcelona,Espana,bronce,2023-08-17
5729,Sofia Rodriguez,sofia.rodriguez5729@example.com,Barcelona,Espana,platino,2024-02-11
5730,Sofia Moreno,sofia.moreno5730@example.com,Guadalajara,Mexico,bronce,2022-08-31
5731,Paula Moreno,paula.moreno5731@example.com,Guadalajara,Mexico,plata,2023-05-01
5732,Maria Torres,maria.torres5732@example.com,Lima,Peru,bronce,2022-11-04
5733,Paula Gomez,paula.gomez5733@example.com,Barcelona,Espana,oro,2024-10-26
5734,Sofia Garcia,sofia.garcia5734@example.com,Bogota,Colombia,oro,2023-02-25
5735,Andres Ortiz,andres.ortiz5735@example.com,Buenos Aires,Argentina,bronce,2024-07-26
5736,Pablo Lopez,pablo.lopez5736@example.com,Buenos Aires,Argentina,plata,2024-08-21
5737,Javier Silva,javier.silva5737@example.com,Cali,Colombia,plata,2022-07-03
5738,Julia Vargas,julia.vargas5738@example.com,Barcelona,Espana,bronce,2024-10-27
5739,Laura Rojas,laura.rojas5739@example.com,Cali,Colombia,plata,2022-02-23
5740,Ana Rojas,ana.rojas5740@example.com,Valencia,Espana,bronce,2023-02-28
5741,Sergio Mendoza,sergio.mendoza5741@example.com,Ciudad de Mexico,Mexico,bronce,2022-06-24
5742,Carmen Garcia,carmen.garcia5742@example.com,Lima,Peru,platino,2022-02-20
5743,Ruben Navarro,ruben.navarro5743@example.com,Valencia,Espana,bronce,2023-08-28
5744,Diego Garcia,diego.garcia5744@example.com,Barcelona,Espana,bronce,2023-10-20
5745,Ana Navarro,ana.navarro5745@example.com,Buenos Aires,Argentina,bronce,2023-09-30
5746,Ana Perez,ana.perez5746@example.com,Madrid,Espana,platino,2023-04-03
5747,Sofia Silva,sofia.silva5747@example.com,Quito,Ecuador,bronce,2024-05-11
5748,Laura Rodriguez,laura.rodriguez5748@example.com,Santiago,Chile,bronce,2023-06-24
5749,Julia Torres,julia.torres5749@example.com,Medellin,Colombia,plata,2023-08-09
5750,Maria Ramirez,maria.ramirez5750@example.com,Medellin,Colombia,plata,2023-04-29
5751,Ruben Navarro,ruben.navarro5751@example.com,Medellin,Colombia,bronce,2022-08-15
5752,Laura Martinez,laura.martinez5752@example.com,Medellin,Colombia,platino,2023-12-18
5753,Maria Garcia,maria.garcia5753@example.com,Lima,Peru,bronce,2024-06-26
5754,Javier Castro,javier.castro5754@example.com,Santiago,Chile,plata,2022-11-30
5755,Maria Garcia,maria.garcia5755@example.com,Valencia,Espana,plata,2023-05-23
5756,Sofia Herrera,sofia.herrera5756@example.com,Valencia,Espana,bronce,2024-09-04
5757,Elena Garcia,elena.garcia5757@example.com,Ciudad de Mexico,Mexico,oro,2022-08-15
5758,Lucia Navarro,lucia.navarro5758@example.com,Guadalajara,Mexico,plata,2023-04-07
5759,Lucia Ramirez,lucia.ramirez5759@example.com,Buenos Aires,Argentina,bronce,2022-10-23
5760,Ana Ortiz,ana.ortiz5760@example.com,Bogota,Colombia,bronce,2023-01-10
5761,Maria Martinez,maria.martinez5761@example.com,Cali,Colombia,bronce,2023-05-18
5762,Carlos Perez,carlos.perez5762@example.com,Barcelona,Espana,oro,2024-10-07
5763,Carlos Torres,carlos.torres5763@example.com,Cali,Colombia,bronce,2022-01-14
5764,Luis Garcia,luis.garcia5764@example.com,Buenos Aires,Argentina,oro,2023-01-28
5765,Elena Martinez,elena.martinez5765@example.com,Bogota,Colombia,bronce,2024-08-06
5766,Lucia Gomez,lucia.gomez5766@example.com,Bogota,Colombia,platino,2022-04-01
5767,Elena Moreno,elena.moreno5767@example.com,Cali,Colombia,oro,2023-07-09
5768,Elena Moreno,elena.moreno5768@example.com,Lima,Peru,bronce,2022-06-20
5769,Diego Rodriguez,diego.rodriguez5769@example.com,Guadalajara,Mexico,bronce,2023-09-05
5770,Lucia Rodriguez,lucia.rodriguez5770@example.com,Quito,Ecuador,oro,2024-02-22
5771,Elena Rojas,elena.rojas5771@example.com,Madrid,Espana,bronce,2023-11-27
5772,Laura Fernandez,laura.fernandez5772@example.com,Lima,Peru,bronce,2023-09-08
5773,Sofia Herrera,sofia.herrera5773@example.com,Madrid,Espana,oro,2024-03-24
5774,Ana Perez,ana.perez5774@example.com,Bogota,Colombia,oro,2023-08-09
5775,Diego Fernandez,diego.fernandez5775@example.com,Cali,Colombia,plata,2023-11-03
5776,Julia Sanchez,julia.sanchez5776@example.com,Valencia,Espana,oro,2022-03-31
5777,Miguel Perez,miguel.perez5777@example.com,Quito,Ecuador,plata,2022-01-24
5778,Maria Moreno,maria.moreno5778@example.com,Lima,Peru,plata,2022-06-29
5779,Marta Torres,marta.torres5779@example.com,Ciudad de Mexico,Mexico,bronce,2023-08-15
5780,Maria Rojas,maria.rojas5780@example.com,Cali,Colombia,plata,2023-03-10
5781,Carlos Rodriguez,carlos.rodriguez5781@example.com,Santiago,Chile,plata,2023-02-05
5782,Maria Ramirez,maria.ramirez5782@example.com,Buenos Aires,Argentina,plata,2023-05-06
5783,Ruben Torres,ruben.torres5783@example.com,Cali,Colombia,platino,2024-12-19
5784,Alberto Ortiz,alberto.ortiz5784@example.com,Santiago,Chile,bronce,2023-02-17
5785,Pablo Diaz,pablo.diaz5785@example.com,Valencia,Espana,plata,2023-05-02
5786,Carmen Martinez,carmen.martinez5786@example.com,Bogota,Colombia,bronce,2023-07-05
5787,Carmen Rojas,carmen.rojas5787@example.com,Madrid,Espana,bronce,2024-04-27
5788,Carmen Martinez,carmen.martinez5788@example.com,Barcelona,Espana,bronce,2024-03-14
5789,Lucia Ortiz,lucia.ortiz5789@example.com,Valencia,Espana,platino,2024-12-08
5790,Alberto Fernandez,alberto.fernandez5790@example.com,Guadalajara,Mexico,bronce,2023-11-28
5791,Marta Herrera,marta.herrera5791@example.com,Lima,Peru,plata,2024-11-10
5792,Luis Rojas,luis.rojas5792@example.com,Guadalajara,Mexico,plata,2023-11-01
5793,Miguel Torres,miguel.torres5793@example.com,Cali,Colombia,oro,2023-08-13
5794,Alberto Vargas,alberto.vargas5794@example.com,Bogota,Colombia,plata,2023-09-03
5795,Sofia Lopez,sofia.lopez5795@example.com,Barcelona,Espana,bronce,2023-06-10
5796,Laura Rodriguez,laura.rodriguez5796@example.com,Guadalajara,Mexico,bronce,2022-08-09
5797,Ruben Herrera,ruben.herrera5797@example.com,Barcelona,Espana,plata,2023-02-06
5798,Carmen Navarro,carmen.navarro5798@example.com,Santiago,Chile,bronce,2023-10-25
5799,Pablo Mendoza,pablo.mendoza5799@example.com,Medellin,Colombia,bronce,2023-10-26
5800,Sofia Gomez,sofia.gomez5800@example.com,Medellin,Colombia,bronce,2022-06-23
5801,Maria Fernandez,maria.fernandez5801@example.com,Madrid,Espana,bronce,2024-05-29
5802,Miguel Fernandez,miguel.fernandez5802@example.com,Valencia,Espana,platino,2024-02-20
5803,Sofia Moreno,sofia.moreno5803@example.com,Madrid,Espana,oro,2023-07-30
5804,Julia Castro,julia.castro5804@example.com,Buenos Aires,Argentina,plata,2023-05-11
5805,Elena Herrera,elena.herrera5805@example.com,Cali,Colombia,bronce,2023-09-03
5806,Maria Ortiz,maria.ortiz5806@example.com,Santiago,Chile,platino,2023-09-29
5807,Sofia Fernandez,sofia.fernandez5807@example.com,Ciudad de Mexico,Mexico,plata,2023-04-14
5808,Alberto Rojas,alberto.rojas5808@example.com,Quito,Ecuador,platino,2024-08-02
5809,Diego Ramirez,diego.ramirez5809@example.com,Santiago,Chile,bronce,2022-06-23
5810,Miguel Navarro,miguel.navarro5810@example.com,Barcelona,Espana,bronce,2023-02-13
5811,Andres Fernandez,andres.fernandez5811@example.com,Barcelona,Espana,plata,2023-03-12
5812,Carmen Lopez,carmen.lopez5812@example.com,Lima,Peru,oro,2022-04-20
5813,Javier Fernandez,javier.fernandez5813@example.com,Bogota,Colombia,bronce,2022-04-08
5814,Alberto Castro,alberto.castro5814@example.com,Santiago,Chile,bronce,2024-09-03
5815,Pablo Navarro,pablo.navarro5815@example.com,Guadalajara,Mexico,plata,2024-04-27
5816,Luis Silva,luis.silva5816@example.com,Buenos Aires,Argentina,platino,2023-02-04
5817,Sofia Garcia,sofia.garcia5817@example.com,Bogota,Colombia,plata,2022-10-19
5818,Julia Ramirez,julia.ramirez5818@example.com,Bogota,Colombia,oro,2023-03-22
5819,Miguel Lopez,miguel.lopez5819@example.com,Ciudad de Mexico,Mexico,plata,2024-02-11
5820,Pablo Fernandez,pablo.fernandez5820@example.com,Madrid,Espana,oro,2022-11-21
5821,Carmen Ortiz,carmen.ortiz5821@example.com,Bogota,Colombia,bronce,2022-03-14
5822,Marta Navarro,marta.navarro5822@example.com,Ciudad de Mexico,Mexico,bronce,2023-04-06
5823,Ruben Lopez,ruben.lopez5823@example.com,Valencia,Espana,plata,2023-10-18
5824,Maria Martinez,maria.martinez5824@example.com,Bogota,Colombia,plata,2023-07-25
5825,Lucia Rojas,lucia.rojas5825@example.com,Quito,Ecuador,bronce,2022-07-08
5826,Lucia Diaz,lucia.diaz5826@example.com,Bogota,Colombia,bronce,2024-07-12
5827,Carlos Diaz,carlos.diaz5827@example.com,Lima,Peru,plata,2023-11-23
5828,Andres Mendoza,andres.mendoza5828@example.com,Quito,Ecuador,oro,2024-02-28
5829,Maria Ortiz,maria.ortiz5829@example.com,Buenos Aires,Argentina,bronce,2024-11-14
5830,Diego Ortiz,diego.ortiz5830@example.com,Barcelona,Espana,oro,2023-07-17
5831,Elena Herrera,elena.herrera5831@example.com,Valencia,Espana,bronce,2023-09-26
5832,Carlos Navarro,carlos.navarro5832@example.com,Quito,Ecuador,bronce,2024-04-16
5833,Paula Moreno,paula.moreno5833@example.com,Madrid,Espana,bronce,2024-04-27
5834,Laura Mendoza,laura.mendoza5834@example.com,Ciudad de Mexico,Mexico,bronce,2024-07-17
5835,Javier Ramirez,javier.ramirez5835@example.com,Guadalajara,Mexico,bronce,2024-02-11
5836,Ruben Rodriguez,ruben.rodriguez5836@example.com,Lima,Peru,plata,2022-03-05
5837,Ruben Silva,ruben.silva5837@example.com,Lima,Peru,plata,2023-01-19
5838,Ana Ortiz,ana.ortiz5838@example.com,Bogota,Colombia,bronce,2023-10-11
5839,Javier Gomez,javier.gomez5839@example.com,Ciudad de Mexico,Mexico,oro,2023-05-03
5840,Marta Diaz,marta.diaz5840@example.com,Guadalajara,Mexico,platino,2022-02-17
5841,Sergio Vargas,sergio.vargas5841@example.com,Quito,Ecuador,bronce,2022-10-21
5842,Alberto Rojas,alberto.rojas5842@example.com,Ciudad de Mexico,Mexico,bronce,2022-12-04
5843,Pablo Rojas,pablo.rojas5843@example.com,Barcelona,Espana,bronce,2022-02-09
5844,Ana Fernandez,ana.fernandez5844@example.com,Quito,Ecuador,plata,2024-04-14
5845,Ruben Mendoza,ruben.mendoza5845@example.com,Ciudad de Mexico,Mexico,bronce,2023-02-18
5846,Carlos Silva,carlos.silva5846@example.com,Valencia,Espana,plata,2024-05-16
5847,Maria Ortiz,maria.ortiz5847@example.com,Valencia,Espana,plata,2024-08-10
5848,Andres Vargas,andres.vargas5848@example.com,Valencia,Espana,plata,2024-08-25
5849,Carmen Rodriguez,carmen.rodriguez5849@example.com,Buenos Aires,Argentina,bronce,2024-09-21
5850,Luis Silva,luis.silva5850@example.com,Quito,Ecuador,bronce,2023-06-30
5851,Carlos Rodriguez,carlos.rodriguez5851@example.com,Cali,Colombia,bronce,2022-09-23
5852,Pablo Lopez,pablo.lopez5852@example.com,Barcelona,Espana,oro,2022-04-03
5853,Javier Perez,javier.perez5853@example.com,Lima,Peru,plata,2023-11-15
5854,Andres Lopez,andres.lopez5854@example.com,Guadalajara,Mexico,plata,2022-05-19
5855,Sofia Moreno,sofia.moreno5855@example.com,Ciudad de Mexico,Mexico,plata,2022-09-22
5856,Pablo Diaz,pablo.diaz5856@example.com,Madrid,Espana,bronce,2022-09-25
5857,Diego Sanchez,diego.sanchez5857@example.com,Quito,Ecuador,bronce,2022-10-27
5858,Miguel Garcia,miguel.garcia5858@example.com,Madrid,Espana,bronce,2023-02-12
5859,Elena Sanchez,elena.sanchez5859@example.com,Guadalajara,Mexico,bronce,2022-12-29
5860,Andres Rojas,andres.rojas5860@example.com,Guadalajara,Mexico,bronce,2023-07-31
5861,Lucia Herrera,lucia.herrera5861@example.com,Ciudad de Mexico,Mexico,bronce,2024-11-14
5862,Pablo Perez,pablo.perez5862@example.com,Ciudad de Mexico,Mexico,plata,2023-12-09
5863,Pablo Rodriguez,pablo.rodriguez5863@example.com,Medellin,Colombia,bronce,2024-01-11
5864,Laura Vargas,laura.vargas5864@example.com,Ciudad de Mexico,Mexico,bronce,2022-06-27
5865,Julia Herrera,julia.herrera5865@example.com,Medellin,Colombia,bronce,2022-05-05
5866,Pablo Rodriguez,pablo.rodriguez5866@example.com,Cali,Colombia,bronce,2022-07-26
5867,Marta Herrera,marta.herrera5867@example.com,Buenos Aires,Argentina,bronce,2024-07-18
5868,Ruben Lopez,ruben.lopez5868@example.com,Buenos Aires,Argentina,bronce,2022-07-09
5869,Julia Perez,julia.perez5869@example.com,Barcelona,Espana,bronce,2024-12-13
5870,Andres Castro,andres.castro5870@example.com,Quito,Ecuador,platino,2024-04-06
5871,Sergio Rodriguez,sergio.rodriguez5871@example.com,Barcelona,Espana,bronce,2024-06-26
5872,Diego Gomez,diego.gomez5872@example.com,Bogota,Colombia,bronce,2022-11-27
5873,Marta Martinez,marta.martinez5873@example.com,Medellin,Colombia,bronce,2022-06-21
5874,Elena Sanchez,elena.sanchez5874@example.com,Bogota,Colombia,bronce,2022-07-02
5875,Marta Herrera,marta.herrera5875@example.com,Medellin,Colombia,plata,2024-07-28
5876,Luis Sanchez,luis.sanchez5876@example.com,Bogota,Colombia,bronce,2023-04-18
5877,Julia Garcia,julia.garcia5877@example.com,Cali,Colombia,oro,2023-03-25
5878,Laura Sanchez,laura.sanchez5878@example.com,Santiago,Chile,oro,2022-09-29
5879,Andres Rodriguez,andres.rodriguez5879@example.com,Santiago,Chile,plata,2023-01-26
5880,Ana Castro,ana.castro5880@example.com,Medellin,Colombia,bronce,2023-02-09
5881,Carlos Navarro,carlos.navarro5881@example.com,Bogota,Colombia,bronce,2024-03-31
5882,Alberto Lopez,alberto.lopez5882@example.com,Buenos Aires,Argentina,bronce,2024-06-21
5883,Paula Moreno,paula.moreno5883@example.com,Madrid,Espana,plata,2023-05-27
5884,Laura Fernandez,laura.fernandez5884@example.com,Cali,Colombia,bronce,2023-01-01
5885,Maria Rodriguez,maria.rodriguez5885@example.com,Valencia,Espana,plata,2023-05-10
5886,Paula Rojas,paula.rojas5886@example.com,Guadalajara,Mexico,bronce,2022-07-11
5887,Alberto Sanchez,alberto.sanchez5887@example.com,Madrid,Espana,bronce,2022-03-17
5888,Carlos Ramirez,carlos.ramirez5888@example.com,Santiago,Chile,bronce,2022-09-12
5889,Andres Ramirez,andres.ramirez5889@example.com,Bogota,Colombia,bronce,2022-01-27
5890,Javier Vargas,javier.vargas5890@example.com,Ciudad de Mexico,Mexico,plata,2022-02-07
5891,Marta Martinez,marta.martinez5891@example.com,Ciudad de Mexico,Mexico,plata,2022-09-19
5892,Sofia Perez,sofia.perez5892@example.com,Cali,Colombia,bronce,2024-09-13
5893,Maria Moreno,maria.moreno5893@example.com,Cali,Colombia,bronce,2022-07-22
5894,Elena Ortiz,elena.ortiz5894@example.com,Bogota,Colombia,oro,2024-02-03
5895,Lucia Garcia,lucia.garcia5895@example.com,Santiago,Chile,bronce,2022-06-11
5896,Sergio Diaz,sergio.diaz5896@example.com,Ciudad de Mexico,Mexico,plata,2023-05-23
5897,Ana Mendoza,ana.mendoza5897@example.com,Valencia,Espana,bronce,2023-10-27
5898,Alberto Perez,alberto.perez5898@example.com,Bogota,Colombia,plata,2023-09-07
5899,Carmen Diaz,carmen.diaz5899@example.com,Cali,Colombia,plata,2024-05-25
5900,Ruben Ortiz,ruben.ortiz5900@example.com,Lima,Peru,bronce,2022-10-06
5901,Julia Navarro,julia.navarro5901@example.com,Quito,Ecuador,bronce,2024-03-24
5902,Carlos Rojas,carlos.rojas5902@example.com,Medellin,Colombia,bronce,2023-03-19
5903,Luis Rojas,luis.rojas5903@example.com,Medellin,Colombia,bronce,2023-05-03
5904,Sergio Castro,sergio.castro5904@example.com,Barcelona,Espana,plata,2022-12-17
5905,Carlos Perez,carlos.perez5905@example.com,Ciudad de Mexico,Mexico,bronce,2024-12-27
5906,Maria Mendoza,maria.mendoza5906@example.com,Valencia,Espana,bronce,2024-06-21
5907,Diego Garcia,diego.garcia5907@example.com,Santiago,Chile,oro,2023-05-22
5908,Julia Rodriguez,julia.rodriguez5908@example.com,Ciudad de Mexico,Mexico,oro,2024-03-25
5909,Sergio Castro,sergio.castro5909@example.com,Valencia,Espana,bronce,2024-09-29
5910,Lucia Silva,lucia.silva5910@example.com,Lima,Peru,plata,2022-11-07
5911,Carlos Silva,carlos.silva5911@example.com,Santiago,Chile,bronce,2022-12-24
5912,Elena Rojas,elena.rojas5912@example.com,Bogota,Colombia,plata,2024-04-14
5913,Andres Fernandez,andres.fernandez5913@example.com,Barcelona,Espana,bronce,2022-11-07
5914,Carlos Fernandez,carlos.fernandez5914@example.com,Bogota,Colombia,plata,2022-04-13
5915,Lucia Diaz,lucia.diaz5915@example.com,Medellin,Colombia,bronce,2023-10-14
5916,Ana Perez,ana.perez5916@example.com,Medellin,Colombia,bronce,2022-08-10
5917,Elena Diaz,elena.diaz5917@example.com,Santiago,Chile,oro,2023-10-05
5918,Laura Martinez,laura.martinez5918@example.com,Quito,Ecuador,bronce,2022-04-27
5919,Andres Gomez,andres.gomez5919@example.com,Buenos Aires,Argentina,bronce,2023-06-08
5920,Julia Ortiz,julia.ortiz5920@example.com,Lima,Peru,bronce,2022-09-18
5921,Maria Moreno,maria.moreno5921@example.com,Barcelona,Espana,plata,2023-08-02
5922,Sergio Martinez,sergio.martinez5922@example.com,Barcelona,Espana,bronce,2022-09-05
5923,Andres Perez,andres.perez5923@example.com,Lima,Peru,plata,2022-10-03
5924,Alberto Perez,alberto.perez5924@example.com,Guadalajara,Mexico,bronce,2024-09-13
5925,Julia Perez,julia.perez5925@example.com,Valencia,Espana,plata,2024-12-11
5926,Maria Rojas,maria.rojas5926@example.com,Santiago,Chile,oro,2022-12-25
5927,Marta Mendoza,marta.mendoza5927@example.com,Valencia,Espana,bronce,2023-12-08
5928,Pablo Moreno,pablo.moreno5928@example.com,Santiago,Chile,plata,2023-01-24
5929,Maria Torres,maria.torres5929@example.com,Lima,Peru,bronce,2022-07-06
5930,Javier Lopez,javier.lopez5930@example.com,Cali,Colombia,bronce,2022-04-20
5931,Julia Martinez,julia.martinez5931@example.com,Guadalajara,Mexico,plata,2024-09-02
5932,Lucia Silva,lucia.silva5932@example.com,Buenos Aires,Argentina,oro,2022-03-14
5933,Elena Rojas,elena.rojas5933@example.com,Lima,Peru,oro,2023-06-23
5934,Elena Ramirez,elena.ramirez5934@example.com,Guadalajara,Mexico,oro,2022-08-29
5935,Paula Vargas,paula.vargas5935@example.com,Bogota,Colombia,bronce,2024-04-12
5936,Javier Silva,javier.silva5936@example.com,Valencia,Espana,plata,2022-05-28
5937,Carlos Silva,carlos.silva5937@example.com,Medellin,Colombia,bronce,2023-09-24
5938,Pablo Rodriguez,pablo.rodriguez5938@example.com,Madrid,Espana,platino,2023-01-13
5939,Alberto Fernandez,alberto.fernandez5939@example.com,Buenos Aires,Argentina,plata,2023-07-25
5940,Carlos Garcia,carlos.garcia5940@example.com,Medellin,Colombia,bronce,2022-07-23
5941,Javier Fernandez,javier.fernandez5941@example.com,Buenos Aires,Argentina,oro,2022-05-08
5942,Diego Castro,diego.castro5942@example.com,Madrid,Espana,plata,2022-07-15
5943,Carlos Sanchez,carlos.sanchez5943@example.com,Bogota,Colombia,oro,2023-09-24
5944,Andres Lopez,andres.lopez5944@example.com,Medellin,Colombia,plata,2023-12-11
5945,Javier Torres,javier.torres5945@example.com,Barcelona,Espana,oro,2024-09-17
5946,Maria Ramirez,maria.ramirez5946@example.com,Santiago,Chile,bronce,2024-10-28
5947,Javier Moreno,javier.moreno5947@example.com,Guadalajara,Mexico,bronce,2024-04-04
5948,Julia Garcia,julia.garcia5948@example.com,Lima,Peru,plata,2022-01-14
5949,Julia Sanchez,julia.sanchez5949@example.com,Santiago,Chile,bronce,2024-02-10
5950,Lucia Herrera,lucia.herrera5950@example.com,Madrid,Espana,bronce,2024-02-12
5951,Sofia Rojas,sofia.rojas5951@example.com,Lima,Peru,platino,2024-02-13
5952,Paula Mendoza,paula.mendoza5952@example.com,Madrid,Espana,oro,2023-12-23
5953,Carlos Silva,carlos.silva5953@example.com,Lima,Peru,platino,2024-01-23
5954,Andres Silva,andres.silva5954@example.com,Buenos Aires,Argentina,bronce,2023-10-03
5955,Andres Ramirez,andres.ramirez5955@example.com,Santiago,Chile,bronce,2023-11-10
5956,Marta Navarro,marta.navarro5956@example.com,Cali,Colombia,oro,2024-01-29
5957,Laura Diaz,laura.diaz5957@example.com,Barcelona,Espana,bronce,2022-02-17
5958,Marta Ortiz,marta.ortiz5958@example.com,Barcelona,Espana,bronce,2023-07-12
5959,Carmen Fernandez,carmen.fernandez5959@example.com,Barcelona,Espana,bronce,2022-05-20
5960,Ruben Diaz,ruben.diaz5960@example.com,Santiago,Chile,oro,2024-10-11
5961,Carlos Rojas,carlos.rojas5961@example.com,Ciudad de Mexico,Mexico,bronce,2024-12-19
5962,Carmen Fernandez,carmen.fernandez5962@example.com,Valencia,Espana,bronce,2022-06-23
5963,Paula Martinez,paula.martinez5963@example.com,Barcelona,Espana,bronce,2024-09-03
5964,Javier Mendoza,javier.mendoza5964@example.com,Madrid,Espana,bronce,2023-06-03
5965,Marta Torres,marta.torres5965@example.com,Bogota,Colombia,plata,2024-01-07
5966,Luis Ortiz,luis.ortiz5966@example.com,Buenos Aires,Argentina,plata,2023-12-17
5967,Marta Fernandez,marta.fernandez5967@example.com,Lima,Peru,plata,2022-05-09
5968,Carmen Navarro,carmen.navarro5968@example.com,Guadalajara,Mexico,bronce,2024-09-22
5969,Carlos Castro,carlos.castro5969@example.com,Quito,Ecuador,bronce,2023-12-03
5970,Luis Herrera,luis.herrera5970@example.com,Medellin,Colombia,bronce,2023-06-18
5971,Marta Herrera,marta.herrera5971@example.com,Bogota,Colombia,oro,2023-11-05
5972,Laura Sanchez,laura.sanchez5972@example.com,Buenos Aires,Argentina,bronce,2024-12-05
5973,Diego Silva,diego.silva5973@example.com,Barcelona,Espana,bronce,2023-12-10
5974,Luis Ortiz,luis.ortiz5974@example.com,Lima,Peru,bronce,2023-12-20
5975,Alberto Rojas,alberto.rojas5975@example.com,Santiago,Chile,platino,2024-08-17
5976,Lucia Ortiz,lucia.ortiz5976@example.com,Madrid,Espana,plata,2024-02-05
5977,Julia Silva,julia.silva5977@example.com,Valencia,Espana,bronce,2022-06-06
5978,Carlos Rojas,carlos.rojas5978@example.com,Guadalajara,Mexico,plata,2024-06-14
5979,Laura Torres,laura.torres5979@example.com,Buenos Aires,Argentina,bronce,2024-09-12
5980,Carmen Mendoza,carmen.mendoza5980@example.com,Valencia,Espana,plata,2024-03-14
5981,Carmen Lopez,carmen.lopez5981@example.com,Buenos Aires,Argentina,platino,2022-06-16
5982,Sergio Vargas,sergio.vargas5982@example.com,Cali,Colombia,plata,2023-07-27
5983,Julia Silva,julia.silva5983@example.com,Buenos Aires,Argentina,oro,2022-03-01
5984,Paula Ortiz,paula.ortiz5984@example.com,Cali,Colombia,bronce,2024-04-26
5985,Maria Perez,maria.perez5985@example.com,Cali,Colombia,bronce,2024-11-14
5986,Elena Rodriguez,elena.rodriguez5986@example.com,Medellin,Colombia,plata,2022-02-09
5987,Julia Gomez,julia.gomez5987@example.com,Barcelona,Espana,plata,2022-04-30
5988,Lucia Mendoza,lucia.mendoza5988@example.com,Valencia,Espana,bronce,2024-10-18
5989,Ruben Ramirez,ruben.ramirez5989@example.com,Valencia,Espana,bronce,2024-05-25
5990,Pablo Rodriguez,pablo.rodriguez5990@example.com,Santiago,Chile,bronce,2024-06-20
5991,Ana Martinez,ana.martinez5991@example.com,Cali,Colombia,bronce,2022-08-17
5992,Diego Gomez,diego.gomez5992@example.com,Medellin,Colombia,oro,2023-11-30
5993,Paula Gomez,paula.gomez5993@example.com,Lima,Peru,bronce,2024-06-26
5994,Andres Martinez,andres.martinez5994@example.com,Lima,Peru,oro,2022-03-17
5995,Maria Torres,maria.torres5995@example.com,Valencia,Espana,bronce,2022-11-07
5996,Laura Torres,laura.torres5996@example.com,Medellin,Colombia,plata,2022-11-19
5997,Ruben Lopez,ruben.lopez5997@example.com,Medellin,Colombia,oro,2023-08-17
5998,Alberto Sanchez,alberto.sanchez5998@example.com,Lima,Peru,plata,2022-10-05
5999,Sergio Rojas,sergio.rojas5999@example.com,Buenos Aires,Argentina,oro,2023-01-10
6000,Luis Navarro,luis.navarro6000@example.com,Ciudad de Mexico,Mexico,bronce,2022-10-09
6001,Carmen Navarro,carmen.navarro6001@example.com,Valencia,Espana,bronce,2022-03-11
6002,Paula Vargas,paula.vargas6002@example.com,Medellin,Colombia,plata,2024-01-06
6003,Carmen Garcia,carmen.garcia6003@example.com,Madrid,Espana,plata,2023-12-01
6004,Pablo Mendoza,pablo.mendoza6004@example.com,Buenos Aires,Argentina,plata,2024-08-17
6005,Diego Navarro,diego.navarro6005@example.com,Quito,Ecuador,plata,2023-09-23
6006,Laura Perez,laura.perez6006@example.com,Santiago,Chile,bronce,2024-01-17
6007,Javier Diaz,javier.diaz6007@example.com,Bogota,Colombia,bronce,2023-01-29
6008,Marta Garcia,marta.garcia6008@example.com,Cali,Colombia,oro,2023-03-02
6009,Luis Silva,luis.silva6009@example.com,Quito,Ecuador,plata,2023-03-28
6010,Luis Herrera,luis.herrera6010@example.com,Cali,Colombia,plata,2024-11-27
6011,Miguel Garcia,miguel.garcia6011@example.com,Lima,Peru,plata,2023-06-02
6012,Sergio Moreno,sergio.moreno6012@example.com,Ciudad de Mexico,Mexico,oro,2024-08-02
6013,Andres Diaz,andres.diaz6013@example.com,Cali,Colombia,oro,2022-12-18
6014,Pablo Ramirez,pablo.ramirez6014@example.com,Guadalajara,Mexico,bronce,2024-01-21
6015,Lucia Sanchez,lucia.sanchez6015@example.com,Valencia,Espana,oro,2022-10-28
6016,Maria Silva,maria.silva6016@example.com,Cali,Colombia,bronce,2023-03-12
6017,Elena Diaz,elena.diaz6017@example.com,Bogota,Colombia,bronce,2024-07-29
6018,Luis Silva,luis.silva6018@example.com,Santiago,Chile,oro,2024-01-19
6019,Sergio Martinez,sergio.martinez6019@example.com,Guadalajara,Mexico,bronce,2023-06-17
6020,Sergio Vargas,sergio.vargas6020@example.com,Medellin,Colombia,bronce,2023-03-23
6021,Javier Gomez,javier.gomez6021@example.com,Santiago,Chile,plata,2024-05-25
6022,Javier Navarro,javier.navarro6022@example.com,Cali,Colombia,platino,2022-06-19
6023,Elena Vargas,elena.vargas6023@example.com,Quito,Ecuador,bronce,2024-07-18
6024,Ruben Moreno,ruben.moreno6024@example.com,Guadalajara,Mexico,plata,2023-11-09
6025,Diego Rodriguez,diego.rodriguez6025@example.com,Lima,Peru,bronce,2022-12-27
6026,Sergio Rojas,sergio.rojas6026@example.com,Quito,Ecuador,bronce,2024-02-04
6027,Sofia Martinez,sofia.martinez6027@example.com,Bogota,Colombia,plata,2024-12-21
6028,Andres Fernandez,andres.fernandez6028@example.com,Bogota,Colombia,plata,2023-01-18
6029,Lucia Sanchez,lucia.sanchez6029@example.com,Lima,Peru,plata,2023-03-07
6030,Javier Garcia,javier.garcia6030@example.com,Valencia,Espana,plata,2024-10-14
6031,Ruben Vargas,ruben.vargas6031@example.com,Santiago,Chile,platino,2023-01-13
6032,Marta Sanchez,marta.sanchez6032@example.com,Valencia,Espana,oro,2024-07-24
6033,Sergio Ramirez,sergio.ramirez6033@example.com,Lima,Peru,bronce,2024-09-12
6034,Julia Herrera,julia.herrera6034@example.com,Buenos Aires,Argentina,plata,2023-10-01
6035,Laura Lopez,laura.lopez6035@example.com,Ciudad de Mexico,Mexico,plata,2022-03-31
6036,Luis Moreno,luis.moreno6036@example.com,Cali,Colombia,bronce,2022-03-07
6037,Pablo Perez,pablo.perez6037@example.com,Guadalajara,Mexico,plata,2022-11-04
6038,Elena Gomez,elena.gomez6038@example.com,Medellin,Colombia,plata,2022-01-19
6039,Sofia Vargas,sofia.vargas6039@example.com,Medellin,Colombia,bronce,2024-04-15
6040,Laura Castro,laura.castro6040@example.com,Valencia,Espana,bronce,2023-12-02
6041,Miguel Rojas,miguel.rojas6041@example.com,Barcelona,Espana,bronce,2023-05-13
6042,Miguel Lopez,miguel.lopez6042@example.com,Lima,Peru,bronce,2024-06-10
6043,Miguel Vargas,miguel.vargas6043@example.com,Buenos Aires,Argentina,oro,2022-05-27
6044,Marta Perez,marta.perez6044@example.com,Cali,Colombia,bronce,2023-07-02
6045,Pablo Perez,pablo.perez6045@example.com,Santiago,Chile,plata,2023-01-06
6046,Diego Ortiz,diego.ortiz6046@example.com,Guadalajara,Mexico,plata,2022-01-26
6047,Maria Martinez,maria.martinez6047@example.com,Guadalajara,Mexico,bronce,2023-06-08
6048,Pablo Diaz,pablo.diaz6048@example.com,Barcelona,Espana,bronce,2022-06-08
6049,Carlos Diaz,carlos.diaz6049@example.com,Ciudad de Mexico,Mexico,bronce,2022-02-20
6050,Elena Sanchez,elena.sanchez6050@example.com,Barcelona,Espana,bronce,2022-08-20
6051,Sofia Herrera,sofia.herrera6051@example.com,Buenos Aires,Argentina,bronce,2022-08-02
6052,Maria Torres,maria.torres6052@example.com,Madrid,Espana,bronce,2023-11-19
6053,Miguel Moreno,miguel.moreno6053@example.com,Ciudad de Mexico,Mexico,oro,2024-05-18
6054,Javier Fernandez,javier.fernandez6054@example.com,Medellin,Colombia,plata,2023-06-17
6055,Paula Mendoza,paula.mendoza6055@example.com,Barcelona,Espana,bronce,2023-12-04
6056,Ruben Moreno,ruben.moreno6056@example.com,Cali,Colombia,bronce,2022-04-22
6057,Ana Gomez,ana.gomez6057@example.com,Valencia,Espana,oro,2024-05-11
6058,Carmen Navarro,carmen.navarro6058@example.com,Valencia,Espana,bronce,2023-07-04
6059,Carmen Mendoza,carmen.mendoza6059@example.com,Lima,Peru,plata,2023-04-15
6060,Miguel Vargas,miguel.vargas6060@example.com,Medellin,Colombia,bronce,2024-08-10
6061,Diego Garcia,diego.garcia6061@example.com,Medellin,Colombia,oro,2022-12-10
6062,Sergio Vargas,sergio.vargas6062@example.com,Madrid,Espana,bronce,2023-04-26
6063,Miguel Rojas,miguel.rojas6063@example.com,Bogota,Colombia,bronce,2024-10-11
6064,Luis Fernandez,luis.fernandez6064@example.com,Medellin,Colombia,plata,2022-06-13
6065,Miguel Martinez,miguel.martinez6065@example.com,Buenos Aires,Argentina,bronce,2023-07-26
6066,Javier Vargas,javier.vargas6066@example.com,Barcelona,Espana,plata,2023-09-25
6067,Miguel Silva,miguel.silva6067@example.com,Quito,Ecuador,bronce,2024-02-06
6068,Laura Gomez,laura.gomez6068@example.com,Barcelona,Espana,bronce,2024-10-14
6069,Maria Torres,maria.torres6069@example.com,Guadalajara,Mexico,bronce,2023-01-12
6070,Alberto Garcia,alberto.garcia6070@example.com,Madrid,Espana,plata,2022-05-07
6071,Maria Moreno,maria.moreno6071@example.com,Santiago,Chile,oro,2023-03-14
6072,Marta Mendoza,marta.mendoza6072@example.com,Buenos Aires,Argentina,bronce,2022-06-21
6073,Marta Herrera,marta.herrera6073@example.com,Lima,Peru,oro,2024-03-08
6074,Carmen Diaz,carmen.diaz6074@example.com,Quito,Ecuador,oro,2023-09-13
6075,Julia Garcia,julia.garcia6075@example.com,Lima,Peru,bronce,2024-04-09
6076,Ana Torres,ana.torres6076@example.com,Guadalajara,Mexico,bronce,2023-01-08
6077,Elena Ortiz,elena.ortiz6077@example.com,Lima,Peru,bronce,2024-11-11
6078,Carlos Rodriguez,carlos.rodriguez6078@example.com,Barcelona,Espana,bronce,2024-09-07
6079,Pablo Sanchez,pablo.sanchez6079@example.com,Guadalajara,Mexico,plata,2024-09-29
6080,Carmen Silva,carmen.silva6080@example.com,Quito,Ecuador,bronce,2024-02-20
6081,Ruben Vargas,ruben.vargas6081@example.com,Medellin,Colombia,bronce,2022-07-24
6082,Miguel Lopez,miguel.lopez6082@example.com,Quito,Ecuador,plata,2022-06-11
6083,Laura Garcia,laura.garcia6083@example.com,Ciudad de Mexico,Mexico,bronce,2024-11-13
6084,Julia Diaz,julia.diaz6084@example.com,Cali,Colombia,oro,2024-08-11
6085,Andres Vargas,andres.vargas6085@example.com,Bogota,Colombia,plata,2024-08-22
6086,Sergio Silva,sergio.silva6086@example.com,Barcelona,Espana,bronce,2023-12-05
6087,Sofia Mendoza,sofia.mendoza6087@example.com,Lima,Peru,bronce,2024-07-27
6088,Sofia Torres,sofia.torres6088@example.com,Buenos Aires,Argentina,bronce,2023-06-25
6089,Miguel Diaz,miguel.diaz6089@example.com,Medellin,Colombia,platino,2022-06-27
6090,Marta Ortiz,marta.ortiz6090@example.com,Quito,Ecuador,bronce,2022-10-08
6091,Laura Herrera,laura.herrera6091@example.com,Valencia,Espana,oro,2024-07-21
6092,Alberto Sanchez,alberto.sanchez6092@example.com,Santiago,Chile,platino,2023-12-13
6093,Carlos Rojas,carlos.rojas6093@example.com,Cali,Colombia,bronce,2024-12-28
6094,Diego Moreno,diego.moreno6094@example.com,Guadalajara,Mexico,plata,2024-09-10
6095,Elena Sanchez,elena.sanchez6095@example.com,Madrid,Espana,plata,2024-04-11
6096,Carmen Navarro,carmen.navarro6096@example.com,Guadalajara,Mexico,bronce,2022-02-12
6097,Andres Perez,andres.perez6097@example.com,Buenos Aires,Argentina,platino,2022-07-22
6098,Julia Ramirez,julia.ramirez6098@example.com,Quito,Ecuador,bronce,2023-02-15
6099,Sergio Torres,sergio.torres6099@example.com,Medellin,Colombia,oro,2022-02-09
6100,Laura Rojas,laura.rojas6100@example.com,Madrid,Espana,plata,2024-10-21
6101,Laura Ortiz,laura.ortiz6101@example.com,Madrid,Espana,bronce,2022-09-07
6102,Ruben Fernandez,ruben.fernandez6102@example.com,Barcelona,Espana,bronce,2023-02-24
6103,Diego Fernandez,diego.fernandez6103@example.com,Bogota,Colombia,bronce,2024-01-09
6104,Luis Herrera,luis.herrera6104@example.com,Santiago,Chile,bronce,2022-02-09
6105,Paula Navarro,paula.navarro6105@example.com,Valencia,Espana,plata,2023-11-28
6106,Carmen Ortiz,carmen.ortiz6106@example.com,Barcelona,Espana,bronce,2022-04-22
6107,Ana Herrera,ana.herrera6107@example.com,Madrid,Espana,platino,2024-09-15
6108,Sergio Moreno,sergio.moreno6108@example.com,Medellin,Colombia,bronce,2024-01-27
6109,Carmen Herrera,carmen.herrera6109@example.com,Guadalajara,Mexico,bronce,2023-01-03
6110,Carmen Ortiz,carmen.ortiz6110@example.com,Bogota,Colombia,bronce,2024-02-06
6111,Ruben Garcia,ruben.garcia6111@example.com,Cali,Colombia,bronce,2022-12-10
6112,Diego Vargas,diego.vargas6112@example.com,Valencia,Espana,plata,2022-05-06
6113,Diego Garcia,diego.garcia6113@example.com,Santiago,Chile,bronce,2022-01-11
6114,Carmen Vargas,carmen.vargas6114@example.com,Madrid,Espana,plata,2022-08-29
6115,Carlos Fernandez,carlos.fernandez6115@example.com,Valencia,Espana,plata,2024-02-15
6116,Carlos Gomez,carlos.gomez6116@example.com,Ciudad de Mexico,Mexico,bronce,2023-09-10
6117,Paula Mendoza,paula.mendoza6117@example.com,Lima,Peru,bronce,2022-10-26
6118,Laura Moreno,laura.moreno6118@example.com,Medellin,Colombia,bronce,2024-01-22
6119,Lucia Vargas,lucia.vargas6119@example.com,Madrid,Espana,bronce,2023-03-02
6120,Javier Mendoza,javier.mendoza6120@example.com,Ciudad de Mexico,Mexico,plata,2022-06-21
6121,Laura Rodriguez,laura.rodriguez6121@example.com,Bogota,Colombia,bronce,2024-01-14
6122,Pablo Castro,pablo.castro6122@example.com,Bogota,Colombia,bronce,2023-05-15
6123,Paula Lopez,paula.lopez6123@example.com,Quito,Ecuador,bronce,2023-12-29
6124,Sofia Sanchez,sofia.sanchez6124@example.com,Quito,Ecuador,bronce,2023-09-08
6125,Maria Lopez,maria.lopez6125@example.com,Bogota,Colombia,oro,2022-04-21
6126,Laura Ramirez,laura.ramirez6126@example.com,Guadalajara,Mexico,oro,2022-02-24
6127,Carlos Castro,carlos.castro6127@example.com,Ciudad de Mexico,Mexico,plata,2022-04-21
6128,Ruben Herrera,ruben.herrera6128@example.com,Quito,Ecuador,bronce,2022-09-03
6129,Elena Diaz,elena.diaz6129@example.com,Quito,Ecuador,bronce,2022-09-03
6130,Miguel Ortiz,miguel.ortiz6130@example.com,Medellin,Colombia,bronce,2024-10-03
6131,Luis Fernandez,luis.fernandez6131@example.com,Madrid,Espana,oro,2024-05-07
6132,Sofia Lopez,sofia.lopez6132@example.com,Madrid,Espana,bronce,2024-08-21
6133,Julia Garcia,julia.garcia6133@example.com,Madrid,Espana,bronce,2023-06-04
6134,Sofia Martinez,sofia.martinez6134@example.com,Santiago,Chile,plata,2022-12-20
6135,Andres Diaz,andres.diaz6135@example.com,Buenos Aires,Argentina,plata,2023-03-18
6136,Carlos Diaz,carlos.diaz6136@example.com,Santiago,Chile,bronce,2024-08-08
6137,Maria Mendoza,maria.mendoza6137@example.com,Barcelona,Espana,bronce,2023-01-25
6138,Marta Martinez,marta.martinez6138@example.com,Madrid,Espana,oro,2023-11-24
6139,Luis Perez,luis.perez6139@example.com,Valencia,Espana,bronce,2022-06-08
6140,Sofia Navarro,sofia.navarro6140@example.com,Guadalajara,Mexico,platino,2024-12-10
6141,Elena Garcia,elena.garcia6141@example.com,Madrid,Espana,bronce,2023-12-04
6142,Ana Diaz,ana.diaz6142@example.com,Guadalajara,Mexico,oro,2024-11-24
6143,Lucia Lopez,lucia.lopez6143@example.com,Lima,Peru,oro,2022-11-19
6144,Alberto Ramirez,alberto.ramirez6144@example.com,Barcelona,Espana,bronce,2023-11-07
6145,Luis Navarro,luis.navarro6145@example.com,Buenos Aires,Argentina,oro,2022-10-28
6146,Paula Sanchez,paula.sanchez6146@example.com,Ciudad de Mexico,Mexico,bronce,2023-05-28
6147,Lucia Fernandez,lucia.fernandez6147@example.com,Quito,Ecuador,bronce,2022-12-20
6148,Marta Diaz,marta.diaz6148@example.com,Valencia,Espana,bronce,2022-06-05
6149,Luis Herrera,luis.herrera6149@example.com,Valencia,Espana,plata,2023-04-30
6150,Ruben Navarro,ruben.navarro6150@example.com,Madrid,Espana,bronce,2023-08-04
6151,Ana Rodriguez,ana.rodriguez6151@example.com,Buenos Aires,Argentina,bronce,2022-06-22
6152,Julia Torres,julia.torres6152@example.com,Lima,Peru,platino,2023-03-13
6153,Andres Herrera,andres.herrera6153@example.com,Madrid,Espana,oro,2022-04-13
6154,Elena Garcia,elena.garcia6154@example.com,Cali,Colombia,bronce,2023-12-08
6155,Ana Silva,ana.silva6155@example.com,Buenos Aires,Argentina,bronce,2022-12-09
6156,Carmen Sanchez,carmen.sanchez6156@example.com,Santiago,Chile,bronce,2022-04-08
6157,Luis Ramirez,luis.ramirez6157@example.com,Quito,Ecuador,bronce,2023-07-16
6158,Carmen Navarro,carmen.navarro6158@example.com,Buenos Aires,Argentina,oro,2024-07-03
6159,Sergio Castro,sergio.castro6159@example.com,Quito,Ecuador,platino,2024-12-21
6160,Javier Navarro,javier.navarro6160@example.com,Quito,Ecuador,bronce,2024-11-24
6161,Laura Castro,laura.castro6161@example.com,Quito,Ecuador,bronce,2022-07-10
6162,Laura Sanchez,laura.sanchez6162@example.com,Cali,Colombia,bronce,2022-08-18
6163,Laura Rojas,laura.rojas6163@example.com,Medellin,Colombia,bronce,2024-09-04
6164,Maria Castro,maria.castro6164@example.com,Cali,Colombia,bronce,2023-11-24
6165,Laura Gomez,laura.gomez6165@example.com,Quito,Ecuador,bronce,2023-08-18
6166,Andres Rodriguez,andres.rodriguez6166@example.com,Bogota,Colombia,bronce,2024-05-28
6167,Elena Castro,elena.castro6167@example.com,Santiago,Chile,bronce,2022-03-12
6168,Sergio Vargas,sergio.vargas6168@example.com,Guadalajara,Mexico,oro,2023-08-31
6169,Paula Herrera,paula.herrera6169@example.com,Madrid,Espana,plata,2023-09-19
6170,Sergio Martinez,sergio.martinez6170@example.com,Cali,Colombia,bronce,2024-10-21
6171,Lucia Ramirez,lucia.ramirez6171@example.com,Valencia,Espana,bronce,2023-05-27
6172,Elena Silva,elena.silva6172@example.com,Buenos Aires,Argentina,oro,2023-07-15
6173,Julia Mendoza,julia.mendoza6173@example.com,Cali,Colombia,bronce,2024-05-26
6174,Laura Ortiz,laura.ortiz6174@example.com,Medellin,Colombia,oro,2022-10-24
6175,Diego Sanchez,diego.sanchez6175@example.com,Madrid,Espana,bronce,2022-03-18
6176,Diego Lopez,diego.lopez6176@example.com,Barcelona,Espana,oro,2023-06-01
6177,Marta Vargas,marta.vargas6177@example.com,Santiago,Chile,bronce,2023-10-31
6178,Lucia Torres,lucia.torres6178@example.com,Lima,Peru,oro,2023-06-19
6179,Sergio Sanchez,sergio.sanchez6179@example.com,Bogota,Colombia,bronce,2024-02-13
6180,Julia Martinez,julia.martinez6180@example.com,Santiago,Chile,oro,2022-10-05
6181,Miguel Martinez,miguel.martinez6181@example.com,Ciudad de Mexico,Mexico,plata,2022-01-16
6182,Ruben Gomez,ruben.gomez6182@example.com,Medellin,Colombia,bronce,2024-05-11
6183,Carlos Moreno,carlos.moreno6183@example.com,Cali,Colombia,plata,2024-07-20
6184,Julia Rodriguez,julia.rodriguez6184@example.com,Buenos Aires,Argentina,bronce,2023-11-08
6185,Carlos Martinez,carlos.martinez6185@example.com,Lima,Peru,bronce,2022-12-10
6186,Ruben Perez,ruben.perez6186@example.com,Cali,Colombia,bronce,2023-02-10
6187,Miguel Mendoza,miguel.mendoza6187@example.com,Medellin,Colombia,plata,2023-06-10
6188,Alberto Navarro,alberto.navarro6188@example.com,Santiago,Chile,oro,2023-04-07
6189,Maria Diaz,maria.diaz6189@example.com,Ciudad de Mexico,Mexico,bronce,2022-09-03
6190,Diego Garcia,diego.garcia6190@example.com,Medellin,Colombia,plata,2023-02-12
6191,Julia Garcia,julia.garcia6191@example.com,Cali,Colombia,oro,2022-11-23
6192,Ana Mendoza,ana.mendoza6192@example.com,Ciudad de Mexico,Mexico,plata,2023-05-06
6193,Javier Diaz,javier.diaz6193@example.com,Barcelona,Espana,bronce,2023-02-16
6194,Luis Rodriguez,luis.rodriguez6194@example.com,Madrid,Espana,bronce,2023-08-02
6195,Elena Silva,elena.silva6195@example.com,Guadalajara,Mexico,bronce,2024-06-02
6196,Miguel Ramirez,miguel.ramirez6196@example.com,Valencia,Espana,bronce,2022-12-29
6197,Carmen Gomez,carmen.gomez6197@example.com,Ciudad de Mexico,Mexico,bronce,2022-03-05
6198,Javier Torres,javier.torres6198@example.com,Santiago,Chile,oro,2024-06-14
6199,Carlos Sanchez,carlos.sanchez6199@example.com,Valencia,Espana,plata,2022-07-23
6200,Carlos Ortiz,carlos.ortiz6200@example.com,Medellin,Colombia,plata,2024-10-13
6201,Julia Herrera,julia.herrera6201@example.com,Quito,Ecuador,bronce,2023-08-02
6202,Alberto Lopez,alberto.lopez6202@example.com,Madrid,Espana,bronce,2023-07-27
6203,Laura Moreno,laura.moreno6203@example.com,Santiago,Chile,plata,2023-03-24
6204,Carlos Lopez,carlos.lopez6204@example.com,Valencia,Espana,bronce,2024-02-18
6205,Luis Torres,luis.torres6205@example.com,Lima,Peru,oro,2023-12-17
6206,Alberto Moreno,alberto.moreno6206@example.com,Medellin,Colombia,bronce,2024-10-15
6207,Marta Garcia,marta.garcia6207@example.com,Madrid,Espana,bronce,2022-01-19
6208,Sergio Moreno,sergio.moreno6208@example.com,Buenos Aires,Argentina,plata,2022-07-30
6209,Javier Sanchez,javier.sanchez6209@example.com,Barcelona,Espana,plata,2022-11-01
6210,Carmen Rojas,carmen.rojas6210@example.com,Medellin,Colombia,bronce,2022-07-27
6211,Luis Torres,luis.torres6211@example.com,Ciudad de Mexico,Mexico,plata,2024-11-04
6212,Andres Garcia,andres.garcia6212@example.com,Buenos Aires,Argentina,bronce,2022-03-21
6213,Pablo Herrera,pablo.herrera6213@example.com,Cali,Colombia,bronce,2022-05-13
6214,Elena Perez,elena.perez6214@example.com,Lima,Peru,bronce,2023-04-30
6215,Marta Navarro,marta.navarro6215@example.com,Cali,Colombia,plata,2022-10-17
6216,Carmen Silva,carmen.silva6216@example.com,Medellin,Colombia,plata,2022-12-29
6217,Sofia Lopez,sofia.lopez6217@example.com,Medellin,Colombia,bronce,2023-10-24
6218,Carlos Castro,carlos.castro6218@example.com,Santiago,Chile,plata,2023-09-06
6219,Ana Fernandez,ana.fernandez6219@example.com,Guadalajara,Mexico,plata,2024-08-04
6220,Julia Castro,julia.castro6220@example.com,Barcelona,Espana,bronce,2023-05-09
6221,Javier Vargas,javier.vargas6221@example.com,Santiago,Chile,bronce,2024-10-23
6222,Elena Perez,elena.perez6222@example.com,Medellin,Colombia,bronce,2022-07-28
6223,Andres Rojas,andres.rojas6223@example.com,Medellin,Colombia,bronce,2022-08-01
6224,Javier Perez,javier.perez6224@example.com,Barcelona,Espana,platino,2023-03-05
6225,Miguel Ortiz,miguel.ortiz6225@example.com,Quito,Ecuador,oro,2022-05-08
6226,Marta Ortiz,marta.ortiz6226@example.com,Madrid,Espana,bronce,2022-02-01
6227,Pablo Lopez,pablo.lopez6227@example.com,Quito,Ecuador,bronce,2023-02-11
6228,Andres Moreno,andres.moreno6228@example.com,Madrid,Espana,bronce,2023-08-12
6229,Ana Ortiz,ana.ortiz6229@example.com,Ciudad de Mexico,Mexico,bronce,2022-11-01
6230,Diego Martinez,diego.martinez6230@example.com,Barcelona,Espana,bronce,2022-10-24
6231,Diego Moreno,diego.moreno6231@example.com,Cali,Colombia,bronce,2022-04-17
6232,Carmen Ortiz,carmen.ortiz6232@example.com,Lima,Peru,bronce,2022-05-04
6233,Carlos Sanchez,carlos.sanchez6233@example.com,Guadalajara,Mexico,bronce,2024-08-25
6234,Carlos Vargas,carlos.vargas6234@example.com,Ciudad de Mexico,Mexico,bronce,2022-03-14
6235,Sergio Herrera,sergio.herrera6235@example.com,Barcelona,Espana,bronce,2024-02-09
6236,Andres Gomez,andres.gomez6236@example.com,Quito,Ecuador,bronce,2024-02-22
6237,Paula Sanchez,paula.sanchez6237@example.com,Medellin,Colombia,bronce,2022-08-11
6238,Javier Fernandez,javier.fernandez6238@example.com,Ciudad de Mexico,Mexico,bronce,2022-09-28
6239,Alberto Gomez,alberto.gomez6239@example.com,Lima,Peru,bronce,2023-02-07
6240,Javier Moreno,javier.moreno6240@example.com,Guadalajara,Mexico,platino,2023-12-23
6241,Andres Fernandez,andres.fernandez6241@example.com,Buenos Aires,Argentina,bronce,2022-02-10
6242,Carlos Fernandez,carlos.fernandez6242@example.com,Valencia,Espana,plata,2024-06-11
6243,Julia Ortiz,julia.ortiz6243@example.com,Cali,Colombia,bronce,2023-01-09
6244,Elena Vargas,elena.vargas6244@example.com,Ciudad de Mexico,Mexico,bronce,2023-07-02
6245,Paula Ortiz,paula.ortiz6245@example.com,Valencia,Espana,bronce,2024-09-23
6246,Elena Moreno,elena.moreno6246@example.com,Medellin,Colombia,plata,2022-05-26
6247,Sergio Mendoza,sergio.mendoza6247@example.com,Santiago,Chile,platino,2024-11-03
6248,Diego Lopez,diego.lopez6248@example.com,Quito,Ecuador,bronce,2023-11-04
6249,Luis Ortiz,luis.ortiz6249@example.com,Santiago,Chile,bronce,2023-04-13
6250,Carlos Ortiz,carlos.ortiz6250@example.com,Quito,Ecuador,plata,2022-03-20
6251,Andres Garcia,andres.garcia6251@example.com,Quito,Ecuador,bronce,2022-03-15
6252,Carlos Fernandez,carlos.fernandez6252@example.com,Valencia,Espana,bronce,2024-06-13
6253,Javier Diaz,javier.diaz6253@example.com,Lima,Peru,oro,2023-03-17
6254,Lucia Diaz,lucia.diaz6254@example.com,Guadalajara,Mexico,bronce,2024-04-13
6255,Javier Herrera,javier.herrera6255@example.com,Lima,Peru,plata,2024-07-01
6256,Maria Rojas,maria.rojas6256@example.com,Guadalajara,Mexico,bronce,2023-03-17
6257,Carmen Sanchez,carmen.sanchez6257@example.com,Barcelona,Espana,bronce,2022-12-13
6258,Andres Castro,andres.castro6258@example.com,Ciudad de Mexico,Mexico,platino,2022-10-22
6259,Marta Navarro,marta.navarro6259@example.com,Santiago,Chile,bronce,2023-11-29
6260,Julia Diaz,julia.diaz6260@example.com,Barcelona,Espana,bronce,2024-02-16
6261,Maria Ortiz,maria.ortiz6261@example.com,Ciudad de Mexico,Mexico,bronce,2023-01-18
6262,Sofia Castro,sofia.castro6262@example.com,Guadalajara,Mexico,bronce,2023-09-14
6263,Laura Ortiz,laura.ortiz6263@example.com,Cali,Colombia,bronce,2023-08-15
6264,Julia Ortiz,julia.ortiz6264@example.com,Santiago,Chile,bronce,2022-06-08
6265,Lucia Garcia,lucia.garcia6265@example.com,Barcelona,Espana,bronce,2023-07-30
6266,Luis Silva,luis.silva6266@example.com,Medellin,Colombia,bronce,2024-04-11
6267,Andres Lopez,andres.lopez6267@example.com,Quito,Ecuador,plata,2024-11-19
6268,Ana Silva,ana.silva6268@example.com,Ciudad de Mexico,Mexico,bronce,2023-01-01
6269,Javier Silva,javier.silva6269@example.com,Valencia,Espana,oro,2022-09-19
6270,Marta Perez,marta.perez6270@example.com,Barcelona,Espana,bronce,2024-09-05
6271,Lucia Rodriguez,lucia.rodriguez6271@example.com,Guadalajara,Mexico,bronce,2024-10-03
6272,Sergio Diaz,sergio.diaz6272@example.com,Quito,Ecuador,oro,2024-06-27
6273,Pablo Gomez,pablo.gomez6273@example.com,Madrid,Espana,oro,2023-01-03
6274,Paula Vargas,paula.vargas6274@example.com,Barcelona,Espana,bronce,2022-10-30
6275,Pablo Rodriguez,pablo.rodriguez6275@example.com,Medellin,Colombia,bronce,2023-11-16
6276,Luis Garcia,luis.garcia6276@example.com,Valencia,Espana,oro,2022-10-07
6277,Luis Diaz,luis.diaz6277@example.com,Barcelona,Espana,bronce,2024-04-22
6278,Sergio Herrera,sergio.herrera6278@example.com,Bogota,Colombia,bronce,2023-03-12
6279,Ana Gomez,ana.gomez6279@example.com,Guadalajara,Mexico,bronce,2022-12-25
6280,Miguel Gomez,miguel.gomez6280@example.com,Santiago,Chile,oro,2024-05-30
6281,Ana Lopez,ana.lopez6281@example.com,Bogota,Colombia,plata,2023-01-24
6282,Elena Perez,elena.perez6282@example.com,Buenos Aires,Argentina,bronce,2022-05-24
6283,Pablo Perez,pablo.perez6283@example.com,Santiago,Chile,platino,2024-05-20
6284,Carlos Perez,carlos.perez6284@example.com,Madrid,Espana,bronce,2022-12-13
6285,Diego Gomez,diego.gomez6285@example.com,Lima,Peru,plata,2023-12-19
6286,Alberto Perez,alberto.perez6286@example.com,Valencia,Espana,bronce,2023-12-23
6287,Luis Rojas,luis.rojas6287@example.com,Buenos Aires,Argentina,plata,2022-04-01
6288,Luis Gomez,luis.gomez6288@example.com,Santiago,Chile,bronce,2022-02-06
6289,Javier Herrera,javier.herrera6289@example.com,Lima,Peru,bronce,2024-06-17
6290,Paula Castro,paula.castro6290@example.com,Medellin,Colombia,bronce,2022-03-03
6291,Sofia Castro,sofia.castro6291@example.com,Guadalajara,Mexico,oro,2022-12-30
6292,Carmen Vargas,carmen.vargas6292@example.com,Madrid,Espana,bronce,2024-04-14
6293,Ana Ortiz,ana.ortiz6293@example.com,Cali,Colombia,bronce,2022-07-14
6294,Marta Perez,marta.perez6294@example.com,Quito,Ecuador,bronce,2023-07-26
6295,Luis Navarro,luis.navarro6295@example.com,Barcelona,Espana,plata,2022-05-07
6296,Marta Sanchez,marta.sanchez6296@example.com,Barcelona,Espana,plata,2023-09-03
6297,Maria Martinez,maria.martinez6297@example.com,Buenos Aires,Argentina,bronce,2024-02-21
6298,Ruben Silva,ruben.silva6298@example.com,Ciudad de Mexico,Mexico,bronce,2022-09-30
6299,Javier Mendoza,javier.mendoza6299@example.com,Cali,Colombia,plata,2022-11-05
6300,Carlos Rodriguez,carlos.rodriguez6300@example.com,Valencia,Espana,bronce,2023-08-06
6301,Elena Vargas,elena.vargas6301@example.com,Valencia,Espana,bronce,2024-05-16
6302,Ana Ramirez,ana.ramirez6302@example.com,Buenos Aires,Argentina,bronce,2023-08-20
6303,Carlos Sanchez,carlos.sanchez6303@example.com,Medellin,Colombia,bronce,2024-02-08
6304,Pablo Ramirez,pablo.ramirez6304@example.com,Santiago,Chile,platino,2023-03-30
6305,Elena Rojas,elena.rojas6305@example.com,Cali,Colombia,plata,2022-05-21
6306,Miguel Vargas,miguel.vargas6306@example.com,Medellin,Colombia,bronce,2024-11-22
6307,Paula Ramirez,paula.ramirez6307@example.com,Valencia,Espana,oro,2024-05-21
6308,Maria Mendoza,maria.mendoza6308@example.com,Guadalajara,Mexico,bronce,2022-02-23
6309,Miguel Sanchez,miguel.sanchez6309@example.com,Bogota,Colombia,platino,2022-10-30
6310,Carlos Castro,carlos.castro6310@example.com,Lima,Peru,bronce,2023-03-31
6311,Diego Gomez,diego.gomez6311@example.com,Medellin,Colombia,oro,2022-03-31
6312,Elena Navarro,elena.navarro6312@example.com,Santiago,Chile,oro,2024-07-27
6313,Ana Perez,ana.perez6313@example.com,Cali,Colombia,oro,2022-07-09
6314,Luis Mendoza,luis.mendoza6314@example.com,Medellin,Colombia,bronce,2022-08-14
6315,Ruben Castro,ruben.castro6315@example.com,Cali,Colombia,oro,2022-12-13
6316,Luis Sanchez,luis.sanchez6316@example.com,Cali,Colombia,plata,2024-10-20
6317,Sergio Herrera,sergio.herrera6317@example.com,Cali,Colombia,bronce,2022-09-05
6318,Julia Sanchez,julia.sanchez6318@example.com,Lima,Peru,bronce,2023-04-11
6319,Diego Perez,diego.perez6319@example.com,Buenos Aires,Argentina,plata,2024-01-18
6320,Elena Gomez,elena.gomez6320@example.com,Madrid,Espana,oro,2022-06-21
6321,Sergio Rojas,sergio.rojas6321@example.com,Madrid,Espana,plata,2022-04-08
6322,Alberto Fernandez,alberto.fernandez6322@example.com,Madrid,Espana,bronce,2022-04-12
6323,Maria Vargas,maria.vargas6323@example.com,Buenos Aires,Argentina,plata,2022-07-21
6324,Alberto Vargas,alberto.vargas6324@example.com,Valencia,Espana,bronce,2022-12-25
6325,Julia Lopez,julia.lopez6325@example.com,Medellin,Colombia,bronce,2024-10-27
6326,Maria Sanchez,maria.sanchez6326@example.com,Santiago,Chile,plata,2024-10-04
6327,Luis Gomez,luis.gomez6327@example.com,Barcelona,Espana,plata,2023-09-16
6328,Marta Sanchez,marta.sanchez6328@example.com,Barcelona,Espana,plata,2024-10-25
6329,Luis Ortiz,luis.ortiz6329@example.com,Madrid,Espana,bronce,2022-02-01
6330,Carmen Fernandez,carmen.fernandez6330@example.com,Bogota,Colombia,bronce,2023-09-09
6331,Luis Diaz,luis.diaz6331@example.com,Barcelona,Espana,plata,2023-05-02
6332,Andres Rojas,andres.rojas6332@example.com,Guadalajara,Mexico,bronce,2022-05-10
6333,Laura Herrera,laura.herrera6333@example.com,Buenos Aires,Argentina,platino,2023-08-29
6334,Luis Rojas,luis.rojas6334@example.com,Valencia,Espana,oro,2023-05-15
6335,Luis Vargas,luis.vargas6335@example.com,Ciudad de Mexico,Mexico,oro,2024-04-16
6336,Carlos Navarro,carlos.navarro6336@example.com,Bogota,Colombia,oro,2023-04-03
6337,Lucia Mendoza,lucia.mendoza6337@example.com,Madrid,Espana,bronce,2023-04-15
6338,Luis Sanchez,luis.sanchez6338@example.com,Cali,Colombia,bronce,2022-09-11
6339,Paula Lopez,paula.lopez6339@example.com,Buenos Aires,Argentina,oro,2023-06-02
6340,Carmen Fernandez,carmen.fernandez6340@example.com,Valencia,Espana,bronce,2022-03-25
6341,Javier Silva,javier.silva6341@example.com,Santiago,Chile,oro,2023-09-13
6342,Alberto Navarro,alberto.navarro6342@example.com,Quito,Ecuador,bronce,2023-02-22
6343,Andres Moreno,andres.moreno6343@example.com,Madrid,Espana,oro,2022-10-27
6344,Andres Rojas,andres.rojas6344@example.com,Barcelona,Espana,bronce,2023-02-12
6345,Carlos Sanchez,carlos.sanchez6345@example.com,Bogota,Colombia,oro,2024-09-03
6346,Marta Vargas,marta.vargas6346@example.com,Lima,Peru,bronce,2024-02-10
6347,Pablo Lopez,pablo.lopez6347@example.com,Barcelona,Espana,plata,2024-07-22
6348,Alberto Ramirez,alberto.ramirez6348@example.com,Cali,Colombia,oro,2023-03-08
6349,Diego Lopez,diego.lopez6349@example.com,Ciudad de Mexico,Mexico,bronce,2023-03-08
6350,Andres Rodriguez,andres.rodriguez6350@example.com,Barcelona,Espana,bronce,2022-01-15
6351,Elena Navarro,elena.navarro6351@example.com,Madrid,Espana,bronce,2024-01-17
6352,Ana Mendoza,ana.mendoza6352@example.com,Barcelona,Espana,plata,2022-01-22
6353,Maria Rojas,maria.rojas6353@example.com,Madrid,Espana,plata,2024-11-30
6354,Ruben Castro,ruben.castro6354@example.com,Ciudad de Mexico,Mexico,plata,2024-01-23
6355,Marta Sanchez,marta.sanchez6355@example.com,Quito,Ecuador,bronce,2023-05-25
6356,Miguel Vargas,miguel.vargas6356@example.com,Medellin,Colombia,bronce,2023-12-25
6357,Andres Moreno,andres.moreno6357@example.com,Bogota,Colombia,oro,2024-12-24
6358,Ana Ramirez,ana.ramirez6358@example.com,Valencia,Espana,plata,2022-06-25
6359,Ana Perez,ana.perez6359@example.com,Quito,Ecuador,bronce,2024-03-27
6360,Lucia Fernandez,lucia.fernandez6360@example.com,Quito,Ecuador,bronce,2024-08-06
6361,Carmen Silva,carmen.silva6361@example.com,Guadalajara,Mexico,bronce,2023-10-05
6362,Julia Perez,julia.perez6362@example.com,Cali,Colombia,oro,2023-12-27
6363,Sergio Navarro,sergio.navarro6363@example.com,Barcelona,Espana,plata,2023-07-09
6364,Javier Herrera,javier.herrera6364@example.com,Quito,Ecuador,plata,2022-06-18
6365,Paula Mendoza,paula.mendoza6365@example.com,Madrid,Espana,plata,2024-12-10
6366,Diego Ramirez,diego.ramirez6366@example.com,Barcelona,Espana,oro,2022-11-11
6367,Paula Sanchez,paula.sanchez6367@example.com,Buenos Aires,Argentina,bronce,2023-02-27
6368,Carlos Garcia,carlos.garcia6368@example.com,Valencia,Espana,bronce,2024-12-02
6369,Ana Ramirez,ana.ramirez6369@example.com,Barcelona,Espana,bronce,2022-03-04
6370,Luis Fernandez,luis.fernandez6370@example.com,Guadalajara,Mexico,platino,2023-03-23
6371,Alberto Martinez,alberto.martinez6371@example.com,Madrid,Espana,plata,2023-09-01
6372,Luis Ortiz,luis.ortiz6372@example.com,Bogota,Colombia,bronce,2022-09-17
6373,Julia Navarro,julia.navarro6373@example.com,Guadalajara,Mexico,oro,2024-01-04
6374,Marta Fernandez,marta.fernandez6374@example.com,Valencia,Espana,bronce,2023-07-28
6375,Maria Rojas,maria.rojas6375@example.com,Santiago,Chile,bronce,2022-10-14
6376,Ruben Diaz,ruben.diaz6376@example.com,Barcelona,Espana,plata,2022-08-14
6377,Maria Torres,maria.torres6377@example.com,Guadalajara,Mexico,platino,2022-11-10
6378,Maria Castro,maria.castro6378@example.com,Madrid,Espana,bronce,2024-05-16
6379,Pablo Diaz,pablo.diaz6379@example.com,Buenos Aires,Argentina,bronce,2023-07-25
6380,Javier Silva,javier.silva6380@example.com,Santiago,Chile,oro,2024-05-19
6381,Javier Lopez,javier.lopez6381@example.com,Santiago,Chile,plata,2024-02-26
6382,Carlos Rojas,carlos.rojas6382@example.com,Bogota,Colombia,plata,2024-05-26
6383,Carmen Navarro,carmen.navarro6383@example.com,Valencia,Espana,bronce,2024-07-25
6384,Ana Mendoza,ana.mendoza6384@example.com,Quito,Ecuador,bronce,2023-11-07
6385,Laura Garcia,laura.garcia6385@example.com,Buenos Aires,Argentina,bronce,2023-01-30
6386,Pablo Martinez,pablo.martinez6386@example.com,Valencia,Espana,bronce,2024-01-30
6387,Diego Castro,diego.castro6387@example.com,Madrid,Espana,oro,2024-10-31
6388,Andres Ortiz,andres.ortiz6388@example.com,Medellin,Colombia,plata,2022-12-18
6389,Laura Silva,laura.silva6389@example.com,Guadalajara,Mexico,oro,2023-06-18
6390,Carmen Ortiz,carmen.ortiz6390@example.com,Medellin,Colombia,bronce,2024-08-20
6391,Sergio Martinez,sergio.martinez6391@example.com,Santiago,Chile,bronce,2023-10-17
6392,Miguel Ramirez,miguel.ramirez6392@example.com,Ciudad de Mexico,Mexico,plata,2022-06-07
6393,Javier Moreno,javier.moreno6393@example.com,Quito,Ecuador,bronce,2023-01-19
6394,Pablo Castro,pablo.castro6394@example.com,Lima,Peru,bronce,2022-10-06
6395,Pablo Herrera,pablo.herrera6395@example.com,Cali,Colombia,bronce,2023-06-07
6396,Luis Sanchez,luis.sanchez6396@example.com,Lima,Peru,bronce,2024-12-22
6397,Pablo Torres,pablo.torres6397@example.com,Cali,Colombia,bronce,2024-07-08
6398,Carlos Diaz,carlos.diaz6398@example.com,Madrid,Espana,bronce,2024-11-17
6399,Pablo Ortiz,pablo.ortiz6399@example.com,Bogota,Colombia,oro,2024-03-22
6400,Julia Sanchez,julia.sanchez6400@example.com,Medellin,Colombia,bronce,2023-07-10
6401,Lucia Gomez,lucia.gomez6401@example.com,Quito,Ecuador,plata,2023-12-24
6402,Sergio Garcia,sergio.garcia6402@example.com,Santiago,Chile,plata,2023-07-01
6403,Elena Lopez,elena.lopez6403@example.com,Barcelona,Espana,bronce,2022-02-14
6404,Julia Navarro,julia.navarro6404@example.com,Madrid,Espana,bronce,2022-05-08
6405,Paula Silva,paula.silva6405@example.com,Ciudad de Mexico,Mexico,bronce,2023-08-31
6406,Julia Perez,julia.perez6406@example.com,Ciudad de Mexico,Mexico,bronce,2023-12-24
6407,Marta Moreno,marta.moreno6407@example.com,Buenos Aires,Argentina,bronce,2022-10-05
6408,Carmen Vargas,carmen.vargas6408@example.com,Bogota,Colombia,platino,2022-02-03
6409,Lucia Ortiz,lucia.ortiz6409@example.com,Santiago,Chile,bronce,2022-03-18
6410,Julia Gomez,julia.gomez6410@example.com,Medellin,Colombia,bronce,2022-12-11
6411,Paula Navarro,paula.navarro6411@example.com,Medellin,Colombia,platino,2024-07-31
6412,Sofia Fernandez,sofia.fernandez6412@example.com,Cali,Colombia,plata,2023-04-04
6413,Luis Moreno,luis.moreno6413@example.com,Quito,Ecuador,plata,2024-12-01
6414,Ana Fernandez,ana.fernandez6414@example.com,Medellin,Colombia,bronce,2024-09-05
6415,Laura Rojas,laura.rojas6415@example.com,Ciudad de Mexico,Mexico,oro,2024-07-28
6416,Luis Gomez,luis.gomez6416@example.com,Lima,Peru,plata,2024-11-26
6417,Laura Silva,laura.silva6417@example.com,Madrid,Espana,plata,2022-09-23
6418,Maria Castro,maria.castro6418@example.com,Ciudad de Mexico,Mexico,plata,2024-12-02
6419,Alberto Perez,alberto.perez6419@example.com,Buenos Aires,Argentina,bronce,2024-10-08
6420,Luis Navarro,luis.navarro6420@example.com,Lima,Peru,platino,2024-05-24
6421,Carmen Moreno,carmen.moreno6421@example.com,Madrid,Espana,platino,2022-07-30
6422,Miguel Diaz,miguel.diaz6422@example.com,Buenos Aires,Argentina,plata,2022-11-14
6423,Carlos Martinez,carlos.martinez6423@example.com,Santiago,Chile,bronce,2023-12-16
6424,Marta Navarro,marta.navarro6424@example.com,Medellin,Colombia,plata,2022-02-19
6425,Alberto Herrera,alberto.herrera6425@example.com,Buenos Aires,Argentina,bronce,2024-06-18
6426,Sergio Rojas,sergio.rojas6426@example.com,Cali,Colombia,plata,2023-04-12
6427,Alberto Silva,alberto.silva6427@example.com,Guadalajara,Mexico,bronce,2022-01-24
6428,Pablo Castro,pablo.castro6428@example.com,Medellin,Colombia,oro,2022-11-22
6429,Andres Sanchez,andres.sanchez6429@example.com,Valencia,Espana,platino,2023-03-09
6430,Maria Sanchez,maria.sanchez6430@example.com,Santiago,Chile,bronce,2023-12-19
6431,Ruben Rodriguez,ruben.rodriguez6431@example.com,Valencia,Espana,plata,2023-10-22
6432,Marta Rodriguez,marta.rodriguez6432@example.com,Valencia,Espana,oro,2023-02-11
6433,Javier Moreno,javier.moreno6433@example.com,Lima,Peru,bronce,2023-11-10
6434,Miguel Mendoza,miguel.mendoza6434@example.com,Quito,Ecuador,bronce,2024-09-02
6435,Carmen Lopez,carmen.lopez6435@example.com,Guadalajara,Mexico,bronce,2023-01-19
6436,Ana Vargas,ana.vargas6436@example.com,Ciudad de Mexico,Mexico,oro,2023-02-14
6437,Paula Martinez,paula.martinez6437@example.com,Medellin,Colombia,bronce,2022-04-22
6438,Javier Diaz,javier.diaz6438@example.com,Guadalajara,Mexico,bronce,2023-02-18
6439,Luis Herrera,luis.herrera6439@example.com,Guadalajara,Mexico,bronce,2022-11-07
6440,Elena Silva,elena.silva6440@example.com,Ciudad de Mexico,Mexico,bronce,2024-04-11
6441,Paula Ortiz,paula.ortiz6441@example.com,Guadalajara,Mexico,bronce,2022-05-04
6442,Javier Gomez,javier.gomez6442@example.com,Ciudad de Mexico,Mexico,plata,2023-10-09
6443,Lucia Ortiz,lucia.ortiz6443@example.com,Lima,Peru,bronce,2024-04-25
6444,Paula Herrera,paula.herrera6444@example.com,Buenos Aires,Argentina,plata,2022-10-07
6445,Ana Gomez,ana.gomez6445@example.com,Medellin,Colombia,plata,2022-03-16
6446,Sergio Gomez,sergio.gomez6446@example.com,Guadalajara,Mexico,oro,2024-01-11
6447,Javier Martinez,javier.martinez6447@example.com,Valencia,Espana,bronce,2023-10-07
6448,Andres Ortiz,andres.ortiz6448@example.com,Valencia,Espana,plata,2023-09-09
6449,Carlos Sanchez,carlos.sanchez6449@example.com,Santiago,Chile,plata,2024-08-21
6450,Maria Perez,maria.perez6450@example.com,Ciudad de Mexico,Mexico,bronce,2022-04-24
6451,Sergio Diaz,sergio.diaz6451@example.com,Madrid,Espana,bronce,2022-08-05
6452,Paula Martinez,paula.martinez6452@example.com,Medellin,Colombia,bronce,2023-05-27
6453,Alberto Silva,alberto.silva6453@example.com,Quito,Ecuador,plata,2023-09-08
6454,Andres Rojas,andres.rojas6454@example.com,Guadalajara,Mexico,bronce,2024-10-02
6455,Diego Lopez,diego.lopez6455@example.com,Lima,Peru,oro,2023-11-09
6456,Carlos Lopez,carlos.lopez6456@example.com,Ciudad de Mexico,Mexico,oro,2022-08-20
6457,Javier Garcia,javier.garcia6457@example.com,Madrid,Espana,plata,2024-07-21
6458,Carmen Ortiz,carmen.ortiz6458@example.com,Valencia,Espana,platino,2023-03-31
6459,Elena Diaz,elena.diaz6459@example.com,Barcelona,Espana,plata,2024-08-08
6460,Diego Rojas,diego.rojas6460@example.com,Buenos Aires,Argentina,bronce,2022-10-30
6461,Carlos Martinez,carlos.martinez6461@example.com,Santiago,Chile,bronce,2024-05-16
6462,Sofia Sanchez,sofia.sanchez6462@example.com,Cali,Colombia,oro,2023-08-11
6463,Laura Ramirez,laura.ramirez6463@example.com,Buenos Aires,Argentina,bronce,2023-09-01
6464,Maria Sanchez,maria.sanchez6464@example.com,Ciudad de Mexico,Mexico,oro,2024-12-03
6465,Maria Castro,maria.castro6465@example.com,Buenos Aires,Argentina,bronce,2022-06-18
6466,Lucia Ortiz,lucia.ortiz6466@example.com,Buenos Aires,Argentina,bronce,2022-12-06
6467,Miguel Gomez,miguel.gomez6467@example.com,Cali,Colombia,plata,2022-07-20
6468,Luis Castro,luis.castro6468@example.com,Guadalajara,Mexico,oro,2024-06-30
6469,Lucia Ortiz,lucia.ortiz6469@example.com,Bogota,Colombia,oro,2024-07-20
6470,Carlos Mendoza,carlos.mendoza6470@example.com,Buenos Aires,Argentina,bronce,2024-07-06
6471,Ana Garcia,ana.garcia6471@example.com,Lima,Peru,bronce,2022-09-18
6472,Maria Martinez,maria.martinez6472@example.com,Valencia,Espana,plata,2022-10-12
6473,Sofia Navarro,sofia.navarro6473@example.com,Buenos Aires,Argentina,oro,2023-03-17
6474,Alberto Ortiz,alberto.ortiz6474@example.com,Barcelona,Espana,bronce,2024-04-26
6475,Laura Gomez,laura.gomez6475@example.com,Medellin,Colombia,plata,2024-04-02
6476,Javier Ramirez,javier.ramirez6476@example.com,Buenos Aires,Argentina,bronce,2024-12-17
6477,Laura Vargas,laura.vargas6477@example.com,Bogota,Colombia,plata,2024-05-08
6478,Miguel Rojas,miguel.rojas6478@example.com,Valencia,Espana,bronce,2024-11-10
6479,Marta Herrera,marta.herrera6479@example.com,Medellin,Colombia,platino,2022-10-19
6480,Elena Fernandez,elena.fernandez6480@example.com,Barcelona,Espana,bronce,2023-10-26
6481,Andres Mendoza,andres.mendoza6481@example.com,Guadalajara,Mexico,plata,2023-08-07
6482,Ruben Rodriguez,ruben.rodriguez6482@example.com,Barcelona,Espana,plata,2022-06-16
6483,Julia Garcia,julia.garcia6483@example.com,Bogota,Colombia,bronce,2024-11-03
6484,Pablo Navarro,pablo.navarro6484@example.com,Bogota,Colombia,bronce,2022-05-11
6485,Marta Lopez,marta.lopez6485@example.com,Quito,Ecuador,plata,2024-07-25
6486,Julia Navarro,julia.navarro6486@example.com,Quito,Ecuador,plata,2022-10-20
6487,Sergio Perez,sergio.perez6487@example.com,Madrid,Espana,plata,2022-08-31
6488,Javier Fernandez,javier.fernandez6488@example.com,Barcelona,Espana,plata,2023-10-21
6489,Maria Garcia,maria.garcia6489@example.com,Buenos Aires,Argentina,bronce,2023-05-27
6490,Maria Ortiz,maria.ortiz6490@example.com,Bogota,Colombia,oro,2023-02-27
6491,Ruben Fernandez,ruben.fernandez6491@example.com,Guadalajara,Mexico,bronce,2024-09-16
6492,Pablo Lopez,pablo.lopez6492@example.com,Quito,Ecuador,plata,2024-02-05
6493,Javier Torres,javier.torres6493@example.com,Barcelona,Espana,oro,2023-10-29
6494,Elena Lopez,elena.lopez6494@example.com,Quito,Ecuador,oro,2024-05-12
6495,Javier Herrera,javier.herrera6495@example.com,Madrid,Espana,bronce,2024-05-29
6496,Paula Rodriguez,paula.rodriguez6496@example.com,Valencia,Espana,bronce,2022-07-17
6497,Carmen Torres,carmen.torres6497@example.com,Ciudad de Mexico,Mexico,plata,2023-04-29
6498,Ruben Fernandez,ruben.fernandez6498@example.com,Lima,Peru,bronce,2024-09-18
6499,Elena Garcia,elena.garcia6499@example.com,Ciudad de Mexico,Mexico,plata,2024-06-10
6500,Diego Rodriguez,diego.rodriguez6500@example.com,Barcelona,Espana,bronce,2022-03-08
6501,Maria Ramirez,maria.ramirez6501@example.com,Valencia,Espana,bronce,2022-09-27
6502,Alberto Fernandez,alberto.fernandez6502@example.com,Santiago,Chile,bronce,2022-10-18
6503,Lucia Martinez,lucia.martinez6503@example.com,Ciudad de Mexico,Mexico,plata,2023-07-17
6504,Pablo Martinez,pablo.martinez6504@example.com,Madrid,Espana,plata,2024-06-11
6505,Sofia Silva,sofia.silva6505@example.com,Ciudad de Mexico,Mexico,bronce,2023-06-13
6506,Javier Moreno,javier.moreno6506@example.com,Medellin,Colombia,bronce,2022-07-21
6507,Julia Castro,julia.castro6507@example.com,Madrid,Espana,bronce,2023-09-03
6508,Diego Silva,diego.silva6508@example.com,Valencia,Espana,plata,2022-08-30
6509,Andres Rodriguez,andres.rodriguez6509@example.com,Quito,Ecuador,plata,2024-01-13
6510,Ana Rojas,ana.rojas6510@example.com,Buenos Aires,Argentina,oro,2024-12-04
6511,Javier Herrera,javier.herrera6511@example.com,Madrid,Espana,platino,2023-11-24
6512,Paula Sanchez,paula.sanchez6512@example.com,Madrid,Espana,bronce,2024-09-26
6513,Luis Ramirez,luis.ramirez6513@example.com,Medellin,Colombia,oro,2023-08-20
6514,Maria Herrera,maria.herrera6514@example.com,Cali,Colombia,bronce,2024-06-08
6515,Paula Castro,paula.castro6515@example.com,Cali,Colombia,plata,2024-10-26
6516,Elena Sanchez,elena.sanchez6516@example.com,Buenos Aires,Argentina,bronce,2022-07-10
6517,Javier Rojas,javier.rojas6517@example.com,Valencia,Espana,plata,2023-12-30
6518,Pablo Herrera,pablo.herrera6518@example.com,Madrid,Espana,plata,2022-10-07
6519,Carlos Garcia,carlos.garcia6519@example.com,Buenos Aires,Argentina,bronce,2022-04-03
6520,Ana Vargas,ana.vargas6520@example.com,Lima,Peru,oro,2022-09-15
6521,Ana Ramirez,ana.ramirez6521@example.com,Valencia,Espana,oro,2022-06-06
6522,Luis Fernandez,luis.fernandez6522@example.com,Medellin,Colombia,oro,2022-07-27
6523,Carlos Garcia,carlos.garcia6523@example.com,Guadalajara,Mexico,bronce,2022-01-08
6524,Andres Rodriguez,andres.rodriguez6524@example.com,Barcelona,Espana,platino,2024-11-28
6525,Javier Herrera,javier.herrera6525@example.com,Lima,Peru,plata,2023-04-28
6526,Luis Silva,luis.silva6526@example.com,Valencia,Espana,plata,2022-07-01
6527,Ana Diaz,ana.diaz6527@example.com,Ciudad de Mexico,Mexico,bronce,2023-01-11
6528,Diego Ortiz,diego.ortiz6528@example.com,Medellin,Colombia,oro,2024-03-28
6529,Paula Ortiz,paula.ortiz6529@example.com,Buenos Aires,Argentina,plata,2023-11-24
6530,Elena Rojas,elena.rojas6530@example.com,Valencia,Espana,plata,2022-02-25
6531,Luis Vargas,luis.vargas6531@example.com,Barcelona,Espana,platino,2022-06-11
6532,Laura Navarro,laura.navarro6532@example.com,Ciudad de Mexico,Mexico,bronce,2023-08-19
6533,Diego Castro,diego.castro6533@example.com,Lima,Peru,plata,2024-11-27
6534,Carlos Ortiz,carlos.ortiz6534@example.com,Guadalajara,Mexico,bronce,2022-03-19
6535,Alberto Navarro,alberto.navarro6535@example.com,Santiago,Chile,bronce,2024-08-02
6536,Sergio Lopez,sergio.lopez6536@example.com,Cali,Colombia,bronce,2022-03-09
6537,Elena Rojas,elena.rojas6537@example.com,Barcelona,Espana,bronce,2023-06-27
6538,Alberto Moreno,alberto.moreno6538@example.com,Cali,Colombia,bronce,2022-09-10
6539,Elena Silva,elena.silva6539@example.com,Quito,Ecuador,bronce,2023-04-09
6540,Maria Gomez,maria.gomez6540@example.com,Santiago,Chile,bronce,2024-10-10
6541,Julia Mendoza,julia.mendoza6541@example.com,Buenos Aires,Argentina,plata,2022-08-25
6542,Alberto Torres,alberto.torres6542@example.com,Bogota,Colombia,bronce,2023-12-01
6543,Elena Fernandez,elena.fernandez6543@example.com,Guadalajara,Mexico,bronce,2022-12-31
6544,Pablo Lopez,pablo.lopez6544@example.com,Guadalajara,Mexico,bronce,2023-12-15
6545,Carlos Gomez,carlos.gomez6545@example.com,Guadalajara,Mexico,bronce,2022-03-02
6546,Carmen Navarro,carmen.navarro6546@example.com,Lima,Peru,bronce,2022-11-22
6547,Andres Moreno,andres.moreno6547@example.com,Buenos Aires,Argentina,oro,2024-11-14
6548,Marta Moreno,marta.moreno6548@example.com,Valencia,Espana,plata,2024-03-03
6549,Pablo Mendoza,pablo.mendoza6549@example.com,Valencia,Espana,bronce,2024-10-22
6550,Marta Perez,marta.perez6550@example.com,Guadalajara,Mexico,bronce,2024-01-17
6551,Pablo Rojas,pablo.rojas6551@example.com,Lima,Peru,bronce,2022-07-22
6552,Paula Fernandez,paula.fernandez6552@example.com,Quito,Ecuador,plata,2023-05-21
6553,Carlos Silva,carlos.silva6553@example.com,Guadalajara,Mexico,platino,2024-08-19
6554,Diego Diaz,diego.diaz6554@example.com,Ciudad de Mexico,Mexico,bronce,2024-01-18
6555,Sofia Mendoza,sofia.mendoza6555@example.com,Santiago,Chile,bronce,2023-07-24
6556,Lucia Moreno,lucia.moreno6556@example.com,Quito,Ecuador,plata,2024-08-07
6557,Maria Herrera,maria.herrera6557@example.com,Madrid,Espana,bronce,2022-05-05
6558,Elena Ortiz,elena.ortiz6558@example.com,Bogota,Colombia,bronce,2024-11-17
6559,Alberto Herrera,alberto.herrera6559@example.com,Medellin,Colombia,plata,2022-05-19
6560,Maria Gomez,maria.gomez6560@example.com,Ciudad de Mexico,Mexico,plata,2024-12-27
6561,Carmen Ramirez,carmen.ramirez6561@example.com,Bogota,Colombia,bronce,2024-05-30
6562,Andres Torres,andres.torres6562@example.com,Bogota,Colombia,oro,2023-06-19
6563,Diego Rodriguez,diego.rodriguez6563@example.com,Madrid,Espana,bronce,2023-06-06
6564,Ana Vargas,ana.vargas6564@example.com,Madrid,Espana,bronce,2022-02-05
6565,Ana Diaz,ana.diaz6565@example.com,Cali,Colombia,plata,2022-12-13
6566,Javier Fernandez,javier.fernandez6566@example.com,Quito,Ecuador,plata,2022-09-08
6567,Maria Martinez,maria.martinez6567@example.com,Bogota,Colombia,plata,2024-02-13
6568,Luis Ramirez,luis.ramirez6568@example.com,Valencia,Espana,plata,2022-08-04
6569,Carlos Vargas,carlos.vargas6569@example.com,Bogota,Colombia,plata,2024-06-01
6570,Carlos Martinez,carlos.martinez6570@example.com,Quito,Ecuador,oro,2022-11-26
6571,Paula Castro,paula.castro6571@example.com,Guadalajara,Mexico,plata,2024-07-20
6572,Carmen Lopez,carmen.lopez6572@example.com,Guadalajara,Mexico,bronce,2023-01-30
6573,Ana Martinez,ana.martinez6573@example.com,Valencia,Espana,plata,2024-04-04
6574,Carmen Diaz,carmen.diaz6574@example.com,Lima,Peru,bronce,2024-01-03
6575,Maria Fernandez,maria.fernandez6575@example.com,Valencia,Espana,plata,2024-12-19
6576,Sofia Ortiz,sofia.ortiz6576@example.com,Quito,Ecuador,bronce,2023-07-30
6577,Ana Rodriguez,ana.rodriguez6577@example.com,Quito,Ecuador,bronce,2023-01-22
6578,Luis Gomez,luis.gomez6578@example.com,Ciudad de Mexico,Mexico,plata,2023-12-13
6579,Maria Moreno,maria.moreno6579@example.com,Lima,Peru,plata,2022-02-02
6580,Sofia Sanchez,sofia.sanchez6580@example.com,Quito,Ecuador,bronce,2024-11-30
6581,Diego Navarro,diego.navarro6581@example.com,Ciudad de Mexico,Mexico,bronce,2024-01-13
6582,Miguel Moreno,miguel.moreno6582@example.com,Santiago,Chile,oro,2022-02-23
6583,Carmen Ortiz,carmen.ortiz6583@example.com,Guadalajara,Mexico,platino,2022-07-08
6584,Marta Ortiz,marta.ortiz6584@example.com,Ciudad de Mexico,Mexico,bronce,2022-01-16
6585,Marta Martinez,marta.martinez6585@example.com,Medellin,Colombia,bronce,2024-01-01
6586,Pablo Torres,pablo.torres6586@example.com,Guadalajara,Mexico,bronce,2023-12-30
6587,Lucia Moreno,lucia.moreno6587@example.com,Bogota,Colombia,bronce,2022-06-28
6588,Diego Garcia,diego.garcia6588@example.com,Valencia,Espana,bronce,2023-08-22
6589,Laura Torres,laura.torres6589@example.com,Bogota,Colombia,oro,2023-06-21
6590,Diego Rojas,diego.rojas6590@example.com,Madrid,Espana,bronce,2023-06-13
6591,Ana Herrera,ana.herrera6591@example.com,Quito,Ecuador,bronce,2023-11-08
6592,Alberto Diaz,alberto.diaz6592@example.com,Bogota,Colombia,bronce,2024-07-23
6593,Miguel Mendoza,miguel.mendoza6593@example.com,Santiago,Chile,bronce,2024-09-28
6594,Sergio Rojas,sergio.rojas6594@example.com,Cali,Colombia,bronce,2022-06-23
6595,Alberto Garcia,alberto.garcia6595@example.com,Medellin,Colombia,bronce,2024-10-30
6596,Diego Perez,diego.perez6596@example.com,Valencia,Espana,bronce,2023-09-21
6597,Ruben Ortiz,ruben.ortiz6597@example.com,Santiago,Chile,plata,2022-07-18
6598,Diego Garcia,diego.garcia6598@example.com,Ciudad de Mexico,Mexico,bronce,2024-10-17
6599,Maria Martinez,maria.martinez6599@example.com,Cali,Colombia,plata,2023-02-09
6600,Ana Gomez,ana.gomez6600@example.com,Guadalajara,Mexico,oro,2023-05-04
6601,Maria Navarro,maria.navarro6601@example.com,Santiago,Chile,bronce,2024-11-25
6602,Julia Moreno,julia.moreno6602@example.com,Guadalajara,Mexico,bronce,2023-09-28
6603,Diego Martinez,diego.martinez6603@example.com,Cali,Colombia,oro,2022-06-06
6604,Elena Fernandez,elena.fernandez6604@example.com,Lima,Peru,bronce,2022-03-18
6605,Sofia Ortiz,sofia.ortiz6605@example.com,Lima,Peru,bronce,2024-06-17
6606,Javier Sanchez,javier.sanchez6606@example.com,Quito,Ecuador,oro,2023-01-18
6607,Ruben Vargas,ruben.vargas6607@example.com,Barcelona,Espana,plata,2022-04-20
6608,Alberto Torres,alberto.torres6608@example.com,Lima,Peru,oro,2022-02-15
6609,Luis Herrera,luis.herrera6609@example.com,Valencia,Espana,bronce,2024-11-01
6610,Marta Herrera,marta.herrera6610@example.com,Guadalajara,Mexico,bronce,2023-09-19
6611,Elena Silva,elena.silva6611@example.com,Guadalajara,Mexico,bronce,2023-07-28
6612,Ana Martinez,ana.martinez6612@example.com,Valencia,Espana,bronce,2023-10-09
6613,Julia Torres,julia.torres6613@example.com,Madrid,Espana,bronce,2023-04-04
6614,Luis Rojas,luis.rojas6614@example.com,Quito,Ecuador,bronce,2024-11-07
6615,Laura Diaz,laura.diaz6615@example.com,Lima,Peru,bronce,2023-10-22
6616,Ana Rojas,ana.rojas6616@example.com,Valencia,Espana,bronce,2023-12-01
6617,Diego Castro,diego.castro6617@example.com,Guadalajara,Mexico,bronce,2024-09-05
6618,Pablo Fernandez,pablo.fernandez6618@example.com,Barcelona,Espana,bronce,2022-01-04
6619,Elena Martinez,elena.martinez6619@example.com,Ciudad de Mexico,Mexico,plata,2022-12-16
6620,Luis Navarro,luis.navarro6620@example.com,Bogota,Colombia,bronce,2024-07-01
6621,Maria Silva,maria.silva6621@example.com,Santiago,Chile,plata,2022-04-16
6622,Julia Mendoza,julia.mendoza6622@example.com,Ciudad de Mexico,Mexico,bronce,2022-12-27
6623,Paula Perez,paula.perez6623@example.com,Cali,Colombia,bronce,2022-06-28
6624,Julia Gomez,julia.gomez6624@example.com,Buenos Aires,Argentina,oro,2024-02-22
6625,Lucia Gomez,lucia.gomez6625@example.com,Cali,Colombia,oro,2024-07-12
6626,Lucia Garcia,lucia.garcia6626@example.com,Madrid,Espana,bronce,2022-10-17
6627,Sergio Lopez,sergio.lopez6627@example.com,Guadalajara,Mexico,bronce,2024-01-23
6628,Carmen Gomez,carmen.gomez6628@example.com,Santiago,Chile,oro,2024-04-12
6629,Sofia Navarro,sofia.navarro6629@example.com,Cali,Colombia,bronce,2024-09-18
6630,Javier Sanchez,javier.sanchez6630@example.com,Valencia,Espana,bronce,2024-10-12
6631,Diego Ramirez,diego.ramirez6631@example.com,Madrid,Espana,bronce,2023-05-14
6632,Luis Ramirez,luis.ramirez6632@example.com,Bogota,Colombia,bronce,2022-03-28
6633,Carlos Fernandez,carlos.fernandez6633@example.com,Santiago,Chile,plata,2024-03-26
6634,Marta Ortiz,marta.ortiz6634@example.com,Bogota,Colombia,plata,2023-08-20
6635,Ruben Rodriguez,ruben.rodriguez6635@example.com,Quito,Ecuador,bronce,2023-05-18
6636,Maria Mendoza,maria.mendoza6636@example.com,Bogota,Colombia,bronce,2023-08-15
6637,Luis Moreno,luis.moreno6637@example.com,Cali,Colombia,bronce,2023-12-07
6638,Luis Gomez,luis.gomez6638@example.com,Santiago,Chile,plata,2022-11-10
6639,Sergio Herrera,sergio.herrera6639@example.com,Guadalajara,Mexico,oro,2022-12-26
6640,Elena Diaz,elena.diaz6640@example.com,Madrid,Espana,bronce,2023-01-10
6641,Elena Navarro,elena.navarro6641@example.com,Madrid,Espana,plata,2023-06-25
6642,Ana Garcia,ana.garcia6642@example.com,Valencia,Espana,bronce,2024-01-11
6643,Alberto Garcia,alberto.garcia6643@example.com,Lima,Peru,plata,2022-02-16
6644,Sofia Ramirez,sofia.ramirez6644@example.com,Madrid,Espana,bronce,2022-11-17
6645,Sergio Ortiz,sergio.ortiz6645@example.com,Madrid,Espana,bronce,2024-03-08
6646,Marta Rodriguez,marta.rodriguez6646@example.com,Santiago,Chile,bronce,2022-02-03
6647,Maria Herrera,maria.herrera6647@example.com,Guadalajara,Mexico,oro,2024-05-20
6648,Paula Ortiz,paula.ortiz6648@example.com,Quito,Ecuador,bronce,2024-04-22
6649,Pablo Torres,pablo.torres6649@example.com,Valencia,Espana,bronce,2022-12-16
6650,Carmen Mendoza,carmen.mendoza6650@example.com,Guadalajara,Mexico,oro,2023-11-16
6651,Laura Herrera,laura.herrera6651@example.com,Barcelona,Espana,plata,2023-06-21
6652,Paula Sanchez,paula.sanchez6652@example.com,Guadalajara,Mexico,bronce,2022-10-02
6653,Julia Mendoza,julia.mendoza6653@example.com,Barcelona,Espana,bronce,2022-06-13
6654,Sofia Rojas,sofia.rojas6654@example.com,Lima,Peru,oro,2024-11-18
6655,Luis Garcia,luis.garcia6655@example.com,Medellin,Colombia,bronce,2024-07-30
6656,Paula Vargas,paula.vargas6656@example.com,Bogota,Colombia,bronce,2024-09-10
6657,Ruben Rojas,ruben.rojas6657@example.com,Quito,Ecuador,bronce,2022-06-04
6658,Lucia Silva,lucia.silva6658@example.com,Madrid,Espana,bronce,2024-11-21
6659,Pablo Herrera,pablo.herrera6659@example.com,Santiago,Chile,plata,2023-11-17
6660,Laura Torres,laura.torres6660@example.com,Ciudad de Mexico,Mexico,oro,2023-07-15
6661,Luis Perez,luis.perez6661@example.com,Buenos Aires,Argentina,bronce,2023-01-10
6662,Julia Lopez,julia.lopez6662@example.com,Bogota,Colombia,platino,2022-09-15
6663,Diego Rodriguez,diego.rodriguez6663@example.com,Lima,Peru,plata,2022-12-23
6664,Javier Castro,javier.castro6664@example.com,Cali,Colombia,plata,2022-07-10
6665,Andres Navarro,andres.navarro6665@example.com,Cali,Colombia,bronce,2024-05-15
6666,Ana Rodriguez,ana.rodriguez6666@example.com,Cali,Colombia,bronce,2024-11-04
6667,Luis Moreno,luis.moreno6667@example.com,Bogota,Colombia,plata,2024-11-25
6668,Laura Vargas,laura.vargas6668@example.com,Bogota,Colombia,plata,2024-09-02
6669,Diego Lopez,diego.lopez6669@example.com,Barcelona,Espana,bronce,2022-05-25
6670,Miguel Sanchez,miguel.sanchez6670@example.com,Cali,Colombia,bronce,2024-03-22
6671,Carlos Perez,carlos.perez6671@example.com,Cali,Colombia,bronce,2024-07-28
6672,Miguel Rojas,miguel.rojas6672@example.com,Medellin,Colombia,bronce,2023-07-14
6673,Elena Perez,elena.perez6673@example.com,Quito,Ecuador,bronce,2023-09-04
6674,Lucia Silva,lucia.silva6674@example.com,Barcelona,Espana,bronce,2023-02-25
6675,Pablo Fernandez,pablo.fernandez6675@example.com,Lima,Peru,bronce,2024-06-19
6676,Ruben Martinez,ruben.martinez6676@example.com,Lima,Peru,oro,2024-02-10
6677,Paula Rodriguez,paula.rodriguez6677@example.com,Madrid,Espana,oro,2023-11-20
6678,Javier Diaz,javier.diaz6678@example.com,Buenos Aires,Argentina,bronce,2022-01-11
6679,Julia Diaz,julia.diaz6679@example.com,Valencia,Espana,bronce,2024-11-17
6680,Lucia Moreno,lucia.moreno6680@example.com,Madrid,Espana,bronce,2023-07-29
6681,Carlos Torres,carlos.torres6681@example.com,Lima,Peru,bronce,2024-11-12
6682,Elena Lopez,elena.lopez6682@example.com,Barcelona,Espana,oro,2024-01-14
6683,Marta Sanchez,marta.sanchez6683@example.com,Bogota,Colombia,bronce,2023-07-25
6684,Paula Vargas,paula.vargas6684@example.com,Barcelona,Espana,oro,2024-04-05
6685,Miguel Gomez,miguel.gomez6685@example.com,Barcelona,Espana,bronce,2022-09-28
6686,Carlos Rojas,carlos.rojas6686@example.com,Madrid,Espana,platino,2023-05-09
6687,Carlos Ortiz,carlos.ortiz6687@example.com,Lima,Peru,plata,2022-01-28
6688,Maria Fernandez,maria.fernandez6688@example.com,Madrid,Espana,plata,2024-03-26
6689,Andres Vargas,andres.vargas6689@example.com,Santiago,Chile,oro,2022-12-21
6690,Lucia Silva,lucia.silva6690@example.com,Barcelona,Espana,bronce,2022-04-15
6691,Diego Sanchez,diego.sanchez6691@example.com,Lima,Peru,bronce,2024-05-21
6692,Andres Ramirez,andres.ramirez6692@example.com,Lima,Peru,bronce,2022-09-13
6693,Paula Gomez,paula.gomez6693@example.com,Guadalajara,Mexico,oro,2022-09-03
6694,Sergio Castro,sergio.castro6694@example.com,Santiago,Chile,oro,2022-06-08
6695,Maria Moreno,maria.moreno6695@example.com,Bogota,Colombia,bronce,2023-10-23
6696,Pablo Martinez,pablo.martinez6696@example.com,Santiago,Chile,plata,2023-01-08
6697,Ruben Lopez,ruben.lopez6697@example.com,Valencia,Espana,bronce,2023-09-17
6698,Sergio Garcia,sergio.garcia6698@example.com,Guadalajara,Mexico,bronce,2023-01-12
6699,Elena Garcia,elena.garcia6699@example.com,Quito,Ecuador,plata,2024-04-04
6700,Miguel Rodriguez,miguel.rodriguez6700@example.com,Buenos Aires,Argentina,bronce,2023-02-14
6701,Ruben Moreno,ruben.moreno6701@example.com,Bogota,Colombia,bronce,2024-05-18
6702,Ana Ortiz,ana.ortiz6702@example.com,Buenos Aires,Argentina,plata,2023-05-26
6703,Lucia Diaz,lucia.diaz6703@example.com,Lima,Peru,bronce,2022-01-17
6704,Maria Mendoza,maria.mendoza6704@example.com,Lima,Peru,bronce,2023-04-23
6705,Ruben Moreno,ruben.moreno6705@example.com,Buenos Aires,Argentina,bronce,2022-09-26
6706,Ana Silva,ana.silva6706@example.com,Buenos Aires,Argentina,bronce,2023-06-22
6707,Ana Moreno,ana.moreno6707@example.com,Santiago,Chile,plata,2022-05-17
6708,Elena Lopez,elena.lopez6708@example.com,Buenos Aires,Argentina,oro,2024-04-04
6709,Laura Ramirez,laura.ramirez6709@example.com,Barcelona,Espana,bronce,2023-11-15
6710,Diego Ramirez,diego.ramirez6710@example.com,Santiago,Chile,oro,2022-06-05
6711,Javier Castro,javier.castro6711@example.com,Valencia,Espana,plata,2024-12-07
6712,Miguel Herrera,miguel.herrera6712@example.com,Ciudad de Mexico,Mexico,oro,2023-01-20
6713,Pablo Martinez,pablo.martinez6713@example.com,Medellin,Colombia,plata,2022-08-18
6714,Pablo Rojas,pablo.rojas6714@example.com,Valencia,Espana,bronce,2022-01-01
6715,Julia Silva,julia.silva6715@example.com,Bogota,Colombia,plata,2022-09-28
6716,Diego Martinez,diego.martinez6716@example.com,Barcelona,Espana,bronce,2022-01-31
6717,Pablo Diaz,pablo.diaz6717@example.com,Cali,Colombia,bronce,2023-06-13
6718,Andres Mendoza,andres.mendoza6718@example.com,Cali,Colombia,bronce,2023-10-27
6719,Carlos Garcia,carlos.garcia6719@example.com,Medellin,Colombia,bronce,2023-02-10
6720,Andres Lopez,andres.lopez6720@example.com,Barcelona,Espana,bronce,2024-08-17
6721,Ruben Silva,ruben.silva6721@example.com,Guadalajara,Mexico,oro,2024-11-23
6722,Elena Lopez,elena.lopez6722@example.com,Valencia,Espana,bronce,2022-12-01
6723,Carlos Moreno,carlos.moreno6723@example.com,Lima,Peru,bronce,2023-11-30
6724,Elena Ortiz,elena.ortiz6724@example.com,Madrid,Espana,platino,2023-03-17
6725,Javier Torres,javier.torres6725@example.com,Madrid,Espana,bronce,2022-10-27
6726,Pablo Torres,pablo.torres6726@example.com,Bogota,Colombia,bronce,2022-08-18
6727,Ruben Diaz,ruben.diaz6727@example.com,Medellin,Colombia,oro,2023-07-26
6728,Pablo Fernandez,pablo.fernandez6728@example.com,Quito,Ecuador,platino,2022-06-06
6729,Maria Fernandez,maria.fernandez6729@example.com,Ciudad de Mexico,Mexico,plata,2024-01-07
6730,Elena Vargas,elena.vargas6730@example.com,Medellin,Colombia,bronce,2024-08-26
6731,Andres Mendoza,andres.mendoza6731@example.com,Lima,Peru,bronce,2023-02-08
6732,Elena Navarro,elena.navarro6732@example.com,Valencia,Espana,oro,2023-09-19
6733,Pablo Mendoza,pablo.mendoza6733@example.com,Lima,Peru,oro,2024-12-04
6734,Andres Martinez,andres.martinez6734@example.com,Medellin,Colombia,bronce,2024-02-11
6735,Elena Gomez,elena.gomez6735@example.com,Bogota,Colombia,oro,2023-03-19
6736,Carmen Herrera,carmen.herrera6736@example.com,Bogota,Colombia,plata,2024-08-23
6737,Miguel Ramirez,miguel.ramirez6737@example.com,Madrid,Espana,bronce,2022-02-16
6738,Maria Gomez,maria.gomez6738@example.com,Buenos Aires,Argentina,bronce,2023-10-07
6739,Miguel Gomez,miguel.gomez6739@example.com,Ciudad de Mexico,Mexico,bronce,2022-10-04
6740,Sofia Martinez,sofia.martinez6740@example.com,Guadalajara,Mexico,oro,2022-07-17
6741,Ana Gomez,ana.gomez6741@example.com,Guadalajara,Mexico,bronce,2023-07-21
6742,Ruben Diaz,ruben.diaz6742@example.com,Madrid,Espana,plata,2024-02-21
6743,Lucia Diaz,lucia.diaz6743@example.com,Lima,Peru,bronce,2024-03-19
6744,Ana Ramirez,ana.ramirez6744@example.com,Ciudad de Mexico,Mexico,plata,2024-03-29
6745,Ruben Perez,ruben.perez6745@example.com,Buenos Aires,Argentina,bronce,2022-11-13
6746,Ruben Sanchez,ruben.sanchez6746@example.com,Madrid,Espana,oro,2023-03-30
6747,Ana Mendoza,ana.mendoza6747@example.com,Santiago,Chile,bronce,2022-05-04
6748,Carlos Diaz,carlos.diaz6748@example.com,Buenos Aires,Argentina,plata,2023-11-07
6749,Miguel Perez,miguel.perez6749@example.com,Medellin,Colombia,plata,2024-05-30
6750,Lucia Castro,lucia.castro6750@example.com,Quito,Ecuador,bronce,2023-06-15
6751,Marta Ramirez,marta.ramirez6751@example.com,Guadalajara,Mexico,oro,2022-12-09
6752,Sofia Vargas,sofia.vargas6752@example.com,Lima,Peru,bronce,2022-12-31
6753,Carmen Sanchez,carmen.sanchez6753@example.com,Santiago,Chile,oro,2023-12-13
6754,Ana Moreno,ana.moreno6754@example.com,Valencia,Espana,bronce,2024-01-07
6755,Andres Lopez,andres.lopez6755@example.com,Quito,Ecuador,plata,2023-06-06
6756,Julia Silva,julia.silva6756@example.com,Buenos Aires,Argentina,oro,2022-09-28
6757,Lucia Diaz,lucia.diaz6757@example.com,Valencia,Espana,oro,2023-03-26
6758,Diego Diaz,diego.diaz6758@example.com,Santiago,Chile,bronce,2022-12-25
6759,Javier Fernandez,javier.fernandez6759@example.com,Cali,Colombia,bronce,2022-04-18
6760,Alberto Diaz,alberto.diaz6760@example.com,Lima,Peru,oro,2023-03-21
6761,Ana Rojas,ana.rojas6761@example.com,Valencia,Espana,bronce,2024-07-18
6762,Javier Torres,javier.torres6762@example.com,Bogota,Colombia,oro,2023-11-05
6763,Maria Martinez,maria.martinez6763@example.com,Medellin,Colombia,bronce,2022-05-27
6764,Ruben Vargas,ruben.vargas6764@example.com,Cali,Colombia,bronce,2024-07-22
6765,Diego Perez,diego.perez6765@example.com,Guadalajara,Mexico,plata,2022-08-22
6766,Julia Martinez,julia.martinez6766@example.com,Valencia,Espana,bronce,2023-11-05
6767,Andres Silva,andres.silva6767@example.com,Buenos Aires,Argentina,bronce,2023-09-14
6768,Pablo Gomez,pablo.gomez6768@example.com,Madrid,Espana,bronce,2024-03-06
6769,Lucia Vargas,lucia.vargas6769@example.com,Bogota,Colombia,platino,2024-04-19
6770,Laura Lopez,laura.lopez6770@example.com,Guadalajara,Mexico,plata,2022-11-17
6771,Pablo Gomez,pablo.gomez6771@example.com,Bogota,Colombia,platino,2024-05-01
6772,Andres Fernandez,andres.fernandez6772@example.com,Cali,Colombia,bronce,2023-10-06
6773,Alberto Martinez,alberto.martinez6773@example.com,Guadalajara,Mexico,bronce,2023-01-18
6774,Lucia Navarro,lucia.navarro6774@example.com,Valencia,Espana,bronce,2022-04-24
6775,Julia Gomez,julia.gomez6775@example.com,Quito,Ecuador,bronce,2023-09-15
6776,Julia Vargas,julia.vargas6776@example.com,Lima,Peru,bronce,2023-05-23
6777,Lucia Vargas,lucia.vargas6777@example.com,Quito,Ecuador,bronce,2023-05-31
6778,Sofia Diaz,sofia.diaz6778@example.com,Cali,Colombia,bronce,2024-01-26
6779,Maria Vargas,maria.vargas6779@example.com,Medellin,Colombia,plata,2024-02-16
6780,Javier Vargas,javier.vargas6780@example.com,Quito,Ecuador,bronce,2022-07-16
6781,Ruben Rodriguez,ruben.rodriguez6781@example.com,Buenos Aires,Argentina,bronce,2022-11-21
6782,Maria Rojas,maria.rojas6782@example.com,Santiago,Chile,bronce,2024-09-14
6783,Miguel Martinez,miguel.martinez6783@example.com,Valencia,Espana,bronce,2023-10-13
6784,Andres Diaz,andres.diaz6784@example.com,Lima,Peru,plata,2023-04-02
6785,Laura Fernandez,laura.fernandez6785@example.com,Ciudad de Mexico,Mexico,oro,2024-11-30
6786,Alberto Diaz,alberto.diaz6786@example.com,Santiago,Chile,oro,2024-01-05
6787,Carmen Rodriguez,carmen.rodriguez6787@example.com,Santiago,Chile,bronce,2024-07-19
6788,Ana Moreno,ana.moreno6788@example.com,Barcelona,Espana,bronce,2023-05-30
6789,Laura Diaz,laura.diaz6789@example.com,Barcelona,Espana,oro,2022-06-28
6790,Marta Rodriguez,marta.rodriguez6790@example.com,Madrid,Espana,oro,2024-03-12
6791,Ruben Garcia,ruben.garcia6791@example.com,Guadalajara,Mexico,bronce,2024-06-13
6792,Julia Ramirez,julia.ramirez6792@example.com,Lima,Peru,bronce,2023-10-02
6793,Ruben Rojas,ruben.rojas6793@example.com,Madrid,Espana,plata,2023-04-19
6794,Luis Ramirez,luis.ramirez6794@example.com,Barcelona,Espana,platino,2022-05-15
6795,Marta Moreno,marta.moreno6795@example.com,Cali,Colombia,bronce,2022-09-27
6796,Maria Herrera,maria.herrera6796@example.com,Medellin,Colombia,bronce,2024-10-09
6797,Luis Mendoza,luis.mendoza6797@example.com,Barcelona,Espana,oro,2022-07-04
6798,Andres Navarro,andres.navarro6798@example.com,Guadalajara,Mexico,plata,2023-12-24
6799,Diego Mendoza,diego.mendoza6799@example.com,Lima,Peru,bronce,2023-12-28
6800,Carmen Herrera,carmen.herrera6800@example.com,Valencia,Espana,bronce,2023-06-01
6801,Ruben Diaz,ruben.diaz6801@example.com,Madrid,Espana,plata,2024-12-27
6802,Luis Ramirez,luis.ramirez6802@example.com,Valencia,Espana,plata,2024-01-11
6803,Lucia Castro,lucia.castro6803@example.com,Valencia,Espana,plata,2024-11-24
6804,Paula Lopez,paula.lopez6804@example.com,Cali,Colombia,bronce,2022-10-13
6805,Sofia Rojas,sofia.rojas6805@example.com,Barcelona,Espana,bronce,2024-03-22
6806,Lucia Vargas,lucia.vargas6806@example.com,Medellin,Colombia,plata,2024-04-22
6807,Diego Ramirez,diego.ramirez6807@example.com,Barcelona,Espana,bronce,2024-10-03
6808,Julia Silva,julia.silva6808@example.com,Buenos Aires,Argentina,bronce,2023-03-27
6809,Ana Rojas,ana.rojas6809@example.com,Cali,Colombia,bronce,2022-12-30
6810,Ruben Ortiz,ruben.ortiz6810@example.com,Madrid,Espana,bronce,2024-05-31
6811,Paula Navarro,paula.navarro6811@example.com,Madrid,Espana,plata,2024-02-27
6812,Paula Silva,paula.silva6812@example.com,Cali,Colombia,bronce,2022-10-28
6813,Sofia Perez,sofia.perez6813@example.com,Guadalajara,Mexico,plata,2022-11-30
6814,Lucia Lopez,lucia.lopez6814@example.com,Valencia,Espana,plata,2024-05-15
6815,Miguel Perez,miguel.perez6815@example.com,Bogota,Colombia,bronce,2023-09-16
6816,Javier Moreno,javier.moreno6816@example.com,Guadalajara,Mexico,oro,2024-09-19
6817,Ruben Mendoza,ruben.mendoza6817@example.com,Cali,Colombia,bronce,2023-11-22
6818,Lucia Mendoza,lucia.mendoza6818@example.com,Barcelona,Espana,oro,2024-12-09
6819,Marta Rojas,marta.rojas6819@example.com,Medellin,Colombia,bronce,2022-12-25
6820,Maria Rojas,maria.rojas6820@example.com,Valencia,Espana,platino,2024-04-30
6821,Sergio Navarro,sergio.navarro6821@example.com,Quito,Ecuador,bronce,2022-07-28
6822,Andres Rojas,andres.rojas6822@example.com,Santiago,Chile,plata,2024-02-10
6823,Alberto Martinez,alberto.martinez6823@example.com,Bogota,Colombia,bronce,2023-04-03
6824,Maria Ramirez,maria.ramirez6824@example.com,Valencia,Espana,bronce,2023-07-24
6825,Lucia Fernandez,lucia.fernandez6825@example.com,Barcelona,Espana,bronce,2024-06-03
6826,Lucia Castro,lucia.castro6826@example.com,Buenos Aires,Argentina,bronce,2022-04-26
6827,Lucia Castro,lucia.castro6827@example.com,Quito,Ecuador,bronce,2022-09-02
6828,Luis Perez,luis.perez6828@example.com,Bogota,Colombia,bronce,2023-09-06
6829,Diego Perez,diego.perez6829@example.com,Guadalajara,Mexico,plata,2023-03-30
6830,Javier Rodriguez,javier.rodriguez6830@example.com,Valencia,Espana,bronce,2023-09-09
6831,Carmen Perez,carmen.perez6831@example.com,Quito,Ecuador,bronce,2023-04-17
6832,Laura Silva,laura.silva6832@example.com,Bogota,Colombia,oro,2022-03-12
6833,Sofia Rojas,sofia.rojas6833@example.com,Barcelona,Espana,plata,2024-10-22
6834,Carmen Ortiz,carmen.ortiz6834@example.com,Lima,Peru,bronce,2024-01-27
6835,Luis Ortiz,luis.ortiz6835@example.com,Quito,Ecuador,bronce,2023-10-30
6836,Sergio Mendoza,sergio.mendoza6836@example.com,Medellin,Colombia,bronce,2022-06-13
6837,Marta Lopez,marta.lopez6837@example.com,Lima,Peru,plata,2022-08-05
6838,Luis Gomez,luis.gomez6838@example.com,Valencia,Espana,oro,2023-10-16
6839,Luis Rodriguez,luis.rodriguez6839@example.com,Bogota,Colombia,plata,2022-02-27
6840,Ruben Rodriguez,ruben.rodriguez6840@example.com,Ciudad de Mexico,Mexico,platino,2023-06-02
6841,Javier Sanchez,javier.sanchez6841@example.com,Guadalajara,Mexico,plata,2024-08-31
6842,Ruben Perez,ruben.perez6842@example.com,Medellin,Colombia,platino,2024-08-16
6843,Diego Garcia,diego.garcia6843@example.com,Santiago,Chile,plata,2023-07-18
6844,Elena Silva,elena.silva6844@example.com,Santiago,Chile,plata,2022-09-12
6845,Javier Ramirez,javier.ramirez6845@example.com,Barcelona,Espana,plata,2022-03-23
6846,Andres Rojas,andres.rojas6846@example.com,Quito,Ecuador,plata,2022-07-07
6847,Maria Rojas,maria.rojas6847@example.com,Barcelona,Espana,bronce,2022-11-04
6848,Sofia Navarro,sofia.navarro6848@example.com,Ciudad de Mexico,Mexico,bronce,2023-08-27
6849,Elena Martinez,elena.martinez6849@example.com,Cali,Colombia,bronce,2024-03-05
6850,Carlos Gomez,carlos.gomez6850@example.com,Cali,Colombia,bronce,2023-05-19
6851,Miguel Gomez,miguel.gomez6851@example.com,Barcelona,Espana,oro,2024-06-24
6852,Lucia Vargas,lucia.vargas6852@example.com,Medellin,Colombia,plata,2022-06-26
6853,Andres Ramirez,andres.ramirez6853@example.com,Madrid,Espana,bronce,2023-04-09
6854,Luis Herrera,luis.herrera6854@example.com,Quito,Ecuador,bronce,2023-11-04
6855,Ruben Vargas,ruben.vargas6855@example.com,Barcelona,Espana,bronce,2022-03-01
6856,Ruben Sanchez,ruben.sanchez6856@example.com,Cali,Colombia,oro,2024-09-18
6857,Andres Vargas,andres.vargas6857@example.com,Valencia,Espana,oro,2024-12-25
6858,Julia Navarro,julia.navarro6858@example.com,Valencia,Espana,bronce,2024-03-21
6859,Sofia Vargas,sofia.vargas6859@example.com,Medellin,Colombia,bronce,2024-02-09
6860,Paula Vargas,paula.vargas6860@example.com,Quito,Ecuador,platino,2022-08-18
6861,Marta Lopez,marta.lopez6861@example.com,Cali,Colombia,plata,2022-07-20
6862,Pablo Garcia,pablo.garcia6862@example.com,Quito,Ecuador,oro,2022-09-19
6863,Carlos Sanchez,carlos.sanchez6863@example.com,Santiago,Chile,bronce,2022-05-28
6864,Pablo Garcia,pablo.garcia6864@example.com,Cali,Colombia,bronce,2023-09-03
6865,Julia Torres,julia.torres6865@example.com,Lima,Peru,plata,2024-11-14
6866,Alberto Mendoza,alberto.mendoza6866@example.com,Medellin,Colombia,bronce,2024-01-12
6867,Sofia Diaz,sofia.diaz6867@example.com,Ciudad de Mexico,Mexico,oro,2024-08-23
6868,Laura Castro,laura.castro6868@example.com,Buenos Aires,Argentina,plata,2024-12-07
6869,Marta Mendoza,marta.mendoza6869@example.com,Guadalajara,Mexico,bronce,2023-12-27
6870,Luis Herrera,luis.herrera6870@example.com,Santiago,Chile,bronce,2022-04-25
6871,Carlos Rojas,carlos.rojas6871@example.com,Barcelona,Espana,plata,2024-10-15
6872,Pablo Herrera,pablo.herrera6872@example.com,Cali,Colombia,oro,2023-08-22
6873,Alberto Perez,alberto.perez6873@example.com,Guadalajara,Mexico,bronce,2023-08-23
6874,Elena Diaz,elena.diaz6874@example.com,Bogota,Colombia,plata,2024-12-17
6875,Sofia Fernandez,sofia.fernandez6875@example.com,Lima,Peru,bronce,2024-01-19
6876,Elena Herrera,elena.herrera6876@example.com,Bogota,Colombia,oro,2022-05-02
6877,Sofia Diaz,sofia.diaz6877@example.com,Bogota,Colombia,plata,2024-04-17
6878,Ana Ortiz,ana.ortiz6878@example.com,Bogota,Colombia,bronce,2024-11-30
6879,Pablo Lopez,pablo.lopez6879@example.com,Buenos Aires,Argentina,plata,2022-09-18
6880,Pablo Lopez,pablo.lopez6880@example.com,Barcelona,Espana,plata,2023-05-22
6881,Elena Moreno,elena.moreno6881@example.com,Barcelona,Espana,plata,2022-04-24
6882,Javier Herrera,javier.herrera6882@example.com,Santiago,Chile,bronce,2024-02-25
6883,Sergio Rojas,sergio.rojas6883@example.com,Valencia,Espana,plata,2022-06-06
6884,Carlos Gomez,carlos.gomez6884@example.com,Barcelona,Espana,oro,2023-04-11
6885,Ana Garcia,ana.garcia6885@example.com,Bogota,Colombia,bronce,2023-12-14
6886,Ana Gomez,ana.gomez6886@example.com,Medellin,Colombia,bronce,2024-07-09
6887,Ruben Torres,ruben.torres6887@example.com,Madrid,Espana,oro,2022-12-16
6888,Miguel Diaz,miguel.diaz6888@example.com,Lima,Peru,plata,2024-09-21
6889,Maria Ortiz,maria.ortiz6889@example.com,Barcelona,Espana,bronce,2022-01-27
6890,Ruben Mendoza,ruben.mendoza6890@example.com,Medellin,Colombia,oro,2022-07-02
6891,Maria Herrera,maria.herrera6891@example.com,Valencia,Espana,bronce,2022-05-11
6892,Elena Garcia,elena.garcia6892@example.com,Bogota,Colombia,oro,2024-03-29
6893,Ana Martinez,ana.martinez6893@example.com,Madrid,Espana,bronce,2023-02-01
6894,Andres Diaz,andres.diaz6894@example.com,Quito,Ecuador,bronce,2022-01-23
6895,Andres Castro,andres.castro6895@example.com,Quito,Ecuador,platino,2024-05-13
6896,Sergio Rojas,sergio.rojas6896@example.com,Barcelona,Espana,plata,2022-10-31
6897,Javier Perez,javier.perez6897@example.com,Valencia,Espana,bronce,2024-01-18
6898,Elena Martinez,elena.martinez6898@example.com,Lima,Peru,oro,2023-08-28
6899,Julia Gomez,julia.gomez6899@example.com,Medellin,Colombia,oro,2022-05-03
6900,Paula Herrera,paula.herrera6900@example.com,Madrid,Espana,oro,2023-10-23
6901,Ana Navarro,ana.navarro6901@example.com,Barcelona,Espana,bronce,2024-07-31
6902,Andres Ortiz,andres.ortiz6902@example.com,Medellin,Colombia,bronce,2023-02-04
6903,Paula Vargas,paula.vargas6903@example.com,Ciudad de Mexico,Mexico,plata,2024-07-01
6904,Pablo Rodriguez,pablo.rodriguez6904@example.com,Guadalajara,Mexico,oro,2022-10-24
6905,Carmen Navarro,carmen.navarro6905@example.com,Barcelona,Espana,bronce,2022-11-06
6906,Ana Lopez,ana.lopez6906@example.com,Medellin,Colombia,bronce,2022-07-07
6907,Ana Perez,ana.perez6907@example.com,Bogota,Colombia,bronce,2022-08-20
6908,Ana Navarro,ana.navarro6908@example.com,Ciudad de Mexico,Mexico,bronce,2022-09-20
6909,Carlos Ramirez,carlos.ramirez6909@example.com,Bogota,Colombia,plata,2023-12-13
6910,Alberto Lopez,alberto.lopez6910@example.com,Valencia,Espana,bronce,2022-05-23
6911,Carmen Ramirez,carmen.ramirez6911@example.com,Santiago,Chile,plata,2023-08-20
6912,Sergio Rodriguez,sergio.rodriguez6912@example.com,Ciudad de Mexico,Mexico,plata,2022-10-13
6913,Javier Gomez,javier.gomez6913@example.com,Cali,Colombia,bronce,2022-06-10
6914,Julia Navarro,julia.navarro6914@example.com,Barcelona,Espana,oro,2024-06-18
6915,Carlos Perez,carlos.perez6915@example.com,Madrid,Espana,bronce,2023-08-15
6916,Julia Mendoza,julia.mendoza6916@example.com,Santiago,Chile,bronce,2022-11-11
6917,Ana Ramirez,ana.ramirez6917@example.com,Quito,Ecuador,bronce,2023-12-01
6918,Ana Rojas,ana.rojas6918@example.com,Guadalajara,Mexico,bronce,2024-09-20
6919,Luis Moreno,luis.moreno6919@example.com,Madrid,Espana,bronce,2022-11-06
6920,Sergio Vargas,sergio.vargas6920@example.com,Cali,Colombia,platino,2022-09-26
6921,Javier Garcia,javier.garcia6921@example.com,Bogota,Colombia,bronce,2024-01-18
6922,Diego Ortiz,diego.ortiz6922@example.com,Madrid,Espana,bronce,2023-06-23
6923,Diego Torres,diego.torres6923@example.com,Barcelona,Espana,oro,2024-01-08
6924,Sergio Rojas,sergio.rojas6924@example.com,Cali,Colombia,oro,2022-07-03
6925,Elena Vargas,elena.vargas6925@example.com,Cali,Colombia,bronce,2024-10-18
6926,Ana Rojas,ana.rojas6926@example.com,Ciudad de Mexico,Mexico,bronce,2022-01-19
6927,Miguel Fernandez,miguel.fernandez6927@example.com,Buenos Aires,Argentina,bronce,2022-10-27
6928,Javier Silva,javier.silva6928@example.com,Bogota,Colombia,bronce,2023-11-16
6929,Marta Sanchez,marta.sanchez6929@example.com,Bogota,Colombia,bronce,2023-07-24
6930,Sergio Rojas,sergio.rojas6930@example.com,Buenos Aires,Argentina,plata,2023-01-05
6931,Luis Vargas,luis.vargas6931@example.com,Valencia,Espana,bronce,2024-12-05
6932,Sergio Ramirez,sergio.ramirez6932@example.com,Madrid,Espana,bronce,2023-01-13
6933,Luis Garcia,luis.garcia6933@example.com,Lima,Peru,plata,2024-01-13
6934,Carmen Fernandez,carmen.fernandez6934@example.com,Valencia,Espana,bronce,2023-03-23
6935,Miguel Garcia,miguel.garcia6935@example.com,Barcelona,Espana,bronce,2023-04-28
6936,Elena Ramirez,elena.ramirez6936@example.com,Buenos Aires,Argentina,oro,2024-05-01
6937,Diego Rojas,diego.rojas6937@example.com,Ciudad de Mexico,Mexico,bronce,2023-01-23
6938,Elena Ramirez,elena.ramirez6938@example.com,Barcelona,Espana,bronce,2023-03-14
6939,Sergio Herrera,sergio.herrera6939@example.com,Lima,Peru,bronce,2024-05-06
6940,Alberto Fernandez,alberto.fernandez6940@example.com,Valencia,Espana,plata,2022-04-05
6941,Paula Gomez,paula.gomez6941@example.com,Buenos Aires,Argentina,plata,2023-04-19
6942,Sofia Diaz,sofia.diaz6942@example.com,Guadalajara,Mexico,bronce,2022-11-02
6943,Lucia Sanchez,lucia.sanchez6943@example.com,Santiago,Chile,bronce,2023-06-13
6944,Sofia Silva,sofia.silva6944@example.com,Buenos Aires,Argentina,bronce,2023-09-23
6945,Sergio Silva,sergio.silva6945@example.com,Buenos Aires,Argentina,bronce,2023-04-15
6946,Pablo Diaz,pablo.diaz6946@example.com,Madrid,Espana,oro,2024-12-23
6947,Diego Herrera,diego.herrera6947@example.com,Quito,Ecuador,platino,2024-09-26
6948,Sofia Garcia,sofia.garcia6948@example.com,Barcelona,Espana,bronce,2022-06-06
6949,Miguel Lopez,miguel.lopez6949@example.com,Bogota,Colombia,bronce,2023-12-06
6950,Pablo Perez,pablo.perez6950@example.com,Cali,Colombia,plata,2022-12-21
6951,Andres Fernandez,andres.fernandez6951@example.com,Bogota,Colombia,bronce,2024-02-22
6952,Sofia Sanchez,sofia.sanchez6952@example.com,Guadalajara,Mexico,bronce,2023-06-16
6953,Paula Ramirez,paula.ramirez6953@example.com,Madrid,Espana,oro,2024-11-10
6954,Paula Herrera,paula.herrera6954@example.com,Cali,Colombia,bronce,2024-10-31
6955,Sofia Torres,sofia.torres6955@example.com,Medellin,Colombia,bronce,2022-03-04
6956,Julia Diaz,julia.diaz6956@example.com,Guadalajara,Mexico,bronce,2022-04-29
6957,Carlos Rodriguez,carlos.rodriguez6957@example.com,Ciudad de Mexico,Mexico,plata,2022-01-25
6958,Julia Perez,julia.perez6958@example.com,Santiago,Chile,plata,2024-05-19
6959,Javier Silva,javier.silva6959@example.com,Barcelona,Espana,bronce,2022-09-08
6960,Pablo Silva,pablo.silva6960@example.com,Quito,Ecuador,plata,2024-03-02
6961,Javier Martinez,javier.martinez6961@example.com,Medellin,Colombia,bronce,2022-12-30
6962,Sofia Garcia,sofia.garcia6962@example.com,Medellin,Colombia,oro,2022-12-02
6963,Elena Silva,elena.silva6963@example.com,Ciudad de Mexico,Mexico,bronce,2023-10-24
6964,Marta Lopez,marta.lopez6964@example.com,Barcelona,Espana,bronce,2024-04-27
6965,Luis Vargas,luis.vargas6965@example.com,Santiago,Chile,plata,2023-09-13
6966,Paula Silva,paula.silva6966@example.com,Bogota,Colombia,bronce,2023-09-22
6967,Julia Herrera,julia.herrera6967@example.com,Quito,Ecuador,plata,2024-03-17
6968,Pablo Vargas,pablo.vargas6968@example.com,Barcelona,Espana,bronce,2022-07-07
6969,Lucia Fernandez,lucia.fernandez6969@example.com,Lima,Peru,bronce,2023-10-11
6970,Andres Herrera,andres.herrera6970@example.com,Medellin,Colombia,bronce,2022-11-09
6971,Carlos Rojas,carlos.rojas6971@example.com,Guadalajara,Mexico,bronce,2022-06-19
6972,Marta Silva,marta.silva6972@example.com,Lima,Peru,bronce,2022-12-26
6973,Laura Ramirez,laura.ramirez6973@example.com,Barcelona,Espana,bronce,2022-07-30
6974,Andres Ortiz,andres.ortiz6974@example.com,Medellin,Colombia,bronce,2022-12-20
6975,Elena Herrera,elena.herrera6975@example.com,Quito,Ecuador,oro,2022-01-26
6976,Marta Rodriguez,marta.rodriguez6976@example.com,Barcelona,Espana,plata,2024-03-28
6977,Sergio Perez,sergio.perez6977@example.com,Barcelona,Espana,bronce,2023-01-17
6978,Laura Herrera,laura.herrera6978@example.com,Ciudad de Mexico,Mexico,bronce,2023-12-25
6979,Carmen Martinez,carmen.martinez6979@example.com,Madrid,Espana,bronce,2024-03-31
6980,Diego Moreno,diego.moreno6980@example.com,Quito,Ecuador,bronce,2024-06-16
6981,Javier Gomez,javier.gomez6981@example.com,Lima,Peru,bronce,2022-03-27
6982,Pablo Sanchez,pablo.sanchez6982@example.com,Valencia,Espana,bronce,2023-07-14
6983,Alberto Ramirez,alberto.ramirez6983@example.com,Valencia,Espana,platino,2023-04-02
6984,Ana Ortiz,ana.ortiz6984@example.com,Santiago,Chile,plata,2023-01-19
6985,Alberto Mendoza,alberto.mendoza6985@example.com,Ciudad de Mexico,Mexico,bronce,2024-06-02
6986,Ruben Diaz,ruben.diaz6986@example.com,Santiago,Chile,bronce,2022-03-16
6987,Lucia Garcia,lucia.garcia6987@example.com,Quito,Ecuador,bronce,2022-12-06
6988,Carmen Mendoza,carmen.mendoza6988@example.com,Medellin,Colombia,bronce,2024-05-19
6989,Miguel Mendoza,miguel.mendoza6989@example.com,Bogota,Colombia,bronce,2023-03-09
6990,Maria Castro,maria.castro6990@example.com,Guadalajara,Mexico,bronce,2022-03-23
6991,Pablo Castro,pablo.castro6991@example.com,Guadalajara,Mexico,bronce,2022-07-09
6992,Paula Ramirez,paula.ramirez6992@example.com,Cali,Colombia,bronce,2022-11-27
6993,Laura Garcia,laura.garcia6993@example.com,Bogota,Colombia,plata,2022-09-29
6994,Marta Lopez,marta.lopez6994@example.com,Bogota,Colombia,bronce,2024-01-03
6995,Marta Martinez,marta.martinez6995@example.com,Ciudad de Mexico,Mexico,platino,2022-07-07
6996,Sergio Ortiz,sergio.ortiz6996@example.com,Cali,Colombia,bronce,2024-04-16
6997,Elena Garcia,elena.garcia6997@example.com,Cali,Colombia,bronce,2022-12-08
6998,Miguel Vargas,miguel.vargas6998@example.com,Barcelona,Espana,bronce,2022-03-17
6999,Sofia Fernandez,sofia.fernandez6999@example.com,Lima,Peru,bronce,2022-01-13
7000,Ruben Garcia,ruben.garcia7000@example.com,Buenos Aires,Argentina,bronce,2023-10-28
7001,Julia Ortiz,julia.ortiz7001@example.com,Quito,Ecuador,bronce,2024-03-15
7002,Sofia Garcia,sofia.garcia7002@example.com,Santiago,Chile,bronce,2022-05-31
7003,Alberto Mendoza,alberto.mendoza7003@example.com,Guadalajara,Mexico,bronce,2022-12-05
7004,Pablo Herrera,pablo.herrera7004@example.com,Bogota,Colombia,bronce,2024-04-09
7005,Miguel Herrera,miguel.herrera7005@example.com,Guadalajara,Mexico,plata,2024-08-08
7006,Ana Lopez,ana.lopez7006@example.com,Ciudad de Mexico,Mexico,plata,2024-03-10
7007,Carmen Mendoza,carmen.mendoza7007@example.com,Quito,Ecuador,plata,2023-11-08
7008,Carmen Vargas,carmen.vargas7008@example.com,Valencia,Espana,oro,2024-03-30
7009,Alberto Diaz,alberto.diaz7009@example.com,Madrid,Espana,bronce,2022-11-22
7010,Marta Rojas,marta.rojas7010@example.com,Barcelona,Espana,oro,2022-03-11
7011,Ana Gomez,ana.gomez7011@example.com,Valencia,Espana,bronce,2023-09-10
7012,Pablo Perez,pablo.perez7012@example.com,Guadalajara,Mexico,bronce,2023-09-05
7013,Marta Perez,marta.perez7013@example.com,Barcelona,Espana,plata,2024-05-29
7014,Diego Vargas,diego.vargas7014@example.com,Barcelona,Espana,bronce,2022-09-21
7015,Sofia Castro,sofia.castro7015@example.com,Medellin,Colombia,bronce,2024-08-31
7016,Paula Sanchez,paula.sanchez7016@example.com,Santiago,Chile,bronce,2023-06-27
7017,Carmen Sanchez,carmen.sanchez7017@example.com,Cali,Colombia,bronce,2023-04-30
7018,Andres Ortiz,andres.ortiz7018@example.com,Bogota,Colombia,bronce,2024-12-19
7019,Diego Ramirez,diego.ramirez7019@example.com,Bogota,Colombia,plata,2023-08-19
7020,Javier Mendoza,javier.mendoza7020@example.com,Santiago,Chile,bronce,2022-04-10
7021,Lucia Gomez,lucia.gomez7021@example.com,Cali,Colombia,bronce,2022-10-05
7022,Alberto Perez,alberto.perez7022@example.com,Medellin,Colombia,bronce,2023-10-13
7023,Carmen Perez,carmen.perez7023@example.com,Santiago,Chile,oro,2022-09-10
7024,Marta Ramirez,marta.ramirez7024@example.com,Medellin,Colombia,platino,2022-06-30
7025,Maria Herrera,maria.herrera7025@example.com,Medellin,Colombia,plata,2022-11-21
7026,Alberto Ramirez,alberto.ramirez7026@example.com,Santiago,Chile,bronce,2023-07-13
7027,Laura Perez,laura.perez7027@example.com,Bogota,Colombia,bronce,2022-04-12
7028,Alberto Navarro,alberto.navarro7028@example.com,Ciudad de Mexico,Mexico,bronce,2023-07-25
7029,Sofia Vargas,sofia.vargas7029@example.com,Guadalajara,Mexico,plata,2024-03-07
7030,Julia Fernandez,julia.fernandez7030@example.com,Valencia,Espana,bronce,2023-05-15
7031,Ruben Garcia,ruben.garcia7031@example.com,Barcelona,Espana,plata,2024-01-31
7032,Sergio Vargas,sergio.vargas7032@example.com,Lima,Peru,bronce,2023-12-02
7033,Julia Castro,julia.castro7033@example.com,Bogota,Colombia,oro,2023-06-28
7034,Carmen Ortiz,carmen.ortiz7034@example.com,Medellin,Colombia,bronce,2024-12-02
7035,Paula Sanchez,paula.sanchez7035@example.com,Guadalajara,Mexico,bronce,2023-11-01
7036,Carlos Lopez,carlos.lopez7036@example.com,Barcelona,Espana,bronce,2024-05-31
7037,Luis Navarro,luis.navarro7037@example.com,Madrid,Espana,plata,2023-12-03
7038,Lucia Vargas,lucia.vargas7038@example.com,Medellin,Colombia,oro,2024-11-15
7039,Paula Garcia,paula.garcia7039@example.com,Quito,Ecuador,bronce,2023-04-18
7040,Sergio Martinez,sergio.martinez7040@example.com,Ciudad de Mexico,Mexico,oro,2022-07-27
7041,Lucia Torres,lucia.torres7041@example.com,Ciudad de Mexico,Mexico,bronce,2022-07-18
7042,Lucia Castro,lucia.castro7042@example.com,Guadalajara,Mexico,bronce,2024-12-23
7043,Carmen Sanchez,carmen.sanchez7043@example.com,Lima,Peru,bronce,2024-05-24
7044,Ruben Fernandez,ruben.fernandez7044@example.com,Lima,Peru,bronce,2022-12-01
7045,Paula Moreno,paula.moreno7045@example.com,Madrid,Espana,oro,2023-05-06
7046,Maria Navarro,maria.navarro7046@example.com,Ciudad de Mexico,Mexico,bronce,2022-02-07
7047,Pablo Torres,pablo.torres7047@example.com,Ciudad de Mexico,Mexico,bronce,2024-11-09
7048,Miguel Diaz,miguel.diaz7048@example.com,Valencia,Espana,bronce,2023-04-23
7049,Sergio Fernandez,sergio.fernandez7049@example.com,Quito,Ecuador,plata,2023-02-26
7050,Lucia Martinez,lucia.martinez7050@example.com,Bogota,Colombia,oro,2022-09-27
7051,Alberto Rodriguez,alberto.rodriguez7051@example.com,Lima,Peru,oro,2022-04-01
7052,Sofia Silva,sofia.silva7052@example.com,Barcelona,Espana,bronce,2024-04-14
7053,Andres Garcia,andres.garcia7053@example.com,Guadalajara,Mexico,bronce,2022-09-02
7054,Maria Silva,maria.silva7054@example.com,Buenos Aires,Argentina,bronce,2022-04-06
7055,Julia Sanchez,julia.sanchez7055@example.com,Ciudad de Mexico,Mexico,oro,2024-12-07
7056,Carlos Rojas,carlos.rojas7056@example.com,Barcelona,Espana,bronce,2023-08-24
7057,Miguel Navarro,miguel.navarro7057@example.com,Barcelona,Espana,platino,2022-03-26
7058,Paula Moreno,paula.moreno7058@example.com,Guadalajara,Mexico,oro,2022-11-13
7059,Alberto Moreno,alberto.moreno7059@example.com,Lima,Peru,plata,2023-08-30
7060,Diego Perez,diego.perez7060@example.com,Guadalajara,Mexico,plata,2022-08-15
7061,Diego Vargas,diego.vargas7061@example.com,Barcelona,Espana,bronce,2024-12-20
7062,Ana Castro,ana.castro7062@example.com,Santiago,Chile,bronce,2024-08-16
7063,Alberto Diaz,alberto.diaz7063@example.com,Cali,Colombia,bronce,2024-08-27
7064,Ana Garcia,ana.garcia7064@example.com,Madrid,Espana,bronce,2023-07-19
7065,Ana Ortiz,ana.ortiz7065@example.com,Medellin,Colombia,plata,2024-12-18
7066,Diego Lopez,diego.lopez7066@example.com,Valencia,Espana,bronce,2022-12-23
7067,Ana Navarro,ana.navarro7067@example.com,Quito,Ecuador,oro,2023-09-01
7068,Carlos Ortiz,carlos.ortiz7068@example.com,Lima,Peru,oro,2024-03-27
7069,Carmen Garcia,carmen.garcia7069@example.com,Barcelona,Espana,bronce,2023-07-08
7070,Marta Moreno,marta.moreno7070@example.com,Ciudad de Mexico,Mexico,bronce,2024-07-23
7071,Javier Castro,javier.castro7071@example.com,Madrid,Espana,bronce,2022-04-24
7072,Sergio Sanchez,sergio.sanchez7072@example.com,Cali,Colombia,bronce,2023-04-30
7073,Carmen Silva,carmen.silva7073@example.com,Barcelona,Espana,plata,2024-06-27
7074,Laura Martinez,laura.martinez7074@example.com,Buenos Aires,Argentina,plata,2022-07-19
7075,Marta Sanchez,marta.sanchez7075@example.com,Madrid,Espana,plata,2023-02-26
7076,Pablo Ortiz,pablo.ortiz7076@example.com,Lima,Peru,bronce,2024-12-24
7077,Paula Moreno,paula.moreno7077@example.com,Valencia,Espana,oro,2023-11-03
7078,Carlos Martinez,carlos.martinez7078@example.com,Bogota,Colombia,plata,2023-01-29
7079,Laura Martinez,laura.martinez7079@example.com,Lima,Peru,platino,2023-02-02
7080,Elena Perez,elena.perez7080@example.com,Lima,Peru,oro,2022-08-14
7081,Elena Rodriguez,elena.rodriguez7081@example.com,Barcelona,Espana,plata,2024-03-15
7082,Ruben Lopez,ruben.lopez7082@example.com,Barcelona,Espana,bronce,2022-04-24
7083,Marta Vargas,marta.vargas7083@example.com,Lima,Peru,oro,2022-08-16
7084,Lucia Garcia,lucia.garcia7084@example.com,Quito,Ecuador,bronce,2022-05-16
7085,Lucia Perez,lucia.perez7085@example.com,Cali,Colombia,bronce,2024-04-05
7086,Ruben Gomez,ruben.gomez7086@example.com,Barcelona,Espana,bronce,2024-10-29
7087,Sofia Navarro,sofia.navarro7087@example.com,Barcelona,Espana,bronce,2022-04-06
7088,Laura Navarro,laura.navarro7088@example.com,Bogota,Colombia,bronce,2024-11-02
7089,Maria Silva,maria.silva7089@example.com,Buenos Aires,Argentina,bronce,2024-09-30
7090,Elena Gomez,elena.gomez7090@example.com,Barcelona,Espana,oro,2023-07-11
7091,Andres Ramirez,andres.ramirez7091@example.com,Guadalajara,Mexico,plata,2022-02-10
7092,Diego Ramirez,diego.ramirez7092@example.com,Santiago,Chile,oro,2024-01-28
7093,Sofia Mendoza,sofia.mendoza7093@example.com,Barcelona,Espana,oro,2023-07-29
7094,Diego Moreno,diego.moreno7094@example.com,Quito,Ecuador,bronce,2024-06-30
7095,Alberto Ortiz,alberto.ortiz7095@example.com,Quito,Ecuador,plata,2022-11-19
7096,Alberto Vargas,alberto.vargas7096@example.com,Bogota,Colombia,plata,2023-09-03
7097,Carlos Ortiz,carlos.ortiz7097@example.com,Barcelona,Espana,bronce,2024-09-03
7098,Maria Moreno,maria.moreno7098@example.com,Bogota,Colombia,platino,2024-01-01
7099,Laura Moreno,laura.moreno7099@example.com,Bogota,Colombia,oro,2023-12-09
7100,Ruben Rojas,ruben.rojas7100@example.com,Bogota,Colombia,bronce,2024-11-24
7101,Diego Gomez,diego.gomez7101@example.com,Quito,Ecuador,oro,2023-06-21
7102,Ruben Castro,ruben.castro7102@example.com,Barcelona,Espana,bronce,2022-07-08
7103,Carmen Fernandez,carmen.fernandez7103@example.com,Bogota,Colombia,oro,2024-12-04
7104,Pablo Castro,pablo.castro7104@example.com,Santiago,Chile,plata,2022-06-01
7105,Javier Perez,javier.perez7105@example.com,Madrid,Espana,bronce,2023-08-27
7106,Elena Herrera,elena.herrera7106@example.com,Madrid,Espana,oro,2024-04-04
7107,Maria Vargas,maria.vargas7107@example.com,Bogota,Colombia,bronce,2024-05-11
7108,Lucia Moreno,lucia.moreno7108@example.com,Quito,Ecuador,bronce,2024-02-10
7109,Javier Sanchez,javier.sanchez7109@example.com,Lima,Peru,plata,2023-04-11
7110,Javier Herrera,javier.herrera7110@example.com,Quito,Ecuador,plata,2022-07-23
7111,Ana Silva,ana.silva7111@example.com,Lima,Peru,bronce,2022-02-11
7112,Sergio Martinez,sergio.martinez7112@example.com,Barcelona,Espana,plata,2022-11-28
7113,Julia Fernandez,julia.fernandez7113@example.com,Medellin,Colombia,bronce,2024-11-30
7114,Diego Rojas,diego.rojas7114@example.com,Ciudad de Mexico,Mexico,bronce,2024-01-21
7115,Lucia Mendoza,lucia.mendoza7115@example.com,Barcelona,Espana,plata,2023-03-22
7116,Julia Moreno,julia.moreno7116@example.com,Quito,Ecuador,bronce,2023-06-26
7117,Lucia Torres,lucia.torres7117@example.com,Guadalajara,Mexico,bronce,2023-01-01
7118,Carmen Perez,carmen.perez7118@example.com,Lima,Peru,oro,2024-09-05
7119,Sofia Ortiz,sofia.ortiz7119@example.com,Bogota,Colombia,oro,2023-05-12
7120,Lucia Mendoza,lucia.mendoza7120@example.com,Buenos Aires,Argentina,plata,2024-07-05
7121,Lucia Mendoza,lucia.mendoza7121@example.com,Barcelona,Espana,plata,2022-02-25
7122,Marta Gomez,marta.gomez7122@example.com,Madrid,Espana,oro,2023-06-18
7123,Carmen Diaz,carmen.diaz7123@example.com,Guadalajara,Mexico,oro,2023-10-23
7124,Lucia Sanchez,lucia.sanchez7124@example.com,Madrid,Espana,bronce,2024-01-01
7125,Luis Navarro,luis.navarro7125@example.com,Bogota,Colombia,bronce,2022-01-27
7126,Julia Mendoza,julia.mendoza7126@example.com,Santiago,Chile,bronce,2023-12-06
7127,Ruben Lopez,ruben.lopez7127@example.com,Cali,Colombia,bronce,2024-07-08
7128,Carlos Sanchez,carlos.sanchez7128@example.com,Medellin,Colombia,bronce,2022-04-11
7129,Javier Vargas,javier.vargas7129@example.com,Bogota,Colombia,plata,2022-12-29
7130,Alberto Diaz,alberto.diaz7130@example.com,Buenos Aires,Argentina,plata,2023-04-12
7131,Elena Torres,elena.torres7131@example.com,Quito,Ecuador,oro,2022-10-06
7132,Paula Fernandez,paula.fernandez7132@example.com,Buenos Aires,Argentina,bronce,2023-04-27
7133,Sergio Rojas,sergio.rojas7133@example.com,Medellin,Colombia,bronce,2024-09-04
7134,Ruben Mendoza,ruben.mendoza7134@example.com,Cali,Colombia,bronce,2024-09-09
7135,Ana Ortiz,ana.ortiz7135@example.com,Barcelona,Espana,bronce,2023-10-21
7136,Diego Torres,diego.torres7136@example.com,Barcelona,Espana,bronce,2024-08-27
7137,Pablo Silva,pablo.silva7137@example.com,Bogota,Colombia,platino,2024-06-11
7138,Paula Rojas,paula.rojas7138@example.com,Medellin,Colombia,bronce,2022-03-05
7139,Laura Lopez,laura.lopez7139@example.com,Quito,Ecuador,plata,2023-02-28
7140,Elena Herrera,elena.herrera7140@example.com,Lima,Peru,bronce,2024-07-14
7141,Carlos Fernandez,carlos.fernandez7141@example.com,Barcelona,Espana,bronce,2023-04-30
7142,Sergio Castro,sergio.castro7142@example.com,Bogota,Colombia,oro,2023-11-01
7143,Alberto Moreno,alberto.moreno7143@example.com,Madrid,Espana,oro,2023-03-28
7144,Maria Ortiz,maria.ortiz7144@example.com,Madrid,Espana,bronce,2022-01-18
7145,Laura Ortiz,laura.ortiz7145@example.com,Medellin,Colombia,oro,2023-09-11
7146,Elena Silva,elena.silva7146@example.com,Quito,Ecuador,bronce,2023-02-22
7147,Ruben Ramirez,ruben.ramirez7147@example.com,Valencia,Espana,oro,2024-04-27
7148,Sofia Diaz,sofia.diaz7148@example.com,Buenos Aires,Argentina,bronce,2024-08-30
7149,Javier Diaz,javier.diaz7149@example.com,Medellin,Colombia,bronce,2022-04-25
7150,Elena Navarro,elena.navarro7150@example.com,Ciudad de Mexico,Mexico,plata,2023-01-28
7151,Pablo Sanchez,pablo.sanchez7151@example.com,Lima,Peru,oro,2023-03-06
7152,Miguel Ramirez,miguel.ramirez7152@example.com,Santiago,Chile,oro,2024-01-11
7153,Maria Rojas,maria.rojas7153@example.com,Santiago,Chile,bronce,2023-03-10
7154,Paula Garcia,paula.garcia7154@example.com,Medellin,Colombia,oro,2023-09-12
7155,Sofia Castro,sofia.castro7155@example.com,Madrid,Espana,bronce,2024-09-21
7156,Javier Perez,javier.perez7156@example.com,Quito,Ecuador,bronce,2023-10-08
7157,Marta Perez,marta.perez7157@example.com,Quito,Ecuador,bronce,2022-04-18
7158,Marta Castro,marta.castro7158@example.com,Lima,Peru,bronce,2023-06-11
7159,Carlos Garcia,carlos.garcia7159@example.com,Cali,Colombia,bronce,2024-08-28
7160,Luis Lopez,luis.lopez7160@example.com,Bogota,Colombia,plata,2023-06-13
7161,Ana Torres,ana.torres7161@example.com,Valencia,Espana,bronce,2024-12-12
7162,Sergio Vargas,sergio.vargas7162@example.com,Medellin,Colombia,plata,2024-09-15
7163,Carmen Martinez,carmen.martinez7163@example.com,Medellin,Colombia,bronce,2022-10-17
7164,Sergio Fernandez,sergio.fernandez7164@example.com,Bogota,Colombia,plata,2023-03-30
7165,Carmen Gomez,carmen.gomez7165@example.com,Quito,Ecuador,bronce,2022-07-22
7166,Sofia Ramirez,sofia.ramirez7166@example.com,Guadalajara,Mexico,bronce,2022-07-29
7167,Pablo Gomez,pablo.gomez7167@example.com,Valencia,Espana,plata,2023-02-07
7168,Marta Garcia,marta.garcia7168@example.com,Guadalajara,Mexico,oro,2023-04-05
7169,Miguel Ramirez,miguel.ramirez7169@example.com,Buenos Aires,Argentina,platino,2023-01-19
7170,Julia Silva,julia.silva7170@example.com,Ciudad de Mexico,Mexico,bronce,2024-03-13
7171,Ruben Vargas,ruben.vargas7171@example.com,Quito,Ecuador,oro,2022-06-16
7172,Paula Fernandez,paula.fernandez7172@example.com,Quito,Ecuador,plata,2023-06-05
7173,Alberto Torres,alberto.torres7173@example.com,Cali,Colombia,oro,2024-08-31
7174,Miguel Martinez,miguel.martinez7174@example.com,Cali,Colombia,bronce,2024-03-12
7175,Maria Sanchez,maria.sanchez7175@example.com,Valencia,Espana,bronce,2022-08-12
7176,Diego Diaz,diego.diaz7176@example.com,Santiago,Chile,bronce,2022-09-20
7177,Marta Vargas,marta.vargas7177@example.com,Quito,Ecuador,oro,2024-10-11
7178,Sergio Torres,sergio.torres7178@example.com,Guadalajara,Mexico,bronce,2023-10-01
7179,Miguel Navarro,miguel.navarro7179@example.com,Valencia,Espana,bronce,2024-08-21
7180,Javier Castro,javier.castro7180@example.com,Ciudad de Mexico,Mexico,plata,2024-08-04
7181,Sofia Garcia,sofia.garcia7181@example.com,Santiago,Chile,platino,2023-04-29
7182,Paula Ramirez,paula.ramirez7182@example.com,Madrid,Espana,plata,2023-08-03
7183,Luis Vargas,luis.vargas7183@example.com,Guadalajara,Mexico,plata,2023-02-08
7184,Elena Garcia,elena.garcia7184@example.com,Guadalajara,Mexico,bronce,2023-11-29
7185,Laura Fernandez,laura.fernandez7185@example.com,Ciudad de Mexico,Mexico,oro,2023-12-13
7186,Paula Mendoza,paula.mendoza7186@example.com,Guadalajara,Mexico,bronce,2024-01-14
7187,Diego Fernandez,diego.fernandez7187@example.com,Lima,Peru,bronce,2024-07-31
7188,Luis Torres,luis.torres7188@example.com,Barcelona,Espana,bronce,2024-03-20
7189,Javier Sanchez,javier.sanchez7189@example.com,Ciudad de Mexico,Mexico,bronce,2022-04-22
7190,Ana Rodriguez,ana.rodriguez7190@example.com,Santiago,Chile,plata,2023-01-19
7191,Diego Gomez,diego.gomez7191@example.com,Santiago,Chile,plata,2023-09-17
7192,Alberto Herrera,alberto.herrera7192@example.com,Cali,Colombia,bronce,2023-11-18
7193,Pablo Navarro,pablo.navarro7193@example.com,Quito,Ecuador,bronce,2024-08-04
7194,Ruben Rojas,ruben.rojas7194@example.com,Bogota,Colombia,bronce,2023-04-01
7195,Marta Silva,marta.silva7195@example.com,Cali,Colombia,bronce,2024-06-18
7196,Ruben Castro,ruben.castro7196@example.com,Santiago,Chile,oro,2023-03-05
7197,Elena Rojas,elena.rojas7197@example.com,Cali,Colombia,plata,2022-06-09
7198,Alberto Diaz,alberto.diaz7198@example.com,Medellin,Colombia,bronce,2023-06-05
7199,Laura Rodriguez,laura.rodriguez7199@example.com,Ciudad de Mexico,Mexico,bronce,2022-06-13
7200,Sofia Diaz,sofia.diaz7200@example.com,Guadalajara,Mexico,oro,2023-03-23
7201,Andres Mendoza,andres.mendoza7201@example.com,Quito,Ecuador,oro,2022-09-23
7202,Javier Ramirez,javier.ramirez7202@example.com,Guadalajara,Mexico,oro,2022-01-29
7203,Javier Herrera,javier.herrera7203@example.com,Valencia,Espana,bronce,2023-12-28
7204,Maria Rodriguez,maria.rodriguez7204@example.com,Madrid,Espana,bronce,2024-03-23
7205,Ana Sanchez,ana.sanchez7205@example.com,Quito,Ecuador,bronce,2022-05-25
7206,Lucia Perez,lucia.perez7206@example.com,Cali,Colombia,plata,2023-10-02
7207,Alberto Fernandez,alberto.fernandez7207@example.com,Valencia,Espana,bronce,2023-07-04
7208,Laura Navarro,laura.navarro7208@example.com,Valencia,Espana,plata,2022-05-31
7209,Sofia Torres,sofia.torres7209@example.com,Barcelona,Espana,bronce,2023-10-29
7210,Julia Rojas,julia.rojas7210@example.com,Valencia,Espana,plata,2022-10-14
7211,Sergio Castro,sergio.castro7211@example.com,Santiago,Chile,bronce,2024-06-19
7212,Ana Diaz,ana.diaz7212@example.com,Guadalajara,Mexico,oro,2023-11-01
7213,Lucia Navarro,lucia.navarro7213@example.com,Guadalajara,Mexico,bronce,2022-05-03
7214,Maria Sanchez,maria.sanchez7214@example.com,Madrid,Espana,plata,2023-07-22
7215,Laura Garcia,laura.garcia7215@example.com,Buenos Aires,Argentina,bronce,2022-05-08
7216,Laura Moreno,laura.moreno7216@example.com,Quito,Ecuador,plata,2024-03-03
7217,Carmen Rojas,carmen.rojas7217@example.com,Quito,Ecuador,plata,2022-11-22
7218,Carlos Perez,carlos.perez7218@example.com,Medellin,Colombia,bronce,2023-06-20
7219,Javier Mendoza,javier.mendoza7219@example.com,Guadalajara,Mexico,bronce,2024-02-02
7220,Laura Lopez,laura.lopez7220@example.com,Bogota,Colombia,bronce,2024-07-13
7221,Miguel Perez,miguel.perez7221@example.com,Lima,Peru,bronce,2023-07-15
7222,Andres Lopez,andres.lopez7222@example.com,Quito,Ecuador,plata,2022-03-26
7223,Miguel Lopez,miguel.lopez7223@example.com,Valencia,Espana,bronce,2022-10-11
7224,Elena Moreno,elena.moreno7224@example.com,Cali,Colombia,bronce,2023-11-03
7225,Lucia Moreno,lucia.moreno7225@example.com,Valencia,Espana,bronce,2022-02-15
7226,Carmen Castro,carmen.castro7226@example.com,Guadalajara,Mexico,bronce,2023-02-11
7227,Ana Mendoza,ana.mendoza7227@example.com,Bogota,Colombia,bronce,2022-12-21
7228,Ruben Rodriguez,ruben.rodriguez7228@example.com,Buenos Aires,Argentina,plata,2022-12-02
7229,Julia Castro,julia.castro7229@example.com,Quito,Ecuador,bronce,2024-11-10
7230,Carmen Martinez,carmen.martinez7230@example.com,Lima,Peru,oro,2024-10-30
7231,Pablo Navarro,pablo.navarro7231@example.com,Valencia,Espana,plata,2024-09-09
7232,Andres Castro,andres.castro7232@example.com,Barcelona,Espana,bronce,2024-08-03
7233,Sofia Herrera,sofia.herrera7233@example.com,Santiago,Chile,oro,2024-09-05
7234,Miguel Vargas,miguel.vargas7234@example.com,Madrid,Espana,plata,2022-07-21
7235,Miguel Fernandez,miguel.fernandez7235@example.com,Medellin,Colombia,plata,2023-03-07
7236,Carlos Rojas,carlos.rojas7236@example.com,Quito,Ecuador,bronce,2022-03-04
7237,Paula Silva,paula.silva7237@example.com,Cali,Colombia,plata,2024-05-22
7238,Elena Lopez,elena.lopez7238@example.com,Madrid,Espana,bronce,2024-08-07
7239,Javier Mendoza,javier.mendoza7239@example.com,Quito,Ecuador,bronce,2022-02-01
7240,Alberto Moreno,alberto.moreno7240@example.com,Buenos Aires,Argentina,bronce,2022-07-05
7241,Lucia Rodriguez,lucia.rodriguez7241@example.com,Bogota,Colombia,bronce,2022-07-04
7242,Carmen Ortiz,carmen.ortiz7242@example.com,Guadalajara,Mexico,plata,2024-10-13
7243,Laura Lopez,laura.lopez7243@example.com,Guadalajara,Mexico,bronce,2024-05-15
7244,Javier Castro,javier.castro7244@example.com,Ciudad de Mexico,Mexico,bronce,2022-10-31
7245,Marta Martinez,marta.martinez7245@example.com,Quito,Ecuador,oro,2022-02-20
7246,Diego Lopez,diego.lopez7246@example.com,Santiago,Chile,bronce,2023-03-27
7247,Maria Castro,maria.castro7247@example.com,Bogota,Colombia,bronce,2023-10-02
7248,Paula Rojas,paula.rojas7248@example.com,Quito,Ecuador,bronce,2022-02-19
7249,Sofia Rojas,sofia.rojas7249@example.com,Quito,Ecuador,oro,2023-05-29
7250,Andres Gomez,andres.gomez7250@example.com,Madrid,Espana,plata,2023-08-12
7251,Elena Silva,elena.silva7251@example.com,Bogota,Colombia,plata,2024-12-10
7252,Pablo Garcia,pablo.garcia7252@example.com,Guadalajara,Mexico,oro,2022-07-26
7253,Sergio Mendoza,sergio.mendoza7253@example.com,Lima,Peru,plata,2022-07-20
7254,Ruben Gomez,ruben.gomez7254@example.com,Buenos Aires,Argentina,oro,2023-04-18
7255,Laura Castro,laura.castro7255@example.com,Ciudad de Mexico,Mexico,plata,2022-12-16
7256,Andres Ortiz,andres.ortiz7256@example.com,Bogota,Colombia,oro,2024-10-03
7257,Julia Perez,julia.perez7257@example.com,Barcelona,Espana,plata,2024-05-11
7258,Carmen Diaz,carmen.diaz7258@example.com,Lima,Peru,bronce,2022-10-04
7259,Maria Silva,maria.silva7259@example.com,Ciudad de Mexico,Mexico,bronce,2023-01-02
7260,Carlos Mendoza,carlos.mendoza7260@example.com,Cali,Colombia,bronce,2023-11-27
7261,Laura Sanchez,laura.sanchez7261@example.com,Quito,Ecuador,bronce,2024-08-12
7262,Maria Ramirez,maria.ramirez7262@example.com,Barcelona,Espana,platino,2022-08-10
7263,Sergio Gomez,sergio.gomez7263@example.com,Bogota,Colombia,plata,2022-11-21
7264,Alberto Ramirez,alberto.ramirez7264@example.com,Lima,Peru,plata,2023-10-30
7265,Lucia Fernandez,lucia.fernandez7265@example.com,Bogota,Colombia,plata,2024-07-30
7266,Pablo Garcia,pablo.garcia7266@example.com,Quito,Ecuador,oro,2022-11-13
7267,Sergio Ortiz,sergio.ortiz7267@example.com,Lima,Peru,plata,2023-05-27
7268,Sofia Castro,sofia.castro7268@example.com,Barcelona,Espana,bronce,2024-01-17
7269,Diego Torres,diego.torres7269@example.com,Cali,Colombia,bronce,2023-04-11
7270,Pablo Martinez,pablo.martinez7270@example.com,Santiago,Chile,bronce,2024-04-23
7271,Elena Rodriguez,elena.rodriguez7271@example.com,Cali,Colombia,bronce,2023-07-18
7272,Luis Torres,luis.torres7272@example.com,Valencia,Espana,bronce,2024-08-22
7273,Pablo Castro,pablo.castro7273@example.com,Madrid,Espana,bronce,2023-10-28
7274,Paula Perez,paula.perez7274@example.com,Madrid,Espana,bronce,2024-10-02
7275,Luis Moreno,luis.moreno7275@example.com,Valencia,Espana,bronce,2024-07-30
7276,Laura Fernandez,laura.fernandez7276@example.com,Bogota,Colombia,oro,2022-09-22
7277,Javier Garcia,javier.garcia7277@example.com,Bogota,Colombia,bronce,2024-09-09
7278,Paula Ramirez,paula.ramirez7278@example.com,Lima,Peru,oro,2022-05-22
7279,Lucia Lopez,lucia.lopez7279@example.com,Ciudad de Mexico,Mexico,bronce,2022-11-06
7280,Lucia Garcia,lucia.garcia7280@example.com,Barcelona,Espana,platino,2022-02-23
7281,Carmen Martinez,carmen.martinez7281@example.com,Madrid,Espana,plata,2022-04-25
7282,Javier Perez,javier.perez7282@example.com,Barcelona,Espana,oro,2024-02-28
7283,Marta Ramirez,marta.ramirez7283@example.com,Bogota,Colombia,bronce,2022-05-02
7284,Ana Navarro,ana.navarro7284@example.com,Buenos Aires,Argentina,plata,2022-07-24
7285,Maria Sanchez,maria.sanchez7285@example.com,Madrid,Espana,bronce,2023-03-24
7286,Paula Rodriguez,paula.rodriguez7286@example.com,Medellin,Colombia,bronce,2024-05-26
7287,Andres Lopez,andres.lopez7287@example.com,Cali,Colombia,plata,2024-06-06
7288,Carlos Gomez,carlos.gomez7288@example.com,Barcelona,Espana,bronce,2024-11-22
7289,Sofia Sanchez,sofia.sanchez7289@example.com,Madrid,Espana,bronce,2022-03-02
7290,Luis Gomez,luis.gomez7290@example.com,Valencia,Espana,oro,2022-06-12
7291,Andres Navarro,andres.navarro7291@example.com,Barcelona,Espana,bronce,2023-03-13
7292,Sergio Fernandez,sergio.fernandez7292@example.com,Santiago,Chile,plata,2022-11-07
7293,Javier Castro,javier.castro7293@example.com,Quito,Ecuador,bronce,2022-04-17
7294,Miguel Rojas,miguel.rojas7294@example.com,Guadalajara,Mexico,bronce,2023-07-28
7295,Laura Martinez,laura.martinez7295@example.com,Santiago,Chile,bronce,2023-05-29
7296,Miguel Sanchez,miguel.sanchez7296@example.com,Santiago,Chile,bronce,2023-04-17
7297,Javier Diaz,javier.diaz7297@example.com,Lima,Peru,oro,2022-01-25
7298,Laura Torres,laura.torres7298@example.com,Barcelona,Espana,oro,2023-04-12
7299,Sofia Garcia,sofia.garcia7299@example.com,Quito,Ecuador,bronce,2023-05-17
7300,Ruben Castro,ruben.castro7300@example.com,Cali,Colombia,bronce,2022-08-26
7301,Sergio Gomez,sergio.gomez7301@example.com,Ciudad de Mexico,Mexico,oro,2024-05-20
7302,Javier Gomez,javier.gomez7302@example.com,Santiago,Chile,bronce,2024-08-31
7303,Julia Castro,julia.castro7303@example.com,Cali,Colombia,bronce,2024-10-14
7304,Laura Ortiz,laura.ortiz7304@example.com,Bogota,Colombia,bronce,2024-01-17
7305,Julia Mendoza,julia.mendoza7305@example.com,Madrid,Espana,plata,2024-01-11
7306,Elena Navarro,elena.navarro7306@example.com,Valencia,Espana,bronce,2022-06-18
7307,Lucia Diaz,lucia.diaz7307@example.com,Barcelona,Espana,bronce,2023-03-08
7308,Laura Martinez,laura.martinez7308@example.com,Medellin,Colombia,platino,2022-01-05
7309,Sergio Sanchez,sergio.sanchez7309@example.com,Santiago,Chile,oro,2023-09-05
7310,Elena Gomez,elena.gomez7310@example.com,Medellin,Colombia,plata,2024-04-15
7311,Ruben Gomez,ruben.gomez7311@example.com,Guadalajara,Mexico,plata,2024-01-03
7312,Luis Sanchez,luis.sanchez7312@example.com,Valencia,Espana,oro,2022-01-18
7313,Lucia Lopez,lucia.lopez7313@example.com,Guadalajara,Mexico,plata,2023-09-02
7314,Carlos Lopez,carlos.lopez7314@example.com,Quito,Ecuador,plata,2024-08-22
7315,Ruben Rojas,ruben.rojas7315@example.com,Bogota,Colombia,bronce,2022-04-22
7316,Sofia Torres,sofia.torres7316@example.com,Cali,Colombia,bronce,2023-08-03
7317,Andres Garcia,andres.garcia7317@example.com,Quito,Ecuador,oro,2022-10-02
7318,Ruben Vargas,ruben.vargas7318@example.com,Guadalajara,Mexico,plata,2024-10-15
7319,Lucia Silva,lucia.silva7319@example.com,Medellin,Colombia,bronce,2023-08-26
7320,Luis Diaz,luis.diaz7320@example.com,Barcelona,Espana,plata,2024-04-25
7321,Laura Gomez,laura.gomez7321@example.com,Quito,Ecuador,oro,2023-07-29
7322,Laura Perez,laura.perez7322@example.com,Guadalajara,Mexico,bronce,2024-09-06
7323,Julia Fernandez,julia.fernandez7323@example.com,Madrid,Espana,plata,2022-11-11
7324,Julia Perez,julia.perez7324@example.com,Ciudad de Mexico,Mexico,bronce,2024-03-25
7325,Diego Ortiz,diego.ortiz7325@example.com,Quito,Ecuador,plata,2023-04-16
7326,Ruben Navarro,ruben.navarro7326@example.com,Quito,Ecuador,platino,2023-09-24
7327,Laura Gomez,laura.gomez7327@example.com,Valencia,Espana,oro,2024-01-22
7328,Andres Ortiz,andres.ortiz7328@example.com,Medellin,Colombia,oro,2022-07-09
7329,Miguel Mendoza,miguel.mendoza7329@example.com,Quito,Ecuador,plata,2024-08-08
7330,Laura Rodriguez,laura.rodriguez7330@example.com,Santiago,Chile,bronce,2024-03-07
7331,Javier Torres,javier.torres7331@example.com,Ciudad de Mexico,Mexico,plata,2023-03-25
7332,Sofia Rojas,sofia.rojas7332@example.com,Bogota,Colombia,bronce,2023-10-11
7333,Elena Diaz,elena.diaz7333@example.com,Santiago,Chile,plata,2023-12-28
7334,Laura Torres,laura.torres7334@example.com,Ciudad de Mexico,Mexico,bronce,2023-05-13
7335,Elena Torres,elena.torres7335@example.com,Ciudad de Mexico,Mexico,bronce,2023-11-27
7336,Maria Rojas,maria.rojas7336@example.com,Quito,Ecuador,bronce,2023-09-04
7337,Alberto Perez,alberto.perez7337@example.com,Medellin,Colombia,bronce,2024-05-03
7338,Miguel Vargas,miguel.vargas7338@example.com,Guadalajara,Mexico,bronce,2022-09-12
7339,Maria Sanchez,maria.sanchez7339@example.com,Madrid,Espana,bronce,2022-01-05
7340,Pablo Mendoza,pablo.mendoza7340@example.com,Buenos Aires,Argentina,bronce,2023-03-19
7341,Ruben Rodriguez,ruben.rodriguez7341@example.com,Ciudad de Mexico,Mexico,bronce,2024-06-21
7342,Miguel Rodriguez,miguel.rodriguez7342@example.com,Lima,Peru,oro,2022-05-16
7343,Paula Garcia,paula.garcia7343@example.com,Bogota,Colombia,bronce,2024-07-31
7344,Carmen Gomez,carmen.gomez7344@example.com,Quito,Ecuador,oro,2023-03-25
7345,Marta Castro,marta.castro7345@example.com,Ciudad de Mexico,Mexico,bronce,2022-08-17
7346,Javier Navarro,javier.navarro7346@example.com,Valencia,Espana,oro,2023-05-27
7347,Ana Torres,ana.torres7347@example.com,Barcelona,Espana,plata,2024-06-07
7348,Elena Lopez,elena.lopez7348@example.com,Valencia,Espana,oro,2024-07-28
7349,Julia Fernandez,julia.fernandez7349@example.com,Bogota,Colombia,oro,2023-11-03
7350,Sergio Martinez,sergio.martinez7350@example.com,Ciudad de Mexico,Mexico,plata,2023-08-01
7351,Sergio Torres,sergio.torres7351@example.com,Lima,Peru,bronce,2024-06-02
7352,Ruben Moreno,ruben.moreno7352@example.com,Quito,Ecuador,bronce,2024-09-22
7353,Miguel Garcia,miguel.garcia7353@example.com,Buenos Aires,Argentina,bronce,2024-05-20
7354,Elena Herrera,elena.herrera7354@example.com,Cali,Colombia,oro,2024-11-25
7355,Julia Sanchez,julia.sanchez7355@example.com,Guadalajara,Mexico,oro,2024-06-29
7356,Pablo Rojas,pablo.rojas7356@example.com,Bogota,Colombia,bronce,2022-02-23
7357,Javier Silva,javier.silva7357@example.com,Valencia,Espana,plata,2022-01-22
7358,Javier Herrera,javier.herrera7358@example.com,Ciudad de Mexico,Mexico,bronce,2023-10-16
7359,Ruben Rojas,ruben.rojas7359@example.com,Santiago,Chile,plata,2024-11-14
7360,Luis Rojas,luis.rojas7360@example.com,Madrid,Espana,plata,2022-11-24
7361,Luis Lopez,luis.lopez7361@example.com,Barcelona,Espana,bronce,2024-11-24
7362,Marta Martinez,marta.martinez7362@example.com,Valencia,Espana,oro,2024-07-21
7363,Ana Fernandez,ana.fernandez7363@example.com,Valencia,Espana,bronce,2022-06-04
7364,Carlos Castro,carlos.castro7364@example.com,Barcelona,Espana,plata,2023-06-26
7365,Alberto Castro,alberto.castro7365@example.com,Barcelona,Espana,plata,2022-08-31
7366,Sofia Herrera,sofia.herrera7366@example.com,Madrid,Espana,bronce,2022-03-27
7367,Marta Gomez,marta.gomez7367@example.com,Medellin,Colombia,bronce,2024-01-27
7368,Diego Mendoza,diego.mendoza7368@example.com,Buenos Aires,Argentina,bronce,2022-08-24
7369,Luis Diaz,luis.diaz7369@example.com,Barcelona,Espana,plata,2023-09-05
7370,Carlos Sanchez,carlos.sanchez7370@example.com,Bogota,Colombia,oro,2024-01-08
7371,Sergio Moreno,sergio.moreno7371@example.com,Quito,Ecuador,bronce,2023-04-19
7372,Luis Martinez,luis.martinez7372@example.com,Valencia,Espana,bronce,2022-03-29
7373,Pablo Diaz,pablo.diaz7373@example.com,Quito,Ecuador,bronce,2022-03-17
7374,Elena Herrera,elena.herrera7374@example.com,Ciudad de Mexico,Mexico,bronce,2023-02-20
7375,Miguel Herrera,miguel.herrera7375@example.com,Buenos Aires,Argentina,bronce,2022-02-16
7376,Alberto Perez,alberto.perez7376@example.com,Bogota,Colombia,plata,2024-08-12
7377,Carmen Lopez,carmen.lopez7377@example.com,Bogota,Colombia,bronce,2022-07-02
7378,Carmen Garcia,carmen.garcia7378@example.com,Medellin,Colombia,oro,2022-02-01
7379,Miguel Rodriguez,miguel.rodriguez7379@example.com,Barcelona,Espana,bronce,2022-06-03
7380,Miguel Silva,miguel.silva7380@example.com,Bogota,Colombia,plata,2024-02-02
7381,Andres Herrera,andres.herrera7381@example.com,Lima,Peru,bronce,2023-10-07
7382,Ana Ramirez,ana.ramirez7382@example.com,Madrid,Espana,bronce,2024-01-10
7383,Laura Vargas,laura.vargas7383@example.com,Ciudad de Mexico,Mexico,bronce,2023-01-15
7384,Carmen Gomez,carmen.gomez7384@example.com,Buenos Aires,Argentina,plata,2022-12-18
7385,Carmen Lopez,carmen.lopez7385@example.com,Barcelona,Espana,platino,2024-01-06
7386,Luis Garcia,luis.garcia7386@example.com,Barcelona,Espana,bronce,2022-05-04
7387,Sergio Rojas,sergio.rojas7387@example.com,Ciudad de Mexico,Mexico,bronce,2023-03-08
7388,Lucia Garcia,lucia.garcia7388@example.com,Valencia,Espana,plata,2022-04-23
7389,Laura Martinez,laura.martinez7389@example.com,Quito,Ecuador,bronce,2023-04-10
7390,Sergio Herrera,sergio.herrera7390@example.com,Valencia,Espana,oro,2024-11-27
7391,Alberto Vargas,alberto.vargas7391@example.com,Barcelona,Espana,bronce,2024-07-19
7392,Sofia Torres,sofia.torres7392@example.com,Bogota,Colombia,oro,2024-01-12
7393,Javier Sanchez,javier.sanchez7393@example.com,Bogota,Colombia,plata,2023-12-21
7394,Javier Martinez,javier.martinez7394@example.com,Barcelona,Espana,bronce,2023-02-16
7395,Pablo Torres,pablo.torres7395@example.com,Guadalajara,Mexico,plata,2024-02-12
7396,Ana Fernandez,ana.fernandez7396@example.com,Medellin,Colombia,bronce,2024-07-01
7397,Diego Ramirez,diego.ramirez7397@example.com,Ciudad de Mexico,Mexico,plata,2023-09-05
7398,Ana Lopez,ana.lopez7398@example.com,Valencia,Espana,oro,2022-04-24
7399,Ana Sanchez,ana.sanchez7399@example.com,Barcelona,Espana,plata,2024-01-31
7400,Sofia Martinez,sofia.martinez7400@example.com,Madrid,Espana,bronce,2022-05-19
7401,Marta Diaz,marta.diaz7401@example.com,Madrid,Espana,bronce,2022-12-21
7402,Ruben Perez,ruben.perez7402@example.com,Lima,Peru,bronce,2022-08-05
7403,Luis Sanchez,luis.sanchez7403@example.com,Bogota,Colombia,plata,2022-02-24
7404,Laura Ramirez,laura.ramirez7404@example.com,Bogota,Colombia,plata,2024-04-16
7405,Sofia Torres,sofia.torres7405@example.com,Ciudad de Mexico,Mexico,bronce,2023-12-08
7406,Pablo Sanchez,pablo.sanchez7406@example.com,Barcelona,Espana,plata,2023-03-24
7407,Alberto Rojas,alberto.rojas7407@example.com,Guadalajara,Mexico,plata,2023-02-22
7408,Andres Gomez,andres.gomez7408@example.com,Ciudad de Mexico,Mexico,plata,2023-12-05
7409,Lucia Gomez,lucia.gomez7409@example.com,Santiago,Chile,bronce,2023-08-05
7410,Luis Torres,luis.torres7410@example.com,Barcelona,Espana,bronce,2022-09-12
7411,Luis Martinez,luis.martinez7411@example.com,Madrid,Espana,bronce,2023-06-11
7412,Carlos Diaz,carlos.diaz7412@example.com,Santiago,Chile,oro,2024-05-01
7413,Andres Vargas,andres.vargas7413@example.com,Medellin,Colombia,oro,2023-08-28
7414,Elena Martinez,elena.martinez7414@example.com,Madrid,Espana,oro,2024-05-27
7415,Laura Vargas,laura.vargas7415@example.com,Ciudad de Mexico,Mexico,bronce,2023-07-11
7416,Andres Garcia,andres.garcia7416@example.com,Cali,Colombia,plata,2023-03-29
7417,Paula Castro,paula.castro7417@example.com,Quito,Ecuador,oro,2024-03-23
7418,Sofia Garcia,sofia.garcia7418@example.com,Quito,Ecuador,bronce,2022-08-18
7419,Ruben Lopez,ruben.lopez7419@example.com,Ciudad de Mexico,Mexico,bronce,2023-11-18
7420,Marta Fernandez,marta.fernandez7420@example.com,Barcelona,Espana,bronce,2023-11-21
7421,Marta Castro,marta.castro7421@example.com,Buenos Aires,Argentina,plata,2022-10-31
7422,Ruben Moreno,ruben.moreno7422@example.com,Valencia,Espana,bronce,2022-10-08
7423,Carlos Torres,carlos.torres7423@example.com,Lima,Peru,bronce,2022-04-02
7424,Sergio Martinez,sergio.martinez7424@example.com,Guadalajara,Mexico,bronce,2022-06-12
7425,Alberto Fernandez,alberto.fernandez7425@example.com,Medellin,Colombia,plata,2022-04-15
7426,Alberto Herrera,alberto.herrera7426@example.com,Quito,Ecuador,oro,2023-11-06
7427,Pablo Rodriguez,pablo.rodriguez7427@example.com,Ciudad de Mexico,Mexico,plata,2022-05-14
7428,Sergio Moreno,sergio.moreno7428@example.com,Medellin,Colombia,oro,2023-07-16
7429,Ruben Fernandez,ruben.fernandez7429@example.com,Valencia,Espana,plata,2022-05-03
7430,Ruben Garcia,ruben.garcia7430@example.com,Guadalajara,Mexico,oro,2024-05-07
7431,Ruben Rojas,ruben.rojas7431@example.com,Bogota,Colombia,bronce,2024-01-12
7432,Paula Garcia,paula.garcia7432@example.com,Barcelona,Espana,oro,2022-11-17
7433,Miguel Fernandez,miguel.fernandez7433@example.com,Barcelona,Espana,oro,2024-03-16
7434,Marta Lopez,marta.lopez7434@example.com,Guadalajara,Mexico,plata,2022-09-04
7435,Sofia Vargas,sofia.vargas7435@example.com,Quito,Ecuador,bronce,2023-11-27
7436,Paula Rodriguez,paula.rodriguez7436@example.com,Bogota,Colombia,bronce,2023-12-03
7437,Paula Rodriguez,paula.rodriguez7437@example.com,Valencia,Espana,bronce,2023-04-23
7438,Julia Ramirez,julia.ramirez7438@example.com,Guadalajara,Mexico,bronce,2024-02-07
7439,Pablo Navarro,pablo.navarro7439@example.com,Barcelona,Espana,bronce,2024-11-03
7440,Diego Garcia,diego.garcia7440@example.com,Barcelona,Espana,bronce,2023-03-29
7441,Carlos Torres,carlos.torres7441@example.com,Guadalajara,Mexico,bronce,2022-11-07
7442,Carmen Silva,carmen.silva7442@example.com,Ciudad de Mexico,Mexico,oro,2023-04-30
7443,Pablo Perez,pablo.perez7443@example.com,Madrid,Espana,plata,2023-09-14
7444,Lucia Torres,lucia.torres7444@example.com,Valencia,Espana,oro,2022-05-16
7445,Andres Silva,andres.silva7445@example.com,Valencia,Espana,bronce,2024-11-17
7446,Ruben Moreno,ruben.moreno7446@example.com,Buenos Aires,Argentina,bronce,2023-05-30
7447,Maria Perez,maria.perez7447@example.com,Guadalajara,Mexico,bronce,2024-11-21
7448,Sofia Herrera,sofia.herrera7448@example.com,Buenos Aires,Argentina,oro,2024-11-18
7449,Marta Rojas,marta.rojas7449@example.com,Barcelona,Espana,bronce,2022-03-11
7450,Paula Ramirez,paula.ramirez7450@example.com,Lima,Peru,plata,2022-05-05
7451,Sergio Diaz,sergio.diaz7451@example.com,Valencia,Espana,bronce,2022-07-18
7452,Sergio Ortiz,sergio.ortiz7452@example.com,Quito,Ecuador,bronce,2023-09-14
7453,Ruben Mendoza,ruben.mendoza7453@example.com,Lima,Peru,bronce,2023-01-23
7454,Alberto Navarro,alberto.navarro7454@example.com,Cali,Colombia,bronce,2022-01-21
7455,Carmen Rojas,carmen.rojas7455@example.com,Santiago,Chile,bronce,2023-09-10
7456,Laura Fernandez,laura.fernandez7456@example.com,Buenos Aires,Argentina,oro,2022-12-23
7457,Pablo Martinez,pablo.martinez7457@example.com,Santiago,Chile,bronce,2024-07-12
7458,Marta Martinez,marta.martinez7458@example.com,Madrid,Espana,bronce,2024-04-13
7459,Maria Navarro,maria.navarro7459@example.com,Barcelona,Espana,bronce,2024-07-13
7460,Sergio Fernandez,sergio.fernandez7460@example.com,Lima,Peru,platino,2023-09-14
7461,Lucia Martinez,lucia.martinez7461@example.com,Santiago,Chile,plata,2024-02-01
7462,Julia Sanchez,julia.sanchez7462@example.com,Guadalajara,Mexico,plata,2022-03-30
7463,Laura Garcia,laura.garcia7463@example.com,Bogota,Colombia,bronce,2024-04-11
7464,Julia Ramirez,julia.ramirez7464@example.com,Cali,Colombia,oro,2023-05-10
7465,Sofia Vargas,sofia.vargas7465@example.com,Medellin,Colombia,bronce,2022-01-05
7466,Pablo Fernandez,pablo.fernandez7466@example.com,Cali,Colombia,plata,2022-03-28
7467,Andres Moreno,andres.moreno7467@example.com,Guadalajara,Mexico,oro,2022-12-04
7468,Pablo Torres,pablo.torres7468@example.com,Santiago,Chile,bronce,2023-02-14
7469,Julia Navarro,julia.navarro7469@example.com,Medellin,Colombia,bronce,2022-08-17
7470,Carlos Herrera,carlos.herrera7470@example.com,Lima,Peru,bronce,2024-04-22
7471,Marta Rodriguez,marta.rodriguez7471@example.com,Barcelona,Espana,bronce,2023-05-05
7472,Alberto Perez,alberto.perez7472@example.com,Santiago,Chile,bronce,2022-10-10
7473,Laura Herrera,laura.herrera7473@example.com,Buenos Aires,Argentina,bronce,2024-01-08
7474,Javier Ramirez,javier.ramirez7474@example.com,Ciudad de Mexico,Mexico,bronce,2023-05-12
7475,Diego Herrera,diego.herrera7475@example.com,Medellin,Colombia,plata,2024-05-02
7476,Marta Gomez,marta.gomez7476@example.com,Medellin,Colombia,bronce,2023-07-02
7477,Alberto Garcia,alberto.garcia7477@example.com,Medellin,Colombia,plata,2024-03-31
7478,Sergio Herrera,sergio.herrera7478@example.com,Quito,Ecuador,bronce,2024-07-23
7479,Sergio Herrera,sergio.herrera7479@example.com,Madrid,Espana,bronce,2022-03-28
7480,Sofia Castro,sofia.castro7480@example.com,Guadalajara,Mexico,bronce,2022-05-14
7481,Carmen Diaz,carmen.diaz7481@example.com,Quito,Ecuador,oro,2024-03-11
7482,Laura Garcia,laura.garcia7482@example.com,Ciudad de Mexico,Mexico,bronce,2023-08-26
7483,Diego Moreno,diego.moreno7483@example.com,Guadalajara,Mexico,plata,2022-09-21
7484,Carlos Rojas,carlos.rojas7484@example.com,Guadalajara,Mexico,oro,2022-02-03
7485,Ana Rojas,ana.rojas7485@example.com,Ciudad de Mexico,Mexico,plata,2024-11-12
7486,Ruben Lopez,ruben.lopez7486@example.com,Guadalajara,Mexico,bronce,2022-04-13
7487,Paula Moreno,paula.moreno7487@example.com,Lima,Peru,bronce,2023-05-22
7488,Lucia Moreno,lucia.moreno7488@example.com,Buenos Aires,Argentina,plata,2022-08-30
7489,Ana Mendoza,ana.mendoza7489@example.com,Lima,Peru,plata,2023-03-10
7490,Luis Vargas,luis.vargas7490@example.com,Ciudad de Mexico,Mexico,plata,2024-02-28
7491,Maria Moreno,maria.moreno7491@example.com,Santiago,Chile,plata,2023-07-12
7492,Marta Diaz,marta.diaz7492@example.com,Lima,Peru,bronce,2022-02-15
7493,Laura Rojas,laura.rojas7493@example.com,Valencia,Espana,plata,2022-04-06
7494,Javier Rojas,javier.rojas7494@example.com,Lima,Peru,plata,2024-10-31
7495,Ruben Herrera,ruben.herrera7495@example.com,Buenos Aires,Argentina,platino,2022-10-03
7496,Ruben Mendoza,ruben.mendoza7496@example.com,Cali,Colombia,plata,2023-04-14
7497,Sergio Garcia,sergio.garcia7497@example.com,Santiago,Chile,bronce,2024-05-10
7498,Elena Herrera,elena.herrera7498@example.com,Valencia,Espana,plata,2024-07-07
7499,Pablo Herrera,pablo.herrera7499@example.com,Buenos Aires,Argentina,plata,2022-11-08
7500,Laura Ramirez,laura.ramirez7500@example.com,Ciudad de Mexico,Mexico,bronce,2022-08-31
7501,Ruben Ramirez,ruben.ramirez7501@example.com,Lima,Peru,bronce,2023-04-25
7502,Luis Moreno,luis.moreno7502@example.com,Guadalajara,Mexico,bronce,2023-01-05
7503,Marta Torres,marta.torres7503@example.com,Ciudad de Mexico,Mexico,bronce,2024-02-07
7504,Lucia Diaz,lucia.diaz7504@example.com,Ciudad de Mexico,Mexico,plata,2024-03-07
7505,Sergio Silva,sergio.silva7505@example.com,Ciudad de Mexico,Mexico,bronce,2022-10-12
7506,Diego Herrera,diego.herrera7506@example.com,Lima,Peru,plata,2023-02-20
7507,Carlos Sanchez,carlos.sanchez7507@example.com,Santiago,Chile,bronce,2024-03-11
7508,Sergio Silva,sergio.silva7508@example.com,Barcelona,Espana,oro,2023-07-10
7509,Carmen Gomez,carmen.gomez7509@example.com,Ciudad de Mexico,Mexico,plata,2023-08-27
7510,Diego Martinez,diego.martinez7510@example.com,Bogota,Colombia,plata,2024-06-05
7511,Miguel Mendoza,miguel.mendoza7511@example.com,Barcelona,Espana,bronce,2023-12-15
7512,Elena Sanchez,elena.sanchez7512@example.com,Lima,Peru,platino,2023-12-14
7513,Diego Sanchez,diego.sanchez7513@example.com,Lima,Peru,bronce,2023-06-12
7514,Javier Perez,javier.perez7514@example.com,Quito,Ecuador,plata,2024-07-04
7515,Javier Torres,javier.torres7515@example.com,Medellin,Colombia,bronce,2022-01-26
7516,Javier Lopez,javier.lopez7516@example.com,Cali,Colombia,bronce,2022-04-05
7517,Ana Lopez,ana.lopez7517@example.com,Santiago,Chile,plata,2024-01-11
7518,Julia Fernandez,julia.fernandez7518@example.com,Valencia,Espana,bronce,2023-10-28
7519,Laura Sanchez,laura.sanchez7519@example.com,Madrid,Espana,bronce,2022-11-03
7520,Carlos Lopez,carlos.lopez7520@example.com,Cali,Colombia,bronce,2023-10-21
7521,Carlos Ortiz,carlos.ortiz7521@example.com,Guadalajara,Mexico,bronce,2022-04-28
7522,Alberto Vargas,alberto.vargas7522@example.com,Cali,Colombia,platino,2023-10-27
7523,Diego Garcia,diego.garcia7523@example.com,Valencia,Espana,plata,2023-01-31
7524,Elena Martinez,elena.martinez7524@example.com,Ciudad de Mexico,Mexico,bronce,2023-10-07
7525,Sofia Silva,sofia.silva7525@example.com,Quito,Ecuador,plata,2023-01-09
7526,Luis Perez,luis.perez7526@example.com,Bogota,Colombia,plata,2024-03-03
7527,Elena Lopez,elena.lopez7527@example.com,Medellin,Colombia,plata,2022-05-03
7528,Laura Rojas,laura.rojas7528@example.com,Bogota,Colombia,plata,2024-07-13
7529,Paula Silva,paula.silva7529@example.com,Bogota,Colombia,bronce,2023-06-26
7530,Luis Fernandez,luis.fernandez7530@example.com,Guadalajara,Mexico,bronce,2022-09-09
7531,Sofia Moreno,sofia.moreno7531@example.com,Medellin,Colombia,plata,2024-11-19
7532,Sergio Diaz,sergio.diaz7532@example.com,Guadalajara,Mexico,plata,2022-04-25
7533,Paula Martinez,paula.martinez7533@example.com,Madrid,Espana,plata,2023-08-12
7534,Lucia Herrera,lucia.herrera7534@example.com,Guadalajara,Mexico,bronce,2022-03-23
7535,Laura Ortiz,laura.ortiz7535@example.com,Barcelona,Espana,oro,2024-09-11
7536,Elena Navarro,elena.navarro7536@example.com,Medellin,Colombia,bronce,2022-06-23
7537,Laura Martinez,laura.martinez7537@example.com,Lima,Peru,plata,2022-10-03
7538,Andres Vargas,andres.vargas7538@example.com,Medellin,Colombia,bronce,2023-12-20
7539,Javier Castro,javier.castro7539@example.com,Buenos Aires,Argentina,plata,2024-08-26
7540,Carmen Rodriguez,carmen.rodriguez7540@example.com,Medellin,Colombia,platino,2023-04-02
7541,Andres Navarro,andres.navarro7541@example.com,Lima,Peru,bronce,2022-10-12
7542,Julia Martinez,julia.martinez7542@example.com,Quito,Ecuador,plata,2023-01-18
7543,Miguel Perez,miguel.perez7543@example.com,Lima,Peru,plata,2024-10-01
7544,Alberto Navarro,alberto.navarro7544@example.com,Medellin,Colombia,bronce,2024-09-23
7545,Sofia Vargas,sofia.vargas7545@example.com,Bogota,Colombia,bronce,2022-05-15
7546,Andres Rojas,andres.rojas7546@example.com,Guadalajara,Mexico,plata,2024-09-12
7547,Andres Torres,andres.torres7547@example.com,Santiago,Chile,bronce,2024-07-09
7548,Paula Herrera,paula.herrera7548@example.com,Ciudad de Mexico,Mexico,bronce,2023-08-14
7549,Diego Rodriguez,diego.rodriguez7549@example.com,Buenos Aires,Argentina,oro,2022-10-07
7550,Sergio Rojas,sergio.rojas7550@example.com,Lima,Peru,plata,2023-05-18
7551,Miguel Rodriguez,miguel.rodriguez7551@example.com,Santiago,Chile,plata,2024-04-28
7552,Diego Lopez,diego.lopez7552@example.com,Medellin,Colombia,plata,2022-10-24
7553,Diego Ramirez,diego.ramirez7553@example.com,Valencia,Espana,bronce,2023-01-12
7554,Marta Diaz,marta.diaz7554@example.com,Cali,Colombia,plata,2023-05-19
7555,Carmen Lopez,carmen.lopez7555@example.com,Ciudad de Mexico,Mexico,bronce,2022-03-15
7556,Luis Herrera,luis.herrera7556@example.com,Lima,Peru,bronce,2023-03-26
7557,Paula Gomez,paula.gomez7557@example.com,Bogota,Colombia,plata,2022-05-27
7558,Sergio Mendoza,sergio.mendoza7558@example.com,Barcelona,Espana,oro,2022-01-08
7559,Maria Garcia,maria.garcia7559@example.com,Bogota,Colombia,bronce,2023-02-28
7560,Alberto Sanchez,alberto.sanchez7560@example.com,Guadalajara,Mexico,platino,2024-04-10
7561,Andres Perez,andres.perez7561@example.com,Valencia,Espana,plata,2024-12-12
7562,Luis Vargas,luis.vargas7562@example.com,Medellin,Colombia,bronce,2023-04-26
7563,Diego Diaz,diego.diaz7563@example.com,Bogota,Colombia,bronce,2024-04-05
7564,Paula Lopez,paula.lopez7564@example.com,Quito,Ecuador,bronce,2022-09-02
7565,Javier Vargas,javier.vargas7565@example.com,Ciudad de Mexico,Mexico,plata,2023-11-29
7566,Julia Navarro,julia.navarro7566@example.com,Buenos Aires,Argentina,bronce,2023-12-31
7567,Sofia Martinez,sofia.martinez7567@example.com,Ciudad de Mexico,Mexico,bronce,2022-12-30
7568,Laura Perez,laura.perez7568@example.com,Madrid,Espana,bronce,2023-05-06
7569,Miguel Torres,miguel.torres7569@example.com,Bogota,Colombia,platino,2024-01-04
7570,Lucia Moreno,lucia.moreno7570@example.com,Lima,Peru,bronce,2022-12-10
7571,Andres Martinez,andres.martinez7571@example.com,Ciudad de Mexico,Mexico,bronce,2023-10-24
7572,Julia Sanchez,julia.sanchez7572@example.com,Buenos Aires,Argentina,bronce,2022-09-10
7573,Carlos Sanchez,carlos.sanchez7573@example.com,Santiago,Chile,bronce,2023-08-10
7574,Alberto Castro,alberto.castro7574@example.com,Ciudad de Mexico,Mexico,bronce,2022-03-06
7575,Lucia Rodriguez,lucia.rodriguez7575@example.com,Ciudad de Mexico,Mexico,plata,2023-05-04
7576,Maria Rojas,maria.rojas7576@example.com,Valencia,Espana,plata,2023-07-05
7577,Julia Diaz,julia.diaz7577@example.com,Valencia,Espana,bronce,2024-06-24
7578,Elena Gomez,elena.gomez7578@example.com,Barcelona,Espana,oro,2023-02-16
7579,Carmen Mendoza,carmen.mendoza7579@example.com,Bogota,Colombia,bronce,2022-01-07
7580,Andres Silva,andres.silva7580@example.com,Guadalajara,Mexico,oro,2022-02-14
7581,Ana Silva,ana.silva7581@example.com,Quito,Ecuador,bronce,2023-08-14
7582,Laura Mendoza,laura.mendoza7582@example.com,Cali,Colombia,oro,2024-06-08
7583,Andres Sanchez,andres.sanchez7583@example.com,Guadalajara,Mexico,oro,2024-09-02
7584,Elena Mendoza,elena.mendoza7584@example.com,Lima,Peru,oro,2024-06-04
7585,Ana Lopez,ana.lopez7585@example.com,Buenos Aires,Argentina,bronce,2023-01-08
7586,Ana Gomez,ana.gomez7586@example.com,Bogota,Colombia,bronce,2023-06-21
7587,Paula Vargas,paula.vargas7587@example.com,Bogota,Colombia,oro,2024-08-30
7588,Carlos Moreno,carlos.moreno7588@example.com,Guadalajara,Mexico,bronce,2024-07-07
7589,Maria Vargas,maria.vargas7589@example.com,Bogota,Colombia,bronce,2023-05-13
7590,Pablo Vargas,pablo.vargas7590@example.com,Valencia,Espana,bronce,2023-06-11
7591,Maria Fernandez,maria.fernandez7591@example.com,Guadalajara,Mexico,bronce,2022-03-17
7592,Andres Vargas,andres.vargas7592@example.com,Guadalajara,Mexico,bronce,2022-07-04
7593,Lucia Torres,lucia.torres7593@example.com,Bogota,Colombia,bronce,2023-08-03
7594,Carmen Torres,carmen.torres7594@example.com,Madrid,Espana,plata,2023-07-21
7595,Diego Vargas,diego.vargas7595@example.com,Santiago,Chile,bronce,2023-09-22
7596,Sergio Castro,sergio.castro7596@example.com,Medellin,Colombia,bronce,2022-12-09
7597,Carmen Gomez,carmen.gomez7597@example.com,Guadalajara,Mexico,bronce,2022-09-06
7598,Sofia Martinez,sofia.martinez7598@example.com,Valencia,Espana,oro,2023-05-11
7599,Ana Perez,ana.perez7599@example.com,Bogota,Colombia,plata,2024-08-20
7600,Javier Diaz,javier.diaz7600@example.com,Guadalajara,Mexico,plata,2024-11-28
7601,Maria Lopez,maria.lopez7601@example.com,Barcelona,Espana,plata,2022-02-27
7602,Ana Lopez,ana.lopez7602@example.com,Bogota,Colombia,plata,2023-01-25
7603,Javier Navarro,javier.navarro7603@example.com,Buenos Aires,Argentina,bronce,2023-07-25
7604,Laura Perez,laura.perez7604@example.com,Santiago,Chile,plata,2022-08-25
7605,Luis Moreno,luis.moreno7605@example.com,Medellin,Colombia,bronce,2023-01-22
7606,Elena Martinez,elena.martinez7606@example.com,Barcelona,Espana,plata,2022-05-21
7607,Lucia Navarro,lucia.navarro7607@example.com,Madrid,Espana,bronce,2023-05-23
7608,Carlos Sanchez,carlos.sanchez7608@example.com,Ciudad de Mexico,Mexico,oro,2024-08-25
7609,Javier Fernandez,javier.fernandez7609@example.com,Buenos Aires,Argentina,bronce,2024-10-13
7610,Ana Herrera,ana.herrera7610@example.com,Guadalajara,Mexico,bronce,2022-01-17
7611,Luis Sanchez,luis.sanchez7611@example.com,Medellin,Colombia,plata,2023-11-29
7612,Carlos Ramirez,carlos.ramirez7612@example.com,Madrid,Espana,bronce,2024-09-20
7613,Diego Herrera,diego.herrera7613@example.com,Valencia,Espana,bronce,2024-04-21
7614,Andres Garcia,andres.garcia7614@example.com,Madrid,Espana,oro,2022-03-09
7615,Sergio Garcia,sergio.garcia7615@example.com,Cali,Colombia,plata,2023-03-03
7616,Carmen Herrera,carmen.herrera7616@example.com,Bogota,Colombia,plata,2024-04-04
7617,Carmen Perez,carmen.perez7617@example.com,Madrid,Espana,bronce,2024-12-08
7618,Julia Ortiz,julia.ortiz7618@example.com,Guadalajara,Mexico,bronce,2022-11-18
7619,Javier Ortiz,javier.ortiz7619@example.com,Medellin,Colombia,bronce,2022-11-07
7620,Sergio Mendoza,sergio.mendoza7620@example.com,Quito,Ecuador,plata,2022-10-01
7621,Julia Navarro,julia.navarro7621@example.com,Cali,Colombia,plata,2024-09-06
7622,Pablo Silva,pablo.silva7622@example.com,Barcelona,Espana,bronce,2022-07-17
7623,Paula Fernandez,paula.fernandez7623@example.com,Buenos Aires,Argentina,bronce,2023-02-05
7624,Maria Navarro,maria.navarro7624@example.com,Buenos Aires,Argentina,bronce,2022-05-28
7625,Ruben Gomez,ruben.gomez7625@example.com,Quito,Ecuador,bronce,2024-10-25
7626,Pablo Vargas,pablo.vargas7626@example.com,Buenos Aires,Argentina,bronce,2022-03-14
7627,Laura Garcia,laura.garcia7627@example.com,Medellin,Colombia,bronce,2023-07-10
7628,Luis Navarro,luis.navarro7628@example.com,Buenos Aires,Argentina,bronce,2022-06-19
7629,Marta Vargas,marta.vargas7629@example.com,Santiago,Chile,bronce,2023-03-22
7630,Sofia Ortiz,sofia.ortiz7630@example.com,Ciudad de Mexico,Mexico,bronce,2023-10-07
7631,Elena Fernandez,elena.fernandez7631@example.com,Santiago,Chile,bronce,2024-02-04
7632,Miguel Gomez,miguel.gomez7632@example.com,Quito,Ecuador,oro,2023-09-16
7633,Alberto Ramirez,alberto.ramirez7633@example.com,Santiago,Chile,bronce,2023-04-13
7634,Sofia Mendoza,sofia.mendoza7634@example.com,Ciudad de Mexico,Mexico,bronce,2022-11-04
7635,Luis Ramirez,luis.ramirez7635@example.com,Cali,Colombia,bronce,2024-05-29
7636,Javier Herrera,javier.herrera7636@example.com,Lima,Peru,bronce,2024-01-15
7637,Maria Sanchez,maria.sanchez7637@example.com,Lima,Peru,bronce,2024-01-06
7638,Andres Herrera,andres.herrera7638@example.com,Bogota,Colombia,bronce,2024-04-22
7639,Paula Moreno,paula.moreno7639@example.com,Madrid,Espana,bronce,2022-08-30
7640,Paula Mendoza,paula.mendoza7640@example.com,Santiago,Chile,oro,2024-12-09
7641,Carmen Rodriguez,carmen.rodriguez7641@example.com,Valencia,Espana,oro,2024-10-03
7642,Sergio Fernandez,sergio.fernandez7642@example.com,Quito,Ecuador,bronce,2023-04-27
7643,Sofia Rodriguez,sofia.rodriguez7643@example.com,Madrid,Espana,bronce,2022-08-12
7644,Carmen Diaz,carmen.diaz7644@example.com,Lima,Peru,platino,2023-02-15
7645,Maria Herrera,maria.herrera7645@example.com,Buenos Aires,Argentina,bronce,2023-03-02
7646,Lucia Castro,lucia.castro7646@example.com,Bogota,Colombia,platino,2024-12-01
7647,Pablo Herrera,pablo.herrera7647@example.com,Madrid,Espana,plata,2022-11-13
7648,Ana Moreno,ana.moreno7648@example.com,Lima,Peru,bronce,2024-10-28
7649,Lucia Navarro,lucia.navarro7649@example.com,Barcelona,Espana,bronce,2022-09-11
7650,Marta Mendoza,marta.mendoza7650@example.com,Barcelona,Espana,bronce,2024-10-12
7651,Miguel Vargas,miguel.vargas7651@example.com,Santiago,Chile,oro,2024-10-15
7652,Lucia Mendoza,lucia.mendoza7652@example.com,Buenos Aires,Argentina,bronce,2023-10-29
7653,Javier Garcia,javier.garcia7653@example.com,Barcelona,Espana,plata,2022-04-28
7654,Javier Moreno,javier.moreno7654@example.com,Medellin,Colombia,bronce,2023-11-08
7655,Maria Ramirez,maria.ramirez7655@example.com,Guadalajara,Mexico,oro,2024-09-24
7656,Elena Navarro,elena.navarro7656@example.com,Guadalajara,Mexico,plata,2024-10-13
7657,Paula Ramirez,paula.ramirez7657@example.com,Medellin,Colombia,bronce,2023-05-16
7658,Julia Lopez,julia.lopez7658@example.com,Medellin,Colombia,bronce,2023-06-10
7659,Carmen Moreno,carmen.moreno7659@example.com,Madrid,Espana,bronce,2023-02-25
7660,Carmen Navarro,carmen.navarro7660@example.com,Madrid,Espana,oro,2022-08-22
7661,Carmen Garcia,carmen.garcia7661@example.com,Quito,Ecuador,plata,2023-12-17
7662,Diego Rodriguez,diego.rodriguez7662@example.com,Valencia,Espana,bronce,2024-12-14
7663,Sofia Rojas,sofia.rojas7663@example.com,Quito,Ecuador,oro,2022-10-20
7664,Carmen Vargas,carmen.vargas7664@example.com,Madrid,Espana,bronce,2024-07-11
7665,Sergio Ramirez,sergio.ramirez7665@example.com,Quito,Ecuador,bronce,2022-04-15
7666,Sofia Rodriguez,sofia.rodriguez7666@example.com,Cali,Colombia,oro,2022-03-03
7667,Pablo Vargas,pablo.vargas7667@example.com,Santiago,Chile,bronce,2024-09-13
7668,Diego Vargas,diego.vargas7668@example.com,Lima,Peru,oro,2022-05-04
7669,Javier Silva,javier.silva7669@example.com,Medellin,Colombia,bronce,2023-03-30
7670,Javier Fernandez,javier.fernandez7670@example.com,Buenos Aires,Argentina,plata,2024-08-23
7671,Luis Gomez,luis.gomez7671@example.com,Medellin,Colombia,bronce,2023-01-17
7672,Sofia Rodriguez,sofia.rodriguez7672@example.com,Santiago,Chile,bronce,2022-11-26
7673,Marta Vargas,marta.vargas7673@example.com,Quito,Ecuador,bronce,2022-02-14
7674,Andres Castro,andres.castro7674@example.com,Santiago,Chile,plata,2024-02-02
7675,Alberto Perez,alberto.perez7675@example.com,Buenos Aires,Argentina,bronce,2022-12-17
7676,Ana Moreno,ana.moreno7676@example.com,Medellin,Colombia,bronce,2022-05-10
7677,Sergio Ortiz,sergio.ortiz7677@example.com,Barcelona,Espana,bronce,2023-06-04
7678,Sergio Lopez,sergio.lopez7678@example.com,Ciudad de Mexico,Mexico,bronce,2022-07-06
7679,Sofia Vargas,sofia.vargas7679@example.com,Barcelona,Espana,plata,2024-07-18
7680,Javier Rojas,javier.rojas7680@example.com,Ciudad de Mexico,Mexico,plata,2024-03-29
7681,Miguel Garcia,miguel.garcia7681@example.com,Lima,Peru,plata,2024-12-08
7682,Andres Lopez,andres.lopez7682@example.com,Barcelona,Espana,bronce,2024-12-08
7683,Ruben Fernandez,ruben.fernandez7683@example.com,Lima,Peru,bronce,2024-07-05
7684,Carmen Martinez,carmen.martinez7684@example.com,Guadalajara,Mexico,bronce,2023-07-04
7685,Lucia Fernandez,lucia.fernandez7685@example.com,Madrid,Espana,bronce,2022-07-06
7686,Andres Martinez,andres.martinez7686@example.com,Buenos Aires,Argentina,oro,2022-02-16
7687,Luis Mendoza,luis.mendoza7687@example.com,Madrid,Espana,bronce,2022-04-11
7688,Carmen Vargas,carmen.vargas7688@example.com,Guadalajara,Mexico,oro,2022-09-14
7689,Ana Gomez,ana.gomez7689@example.com,Ciudad de Mexico,Mexico,bronce,2024-08-24
7690,Alberto Herrera,alberto.herrera7690@example.com,Buenos Aires,Argentina,plata,2022-08-21
7691,Ruben Garcia,ruben.garcia7691@example.com,Medellin,Colombia,plata,2022-04-12
7692,Lucia Vargas,lucia.vargas7692@example.com,Barcelona,Espana,plata,2024-10-21
7693,Miguel Rojas,miguel.rojas7693@example.com,Medellin,Colombia,plata,2023-04-22
7694,Marta Silva,marta.silva7694@example.com,Santiago,Chile,bronce,2023-04-04
7695,Carmen Sanchez,carmen.sanchez7695@example.com,Quito,Ecuador,plata,2022-11-27
7696,Marta Vargas,marta.vargas7696@example.com,Valencia,Espana,bronce,2024-11-03
7697,Lucia Herrera,lucia.herrera7697@example.com,Medellin,Colombia,bronce,2023-01-17
7698,Laura Herrera,laura.herrera7698@example.com,Lima,Peru,bronce,2024-07-30
7699,Luis Lopez,luis.lopez7699@example.com,Bogota,Colombia,bronce,2024-12-22
7700,Javier Navarro,javier.navarro7700@example.com,Valencia,Espana,oro,2023-05-09
7701,Lucia Perez,lucia.perez7701@example.com,Santiago,Chile,bronce,2024-02-07
7702,Sofia Fernandez,sofia.fernandez7702@example.com,Cali,Colombia,bronce,2022-01-28
7703,Lucia Lopez,lucia.lopez7703@example.com,Ciudad de Mexico,Mexico,bronce,2024-05-05
7704,Javier Martinez,javier.martinez7704@example.com,Cali,Colombia,plata,2024-12-01
7705,Julia Perez,julia.perez7705@example.com,Guadalajara,Mexico,plata,2022-08-02
7706,Miguel Martinez,miguel.martinez7706@example.com,Bogota,Colombia,oro,2022-01-12
7707,Paula Moreno,paula.moreno7707@example.com,Buenos Aires,Argentina,plata,2022-02-18
7708,Miguel Vargas,miguel.vargas7708@example.com,Medellin,Colombia,bronce,2024-07-26
7709,Sofia Fernandez,sofia.fernandez7709@example.com,Ciudad de Mexico,Mexico,bronce,2022-09-25
7710,Carmen Ramirez,carmen.ramirez7710@example.com,Valencia,Espana,bronce,2023-03-29
7711,Javier Castro,javier.castro7711@example.com,Madrid,Espana,plata,2023-01-04
7712,Laura Lopez,laura.lopez7712@example.com,Ciudad de Mexico,Mexico,platino,2022-11-26
7713,Miguel Perez,miguel.perez7713@example.com,Barcelona,Espana,bronce,2022-07-01
7714,Paula Mendoza,paula.mendoza7714@example.com,Lima,Peru,bronce,2023-03-24
7715,Maria Garcia,maria.garcia7715@example.com,Quito,Ecuador,plata,2024-10-09
7716,Sofia Navarro,sofia.navarro7716@example.com,Bogota,Colombia,plata,2023-01-26
7717,Andres Navarro,andres.navarro7717@example.com,Bogota,Colombia,plata,2024-05-27
7718,Marta Perez,marta.perez7718@example.com,Ciudad de Mexico,Mexico,bronce,2024-01-25
7719,Sofia Gomez,sofia.gomez7719@example.com,Valencia,Espana,bronce,2024-05-23
7720,Luis Sanchez,luis.sanchez7720@example.com,Lima,Peru,bronce,2023-09-20
7721,Ana Vargas,ana.vargas7721@example.com,Barcelona,Espana,bronce,2023-02-11
7722,Diego Sanchez,diego.sanchez7722@example.com,Cali,Colombia,plata,2022-10-09
7723,Paula Herrera,paula.herrera7723@example.com,Valencia,Espana,bronce,2022-11-03
7724,Ana Fernandez,ana.fernandez7724@example.com,Santiago,Chile,bronce,2023-08-01
7725,Ruben Navarro,ruben.navarro7725@example.com,Barcelona,Espana,platino,2023-03-19
7726,Andres Mendoza,andres.mendoza7726@example.com,Cali,Colombia,bronce,2023-03-20
7727,Ana Diaz,ana.diaz7727@example.com,Lima,Peru,bronce,2023-02-08
7728,Elena Vargas,elena.vargas7728@example.com,Cali,Colombia,oro,2024-10-05
7729,Laura Garcia,laura.garcia7729@example.com,Valencia,Espana,bronce,2023-12-06
7730,Julia Rodriguez,julia.rodriguez7730@example.com,Barcelona,Espana,plata,2024-09-04
7731,Pablo Ramirez,pablo.ramirez7731@example.com,Guadalajara,Mexico,bronce,2024-10-13
7732,Elena Torres,elena.torres7732@example.com,Barcelona,Espana,oro,2023-11-07
7733,Javier Fernandez,javier.fernandez7733@example.com,Medellin,Colombia,bronce,2022-04-11
7734,Pablo Rodriguez,pablo.rodriguez7734@example.com,Guadalajara,Mexico,bronce,2024-11-23
7735,Ana Silva,ana.silva7735@example.com,Medellin,Colombia,platino,2023-06-08
7736,Javier Diaz,javier.diaz7736@example.com,Santiago,Chile,plata,2023-02-15
7737,Carlos Torres,carlos.torres7737@example.com,Buenos Aires,Argentina,bronce,2023-03-29
7738,Carmen Diaz,carmen.diaz7738@example.com,Barcelona,Espana,bronce,2022-04-07
7739,Andres Torres,andres.torres7739@example.com,Santiago,Chile,bronce,2023-12-29
7740,Diego Castro,diego.castro7740@example.com,Lima,Peru,bronce,2022-02-22
7741,Maria Herrera,maria.herrera7741@example.com,Valencia,Espana,bronce,2024-02-29
7742,Miguel Ramirez,miguel.ramirez7742@example.com,Medellin,Colombia,bronce,2024-07-01
7743,Paula Lopez,paula.lopez7743@example.com,Medellin,Colombia,oro,2023-04-08
7744,Laura Mendoza,laura.mendoza7744@example.com,Cali,Colombia,plata,2023-02-24
7745,Carlos Perez,carlos.perez7745@example.com,Cali,Colombia,oro,2024-01-08
7746,Maria Garcia,maria.garcia7746@example.com,Lima,Peru,bronce,2024-07-30
7747,Paula Garcia,paula.garcia7747@example.com,Guadalajara,Mexico,bronce,2022-04-15
7748,Maria Herrera,maria.herrera7748@example.com,Lima,Peru,plata,2023-05-18
7749,Pablo Fernandez,pablo.fernandez7749@example.com,Medellin,Colombia,bronce,2022-12-20
7750,Alberto Garcia,alberto.garcia7750@example.com,Ciudad de Mexico,Mexico,bronce,2022-01-13
7751,Carmen Silva,carmen.silva7751@example.com,Barcelona,Espana,oro,2022-01-10
7752,Sofia Gomez,sofia.gomez7752@example.com,Bogota,Colombia,plata,2023-08-02
7753,Laura Navarro,laura.navarro7753@example.com,Guadalajara,Mexico,bronce,2024-04-16
7754,Ana Mendoza,ana.mendoza7754@example.com,Valencia,Espana,bronce,2023-10-14
7755,Carlos Garcia,carlos.garcia7755@example.com,Quito,Ecuador,bronce,2022-09-30
7756,Alberto Rojas,alberto.rojas7756@example.com,Bogota,Colombia,plata,2023-05-10
7757,Maria Castro,maria.castro7757@example.com,Barcelona,Espana,bronce,2024-11-23
7758,Ana Lopez,ana.lopez7758@example.com,Santiago,Chile,oro,2024-07-06
7759,Paula Gomez,paula.gomez7759@example.com,Barcelona,Espana,bronce,2022-05-12
7760,Sofia Torres,sofia.torres7760@example.com,Bogota,Colombia,bronce,2023-12-07
7761,Miguel Martinez,miguel.martinez7761@example.com,Valencia,Espana,plata,2023-11-16
7762,Marta Moreno,marta.moreno7762@example.com,Buenos Aires,Argentina,oro,2023-02-04
7763,Lucia Perez,lucia.perez7763@example.com,Lima,Peru,oro,2023-02-04
7764,Julia Ortiz,julia.ortiz7764@example.com,Valencia,Espana,bronce,2024-02-27
7765,Diego Silva,diego.silva7765@example.com,Medellin,Colombia,bronce,2024-10-20
7766,Marta Castro,marta.castro7766@example.com,Cali,Colombia,plata,2022-12-16
7767,Ruben Martinez,ruben.martinez7767@example.com,Buenos Aires,Argentina,oro,2024-10-12
7768,Diego Garcia,diego.garcia7768@example.com,Medellin,Colombia,platino,2024-07-07
7769,Javier Martinez,javier.martinez7769@example.com,Ciudad de Mexico,Mexico,bronce,2022-02-27
7770,Alberto Torres,alberto.torres7770@example.com,Ciudad de Mexico,Mexico,plata,2022-11-03
7771,Laura Herrera,laura.herrera7771@example.com,Madrid,Espana,bronce,2023-04-28
7772,Ana Lopez,ana.lopez7772@example.com,Ciudad de Mexico,Mexico,bronce,2023-12-31
7773,Pablo Moreno,pablo.moreno7773@example.com,Ciudad de Mexico,Mexico,bronce,2022-09-06
7774,Alberto Garcia,alberto.garcia7774@example.com,Quito,Ecuador,bronce,2023-03-31
7775,Luis Perez,luis.perez7775@example.com,Ciudad de Mexico,Mexico,bronce,2022-04-12
7776,Paula Vargas,paula.vargas7776@example.com,Lima,Peru,bronce,2022-04-21
7777,Paula Silva,paula.silva7777@example.com,Medellin,Colombia,plata,2023-04-22
7778,Julia Herrera,julia.herrera7778@example.com,Buenos Aires,Argentina,plata,2023-11-21
7779,Sofia Ramirez,sofia.ramirez7779@example.com,Lima,Peru,bronce,2023-05-11
7780,Javier Garcia,javier.garcia7780@example.com,Barcelona,Espana,plata,2023-02-24
7781,Lucia Perez,lucia.perez7781@example.com,Ciudad de Mexico,Mexico,bronce,2023-06-30
7782,Maria Herrera,maria.herrera7782@example.com,Quito,Ecuador,bronce,2023-11-26
7783,Paula Rodriguez,paula.rodriguez7783@example.com,Ciudad de Mexico,Mexico,platino,2024-02-21
7784,Andres Moreno,andres.moreno7784@example.com,Lima,Peru,bronce,2023-08-15
7785,Diego Moreno,diego.moreno7785@example.com,Cali,Colombia,bronce,2022-04-11
7786,Lucia Herrera,lucia.herrera7786@example.com,Lima,Peru,plata,2022-02-15
7787,Marta Sanchez,marta.sanchez7787@example.com,Guadalajara,Mexico,bronce,2023-01-11
7788,Lucia Sanchez,lucia.sanchez7788@example.com,Cali,Colombia,bronce,2022-08-13
7789,Paula Lopez,paula.lopez7789@example.com,Valencia,Espana,plata,2023-08-11
7790,Julia Fernandez,julia.fernandez7790@example.com,Valencia,Espana,plata,2024-02-06
7791,Julia Ramirez,julia.ramirez7791@example.com,Bogota,Colombia,bronce,2022-10-03
7792,Carmen Martinez,carmen.martinez7792@example.com,Santiago,Chile,oro,2023-05-28
7793,Marta Vargas,marta.vargas7793@example.com,Cali,Colombia,bronce,2022-08-28
7794,Elena Sanchez,elena.sanchez7794@example.com,Medellin,Colombia,bronce,2023-05-26
7795,Ana Vargas,ana.vargas7795@example.com,Cali,Colombia,bronce,2023-02-19
7796,Sofia Gomez,sofia.gomez7796@example.com,Medellin,Colombia,bronce,2022-01-03
7797,Ruben Navarro,ruben.navarro7797@example.com,Santiago,Chile,platino,2023-12-30
7798,Maria Gomez,maria.gomez7798@example.com,Medellin,Colombia,plata,2022-11-28
7799,Lucia Mendoza,lucia.mendoza7799@example.com,Cali,Colombia,bronce,2024-03-29
7800,Carlos Lopez,carlos.lopez7800@example.com,Ciudad de Mexico,Mexico,bronce,2024-01-04
7801,Sofia Rodriguez,sofia.rodriguez7801@example.com,Guadalajara,Mexico,bronce,2022-08-02
7802,Maria Lopez,maria.lopez7802@example.com,Medellin,Colombia,plata,2024-08-29
7803,Marta Diaz,marta.diaz7803@example.com,Madrid,Espana,bronce,2022-01-25
7804,Paula Ortiz,paula.ortiz7804@example.com,Buenos Aires,Argentina,oro,2023-09-21
7805,Sergio Lopez,sergio.lopez7805@example.com,Ciudad de Mexico,Mexico,bronce,2024-05-28
7806,Marta Herrera,marta.herrera7806@example.com,Guadalajara,Mexico,bronce,2023-08-16
7807,Laura Rojas,laura.rojas7807@example.com,Ciudad de Mexico,Mexico,oro,2023-09-03
7808,Lucia Gomez,lucia.gomez7808@example.com,Ciudad de Mexico,Mexico,oro,2023-05-30
7809,Maria Gomez,maria.gomez7809@example.com,Quito,Ecuador,bronce,2022-03-07
7810,Miguel Ortiz,miguel.ortiz7810@example.com,Madrid,Espana,bronce,2024-01-13
7811,Lucia Moreno,lucia.moreno7811@example.com,Barcelona,Espana,oro,2024-11-09
7812,Andres Sanchez,andres.sanchez7812@example.com,Quito,Ecuador,plata,2024-05-23
7813,Luis Ortiz,luis.ortiz7813@example.com,Lima,Peru,plata,2022-03-06
7814,Paula Diaz,paula.diaz7814@example.com,Medellin,Colombia,plata,2022-08-30
7815,Diego Rodriguez,diego.rodriguez7815@example.com,Ciudad de Mexico,Mexico,oro,2024-06-30
7816,Ruben Silva,ruben.silva7816@example.com,Cali,Colombia,bronce,2024-02-21
7817,Lucia Mendoza,lucia.mendoza7817@example.com,Quito,Ecuador,bronce,2023-02-06
7818,Lucia Diaz,lucia.diaz7818@example.com,Cali,Colombia,bronce,2022-09-25
7819,Andres Moreno,andres.moreno7819@example.com,Santiago,Chile,plata,2023-05-22
7820,Paula Sanchez,paula.sanchez7820@example.com,Medellin,Colombia,bronce,2022-02-04
7821,Carlos Mendoza,carlos.mendoza7821@example.com,Medellin,Colombia,bronce,2022-04-09
7822,Lucia Fernandez,lucia.fernandez7822@example.com,Buenos Aires,Argentina,plata,2022-03-23
7823,Ana Perez,ana.perez7823@example.com,Medellin,Colombia,bronce,2024-06-22
7824,Diego Ramirez,diego.ramirez7824@example.com,Madrid,Espana,platino,2022-02-20
7825,Paula Perez,paula.perez7825@example.com,Valencia,Espana,bronce,2023-08-29
7826,Ruben Castro,ruben.castro7826@example.com,Lima,Peru,plata,2022-11-03
7827,Javier Moreno,javier.moreno7827@example.com,Medellin,Colombia,plata,2024-04-08
7828,Miguel Diaz,miguel.diaz7828@example.com,Barcelona,Espana,bronce,2022-05-20
7829,Pablo Herrera,pablo.herrera7829@example.com,Quito,Ecuador,bronce,2024-09-23
7830,Miguel Diaz,miguel.diaz7830@example.com,Quito,Ecuador,bronce,2022-04-04
7831,Carlos Navarro,carlos.navarro7831@example.com,Cali,Colombia,plata,2024-07-15
7832,Elena Perez,elena.perez7832@example.com,Guadalajara,Mexico,plata,2022-06-11
7833,Sofia Moreno,sofia.moreno7833@example.com,Santiago,Chile,bronce,2022-02-02
7834,Lucia Ramirez,lucia.ramirez7834@example.com,Madrid,Espana,bronce,2022-02-11
7835,Julia Ortiz,julia.ortiz7835@example.com,Bogota,Colombia,platino,2024-05-05
7836,Lucia Sanchez,lucia.sanchez7836@example.com,Ciudad de Mexico,Mexico,bronce,2023-01-12
7837,Miguel Lopez,miguel.lopez7837@example.com,Ciudad de Mexico,Mexico,oro,2023-04-02
7838,Andres Mendoza,andres.mendoza7838@example.com,Bogota,Colombia,bronce,2024-06-19
7839,Sergio Ortiz,sergio.ortiz7839@example.com,Madrid,Espana,bronce,2022-10-14
7840,Sofia Moreno,sofia.moreno7840@example.com,Quito,Ecuador,bronce,2023-08-30
7841,Diego Torres,diego.torres7841@example.com,Guadalajara,Mexico,bronce,2022-11-23
7842,Laura Diaz,laura.diaz7842@example.com,Santiago,Chile,oro,2022-03-13
7843,Ruben Rojas,ruben.rojas7843@example.com,Cali,Colombia,plata,2024-12-24
7844,Ruben Moreno,ruben.moreno7844@example.com,Ciudad de Mexico,Mexico,plata,2023-02-15
7845,Carlos Perez,carlos.perez7845@example.com,Cali,Colombia,plata,2024-07-16
7846,Elena Garcia,elena.garcia7846@example.com,Cali,Colombia,plata,2023-04-16
7847,Javier Rodriguez,javier.rodriguez7847@example.com,Buenos Aires,Argentina,plata,2024-08-07
7848,Julia Gomez,julia.gomez7848@example.com,Quito,Ecuador,plata,2022-07-08
7849,Luis Rojas,luis.rojas7849@example.com,Santiago,Chile,oro,2023-08-15
7850,Laura Diaz,laura.diaz7850@example.com,Buenos Aires,Argentina,plata,2023-02-13
7851,Elena Castro,elena.castro7851@example.com,Madrid,Espana,bronce,2024-12-22
7852,Pablo Torres,pablo.torres7852@example.com,Ciudad de Mexico,Mexico,bronce,2023-01-04
7853,Laura Perez,laura.perez7853@example.com,Quito,Ecuador,bronce,2024-04-24
7854,Lucia Moreno,lucia.moreno7854@example.com,Medellin,Colombia,bronce,2023-06-25
7855,Marta Moreno,marta.moreno7855@example.com,Ciudad de Mexico,Mexico,bronce,2023-03-15
7856,Paula Navarro,paula.navarro7856@example.com,Bogota,Colombia,bronce,2024-02-03
7857,Luis Silva,luis.silva7857@example.com,Valencia,Espana,bronce,2023-12-07
7858,Maria Fernandez,maria.fernandez7858@example.com,Buenos Aires,Argentina,oro,2023-06-09
7859,Luis Moreno,luis.moreno7859@example.com,Bogota,Colombia,plata,2022-03-02
7860,Julia Fernandez,julia.fernandez7860@example.com,Guadalajara,Mexico,bronce,2022-03-22
7861,Andres Mendoza,andres.mendoza7861@example.com,Guadalajara,Mexico,oro,2023-10-18
7862,Lucia Castro,lucia.castro7862@example.com,Lima,Peru,oro,2022-03-02
7863,Sergio Silva,sergio.silva7863@example.com,Quito,Ecuador,oro,2023-10-26
7864,Pablo Perez,pablo.perez7864@example.com,Ciudad de Mexico,Mexico,bronce,2024-08-30
7865,Laura Garcia,laura.garcia7865@example.com,Madrid,Espana,bronce,2024-05-14
7866,Lucia Martinez,lucia.martinez7866@example.com,Ciudad de Mexico,Mexico,bronce,2024-01-31
7867,Marta Ramirez,marta.ramirez7867@example.com,Lima,Peru,plata,2022-10-27
7868,Ana Navarro,ana.navarro7868@example.com,Cali,Colombia,plata,2023-12-21
7869,Carmen Castro,carmen.castro7869@example.com,Ciudad de Mexico,Mexico,plata,2022-07-20
7870,Diego Silva,diego.silva7870@example.com,Santiago,Chile,plata,2024-09-26
7871,Luis Torres,luis.torres7871@example.com,Cali,Colombia,oro,2022-04-09
7872,Javier Navarro,javier.navarro7872@example.com,Medellin,Colombia,plata,2023-08-16
7873,Sofia Ortiz,sofia.ortiz7873@example.com,Cali,Colombia,oro,2023-06-17
7874,Elena Sanchez,elena.sanchez7874@example.com,Lima,Peru,oro,2022-03-22
7875,Javier Mendoza,javier.mendoza7875@example.com,Cali,Colombia,bronce,2022-07-24
7876,Carmen Garcia,carmen.garcia7876@example.com,Bogota,Colombia,oro,2024-02-22
7877,Sofia Vargas,sofia.vargas7877@example.com,Guadalajara,Mexico,bronce,2023-10-15
7878,Diego Diaz,diego.diaz7878@example.com,Buenos Aires,Argentina,bronce,2022-06-27
7879,Sergio Gomez,sergio.gomez7879@example.com,Lima,Peru,platino,2022-06-03
7880,Luis Ortiz,luis.ortiz7880@example.com,Lima,Peru,bronce,2023-12-31
7881,Miguel Rojas,miguel.rojas7881@example.com,Santiago,Chile,bronce,2023-12-25
7882,Luis Martinez,luis.martinez7882@example.com,Santiago,Chile,platino,2023-03-15
7883,Julia Martinez,julia.martinez7883@example.com,Cali,Colombia,bronce,2022-01-23
7884,Carlos Martinez,carlos.martinez7884@example.com,Medellin,Colombia,bronce,2022-01-31
7885,Paula Gomez,paula.gomez7885@example.com,Ciudad de Mexico,Mexico,bronce,2022-06-15
7886,Carlos Rodriguez,carlos.rodriguez7886@example.com,Buenos Aires,Argentina,bronce,2022-03-02
7887,Elena Perez,elena.perez7887@example.com,Ciudad de Mexico,Mexico,bronce,2023-09-02
7888,Carmen Herrera,carmen.herrera7888@example.com,Valencia,Espana,bronce,2023-03-06
7889,Paula Mendoza,paula.mendoza7889@example.com,Madrid,Espana,oro,2022-08-26
7890,Carlos Herrera,carlos.herrera7890@example.com,Madrid,Espana,bronce,2023-10-14
7891,Laura Torres,laura.torres7891@example.com,Cali,Colombia,plata,2024-02-11
7892,Ruben Rojas,ruben.rojas7892@example.com,Santiago,Chile,bronce,2022-07-07
7893,Elena Ortiz,elena.ortiz7893@example.com,Santiago,Chile,bronce,2023-11-16
7894,Laura Rodriguez,laura.rodriguez7894@example.com,Santiago,Chile,plata,2022-04-27
7895,Marta Ortiz,marta.ortiz7895@example.com,Buenos Aires,Argentina,bronce,2023-10-19
7896,Luis Moreno,luis.moreno7896@example.com,Madrid,Espana,bronce,2023-02-16
7897,Ruben Fernandez,ruben.fernandez7897@example.com,Lima,Peru,bronce,2022-05-01
7898,Ruben Diaz,ruben.diaz7898@example.com,Quito,Ecuador,bronce,2024-05-30
7899,Ruben Diaz,ruben.diaz7899@example.com,Lima,Peru,bronce,2022-07-20
7900,Javier Lopez,javier.lopez7900@example.com,Cali,Colombia,bronce,2024-05-08
7901,Maria Sanchez,maria.sanchez7901@example.com,Valencia,Espana,bronce,2023-02-04
7902,Sofia Perez,sofia.perez7902@example.com,Lima,Peru,bronce,2024-01-20
7903,Elena Garcia,elena.garcia7903@example.com,Valencia,Espana,bronce,2024-02-14
7904,Alberto Ramirez,alberto.ramirez7904@example.com,Santiago,Chile,oro,2023-04-11
7905,Carmen Torres,carmen.torres7905@example.com,Quito,Ecuador,bronce,2024-01-01
7906,Julia Gomez,julia.gomez7906@example.com,Lima,Peru,plata,2023-04-29
7907,Sergio Lopez,sergio.lopez7907@example.com,Ciudad de Mexico,Mexico,plata,2023-10-26
7908,Marta Navarro,marta.navarro7908@example.com,Lima,Peru,bronce,2022-09-05
7909,Maria Rojas,maria.rojas7909@example.com,Santiago,Chile,bronce,2023-04-11
7910,Luis Torres,luis.torres7910@example.com,Quito,Ecuador,bronce,2022-05-31
7911,Ana Moreno,ana.moreno7911@example.com,Medellin,Colombia,bronce,2023-04-01
7912,Pablo Fernandez,pablo.fernandez7912@example.com,Guadalajara,Mexico,bronce,2022-01-18
7913,Laura Sanchez,laura.sanchez7913@example.com,Santiago,Chile,bronce,2023-03-25
7914,Alberto Rojas,alberto.rojas7914@example.com,Valencia,Espana,oro,2024-07-30
7915,Maria Herrera,maria.herrera7915@example.com,Valencia,Espana,plata,2023-01-31
7916,Julia Rojas,julia.rojas7916@example.com,Medellin,Colombia,bronce,2023-06-28
7917,Andres Vargas,andres.vargas7917@example.com,Medellin,Colombia,oro,2024-07-26
7918,Maria Garcia,maria.garcia7918@example.com,Santiago,Chile,bronce,2022-01-04
7919,Luis Castro,luis.castro7919@example.com,Quito,Ecuador,bronce,2024-01-05
7920,Miguel Castro,miguel.castro7920@example.com,Barcelona,Espana,bronce,2023-08-03
7921,Elena Diaz,elena.diaz7921@example.com,Bogota,Colombia,oro,2023-01-11
7922,Elena Sanchez,elena.sanchez7922@example.com,Quito,Ecuador,bronce,2022-10-10
7923,Lucia Navarro,lucia.navarro7923@example.com,Guadalajara,Mexico,plata,2023-10-12
7924,Maria Fernandez,maria.fernandez7924@example.com,Valencia,Espana,plata,2023-04-13
7925,Maria Perez,maria.perez7925@example.com,Guadalajara,Mexico,bronce,2023-03-09
7926,Andres Moreno,andres.moreno7926@example.com,Lima,Peru,bronce,2024-01-07
7927,Alberto Torres,alberto.torres7927@example.com,Medellin,Colombia,bronce,2023-03-14
7928,Javier Vargas,javier.vargas7928@example.com,Cali,Colombia,plata,2024-06-05
7929,Julia Castro,julia.castro7929@example.com,Guadalajara,Mexico,bronce,2022-11-08
7930,Elena Fernandez,elena.fernandez7930@example.com,Lima,Peru,bronce,2024-02-07
7931,Elena Lopez,elena.lopez7931@example.com,Ciudad de Mexico,Mexico,bronce,2023-09-09
7932,Luis Lopez,luis.lopez7932@example.com,Quito,Ecuador,plata,2024-09-08
7933,Sofia Ortiz,sofia.ortiz7933@example.com,Santiago,Chile,plata,2023-03-15
7934,Diego Ramirez,diego.ramirez7934@example.com,Cali,Colombia,bronce,2022-09-15
7935,Andres Diaz,andres.diaz7935@example.com,Cali,Colombia,bronce,2023-03-13
7936,Carlos Gomez,carlos.gomez7936@example.com,Buenos Aires,Argentina,bronce,2023-12-26
7937,Carlos Moreno,carlos.moreno7937@example.com,Madrid,Espana,bronce,2023-04-16
7938,Sofia Ortiz,sofia.ortiz7938@example.com,Valencia,Espana,bronce,2024-09-01
7939,Luis Herrera,luis.herrera7939@example.com,Valencia,Espana,plata,2022-06-20
7940,Maria Ramirez,maria.ramirez7940@example.com,Santiago,Chile,bronce,2022-12-04
7941,Carmen Torres,carmen.torres7941@example.com,Santiago,Chile,bronce,2024-12-12
7942,Alberto Mendoza,alberto.mendoza7942@example.com,Santiago,Chile,bronce,2024-05-25
7943,Pablo Mendoza,pablo.mendoza7943@example.com,Barcelona,Espana,bronce,2022-03-26
7944,Maria Fernandez,maria.fernandez7944@example.com,Bogota,Colombia,plata,2024-10-26
7945,Alberto Navarro,alberto.navarro7945@example.com,Bogota,Colombia,plata,2023-04-12
7946,Lucia Silva,lucia.silva7946@example.com,Madrid,Espana,bronce,2023-12-07
7947,Marta Silva,marta.silva7947@example.com,Bogota,Colombia,bronce,2022-01-19
7948,Carlos Rodriguez,carlos.rodriguez7948@example.com,Cali,Colombia,plata,2022-06-29
7949,Pablo Martinez,pablo.martinez7949@example.com,Lima,Peru,plata,2024-02-04
7950,Luis Perez,luis.perez7950@example.com,Valencia,Espana,oro,2022-10-13
7951,Carmen Herrera,carmen.herrera7951@example.com,Lima,Peru,oro,2022-05-09
7952,Laura Rodriguez,laura.rodriguez7952@example.com,Santiago,Chile,oro,2024-01-15
7953,Julia Rodriguez,julia.rodriguez7953@example.com,Barcelona,Espana,oro,2022-08-26
7954,Luis Garcia,luis.garcia7954@example.com,Bogota,Colombia,oro,2024-08-06
7955,Andres Lopez,andres.lopez7955@example.com,Cali,Colombia,plata,2022-07-15
7956,Maria Ortiz,maria.ortiz7956@example.com,Quito,Ecuador,plata,2022-01-27
7957,Andres Moreno,andres.moreno7957@example.com,Santiago,Chile,plata,2023-03-04
7958,Diego Moreno,diego.moreno7958@example.com,Quito,Ecuador,bronce,2022-12-24
7959,Alberto Perez,alberto.perez7959@example.com,Bogota,Colombia,bronce,2023-12-01
7960,Andres Castro,andres.castro7960@example.com,Lima,Peru,oro,2022-09-13
7961,Miguel Herrera,miguel.herrera7961@example.com,Quito,Ecuador,bronce,2024-12-09
7962,Luis Ramirez,luis.ramirez7962@example.com,Guadalajara,Mexico,bronce,2023-04-08
7963,Pablo Mendoza,pablo.mendoza7963@example.com,Barcelona,Espana,bronce,2024-02-16
7964,Sofia Vargas,sofia.vargas7964@example.com,Bogota,Colombia,bronce,2024-04-21
7965,Luis Gomez,luis.gomez7965@example.com,Barcelona,Espana,bronce,2024-08-25
7966,Pablo Castro,pablo.castro7966@example.com,Santiago,Chile,bronce,2023-07-05
7967,Laura Ortiz,laura.ortiz7967@example.com,Bogota,Colombia,bronce,2022-09-07
7968,Laura Silva,laura.silva7968@example.com,Buenos Aires,Argentina,bronce,2023-07-22
7969,Ana Torres,ana.torres7969@example.com,Bogota,Colombia,bronce,2023-04-12
7970,Miguel Vargas,miguel.vargas7970@example.com,Quito,Ecuador,bronce,2023-10-29
7971,Laura Navarro,laura.navarro7971@example.com,Santiago,Chile,bronce,2022-09-16
7972,Luis Moreno,luis.moreno7972@example.com,Medellin,Colombia,bronce,2023-07-19
7973,Sofia Ramirez,sofia.ramirez7973@example.com,Cali,Colombia,plata,2024-11-14
7974,Laura Perez,laura.perez7974@example.com,Madrid,Espana,bronce,2024-01-24
7975,Maria Ortiz,maria.ortiz7975@example.com,Barcelona,Espana,oro,2024-11-14
7976,Diego Navarro,diego.navarro7976@example.com,Quito,Ecuador,plata,2022-04-28
7977,Luis Rodriguez,luis.rodriguez7977@example.com,Santiago,Chile,bronce,2023-12-17
7978,Alberto Garcia,alberto.garcia7978@example.com,Lima,Peru,bronce,2022-01-25
7979,Diego Martinez,diego.martinez7979@example.com,Guadalajara,Mexico,bronce,2022-08-11
7980,Alberto Fernandez,alberto.fernandez7980@example.com,Valencia,Espana,bronce,2024-06-24
7981,Ruben Lopez,ruben.lopez7981@example.com,Barcelona,Espana,oro,2022-04-21
7982,Alberto Mendoza,alberto.mendoza7982@example.com,Buenos Aires,Argentina,plata,2023-06-09
7983,Lucia Ortiz,lucia.ortiz7983@example.com,Bogota,Colombia,plata,2022-03-18
7984,Sofia Lopez,sofia.lopez7984@example.com,Madrid,Espana,plata,2022-11-23
7985,Marta Silva,marta.silva7985@example.com,Madrid,Espana,oro,2022-05-16
7986,Luis Martinez,luis.martinez7986@example.com,Ciudad de Mexico,Mexico,oro,2023-05-13
7987,Paula Herrera,paula.herrera7987@example.com,Lima,Peru,bronce,2023-12-06
7988,Elena Fernandez,elena.fernandez7988@example.com,Medellin,Colombia,bronce,2023-12-13
7989,Ana Garcia,ana.garcia7989@example.com,Quito,Ecuador,bronce,2024-10-17
7990,Laura Diaz,laura.diaz7990@example.com,Medellin,Colombia,bronce,2022-05-14
7991,Laura Silva,laura.silva7991@example.com,Buenos Aires,Argentina,bronce,2023-03-15
7992,Ana Ortiz,ana.ortiz7992@example.com,Valencia,Espana,bronce,2023-07-28
7993,Andres Martinez,andres.martinez7993@example.com,Guadalajara,Mexico,plata,2022-04-05
7994,Luis Silva,luis.silva7994@example.com,Bogota,Colombia,bronce,2022-05-02
7995,Paula Perez,paula.perez7995@example.com,Santiago,Chile,plata,2022-12-06
7996,Diego Torres,diego.torres7996@example.com,Cali,Colombia,bronce,2024-07-30
7997,Marta Martinez,marta.martinez7997@example.com,Madrid,Espana,bronce,2023-10-04
7998,Elena Navarro,elena.navarro7998@example.com,Valencia,Espana,oro,2023-09-08
7999,Maria Herrera,maria.herrera7999@example.com,Medellin,Colombia,bronce,2023-08-27
8000,Carlos Castro,carlos.castro8000@example.com,Cali,Colombia,plata,2024-06-06
8001,Carmen Moreno,carmen.moreno8001@example.com,Bogota,Colombia,oro,2023-08-20
8002,Marta Mendoza,marta.mendoza8002@example.com,Ciudad de Mexico,Mexico,bronce,2024-02-29
8003,Javier Martinez,javier.martinez8003@example.com,Quito,Ecuador,bronce,2022-12-05
8004,Miguel Sanchez,miguel.sanchez8004@example.com,Buenos Aires,Argentina,bronce,2024-06-11
8005,Julia Garcia,julia.garcia8005@example.com,Bogota,Colombia,bronce,2022-02-05
8006,Ruben Torres,ruben.torres8006@example.com,Buenos Aires,Argentina,oro,2023-01-10
8007,Sofia Torres,sofia.torres8007@example.com,Quito,Ecuador,oro,2022-10-01
8008,Laura Garcia,laura.garcia8008@example.com,Valencia,Espana,bronce,2022-06-02
8009,Elena Rojas,elena.rojas8009@example.com,Valencia,Espana,plata,2023-08-11
8010,Lucia Garcia,lucia.garcia8010@example.com,Madrid,Espana,oro,2024-09-03
8011,Pablo Herrera,pablo.herrera8011@example.com,Lima,Peru,bronce,2022-06-27
8012,Carlos Moreno,carlos.moreno8012@example.com,Santiago,Chile,bronce,2024-08-26
8013,Luis Silva,luis.silva8013@example.com,Medellin,Colombia,oro,2024-07-27
8014,Diego Martinez,diego.martinez8014@example.com,Lima,Peru,plata,2024-08-25
8015,Sergio Mendoza,sergio.mendoza8015@example.com,Guadalajara,Mexico,bronce,2022-01-07
8016,Carlos Ramirez,carlos.ramirez8016@example.com,Quito,Ecuador,bronce,2024-12-19
8017,Sofia Mendoza,sofia.mendoza8017@example.com,Quito,Ecuador,bronce,2023-04-14
8018,Carlos Rojas,carlos.rojas8018@example.com,Quito,Ecuador,plata,2023-10-15
8019,Laura Rojas,laura.rojas8019@example.com,Medellin,Colombia,plata,2022-11-30
8020,Carmen Garcia,carmen.garcia8020@example.com,Guadalajara,Mexico,bronce,2023-07-16
8021,Javier Rojas,javier.rojas8021@example.com,Valencia,Espana,plata,2023-08-26
8022,Javier Diaz,javier.diaz8022@example.com,Lima,Peru,bronce,2024-05-23
8023,Alberto Silva,alberto.silva8023@example.com,Bogota,Colombia,plata,2023-01-09
8024,Carlos Rojas,carlos.rojas8024@example.com,Cali,Colombia,plata,2022-05-01
8025,Carlos Rodriguez,carlos.rodriguez8025@example.com,Guadalajara,Mexico,bronce,2023-10-05
8026,Julia Mendoza,julia.mendoza8026@example.com,Santiago,Chile,bronce,2024-05-07
8027,Pablo Rodriguez,pablo.rodriguez8027@example.com,Buenos Aires,Argentina,bronce,2022-01-18
8028,Ana Perez,ana.perez8028@example.com,Quito,Ecuador,plata,2024-06-08
8029,Sofia Sanchez,sofia.sanchez8029@example.com,Buenos Aires,Argentina,plata,2024-05-29
8030,Pablo Navarro,pablo.navarro8030@example.com,Santiago,Chile,bronce,2023-09-25
8031,Javier Lopez,javier.lopez8031@example.com,Ciudad de Mexico,Mexico,platino,2024-11-04
8032,Lucia Silva,lucia.silva8032@example.com,Medellin,Colombia,oro,2023-03-01
8033,Carmen Sanchez,carmen.sanchez8033@example.com,Lima,Peru,bronce,2022-05-27
8034,Javier Rojas,javier.rojas8034@example.com,Medellin,Colombia,bronce,2023-12-20
8035,Paula Rodriguez,paula.rodriguez8035@example.com,Guadalajara,Mexico,bronce,2023-10-30
8036,Diego Fernandez,diego.fernandez8036@example.com,Bogota,Colombia,bronce,2024-09-28
8037,Alberto Castro,alberto.castro8037@example.com,Cali,Colombia,platino,2022-09-03
8038,Luis Moreno,luis.moreno8038@example.com,Medellin,Colombia,plata,2022-06-22
8039,Elena Mendoza,elena.mendoza8039@example.com,Bogota,Colombia,bronce,2024-01-14
8040,Marta Silva,marta.silva8040@example.com,Santiago,Chile,bronce,2022-12-07
8041,Ruben Ramirez,ruben.ramirez8041@example.com,Santiago,Chile,bronce,2022-07-22
8042,Laura Gomez,laura.gomez8042@example.com,Buenos Aires,Argentina,bronce,2024-01-06
8043,Alberto Perez,alberto.perez8043@example.com,Madrid,Espana,bronce,2022-07-22
8044,Carlos Navarro,carlos.navarro8044@example.com,Valencia,Espana,oro,2024-07-01
8045,Sofia Castro,sofia.castro8045@example.com,Valencia,Espana,plata,2022-12-07
8046,Elena Ortiz,elena.ortiz8046@example.com,Buenos Aires,Argentina,oro,2023-12-16
8047,Sofia Diaz,sofia.diaz8047@example.com,Lima,Peru,bronce,2023-09-25
8048,Julia Torres,julia.torres8048@example.com,Medellin,Colombia,bronce,2023-10-09
8049,Marta Silva,marta.silva8049@example.com,Bogota,Colombia,oro,2022-11-30
8050,Sergio Moreno,sergio.moreno8050@example.com,Ciudad de Mexico,Mexico,bronce,2022-04-04
8051,Javier Sanchez,javier.sanchez8051@example.com,Quito,Ecuador,bronce,2023-12-02
8052,Julia Ramirez,julia.ramirez8052@example.com,Medellin,Colombia,platino,2023-04-20
8053,Sofia Sanchez,sofia.sanchez8053@example.com,Bogota,Colombia,plata,2024-12-05
8054,Andres Herrera,andres.herrera8054@example.com,Ciudad de Mexico,Mexico,oro,2024-09-01
8055,Andres Garcia,andres.garcia8055@example.com,Lima,Peru,bronce,2022-03-23
8056,Andres Silva,andres.silva8056@example.com,Buenos Aires,Argentina,plata,2023-01-31
8057,Carmen Ortiz,carmen.ortiz8057@example.com,Ciudad de Mexico,Mexico,bronce,2023-04-01
8058,Diego Garcia,diego.garcia8058@example.com,Buenos Aires,Argentina,bronce,2023-02-22
8059,Carmen Castro,carmen.castro8059@example.com,Madrid,Espana,bronce,2024-03-03
8060,Julia Rodriguez,julia.rodriguez8060@example.com,Santiago,Chile,oro,2023-01-27
8061,Miguel Fernandez,miguel.fernandez8061@example.com,Barcelona,Espana,bronce,2022-06-17
8062,Lucia Gomez,lucia.gomez8062@example.com,Medellin,Colombia,plata,2023-02-02
8063,Carlos Ramirez,carlos.ramirez8063@example.com,Medellin,Colombia,oro,2024-05-11
8064,Miguel Ortiz,miguel.ortiz8064@example.com,Buenos Aires,Argentina,plata,2023-03-20
8065,Sergio Torres,sergio.torres8065@example.com,Valencia,Espana,bronce,2022-11-09
8066,Carmen Fernandez,carmen.fernandez8066@example.com,Valencia,Espana,plata,2024-04-26
8067,Laura Rodriguez,laura.rodriguez8067@example.com,Lima,Peru,bronce,2022-03-14
8068,Lucia Mendoza,lucia.mendoza8068@example.com,Cali,Colombia,bronce,2023-05-14
8069,Paula Gomez,paula.gomez8069@example.com,Buenos Aires,Argentina,bronce,2022-04-23
8070,Maria Torres,maria.torres8070@example.com,Ciudad de Mexico,Mexico,plata,2023-10-27
8071,Luis Rodriguez,luis.rodriguez8071@example.com,Guadalajara,Mexico,plata,2024-09-12
8072,Miguel Perez,miguel.perez8072@example.com,Buenos Aires,Argentina,oro,2023-04-30
8073,Andres Vargas,andres.vargas8073@example.com,Buenos Aires,Argentina,bronce,2024-12-10
8074,Elena Ortiz,elena.ortiz8074@example.com,Lima,Peru,bronce,2024-08-14
8075,Paula Gomez,paula.gomez8075@example.com,Santiago,Chile,bronce,2024-03-07
8076,Paula Vargas,paula.vargas8076@example.com,Bogota,Colombia,platino,2022-07-15
8077,Lucia Mendoza,lucia.mendoza8077@example.com,Valencia,Espana,oro,2022-02-05
8078,Miguel Fernandez,miguel.fernandez8078@example.com,Lima,Peru,platino,2022-05-15
8079,Ana Perez,ana.perez8079@example.com,Medellin,Colombia,bronce,2023-01-17
8080,Paula Garcia,paula.garcia8080@example.com,Bogota,Colombia,bronce,2023-03-23
8081,Ruben Ortiz,ruben.ortiz8081@example.com,Barcelona,Espana,plata,2022-08-19
8082,Sofia Martinez,sofia.martinez8082@example.com,Ciudad de Mexico,Mexico,bronce,2024-12-02
8083,Lucia Sanchez,lucia.sanchez8083@example.com,Ciudad de Mexico,Mexico,bronce,2024-03-24
8084,Sergio Martinez,sergio.martinez8084@example.com,Santiago,Chile,bronce,2024-02-06
8085,Andres Moreno,andres.moreno8085@example.com,Buenos Aires,Argentina,bronce,2023-12-14
8086,Maria Fernandez,maria.fernandez8086@example.com,Buenos Aires,Argentina,bronce,2023-11-06
8087,Andres Moreno,andres.moreno8087@example.com,Ciudad de Mexico,Mexico,oro,2024-08-23
8088,Julia Castro,julia.castro8088@example.com,Lima,Peru,plata,2023-03-04
8089,Sergio Garcia,sergio.garcia8089@example.com,Quito,Ecuador,plata,2022-06-03
8090,Diego Gomez,diego.gomez8090@example.com,Santiago,Chile,bronce,2022-11-20
8091,Lucia Garcia,lucia.garcia8091@example.com,Medellin,Colombia,plata,2022-09-08
8092,Javier Rodriguez,javier.rodriguez8092@example.com,Bogota,Colombia,bronce,2024-11-13
8093,Andres Torres,andres.torres8093@example.com,Madrid,Espana,bronce,2023-09-13
8094,Laura Perez,laura.perez8094@example.com,Quito,Ecuador,bronce,2023-04-13
8095,Elena Rodriguez,elena.rodriguez8095@example.com,Buenos Aires,Argentina,bronce,2022-01-29
8096,Javier Diaz,javier.diaz8096@example.com,Quito,Ecuador,oro,2024-02-18
8097,Elena Torres,elena.torres8097@example.com,Santiago,Chile,oro,2023-12-10
8098,Miguel Navarro,miguel.navarro8098@example.com,Cali,Colombia,bronce,2024-06-06
8099,Luis Rojas,luis.rojas8099@example.com,Barcelona,Espana,plata,2022-05-24
8100,Marta Fernandez,marta.fernandez8100@example.com,Madrid,Espana,bronce,2023-12-21
8101,Sofia Torres,sofia.torres8101@example.com,Santiago,Chile,bronce,2023-02-01
8102,Julia Rodriguez,julia.rodriguez8102@example.com,Bogota,Colombia,plata,2022-09-12
8103,Carlos Fernandez,carlos.fernandez8103@example.com,Medellin,Colombia,plata,2022-09-03
8104,Andres Vargas,andres.vargas8104@example.com,Lima,Peru,plata,2022-11-12
8105,Carlos Garcia,carlos.garcia8105@example.com,Cali,Colombia,bronce,2024-03-13
8106,Lucia Ortiz,lucia.ortiz8106@example.com,Quito,Ecuador,bronce,2022-01-26
8107,Diego Ramirez,diego.ramirez8107@example.com,Ciudad de Mexico,Mexico,bronce,2024-11-03
8108,Sofia Herrera,sofia.herrera8108@example.com,Santiago,Chile,bronce,2024-11-27
8109,Andres Perez,andres.perez8109@example.com,Barcelona,Espana,bronce,2024-11-25
8110,Paula Silva,paula.silva8110@example.com,Medellin,Colombia,bronce,2024-07-02
8111,Elena Fernandez,elena.fernandez8111@example.com,Valencia,Espana,bronce,2022-12-21
8112,Paula Ortiz,paula.ortiz8112@example.com,Madrid,Espana,bronce,2023-03-19
8113,Carlos Ramirez,carlos.ramirez8113@example.com,Quito,Ecuador,plata,2022-05-19
8114,Javier Castro,javier.castro8114@example.com,Ciudad de Mexico,Mexico,bronce,2024-09-04
8115,Elena Sanchez,elena.sanchez8115@example.com,Medellin,Colombia,bronce,2024-04-23
8116,Alberto Navarro,alberto.navarro8116@example.com,Medellin,Colombia,oro,2022-06-18
8117,Maria Lopez,maria.lopez8117@example.com,Valencia,Espana,oro,2024-12-20
8118,Miguel Garcia,miguel.garcia8118@example.com,Barcelona,Espana,bronce,2022-02-16
8119,Sofia Diaz,sofia.diaz8119@example.com,Lima,Peru,bronce,2024-04-20
8120,Paula Silva,paula.silva8120@example.com,Barcelona,Espana,bronce,2022-05-29
8121,Diego Ortiz,diego.ortiz8121@example.com,Medellin,Colombia,platino,2024-03-31
8122,Alberto Mendoza,alberto.mendoza8122@example.com,Barcelona,Espana,bronce,2024-08-25
8123,Marta Vargas,marta.vargas8123@example.com,Quito,Ecuador,bronce,2024-11-06
8124,Marta Ortiz,marta.ortiz8124@example.com,Valencia,Espana,plata,2022-06-25
8125,Sergio Torres,sergio.torres8125@example.com,Medellin,Colombia,plata,2022-06-30
8126,Carlos Torres,carlos.torres8126@example.com,Santiago,Chile,bronce,2022-03-16
8127,Sofia Lopez,sofia.lopez8127@example.com,Ciudad de Mexico,Mexico,bronce,2024-06-19
8128,Pablo Herrera,pablo.herrera8128@example.com,Medellin,Colombia,bronce,2022-07-23
8129,Laura Gomez,laura.gomez8129@example.com,Ciudad de Mexico,Mexico,bronce,2023-03-04
8130,Maria Lopez,maria.lopez8130@example.com,Cali,Colombia,bronce,2023-03-31
8131,Maria Fernandez,maria.fernandez8131@example.com,Bogota,Colombia,oro,2023-01-20
8132,Sergio Castro,sergio.castro8132@example.com,Guadalajara,Mexico,plata,2023-06-28
8133,Andres Perez,andres.perez8133@example.com,Medellin,Colombia,plata,2023-01-17
8134,Javier Fernandez,javier.fernandez8134@example.com,Quito,Ecuador,plata,2022-09-16
8135,Marta Gomez,marta.gomez8135@example.com,Cali,Colombia,bronce,2023-03-01
8136,Andres Vargas,andres.vargas8136@example.com,Santiago,Chile,bronce,2024-06-01
8137,Paula Moreno,paula.moreno8137@example.com,Valencia,Espana,plata,2022-05-10
8138,Julia Rojas,julia.rojas8138@example.com,Guadalajara,Mexico,bronce,2024-11-17
8139,Ruben Martinez,ruben.martinez8139@example.com,Ciudad de Mexico,Mexico,bronce,2023-03-25
8140,Carlos Gomez,carlos.gomez8140@example.com,Buenos Aires,Argentina,bronce,2022-11-15
8141,Sergio Castro,sergio.castro8141@example.com,Cali,Colombia,plata,2023-05-03
8142,Miguel Sanchez,miguel.sanchez8142@example.com,Buenos Aires,Argentina,plata,2024-10-16
8143,Sofia Rodriguez,sofia.rodriguez8143@example.com,Madrid,Espana,bronce,2024-06-04
8144,Carmen Gomez,carmen.gomez8144@example.com,Buenos Aires,Argentina,bronce,2024-06-14
8145,Carmen Rojas,carmen.rojas8145@example.com,Santiago,Chile,oro,2022-08-30
8146,Sofia Rojas,sofia.rojas8146@example.com,Cali,Colombia,bronce,2024-08-28
8147,Alberto Martinez,alberto.martinez8147@example.com,Madrid,Espana,bronce,2024-02-13
8148,Carlos Rojas,carlos.rojas8148@example.com,Ciudad de Mexico,Mexico,plata,2022-03-07
8149,Luis Lopez,luis.lopez8149@example.com,Santiago,Chile,plata,2023-04-13
8150,Ana Moreno,ana.moreno8150@example.com,Cali,Colombia,bronce,2024-07-02
8151,Paula Vargas,paula.vargas8151@example.com,Barcelona,Espana,bronce,2023-08-07
8152,Sofia Martinez,sofia.martinez8152@example.com,Medellin,Colombia,oro,2023-10-04
8153,Sofia Fernandez,sofia.fernandez8153@example.com,Quito,Ecuador,bronce,2023-02-15
8154,Carmen Silva,carmen.silva8154@example.com,Bogota,Colombia,oro,2022-02-11
8155,Sofia Diaz,sofia.diaz8155@example.com,Ciudad de Mexico,Mexico,plata,2024-08-27
8156,Pablo Rojas,pablo.rojas8156@example.com,Medellin,Colombia,oro,2024-04-05
8157,Luis Moreno,luis.moreno8157@example.com,Buenos Aires,Argentina,bronce,2022-10-25
8158,Carlos Garcia,carlos.garcia8158@example.com,Cali,Colombia,bronce,2022-09-22
8159,Julia Ortiz,julia.ortiz8159@example.com,Medellin,Colombia,bronce,2023-07-22
8160,Diego Gomez,diego.gomez8160@example.com,Ciudad de Mexico,Mexico,bronce,2024-05-22
8161,Carlos Herrera,carlos.herrera8161@example.com,Ciudad de Mexico,Mexico,bronce,2022-04-06
8162,Miguel Torres,miguel.torres8162@example.com,Cali,Colombia,bronce,2023-11-17
8163,Elena Vargas,elena.vargas8163@example.com,Bogota,Colombia,bronce,2024-07-16
8164,Javier Fernandez,javier.fernandez8164@example.com,Barcelona,Espana,plata,2023-06-24
8165,Javier Mendoza,javier.mendoza8165@example.com,Buenos Aires,Argentina,bronce,2022-02-27
8166,Marta Martinez,marta.martinez8166@example.com,Medellin,Colombia,bronce,2022-01-26
8167,Maria Mendoza,maria.mendoza8167@example.com,Guadalajara,Mexico,bronce,2022-06-27
8168,Elena Sanchez,elena.sanchez8168@example.com,Medellin,Colombia,plata,2024-09-01
8169,Diego Mendoza,diego.mendoza8169@example.com,Lima,Peru,bronce,2023-05-17
8170,Lucia Garcia,lucia.garcia8170@example.com,Buenos Aires,Argentina,plata,2022-06-11
8171,Ruben Garcia,ruben.garcia8171@example.com,Medellin,Colombia,bronce,2024-09-17
8172,Julia Rodriguez,julia.rodriguez8172@example.com,Bogota,Colombia,plata,2024-06-27
8173,Javier Ramirez,javier.ramirez8173@example.com,Buenos Aires,Argentina,plata,2022-06-10
8174,Lucia Perez,lucia.perez8174@example.com,Madrid,Espana,bronce,2024-01-24
8175,Ana Vargas,ana.vargas8175@example.com,Madrid,Espana,plata,2022-12-29
8176,Carmen Silva,carmen.silva8176@example.com,Barcelona,Espana,oro,2022-03-18
8177,Carlos Garcia,carlos.garcia8177@example.com,Medellin,Colombia,bronce,2022-03-09
8178,Luis Ramirez,luis.ramirez8178@example.com,Cali,Colombia,bronce,2023-08-17
8179,Andres Moreno,andres.moreno8179@example.com,Bogota,Colombia,oro,2024-07-12
8180,Carlos Diaz,carlos.diaz8180@example.com,Valencia,Espana,oro,2024-11-19
8181,Diego Ortiz,diego.ortiz8181@example.com,Bogota,Colombia,plata,2024-02-12
8182,Maria Rojas,maria.rojas8182@example.com,Cali,Colombia,bronce,2024-10-07
8183,Marta Garcia,marta.garcia8183@example.com,Bogota,Colombia,bronce,2022-09-16
8184,Sergio Ramirez,sergio.ramirez8184@example.com,Ciudad de Mexico,Mexico,oro,2022-06-10
8185,Pablo Fernandez,pablo.fernandez8185@example.com,Medellin,Colombia,plata,2022-05-02
8186,Paula Martinez,paula.martinez8186@example.com,Quito,Ecuador,bronce,2022-07-09
8187,Sofia Navarro,sofia.navarro8187@example.com,Quito,Ecuador,bronce,2024-04-05
8188,Carlos Sanchez,carlos.sanchez8188@example.com,Guadalajara,Mexico,plata,2022-06-18
8189,Carlos Rodriguez,carlos.rodriguez8189@example.com,Ciudad de Mexico,Mexico,plata,2023-04-19
8190,Laura Sanchez,laura.sanchez8190@example.com,Madrid,Espana,platino,2024-04-08
8191,Laura Silva,laura.silva8191@example.com,Guadalajara,Mexico,bronce,2024-10-11
8192,Elena Vargas,elena.vargas8192@example.com,Medellin,Colombia,bronce,2022-06-26
8193,Laura Silva,laura.silva8193@example.com,Bogota,Colombia,bronce,2022-07-24
8194,Pablo Torres,pablo.torres8194@example.com,Santiago,Chile,bronce,2022-03-12
8195,Maria Martinez,maria.martinez8195@example.com,Madrid,Espana,bronce,2022-05-03
8196,Carmen Fernandez,carmen.fernandez8196@example.com,Bogota,Colombia,bronce,2023-03-04
8197,Elena Lopez,elena.lopez8197@example.com,Santiago,Chile,bronce,2022-12-11
8198,Andres Vargas,andres.vargas8198@example.com,Quito,Ecuador,bronce,2024-11-24
8199,Lucia Perez,lucia.perez8199@example.com,Ciudad de Mexico,Mexico,oro,2023-05-02
8200,Julia Navarro,julia.navarro8200@example.com,Ciudad de Mexico,Mexico,bronce,2022-12-04
8201,Sofia Fernandez,sofia.fernandez8201@example.com,Quito,Ecuador,bronce,2023-05-29
8202,Javier Gomez,javier.gomez8202@example.com,Barcelona,Espana,plata,2024-03-04
8203,Pablo Navarro,pablo.navarro8203@example.com,Cali,Colombia,bronce,2023-01-05
8204,Andres Ramirez,andres.ramirez8204@example.com,Valencia,Espana,bronce,2022-06-07
8205,Sofia Lopez,sofia.lopez8205@example.com,Cali,Colombia,oro,2023-04-06
8206,Pablo Torres,pablo.torres8206@example.com,Lima,Peru,plata,2023-11-12
8207,Diego Perez,diego.perez8207@example.com,Guadalajara,Mexico,bronce,2022-12-13
8208,Elena Moreno,elena.moreno8208@example.com,Quito,Ecuador,oro,2023-09-29
8209,Elena Vargas,elena.vargas8209@example.com,Ciudad de Mexico,Mexico,oro,2022-12-22
8210,Julia Moreno,julia.moreno8210@example.com,Lima,Peru,oro,2024-09-17
8211,Andres Ortiz,andres.ortiz8211@example.com,Valencia,Espana,bronce,2024-08-30
8212,Luis Moreno,luis.moreno8212@example.com,Bogota,Colombia,plata,2024-02-24
8213,Alberto Gomez,alberto.gomez8213@example.com,Bogota,Colombia,bronce,2024-07-06
8214,Marta Sanchez,marta.sanchez8214@example.com,Santiago,Chile,bronce,2022-05-13
8215,Luis Ramirez,luis.ramirez8215@example.com,Ciudad de Mexico,Mexico,bronce,2023-12-17
8216,Marta Diaz,marta.diaz8216@example.com,Valencia,Espana,oro,2023-03-20
8217,Pablo Gomez,pablo.gomez8217@example.com,Valencia,Espana,bronce,2024-05-01
8218,Julia Silva,julia.silva8218@example.com,Medellin,Colombia,oro,2022-01-01
8219,Diego Ortiz,diego.ortiz8219@example.com,Barcelona,Espana,platino,2022-07-25
8220,Lucia Fernandez,lucia.fernandez8220@example.com,Buenos Aires,Argentina,bronce,2022-09-21
8221,Elena Rojas,elena.rojas8221@example.com,Lima,Peru,bronce,2023-09-03
8222,Elena Navarro,elena.navarro8222@example.com,Quito,Ecuador,platino,2024-11-29
8223,Carmen Garcia,carmen.garcia8223@example.com,Valencia,Espana,bronce,2024-09-08
8224,Paula Fernandez,paula.fernandez8224@example.com,Cali,Colombia,plata,2023-05-15
8225,Ruben Moreno,ruben.moreno8225@example.com,Ciudad de Mexico,Mexico,bronce,2022-01-02
8226,Sergio Torres,sergio.torres8226@example.com,Cali,Colombia,bronce,2024-08-07
8227,Carmen Herrera,carmen.herrera8227@example.com,Cali,Colombia,bronce,2023-09-19
8228,Lucia Torres,lucia.torres8228@example.com,Valencia,Espana,bronce,2022-01-26
8229,Elena Rodriguez,elena.rodriguez8229@example.com,Barcelona,Espana,oro,2023-12-08
8230,Sergio Diaz,sergio.diaz8230@example.com,Medellin,Colombia,bronce,2024-08-21
8231,Elena Diaz,elena.diaz8231@example.com,Barcelona,Espana,bronce,2024-08-11
8232,Javier Silva,javier.silva8232@example.com,Madrid,Espana,plata,2024-08-31
8233,Ruben Martinez,ruben.martinez8233@example.com,Ciudad de Mexico,Mexico,platino,2024-12-04
8234,Pablo Lopez,pablo.lopez8234@example.com,Lima,Peru,bronce,2023-12-17
8235,Miguel Martinez,miguel.martinez8235@example.com,Ciudad de Mexico,Mexico,plata,2023-11-02
8236,Ruben Vargas,ruben.vargas8236@example.com,Madrid,Espana,bronce,2022-05-08
8237,Alberto Navarro,alberto.navarro8237@example.com,Lima,Peru,oro,2023-11-24
8238,Elena Castro,elena.castro8238@example.com,Buenos Aires,Argentina,plata,2024-08-17
8239,Lucia Silva,lucia.silva8239@example.com,Bogota,Colombia,oro,2024-06-09
8240,Diego Mendoza,diego.mendoza8240@example.com,Bogota,Colombia,plata,2024-09-12
8241,Marta Castro,marta.castro8241@example.com,Lima,Peru,oro,2022-07-06
8242,Alberto Castro,alberto.castro8242@example.com,Cali,Colombia,bronce,2022-08-09
8243,Lucia Sanchez,lucia.sanchez8243@example.com,Barcelona,Espana,plata,2024-07-28
8244,Sergio Navarro,sergio.navarro8244@example.com,Bogota,Colombia,plata,2024-10-26
8245,Pablo Herrera,pablo.herrera8245@example.com,Bogota,Colombia,bronce,2023-07-31
8246,Ruben Mendoza,ruben.mendoza8246@example.com,Medellin,Colombia,oro,2024-08-22
8247,Sofia Navarro,sofia.navarro8247@example.com,Medellin,Colombia,plata,2024-01-17
8248,Miguel Gomez,miguel.gomez8248@example.com,Ciudad de Mexico,Mexico,oro,2022-08-13
8249,Sofia Martinez,sofia.martinez8249@example.com,Bogota,Colombia,bronce,2023-07-09
8250,Alberto Mendoza,alberto.mendoza8250@example.com,Guadalajara,Mexico,oro,2023-03-08
8251,Carmen Torres,carmen.torres8251@example.com,Cali,Colombia,bronce,2024-05-15
8252,Carlos Navarro,carlos.navarro8252@example.com,Quito,Ecuador,platino,2023-01-04
8253,Ana Rojas,ana.rojas8253@example.com,Santiago,Chile,bronce,2022-07-12
8254,Lucia Perez,lucia.perez8254@example.com,Bogota,Colombia,plata,2023-06-30
8255,Paula Fernandez,paula.fernandez8255@example.com,Madrid,Espana,bronce,2023-06-26
8256,Diego Castro,diego.castro8256@example.com,Guadalajara,Mexico,plata,2024-08-31
8257,Pablo Fernandez,pablo.fernandez8257@example.com,Medellin,Colombia,bronce,2022-01-09
8258,Sergio Perez,sergio.perez8258@example.com,Lima,Peru,oro,2024-08-15
8259,Lucia Sanchez,lucia.sanchez8259@example.com,Medellin,Colombia,oro,2022-08-20
8260,Julia Castro,julia.castro8260@example.com,Bogota,Colombia,bronce,2022-07-12
8261,Carmen Garcia,carmen.garcia8261@example.com,Medellin,Colombia,oro,2023-04-03
8262,Marta Rodriguez,marta.rodriguez8262@example.com,Lima,Peru,plata,2023-08-27
8263,Sergio Garcia,sergio.garcia8263@example.com,Barcelona,Espana,bronce,2024-10-15
8264,Carmen Moreno,carmen.moreno8264@example.com,Quito,Ecuador,bronce,2023-08-08
8265,Luis Garcia,luis.garcia8265@example.com,Valencia,Espana,bronce,2022-06-09
8266,Sofia Diaz,sofia.diaz8266@example.com,Lima,Peru,bronce,2023-05-09
8267,Maria Martinez,maria.martinez8267@example.com,Ciudad de Mexico,Mexico,bronce,2024-10-05
8268,Lucia Vargas,lucia.vargas8268@example.com,Ciudad de Mexico,Mexico,bronce,2024-02-22
8269,Maria Garcia,maria.garcia8269@example.com,Valencia,Espana,bronce,2022-08-27
8270,Lucia Garcia,lucia.garcia8270@example.com,Buenos Aires,Argentina,platino,2023-12-09
8271,Elena Diaz,elena.diaz8271@example.com,Guadalajara,Mexico,bronce,2024-03-14
8272,Ana Rojas,ana.rojas8272@example.com,Cali,Colombia,oro,2022-10-29
8273,Maria Martinez,maria.martinez8273@example.com,Cali,Colombia,oro,2023-08-02
8274,Lucia Torres,lucia.torres8274@example.com,Guadalajara,Mexico,plata,2023-01-17
8275,Luis Silva,luis.silva8275@example.com,Cali,Colombia,bronce,2022-07-18
8276,Ruben Castro,ruben.castro8276@example.com,Quito,Ecuador,bronce,2024-08-30
8277,Sergio Herrera,sergio.herrera8277@example.com,Madrid,Espana,oro,2022-12-17
8278,Marta Gomez,marta.gomez8278@example.com,Bogota,Colombia,plata,2022-12-23
8279,Carlos Ortiz,carlos.ortiz8279@example.com,Lima,Peru,oro,2022-04-22
8280,Sergio Martinez,sergio.martinez8280@example.com,Santiago,Chile,bronce,2023-05-02
8281,Carmen Castro,carmen.castro8281@example.com,Medellin,Colombia,plata,2023-12-06
8282,Miguel Diaz,miguel.diaz8282@example.com,Ciudad de Mexico,Mexico,bronce,2024-12-01
8283,Ana Garcia,ana.garcia8283@example.com,Madrid,Espana,plata,2024-04-29
8284,Lucia Ortiz,lucia.ortiz8284@example.com,Valencia,Espana,plata,2024-07-27
8285,Sergio Moreno,sergio.moreno8285@example.com,Quito,Ecuador,bronce,2024-12-17
8286,Ana Sanchez,ana.sanchez8286@example.com,Guadalajara,Mexico,bronce,2024-02-05
8287,Luis Rodriguez,luis.rodriguez8287@example.com,Madrid,Espana,bronce,2024-07-27
8288,Miguel Rojas,miguel.rojas8288@example.com,Santiago,Chile,bronce,2022-11-29
8289,Lucia Ramirez,lucia.ramirez8289@example.com,Medellin,Colombia,bronce,2024-02-23
8290,Diego Garcia,diego.garcia8290@example.com,Ciudad de Mexico,Mexico,bronce,2023-11-20
8291,Sofia Navarro,sofia.navarro8291@example.com,Lima,Peru,bronce,2023-05-10
8292,Javier Moreno,javier.moreno8292@example.com,Lima,Peru,plata,2023-12-05
8293,Luis Torres,luis.torres8293@example.com,Barcelona,Espana,plata,2024-02-29
8294,Ana Sanchez,ana.sanchez8294@example.com,Medellin,Colombia,bronce,2023-03-27
8295,Luis Perez,luis.perez8295@example.com,Bogota,Colombia,bronce,2024-07-11
8296,Andres Torres,andres.torres8296@example.com,Lima,Peru,plata,2022-02-09
8297,Sergio Rodriguez,sergio.rodriguez8297@example.com,Santiago,Chile,bronce,2022-12-21
8298,Sofia Fernandez,sofia.fernandez8298@example.com,Guadalajara,Mexico,bronce,2023-02-06
8299,Luis Sanchez,luis.sanchez8299@example.com,Madrid,Espana,bronce,2024-06-28
8300,Sofia Martinez,sofia.martinez8300@example.com,Santiago,Chile,platino,2023-07-11
8301,Alberto Martinez,alberto.martinez8301@example.com,Ciudad de Mexico,Mexico,bronce,2024-10-18
8302,Laura Gomez,laura.gomez8302@example.com,Bogota,Colombia,platino,2024-11-06
8303,Diego Fernandez,diego.fernandez8303@example.com,Cali,Colombia,bronce,2023-05-18
8304,Lucia Fernandez,lucia.fernandez8304@example.com,Cali,Colombia,bronce,2024-03-07
8305,Elena Rojas,elena.rojas8305@example.com,Bogota,Colombia,bronce,2022-09-27
8306,Sofia Ramirez,sofia.ramirez8306@example.com,Lima,Peru,plata,2022-04-29
8307,Diego Lopez,diego.lopez8307@example.com,Quito,Ecuador,bronce,2023-06-22
8308,Diego Navarro,diego.navarro8308@example.com,Madrid,Espana,plata,2022-11-27
8309,Marta Moreno,marta.moreno8309@example.com,Quito,Ecuador,platino,2024-03-11
8310,Pablo Torres,pablo.torres8310@example.com,Medellin,Colombia,bronce,2023-07-26
8311,Luis Garcia,luis.garcia8311@example.com,Santiago,Chile,bronce,2022-05-29
8312,Ana Ortiz,ana.ortiz8312@example.com,Santiago,Chile,plata,2023-05-09
8313,Sofia Moreno,sofia.moreno8313@example.com,Guadalajara,Mexico,bronce,2023-03-16
8314,Julia Torres,julia.torres8314@example.com,Buenos Aires,Argentina,plata,2022-01-06
8315,Ana Lopez,ana.lopez8315@example.com,Buenos Aires,Argentina,oro,2023-08-20
8316,Luis Martinez,luis.martinez8316@example.com,Lima,Peru,bronce,2024-10-20
8317,Andres Perez,andres.perez8317@example.com,Cali,Colombia,bronce,2024-09-08
8318,Diego Sanchez,diego.sanchez8318@example.com,Buenos Aires,Argentina,plata,2024-09-16
8319,Laura Sanchez,laura.sanchez8319@example.com,Quito,Ecuador,bronce,2024-09-05
8320,Laura Diaz,laura.diaz8320@example.com,Quito,Ecuador,bronce,2024-10-08
8321,Andres Garcia,andres.garcia8321@example.com,Barcelona,Espana,bronce,2022-04-17
8322,Lucia Gomez,lucia.gomez8322@example.com,Cali,Colombia,bronce,2023-04-15
8323,Carmen Mendoza,carmen.mendoza8323@example.com,Ciudad de Mexico,Mexico,bronce,2023-08-20
8324,Javier Mendoza,javier.mendoza8324@example.com,Guadalajara,Mexico,plata,2024-07-01
8325,Lucia Garcia,lucia.garcia8325@example.com,Guadalajara,Mexico,bronce,2023-02-13
8326,Ruben Rojas,ruben.rojas8326@example.com,Lima,Peru,bronce,2024-02-15
8327,Elena Navarro,elena.navarro8327@example.com,Ciudad de Mexico,Mexico,platino,2024-05-05
8328,Miguel Vargas,miguel.vargas8328@example.com,Buenos Aires,Argentina,bronce,2023-07-15
8329,Carlos Fernandez,carlos.fernandez8329@example.com,Lima,Peru,bronce,2022-09-22
8330,Carmen Torres,carmen.torres8330@example.com,Barcelona,Espana,oro,2022-03-26
8331,Ana Sanchez,ana.sanchez8331@example.com,Guadalajara,Mexico,bronce,2023-05-03
8332,Laura Fernandez,laura.fernandez8332@example.com,Medellin,Colombia,oro,2022-07-03
8333,Marta Ortiz,marta.ortiz8333@example.com,Lima,Peru,plata,2023-12-07
8334,Ana Castro,ana.castro8334@example.com,Ciudad de Mexico,Mexico,bronce,2022-09-18
8335,Alberto Diaz,alberto.diaz8335@example.com,Guadalajara,Mexico,bronce,2024-08-18
8336,Sofia Martinez,sofia.martinez8336@example.com,Santiago,Chile,bronce,2024-09-08
8337,Miguel Ortiz,miguel.ortiz8337@example.com,Valencia,Espana,oro,2024-07-04
8338,Lucia Lopez,lucia.lopez8338@example.com,Ciudad de Mexico,Mexico,bronce,2023-12-30
8339,Carmen Moreno,carmen.moreno8339@example.com,Santiago,Chile,plata,2022-05-07
8340,Diego Gomez,diego.gomez8340@example.com,Santiago,Chile,oro,2024-12-12
8341,Ruben Perez,ruben.perez8341@example.com,Valencia,Espana,plata,2022-03-14
8342,Alberto Lopez,alberto.lopez8342@example.com,Lima,Peru,bronce,2023-09-13
8343,Laura Fernandez,laura.fernandez8343@example.com,Barcelona,Espana,plata,2024-05-30
8344,Marta Rojas,marta.rojas8344@example.com,Bogota,Colombia,plata,2022-04-03
8345,Elena Diaz,elena.diaz8345@example.com,Lima,Peru,bronce,2023-06-29
8346,Alberto Garcia,alberto.garcia8346@example.com,Guadalajara,Mexico,oro,2023-06-08
8347,Javier Perez,javier.perez8347@example.com,Ciudad de Mexico,Mexico,bronce,2022-08-04
8348,Javier Lopez,javier.lopez8348@example.com,Ciudad de Mexico,Mexico,platino,2022-05-03
8349,Marta Diaz,marta.diaz8349@example.com,Quito,Ecuador,bronce,2024-09-23
8350,Sergio Ortiz,sergio.ortiz8350@example.com,Valencia,Espana,bronce,2024-09-13
8351,Maria Navarro,maria.navarro8351@example.com,Bogota,Colombia,plata,2022-04-13
8352,Pablo Navarro,pablo.navarro8352@example.com,Cali,Colombia,bronce,2022-11-01
8353,Elena Martinez,elena.martinez8353@example.com,Lima,Peru,bronce,2023-03-06
8354,Carmen Torres,carmen.torres8354@example.com,Ciudad de Mexico,Mexico,bronce,2022-08-05
8355,Pablo Garcia,pablo.garcia8355@example.com,Buenos Aires,Argentina,oro,2022-03-14
8356,Alberto Torres,alberto.torres8356@example.com,Santiago,Chile,bronce,2023-07-15
8357,Julia Vargas,julia.vargas8357@example.com,Lima,Peru,plata,2023-04-30
8358,Andres Herrera,andres.herrera8358@example.com,Cali,Colombia,plata,2024-06-02
8359,Andres Gomez,andres.gomez8359@example.com,Cali,Colombia,bronce,2022-11-21
8360,Ruben Garcia,ruben.garcia8360@example.com,Madrid,Espana,bronce,2023-07-13
8361,Carlos Torres,carlos.torres8361@example.com,Madrid,Espana,bronce,2022-12-10
8362,Marta Diaz,marta.diaz8362@example.com,Cali,Colombia,platino,2022-02-11
8363,Sergio Castro,sergio.castro8363@example.com,Buenos Aires,Argentina,plata,2024-03-07
8364,Maria Rodriguez,maria.rodriguez8364@example.com,Lima,Peru,oro,2024-03-24
8365,Ruben Castro,ruben.castro8365@example.com,Medellin,Colombia,plata,2023-12-29
8366,Andres Diaz,andres.diaz8366@example.com,Ciudad de Mexico,Mexico,oro,2022-02-07
8367,Elena Moreno,elena.moreno8367@example.com,Santiago,Chile,platino,2024-02-02
8368,Diego Navarro,diego.navarro8368@example.com,Bogota,Colombia,bronce,2023-10-24
8369,Diego Sanchez,diego.sanchez8369@example.com,Barcelona,Espana,oro,2023-04-28
8370,Julia Herrera,julia.herrera8370@example.com,Quito,Ecuador,bronce,2023-11-07
8371,Alberto Martinez,alberto.martinez8371@example.com,Ciudad de Mexico,Mexico,bronce,2022-05-02
8372,Paula Navarro,paula.navarro8372@example.com,Barcelona,Espana,bronce,2022-08-17
8373,Andres Torres,andres.torres8373@example.com,Bogota,Colombia,bronce,2022-05-22
8374,Maria Moreno,maria.moreno8374@example.com,Bogota,Colombia,bronce,2023-05-04
8375,Julia Herrera,julia.herrera8375@example.com,Valencia,Espana,bronce,2024-09-07
8376,Maria Castro,maria.castro8376@example.com,Cali,Colombia,bronce,2022-01-07
8377,Carlos Fernandez,carlos.fernandez8377@example.com,Santiago,Chile,oro,2023-05-04
8378,Luis Herrera,luis.herrera8378@example.com,Buenos Aires,Argentina,bronce,2022-11-07
8379,Julia Torres,julia.torres8379@example.com,Quito,Ecuador,bronce,2024-10-23
8380,Diego Rojas,diego.rojas8380@example.com,Lima,Peru,plata,2023-11-10
8381,Laura Castro,laura.castro8381@example.com,Bogota,Colombia,plata,2022-09-01
8382,Luis Torres,luis.torres8382@example.com,Madrid,Espana,oro,2022-11-08
8383,Sofia Martinez,sofia.martinez8383@example.com,Barcelona,Espana,bronce,2023-09-28
8384,Marta Perez,marta.perez8384@example.com,Santiago,Chile,bronce,2022-02-22
8385,Alberto Ortiz,alberto.ortiz8385@example.com,Medellin,Colombia,oro,2022-03-15
8386,Pablo Ramirez,pablo.ramirez8386@example.com,Buenos Aires,Argentina,bronce,2024-01-09
8387,Carmen Castro,carmen.castro8387@example.com,Cali,Colombia,plata,2024-05-28
8388,Paula Perez,paula.perez8388@example.com,Lima,Peru,bronce,2024-03-23
8389,Julia Moreno,julia.moreno8389@example.com,Ciudad de Mexico,Mexico,bronce,2022-07-08
8390,Javier Torres,javier.torres8390@example.com,Lima,Peru,oro,2024-08-02
8391,Alberto Sanchez,alberto.sanchez8391@example.com,Bogota,Colombia,bronce,2022-09-04
8392,Lucia Martinez,lucia.martinez8392@example.com,Santiago,Chile,bronce,2024-08-16
8393,Julia Fernandez,julia.fernandez8393@example.com,Ciudad de Mexico,Mexico,plata,2022-11-20
8394,Maria Vargas,maria.vargas8394@example.com,Valencia,Espana,bronce,2023-06-28
8395,Luis Perez,luis.perez8395@example.com,Valencia,Espana,bronce,2024-11-14
8396,Ruben Sanchez,ruben.sanchez8396@example.com,Bogota,Colombia,bronce,2023-03-23
8397,Andres Perez,andres.perez8397@example.com,Barcelona,Espana,bronce,2024-01-02
8398,Carlos Perez,carlos.perez8398@example.com,Quito,Ecuador,plata,2023-10-04
8399,Ruben Moreno,ruben.moreno8399@example.com,Valencia,Espana,bronce,2022-03-23
8400,Maria Torres,maria.torres8400@example.com,Guadalajara,Mexico,bronce,2024-05-17
8401,Andres Torres,andres.torres8401@example.com,Ciudad de Mexico,Mexico,bronce,2023-01-28
8402,Laura Lopez,laura.lopez8402@example.com,Ciudad de Mexico,Mexico,oro,2023-06-05
8403,Luis Ramirez,luis.ramirez8403@example.com,Guadalajara,Mexico,bronce,2022-11-30
8404,Paula Navarro,paula.navarro8404@example.com,Lima,Peru,oro,2024-12-25
8405,Paula Moreno,paula.moreno8405@example.com,Quito,Ecuador,bronce,2023-08-27
8406,Maria Diaz,maria.diaz8406@example.com,Lima,Peru,bronce,2023-11-30
8407,Luis Gomez,luis.gomez8407@example.com,Cali,Colombia,plata,2023-07-27
8408,Carmen Fernandez,carmen.fernandez8408@example.com,Buenos Aires,Argentina,bronce,2022-12-04
8409,Ana Garcia,ana.garcia8409@example.com,Valencia,Espana,plata,2023-10-04
8410,Marta Garcia,marta.garcia8410@example.com,Lima,Peru,oro,2024-05-19
8411,Julia Herrera,julia.herrera8411@example.com,Valencia,Espana,oro,2022-04-15
8412,Sergio Silva,sergio.silva8412@example.com,Barcelona,Espana,bronce,2022-06-15
8413,Laura Navarro,laura.navarro8413@example.com,Santiago,Chile,plata,2022-06-30
8414,Carlos Castro,carlos.castro8414@example.com,Santiago,Chile,bronce,2024-10-21
8415,Andres Ortiz,andres.ortiz8415@example.com,Barcelona,Espana,plata,2023-09-24
8416,Luis Diaz,luis.diaz8416@example.com,Quito,Ecuador,bronce,2023-01-08
8417,Lucia Perez,lucia.perez8417@example.com,Barcelona,Espana,bronce,2022-08-06
8418,Sofia Sanchez,sofia.sanchez8418@example.com,Madrid,Espana,bronce,2024-01-21
8419,Marta Sanchez,marta.sanchez8419@example.com,Quito,Ecuador,bronce,2023-07-29
8420,Laura Moreno,laura.moreno8420@example.com,Valencia,Espana,plata,2023-11-16
8421,Sergio Garcia,sergio.garcia8421@example.com,Valencia,Espana,bronce,2024-02-23
8422,Andres Ortiz,andres.ortiz8422@example.com,Santiago,Chile,bronce,2022-04-15
8423,Laura Herrera,laura.herrera8423@example.com,Guadalajara,Mexico,plata,2024-01-14
8424,Miguel Fernandez,miguel.fernandez8424@example.com,Ciudad de Mexico,Mexico,bronce,2024-03-01
8425,Luis Moreno,luis.moreno8425@example.com,Quito,Ecuador,platino,2022-10-31
8426,Sofia Martinez,sofia.martinez8426@example.com,Barcelona,Espana,bronce,2022-12-08
8427,Javier Diaz,javier.diaz8427@example.com,Quito,Ecuador,bronce,2023-10-11
8428,Maria Martinez,maria.martinez8428@example.com,Bogota,Colombia,bronce,2023-02-22
8429,Pablo Martinez,pablo.martinez8429@example.com,Guadalajara,Mexico,bronce,2024-10-16
8430,Pablo Garcia,pablo.garcia8430@example.com,Bogota,Colombia,bronce,2022-04-16
8431,Luis Herrera,luis.herrera8431@example.com,Bogota,Colombia,plata,2022-07-05
8432,Carlos Moreno,carlos.moreno8432@example.com,Bogota,Colombia,bronce,2024-06-06
8433,Luis Mendoza,luis.mendoza8433@example.com,Ciudad de Mexico,Mexico,oro,2024-01-16
8434,Andres Navarro,andres.navarro8434@example.com,Lima,Peru,bronce,2024-07-30
8435,Elena Navarro,elena.navarro8435@example.com,Barcelona,Espana,plata,2022-01-27
8436,Luis Navarro,luis.navarro8436@example.com,Guadalajara,Mexico,bronce,2022-05-28
8437,Carlos Garcia,carlos.garcia8437@example.com,Lima,Peru,bronce,2024-07-05
8438,Alberto Herrera,alberto.herrera8438@example.com,Buenos Aires,Argentina,bronce,2024-06-08
8439,Javier Moreno,javier.moreno8439@example.com,Quito,Ecuador,bronce,2024-06-23
8440,Andres Lopez,andres.lopez8440@example.com,Madrid,Espana,plata,2024-09-10
8441,Diego Martinez,diego.martinez8441@example.com,Medellin,Colombia,bronce,2022-09-10
8442,Carlos Navarro,carlos.navarro8442@example.com,Cali,Colombia,bronce,2022-04-17
8443,Elena Mendoza,elena.mendoza8443@example.com,Ciudad de Mexico,Mexico,platino,2022-11-21
8444,Ana Gomez,ana.gomez8444@example.com,Bogota,Colombia,bronce,2024-12-28
8445,Marta Rodriguez,marta.rodriguez8445@example.com,Bogota,Colombia,bronce,2023-07-20
8446,Elena Gomez,elena.gomez8446@example.com,Lima,Peru,bronce,2022-01-05
8447,Diego Garcia,diego.garcia8447@example.com,Valencia,Espana,bronce,2024-03-25
8448,Carlos Rojas,carlos.rojas8448@example.com,Quito,Ecuador,bronce,2024-07-11
8449,Paula Fernandez,paula.fernandez8449@example.com,Madrid,Espana,plata,2022-05-15
8450,Laura Garcia,laura.garcia8450@example.com,Cali,Colombia,plata,2023-09-04
8451,Pablo Navarro,pablo.navarro8451@example.com,Guadalajara,Mexico,plata,2024-03-26
8452,Ruben Silva,ruben.silva8452@example.com,Quito,Ecuador,bronce,2024-11-14
8453,Marta Ortiz,marta.ortiz8453@example.com,Santiago,Chile,bronce,2023-10-27
8454,Carmen Navarro,carmen.navarro8454@example.com,Madrid,Espana,plata,2023-01-06
8455,Ruben Garcia,ruben.garcia8455@example.com,Buenos Aires,Argentina,bronce,2024-09-23
8456,Carlos Herrera,carlos.herrera8456@example.com,Bogota,Colombia,bronce,2023-01-31
8457,Alberto Herrera,alberto.herrera8457@example.com,Lima,Peru,bronce,2023-11-25
8458,Pablo Herrera,pablo.herrera8458@example.com,Santiago,Chile,plata,2024-07-09
8459,Sofia Perez,sofia.perez8459@example.com,Valencia,Espana,bronce,2023-08-04
8460,Javier Fernandez,javier.fernandez8460@example.com,Medellin,Colombia,oro,2024-02-18
8461,Marta Ortiz,marta.ortiz8461@example.com,Santiago,Chile,bronce,2024-07-10
8462,Alberto Rodriguez,alberto.rodriguez8462@example.com,Quito,Ecuador,platino,2023-10-20
8463,Andres Castro,andres.castro8463@example.com,Guadalajara,Mexico,bronce,2023-04-06
8464,Ana Herrera,ana.herrera8464@example.com,Valencia,Espana,plata,2023-12-07
8465,Diego Herrera,diego.herrera8465@example.com,Medellin,Colombia,bronce,2023-03-16
8466,Marta Vargas,marta.vargas8466@example.com,Santiago,Chile,oro,2024-01-18
8467,Miguel Herrera,miguel.herrera8467@example.com,Guadalajara,Mexico,bronce,2022-03-31
8468,Sergio Ortiz,sergio.ortiz8468@example.com,Valencia,Espana,oro,2022-02-22
8469,Marta Herrera,marta.herrera8469@example.com,Bogota,Colombia,plata,2023-06-04
8470,Luis Martinez,luis.martinez8470@example.com,Valencia,Espana,plata,2022-05-09
8471,Pablo Sanchez,pablo.sanchez8471@example.com,Cali,Colombia,bronce,2024-03-11
8472,Carlos Gomez,carlos.gomez8472@example.com,Cali,Colombia,bronce,2022-07-18
8473,Diego Gomez,diego.gomez8473@example.com,Ciudad de Mexico,Mexico,platino,2023-07-01
8474,Miguel Fernandez,miguel.fernandez8474@example.com,Quito,Ecuador,oro,2022-07-13
8475,Paula Sanchez,paula.sanchez8475@example.com,Guadalajara,Mexico,bronce,2024-10-06
8476,Ruben Rojas,ruben.rojas8476@example.com,Guadalajara,Mexico,bronce,2024-07-11
8477,Diego Martinez,diego.martinez8477@example.com,Medellin,Colombia,bronce,2022-01-02
8478,Lucia Herrera,lucia.herrera8478@example.com,Guadalajara,Mexico,bronce,2023-03-08
8479,Carmen Rojas,carmen.rojas8479@example.com,Quito,Ecuador,bronce,2024-10-28
8480,Andres Navarro,andres.navarro8480@example.com,Madrid,Espana,oro,2023-06-20
8481,Carmen Garcia,carmen.garcia8481@example.com,Medellin,Colombia,bronce,2024-07-13
8482,Sergio Perez,sergio.perez8482@example.com,Madrid,Espana,oro,2022-04-08
8483,Alberto Mendoza,alberto.mendoza8483@example.com,Valencia,Espana,platino,2023-04-15
8484,Paula Torres,paula.torres8484@example.com,Madrid,Espana,bronce,2024-08-11
8485,Maria Vargas,maria.vargas8485@example.com,Guadalajara,Mexico,bronce,2022-08-02
8486,Diego Garcia,diego.garcia8486@example.com,Santiago,Chile,bronce,2022-01-12
8487,Diego Herrera,diego.herrera8487@example.com,Quito,Ecuador,bronce,2024-03-15
8488,Lucia Perez,lucia.perez8488@example.com,Valencia,Espana,plata,2022-04-02
8489,Lucia Navarro,lucia.navarro8489@example.com,Buenos Aires,Argentina,plata,2022-11-26
8490,Marta Fernandez,marta.fernandez8490@example.com,Bogota,Colombia,bronce,2024-06-08
8491,Sofia Lopez,sofia.lopez8491@example.com,Bogota,Colombia,oro,2024-09-03
8492,Javier Vargas,javier.vargas8492@example.com,Guadalajara,Mexico,bronce,2022-05-24
8493,Diego Torres,diego.torres8493@example.com,Buenos Aires,Argentina,bronce,2023-06-29
8494,Ruben Torres,ruben.torres8494@example.com,Guadalajara,Mexico,platino,2024-05-18
8495,Elena Ortiz,elena.ortiz8495@example.com,Barcelona,Espana,bronce,2023-03-05
8496,Ana Fernandez,ana.fernandez8496@example.com,Medellin,Colombia,bronce,2023-01-19
8497,Alberto Fernandez,alberto.fernandez8497@example.com,Bogota,Colombia,bronce,2023-08-18
8498,Carlos Castro,carlos.castro8498@example.com,Madrid,Espana,bronce,2024-04-29
8499,Carmen Lopez,carmen.lopez8499@example.com,Madrid,Espana,bronce,2022-02-14
8500,Paula Silva,paula.silva8500@example.com,Cali,Colombia,plata,2022-02-25
8501,Javier Sanchez,javier.sanchez8501@example.com,Barcelona,Espana,bronce,2022-04-27
8502,Elena Sanchez,elena.sanchez8502@example.com,Buenos Aires,Argentina,plata,2023-01-09
8503,Javier Garcia,javier.garcia8503@example.com,Madrid,Espana,bronce,2022-11-01
8504,Maria Gomez,maria.gomez8504@example.com,Valencia,Espana,bronce,2023-06-11
8505,Carlos Vargas,carlos.vargas8505@example.com,Quito,Ecuador,oro,2022-11-26
8506,Carlos Moreno,carlos.moreno8506@example.com,Buenos Aires,Argentina,plata,2023-11-17
8507,Diego Mendoza,diego.mendoza8507@example.com,Ciudad de Mexico,Mexico,plata,2022-12-19
8508,Lucia Herrera,lucia.herrera8508@example.com,Madrid,Espana,bronce,2024-07-04
8509,Ana Gomez,ana.gomez8509@example.com,Madrid,Espana,bronce,2022-12-06
8510,Paula Silva,paula.silva8510@example.com,Lima,Peru,oro,2022-09-25
8511,Andres Lopez,andres.lopez8511@example.com,Santiago,Chile,oro,2024-07-30
8512,Luis Sanchez,luis.sanchez8512@example.com,Quito,Ecuador,plata,2023-12-23
8513,Paula Fernandez,paula.fernandez8513@example.com,Santiago,Chile,bronce,2022-02-22
8514,Ana Ramirez,ana.ramirez8514@example.com,Madrid,Espana,bronce,2022-06-16
8515,Pablo Sanchez,pablo.sanchez8515@example.com,Santiago,Chile,bronce,2022-02-23
8516,Diego Ortiz,diego.ortiz8516@example.com,Cali,Colombia,bronce,2024-05-20
8517,Lucia Perez,lucia.perez8517@example.com,Buenos Aires,Argentina,bronce,2023-11-19
8518,Alberto Fernandez,alberto.fernandez8518@example.com,Medellin,Colombia,bronce,2024-10-18
8519,Julia Castro,julia.castro8519@example.com,Buenos Aires,Argentina,bronce,2022-12-26
8520,Javier Diaz,javier.diaz8520@example.com,Lima,Peru,plata,2022-02-21
8521,Pablo Diaz,pablo.diaz8521@example.com,Quito,Ecuador,plata,2023-05-18
8522,Alberto Navarro,alberto.navarro8522@example.com,Ciudad de Mexico,Mexico,plata,2022-03-29
8523,Marta Diaz,marta.diaz8523@example.com,Bogota,Colombia,bronce,2022-06-08
8524,Ruben Martinez,ruben.martinez8524@example.com,Guadalajara,Mexico,bronce,2024-05-12
8525,Sofia Moreno,sofia.moreno8525@example.com,Cali,Colombia,platino,2023-02-19
8526,Javier Moreno,javier.moreno8526@example.com,Valencia,Espana,bronce,2024-08-21
8527,Lucia Sanchez,lucia.sanchez8527@example.com,Buenos Aires,Argentina,oro,2023-07-17
8528,Paula Mendoza,paula.mendoza8528@example.com,Madrid,Espana,bronce,2023-12-11
8529,Julia Fernandez,julia.fernandez8529@example.com,Medellin,Colombia,plata,2024-07-02
8530,Andres Lopez,andres.lopez8530@example.com,Buenos Aires,Argentina,bronce,2023-05-20
8531,Marta Lopez,marta.lopez8531@example.com,Quito,Ecuador,plata,2022-12-17
8532,Lucia Moreno,lucia.moreno8532@example.com,Guadalajara,Mexico,oro,2024-04-22
8533,Elena Sanchez,elena.sanchez8533@example.com,Quito,Ecuador,bronce,2024-06-28
8534,Sofia Torres,sofia.torres8534@example.com,Santiago,Chile,plata,2022-11-25
8535,Diego Moreno,diego.moreno8535@example.com,Valencia,Espana,oro,2024-06-20
8536,Paula Mendoza,paula.mendoza8536@example.com,Lima,Peru,plata,2024-12-21
8537,Pablo Torres,pablo.torres8537@example.com,Medellin,Colombia,bronce,2022-08-01
8538,Sergio Ortiz,sergio.ortiz8538@example.com,Guadalajara,Mexico,bronce,2024-07-17
8539,Ana Gomez,ana.gomez8539@example.com,Valencia,Espana,oro,2022-04-06
8540,Sergio Mendoza,sergio.mendoza8540@example.com,Ciudad de Mexico,Mexico,plata,2024-08-29
8541,Lucia Perez,lucia.perez8541@example.com,Buenos Aires,Argentina,platino,2024-09-02
8542,Alberto Rodriguez,alberto.rodriguez8542@example.com,Lima,Peru,bronce,2024-07-25
8543,Diego Moreno,diego.moreno8543@example.com,Quito,Ecuador,plata,2023-01-17
8544,Diego Herrera,diego.herrera8544@example.com,Santiago,Chile,oro,2024-10-18
8545,Maria Ortiz,maria.ortiz8545@example.com,Ciudad de Mexico,Mexico,oro,2023-08-30
8546,Paula Ortiz,paula.ortiz8546@example.com,Lima,Peru,plata,2022-03-12
8547,Marta Martinez,marta.martinez8547@example.com,Barcelona,Espana,bronce,2024-07-19
8548,Ruben Castro,ruben.castro8548@example.com,Quito,Ecuador,plata,2024-09-21
8549,Luis Moreno,luis.moreno8549@example.com,Valencia,Espana,plata,2022-11-28
8550,Laura Castro,laura.castro8550@example.com,Medellin,Colombia,bronce,2022-09-30
8551,Ruben Garcia,ruben.garcia8551@example.com,Lima,Peru,bronce,2023-09-16
8552,Ana Garcia,ana.garcia8552@example.com,Buenos Aires,Argentina,oro,2023-01-29
8553,Lucia Rojas,lucia.rojas8553@example.com,Lima,Peru,bronce,2023-12-01
8554,Sofia Mendoza,sofia.mendoza8554@example.com,Buenos Aires,Argentina,bronce,2023-02-10
8555,Julia Lopez,julia.lopez8555@example.com,Guadalajara,Mexico,plata,2022-08-27
8556,Ruben Garcia,ruben.garcia8556@example.com,Valencia,Espana,platino,2022-09-12
8557,Ruben Diaz,ruben.diaz8557@example.com,Quito,Ecuador,plata,2023-12-22
8558,Javier Gomez,javier.gomez8558@example.com,Guadalajara,Mexico,bronce,2023-04-26
8559,Pablo Navarro,pablo.navarro8559@example.com,Buenos Aires,Argentina,bronce,2022-01-17
8560,Marta Ortiz,marta.ortiz8560@example.com,Cali,Colombia,bronce,2023-07-08
8561,Alberto Vargas,alberto.vargas8561@example.com,Quito,Ecuador,bronce,2024-05-12
8562,Ana Ortiz,ana.ortiz8562@example.com,Cali,Colombia,oro,2022-06-12
8563,Alberto Sanchez,alberto.sanchez8563@example.com,Valencia,Espana,bronce,2022-09-25
8564,Miguel Navarro,miguel.navarro8564@example.com,Valencia,Espana,bronce,2023-01-29
8565,Maria Diaz,maria.diaz8565@example.com,Buenos Aires,Argentina,oro,2024-10-12
8566,Carmen Torres,carmen.torres8566@example.com,Buenos Aires,Argentina,bronce,2023-01-17
8567,Sergio Rodriguez,sergio.rodriguez8567@example.com,Valencia,Espana,bronce,2024-07-06
8568,Maria Lopez,maria.lopez8568@example.com,Buenos Aires,Argentina,bronce,2024-01-09
8569,Ana Lopez,ana.lopez8569@example.com,Quito,Ecuador,bronce,2024-12-22
8570,Ruben Torres,ruben.torres8570@example.com,Ciudad de Mexico,Mexico,bronce,2023-09-28
8571,Julia Lopez,julia.lopez8571@example.com,Quito,Ecuador,platino,2022-12-14
8572,Carlos Martinez,carlos.martinez8572@example.com,Barcelona,Espana,oro,2024-02-24
8573,Julia Castro,julia.castro8573@example.com,Medellin,Colombia,plata,2022-04-09
8574,Julia Mendoza,julia.mendoza8574@example.com,Ciudad de Mexico,Mexico,plata,2024-05-08
8575,Alberto Rodriguez,alberto.rodriguez8575@example.com,Medellin,Colombia,bronce,2022-09-14
8576,Laura Vargas,laura.vargas8576@example.com,Barcelona,Espana,oro,2024-01-01
8577,Pablo Navarro,pablo.navarro8577@example.com,Cali,Colombia,bronce,2023-09-28
8578,Alberto Diaz,alberto.diaz8578@example.com,Medellin,Colombia,bronce,2022-09-22
8579,Julia Lopez,julia.lopez8579@example.com,Valencia,Espana,bronce,2023-06-12
8580,Carmen Rodriguez,carmen.rodriguez8580@example.com,Medellin,Colombia,bronce,2023-07-04
8581,Carlos Ortiz,carlos.ortiz8581@example.com,Cali,Colombia,bronce,2024-04-19
8582,Luis Diaz,luis.diaz8582@example.com,Lima,Peru,bronce,2023-05-26
8583,Javier Martinez,javier.martinez8583@example.com,Cali,Colombia,bronce,2022-03-05
8584,Luis Mendoza,luis.mendoza8584@example.com,Medellin,Colombia,bronce,2022-03-23
8585,Carlos Silva,carlos.silva8585@example.com,Medellin,Colombia,bronce,2023-12-29
8586,Luis Moreno,luis.moreno8586@example.com,Guadalajara,Mexico,plata,2024-09-06
8587,Sergio Rodriguez,sergio.rodriguez8587@example.com,Bogota,Colombia,bronce,2023-04-22
8588,Pablo Rodriguez,pablo.rodriguez8588@example.com,Lima,Peru,plata,2022-04-11
8589,Lucia Sanchez,lucia.sanchez8589@example.com,Cali,Colombia,bronce,2022-07-07
8590,Paula Lopez,paula.lopez8590@example.com,Cali,Colombia,bronce,2024-12-05
8591,Sofia Ramirez,sofia.ramirez8591@example.com,Madrid,Espana,plata,2024-02-10
8592,Sofia Fernandez,sofia.fernandez8592@example.com,Lima,Peru,plata,2022-02-04
8593,Laura Herrera,laura.herrera8593@example.com,Cali,Colombia,bronce,2022-10-12
8594,Sofia Martinez,sofia.martinez8594@example.com,Barcelona,Espana,bronce,2024-03-09
8595,Carlos Moreno,carlos.moreno8595@example.com,Valencia,Espana,oro,2023-11-23
8596,Pablo Ortiz,pablo.ortiz8596@example.com,Medellin,Colombia,bronce,2022-11-11
8597,Alberto Martinez,alberto.martinez8597@example.com,Santiago,Chile,bronce,2024-02-02
8598,Lucia Rojas,lucia.rojas8598@example.com,Barcelona,Espana,bronce,2024-09-17
8599,Javier Ramirez,javier.ramirez8599@example.com,Barcelona,Espana,oro,2024-09-12
8600,Andres Rodriguez,andres.rodriguez8600@example.com,Ciudad de Mexico,Mexico,bronce,2024-06-21
8601,Paula Perez,paula.perez8601@example.com,Cali,Colombia,oro,2023-01-23
8602,Diego Herrera,diego.herrera8602@example.com,Quito,Ecuador,plata,2022-01-28
8603,Javier Mendoza,javier.mendoza8603@example.com,Santiago,Chile,plata,2023-03-04
8604,Marta Fernandez,marta.fernandez8604@example.com,Guadalajara,Mexico,bronce,2022-01-25
8605,Carlos Martinez,carlos.martinez8605@example.com,Medellin,Colombia,plata,2023-09-17
8606,Alberto Sanchez,alberto.sanchez8606@example.com,Guadalajara,Mexico,bronce,2023-10-23
8607,Elena Silva,elena.silva8607@example.com,Guadalajara,Mexico,bronce,2023-01-10
8608,Miguel Vargas,miguel.vargas8608@example.com,Bogota,Colombia,bronce,2022-06-13
8609,Marta Diaz,marta.diaz8609@example.com,Medellin,Colombia,plata,2023-07-29
8610,Ana Garcia,ana.garcia8610@example.com,Quito,Ecuador,plata,2022-01-16
8611,Laura Herrera,laura.herrera8611@example.com,Ciudad de Mexico,Mexico,oro,2022-10-30
8612,Maria Torres,maria.torres8612@example.com,Cali,Colombia,bronce,2024-11-25
8613,Miguel Ramirez,miguel.ramirez8613@example.com,Santiago,Chile,oro,2024-09-28
8614,Pablo Silva,pablo.silva8614@example.com,Bogota,Colombia,oro,2023-11-24
8615,Carlos Vargas,carlos.vargas8615@example.com,Valencia,Espana,oro,2023-02-14
8616,Elena Ortiz,elena.ortiz8616@example.com,Quito,Ecuador,plata,2022-01-12
8617,Sergio Vargas,sergio.vargas8617@example.com,Santiago,Chile,bronce,2023-12-13
8618,Julia Gomez,julia.gomez8618@example.com,Cali,Colombia,oro,2023-06-22
8619,Ana Ortiz,ana.ortiz8619@example.com,Quito,Ecuador,plata,2024-02-21
8620,Carmen Castro,carmen.castro8620@example.com,Medellin,Colombia,plata,2022-06-22
8621,Ana Herrera,ana.herrera8621@example.com,Buenos Aires,Argentina,bronce,2024-06-28
8622,Lucia Sanchez,lucia.sanchez8622@example.com,Madrid,Espana,bronce,2024-05-31
8623,Ruben Rojas,ruben.rojas8623@example.com,Buenos Aires,Argentina,bronce,2023-04-14
8624,Sergio Vargas,sergio.vargas8624@example.com,Valencia,Espana,bronce,2022-02-01
8625,Laura Martinez,laura.martinez8625@example.com,Valencia,Espana,bronce,2023-05-26
8626,Javier Perez,javier.perez8626@example.com,Santiago,Chile,oro,2023-02-11
8627,Sergio Ortiz,sergio.ortiz8627@example.com,Valencia,Espana,bronce,2024-04-13
8628,Paula Vargas,paula.vargas8628@example.com,Cali,Colombia,bronce,2022-09-18
8629,Javier Herrera,javier.herrera8629@example.com,Quito,Ecuador,bronce,2022-01-20
8630,Ana Lopez,ana.lopez8630@example.com,Quito,Ecuador,bronce,2024-12-10
8631,Sofia Sanchez,sofia.sanchez8631@example.com,Cali,Colombia,bronce,2022-09-22
8632,Carmen Ortiz,carmen.ortiz8632@example.com,Barcelona,Espana,plata,2022-03-27
8633,Sofia Diaz,sofia.diaz8633@example.com,Bogota,Colombia,platino,2024-07-27
8634,Julia Mendoza,julia.mendoza8634@example.com,Guadalajara,Mexico,bronce,2024-02-28
8635,Paula Silva,paula.silva8635@example.com,Medellin,Colombia,bronce,2022-10-22
8636,Sergio Gomez,sergio.gomez8636@example.com,Buenos Aires,Argentina,plata,2023-06-08
8637,Ana Ortiz,ana.ortiz8637@example.com,Quito,Ecuador,bronce,2024-01-24
8638,Ruben Herrera,ruben.herrera8638@example.com,Guadalajara,Mexico,plata,2024-06-13
8639,Sergio Martinez,sergio.martinez8639@example.com,Guadalajara,Mexico,plata,2023-02-13
8640,Miguel Rodriguez,miguel.rodriguez8640@example.com,Ciudad de Mexico,Mexico,oro,2022-08-23
8641,Pablo Martinez,pablo.martinez8641@example.com,Valencia,Espana,bronce,2022-01-17
8642,Paula Moreno,paula.moreno8642@example.com,Ciudad de Mexico,Mexico,platino,2024-07-25
8643,Julia Martinez,julia.martinez8643@example.com,Quito,Ecuador,platino,2024-06-10
8644,Pablo Perez,pablo.perez8644@example.com,Buenos Aires,Argentina,bronce,2024-11-06
8645,Ana Diaz,ana.diaz8645@example.com,Santiago,Chile,bronce,2024-03-29
8646,Carmen Martinez,carmen.martinez8646@example.com,Lima,Peru,bronce,2022-08-22
8647,Andres Gomez,andres.gomez8647@example.com,Medellin,Colombia,bronce,2022-09-21
8648,Luis Rojas,luis.rojas8648@example.com,Medellin,Colombia,platino,2022-09-23
8649,Paula Navarro,paula.navarro8649@example.com,Quito,Ecuador,bronce,2023-05-17
8650,Laura Torres,laura.torres8650@example.com,Cali,Colombia,bronce,2024-11-21
8651,Ruben Moreno,ruben.moreno8651@example.com,Buenos Aires,Argentina,bronce,2024-01-27
8652,Pablo Ramirez,pablo.ramirez8652@example.com,Guadalajara,Mexico,plata,2023-04-21
8653,Elena Torres,elena.torres8653@example.com,Barcelona,Espana,oro,2024-03-18
8654,Luis Ramirez,luis.ramirez8654@example.com,Bogota,Colombia,plata,2024-07-03
8655,Ana Navarro,ana.navarro8655@example.com,Bogota,Colombia,plata,2023-03-18
8656,Marta Rodriguez,marta.rodriguez8656@example.com,Valencia,Espana,bronce,2024-07-11
8657,Miguel Ramirez,miguel.ramirez8657@example.com,Santiago,Chile,plata,2022-01-21
8658,Paula Rodriguez,paula.rodriguez8658@example.com,Quito,Ecuador,bronce,2022-12-07
8659,Laura Mendoza,laura.mendoza8659@example.com,Quito,Ecuador,bronce,2022-07-05
8660,Julia Castro,julia.castro8660@example.com,Valencia,Espana,plata,2022-07-15
8661,Julia Garcia,julia.garcia8661@example.com,Cali,Colombia,platino,2022-08-11
8662,Maria Castro,maria.castro8662@example.com,Valencia,Espana,plata,2023-02-06
8663,Carmen Diaz,carmen.diaz8663@example.com,Madrid,Espana,plata,2024-03-04
8664,Julia Garcia,julia.garcia8664@example.com,Guadalajara,Mexico,bronce,2023-10-11
8665,Elena Navarro,elena.navarro8665@example.com,Lima,Peru,bronce,2023-04-28
8666,Luis Fernandez,luis.fernandez8666@example.com,Madrid,Espana,bronce,2023-06-29
8667,Ruben Garcia,ruben.garcia8667@example.com,Guadalajara,Mexico,plata,2022-07-20
8668,Diego Castro,diego.castro8668@example.com,Madrid,Espana,plata,2024-03-17
8669,Ana Fernandez,ana.fernandez8669@example.com,Lima,Peru,plata,2024-04-06
8670,Paula Rojas,paula.rojas8670@example.com,Madrid,Espana,bronce,2023-08-24
8671,Andres Lopez,andres.lopez8671@example.com,Cali,Colombia,bronce,2024-06-10
8672,Luis Silva,luis.silva8672@example.com,Barcelona,Espana,bronce,2024-06-01
8673,Javier Diaz,javier.diaz8673@example.com,Medellin,Colombia,plata,2024-05-30
8674,Ana Diaz,ana.diaz8674@example.com,Cali,Colombia,platino,2022-04-24
8675,Alberto Silva,alberto.silva8675@example.com,Ciudad de Mexico,Mexico,bronce,2022-04-05
8676,Ana Ramirez,ana.ramirez8676@example.com,Santiago,Chile,plata,2023-04-26
8677,Sergio Garcia,sergio.garcia8677@example.com,Quito,Ecuador,plata,2022-03-04
8678,Lucia Vargas,lucia.vargas8678@example.com,Medellin,Colombia,bronce,2022-01-18
8679,Pablo Castro,pablo.castro8679@example.com,Quito,Ecuador,bronce,2022-05-24
8680,Paula Gomez,paula.gomez8680@example.com,Cali,Colombia,bronce,2022-05-13
8681,Ruben Lopez,ruben.lopez8681@example.com,Barcelona,Espana,oro,2022-12-23
8682,Maria Rodriguez,maria.rodriguez8682@example.com,Guadalajara,Mexico,bronce,2022-12-30
8683,Ana Silva,ana.silva8683@example.com,Buenos Aires,Argentina,bronce,2024-06-16
8684,Maria Garcia,maria.garcia8684@example.com,Bogota,Colombia,bronce,2024-09-14
8685,Andres Vargas,andres.vargas8685@example.com,Guadalajara,Mexico,plata,2022-07-06
8686,Pablo Silva,pablo.silva8686@example.com,Cali,Colombia,bronce,2023-02-21
8687,Luis Fernandez,luis.fernandez8687@example.com,Barcelona,Espana,platino,2023-07-11
8688,Laura Sanchez,laura.sanchez8688@example.com,Medellin,Colombia,bronce,2022-10-27
8689,Lucia Moreno,lucia.moreno8689@example.com,Cali,Colombia,oro,2022-12-29
8690,Marta Castro,marta.castro8690@example.com,Medellin,Colombia,plata,2024-01-05
8691,Elena Garcia,elena.garcia8691@example.com,Lima,Peru,bronce,2023-04-11
8692,Julia Vargas,julia.vargas8692@example.com,Medellin,Colombia,plata,2024-02-10
8693,Alberto Garcia,alberto.garcia8693@example.com,Guadalajara,Mexico,plata,2022-03-23
8694,Sergio Fernandez,sergio.fernandez8694@example.com,Madrid,Espana,bronce,2023-06-12
8695,Diego Gomez,diego.gomez8695@example.com,Bogota,Colombia,plata,2022-12-07
8696,Ruben Silva,ruben.silva8696@example.com,Lima,Peru,plata,2022-11-12
8697,Marta Navarro,marta.navarro8697@example.com,Lima,Peru,plata,2023-05-28
8698,Lucia Rojas,lucia.rojas8698@example.com,Quito,Ecuador,plata,2022-11-27
8699,Sofia Moreno,sofia.moreno8699@example.com,Madrid,Espana,plata,2024-04-10
8700,Paula Garcia,paula.garcia8700@example.com,Lima,Peru,bronce,2022-07-23
8701,Pablo Rodriguez,pablo.rodriguez8701@example.com,Bogota,Colombia,bronce,2024-09-04
8702,Carlos Herrera,carlos.herrera8702@example.com,Madrid,Espana,bronce,2023-02-02
8703,Alberto Diaz,alberto.diaz8703@example.com,Barcelona,Espana,plata,2023-07-31
8704,Luis Ramirez,luis.ramirez8704@example.com,Santiago,Chile,bronce,2022-07-04
8705,Andres Rojas,andres.rojas8705@example.com,Guadalajara,Mexico,bronce,2024-10-03
8706,Andres Gomez,andres.gomez8706@example.com,Ciudad de Mexico,Mexico,plata,2023-12-06
8707,Pablo Rojas,pablo.rojas8707@example.com,Lima,Peru,bronce,2024-04-22
8708,Luis Moreno,luis.moreno8708@example.com,Barcelona,Espana,bronce,2024-09-06
8709,Diego Sanchez,diego.sanchez8709@example.com,Madrid,Espana,oro,2024-12-26
8710,Ruben Rojas,ruben.rojas8710@example.com,Quito,Ecuador,plata,2022-10-06
8711,Laura Lopez,laura.lopez8711@example.com,Guadalajara,Mexico,plata,2022-12-27
8712,Andres Gomez,andres.gomez8712@example.com,Santiago,Chile,bronce,2022-09-23
8713,Ruben Herrera,ruben.herrera8713@example.com,Ciudad de Mexico,Mexico,plata,2023-07-04
8714,Alberto Navarro,alberto.navarro8714@example.com,Barcelona,Espana,oro,2024-09-10
8715,Lucia Rodriguez,lucia.rodriguez8715@example.com,Ciudad de Mexico,Mexico,bronce,2024-03-19
8716,Elena Castro,elena.castro8716@example.com,Quito,Ecuador,bronce,2023-09-14
8717,Andres Vargas,andres.vargas8717@example.com,Barcelona,Espana,bronce,2023-06-03
8718,Diego Castro,diego.castro8718@example.com,Barcelona,Espana,oro,2024-03-10
8719,Carmen Herrera,carmen.herrera8719@example.com,Medellin,Colombia,bronce,2023-05-27
8720,Marta Rodriguez,marta.rodriguez8720@example.com,Cali,Colombia,bronce,2024-08-31
8721,Marta Moreno,marta.moreno8721@example.com,Guadalajara,Mexico,bronce,2023-09-05
8722,Laura Perez,laura.perez8722@example.com,Barcelona,Espana,platino,2023-12-30
8723,Sergio Lopez,sergio.lopez8723@example.com,Quito,Ecuador,bronce,2024-01-14
8724,Lucia Diaz,lucia.diaz8724@example.com,Barcelona,Espana,bronce,2024-03-23
8725,Julia Garcia,julia.garcia8725@example.com,Valencia,Espana,platino,2023-06-08
8726,Andres Castro,andres.castro8726@example.com,Quito,Ecuador,bronce,2023-02-28
8727,Ruben Vargas,ruben.vargas8727@example.com,Medellin,Colombia,plata,2023-03-31
8728,Alberto Ramirez,alberto.ramirez8728@example.com,Ciudad de Mexico,Mexico,bronce,2024-10-24
8729,Alberto Garcia,alberto.garcia8729@example.com,Cali,Colombia,bronce,2022-05-01
8730,Marta Herrera,marta.herrera8730@example.com,Bogota,Colombia,bronce,2024-02-10
8731,Pablo Garcia,pablo.garcia8731@example.com,Ciudad de Mexico,Mexico,bronce,2024-11-17
8732,Maria Perez,maria.perez8732@example.com,Santiago,Chile,bronce,2022-03-20
8733,Miguel Fernandez,miguel.fernandez8733@example.com,Madrid,Espana,plata,2023-11-08
8734,Diego Moreno,diego.moreno8734@example.com,Lima,Peru,bronce,2023-10-14
8735,Sergio Diaz,sergio.diaz8735@example.com,Valencia,Espana,bronce,2023-01-02
8736,Pablo Silva,pablo.silva8736@example.com,Quito,Ecuador,plata,2022-04-14
8737,Sofia Ortiz,sofia.ortiz8737@example.com,Quito,Ecuador,oro,2024-01-13
8738,Maria Herrera,maria.herrera8738@example.com,Quito,Ecuador,bronce,2023-07-26
8739,Marta Garcia,marta.garcia8739@example.com,Guadalajara,Mexico,bronce,2024-04-03
8740,Sofia Herrera,sofia.herrera8740@example.com,Lima,Peru,bronce,2022-04-07
8741,Ana Sanchez,ana.sanchez8741@example.com,Lima,Peru,oro,2024-10-20
8742,Javier Mendoza,javier.mendoza8742@example.com,Guadalajara,Mexico,oro,2023-11-18
8743,Ruben Navarro,ruben.navarro8743@example.com,Lima,Peru,bronce,2023-04-30
8744,Maria Rodriguez,maria.rodriguez8744@example.com,Medellin,Colombia,bronce,2023-05-15
8745,Sofia Rodriguez,sofia.rodriguez8745@example.com,Lima,Peru,bronce,2024-11-08
8746,Lucia Rojas,lucia.rojas8746@example.com,Quito,Ecuador,plata,2023-08-29
8747,Luis Martinez,luis.martinez8747@example.com,Guadalajara,Mexico,bronce,2023-09-28
8748,Carlos Navarro,carlos.navarro8748@example.com,Barcelona,Espana,bronce,2023-12-12
8749,Julia Ramirez,julia.ramirez8749@example.com,Valencia,Espana,bronce,2022-12-09
8750,Pablo Vargas,pablo.vargas8750@example.com,Valencia,Espana,plata,2022-10-02
8751,Laura Mendoza,laura.mendoza8751@example.com,Ciudad de Mexico,Mexico,platino,2024-04-02
8752,Carlos Sanchez,carlos.sanchez8752@example.com,Cali,Colombia,bronce,2022-12-16
8753,Sofia Vargas,sofia.vargas8753@example.com,Santiago,Chile,oro,2022-02-07
8754,Marta Navarro,marta.navarro8754@example.com,Bogota,Colombia,bronce,2023-06-12
8755,Marta Garcia,marta.garcia8755@example.com,Barcelona,Espana,plata,2022-01-12
8756,Carlos Lopez,carlos.lopez8756@example.com,Guadalajara,Mexico,oro,2023-09-13
8757,Marta Martinez,marta.martinez8757@example.com,Barcelona,Espana,plata,2023-12-07
8758,Ruben Gomez,ruben.gomez8758@example.com,Lima,Peru,bronce,2024-10-08
8759,Laura Martinez,laura.martinez8759@example.com,Madrid,Espana,bronce,2023-10-27
8760,Ana Lopez,ana.lopez8760@example.com,Cali,Colombia,oro,2023-01-21
8761,Alberto Mendoza,alberto.mendoza8761@example.com,Quito,Ecuador,plata,2023-12-05
8762,Lucia Torres,lucia.torres8762@example.com,Ciudad de Mexico,Mexico,bronce,2023-10-10
8763,Sergio Fernandez,sergio.fernandez8763@example.com,Santiago,Chile,plata,2024-03-22
8764,Elena Diaz,elena.diaz8764@example.com,Cali,Colombia,bronce,2024-10-07
8765,Javier Navarro,javier.navarro8765@example.com,Santiago,Chile,bronce,2022-04-17
8766,Laura Torres,laura.torres8766@example.com,Buenos Aires,Argentina,oro,2024-02-26
8767,Laura Torres,laura.torres8767@example.com,Ciudad de Mexico,Mexico,bronce,2024-05-31
8768,Diego Ortiz,diego.ortiz8768@example.com,Barcelona,Espana,bronce,2022-12-26
8769,Maria Garcia,maria.garcia8769@example.com,Quito,Ecuador,bronce,2023-03-18
8770,Paula Torres,paula.torres8770@example.com,Madrid,Espana,oro,2023-03-31
8771,Lucia Moreno,lucia.moreno8771@example.com,Medellin,Colombia,bronce,2023-02-14
8772,Julia Ramirez,julia.ramirez8772@example.com,Guadalajara,Mexico,bronce,2024-08-20
8773,Lucia Mendoza,lucia.mendoza8773@example.com,Santiago,Chile,bronce,2022-12-24
8774,Elena Mendoza,elena.mendoza8774@example.com,Ciudad de Mexico,Mexico,bronce,2023-04-25
8775,Lucia Gomez,lucia.gomez8775@example.com,Medellin,Colombia,bronce,2023-10-03
8776,Carlos Silva,carlos.silva8776@example.com,Medellin,Colombia,bronce,2022-10-03
8777,Paula Sanchez,paula.sanchez8777@example.com,Quito,Ecuador,bronce,2024-02-04
8778,Marta Sanchez,marta.sanchez8778@example.com,Medellin,Colombia,plata,2023-07-27
8779,Maria Navarro,maria.navarro8779@example.com,Lima,Peru,bronce,2022-07-06
8780,Pablo Garcia,pablo.garcia8780@example.com,Madrid,Espana,bronce,2022-07-23
8781,Lucia Fernandez,lucia.fernandez8781@example.com,Guadalajara,Mexico,plata,2022-01-30
8782,Laura Castro,laura.castro8782@example.com,Buenos Aires,Argentina,bronce,2023-09-30
8783,Maria Diaz,maria.diaz8783@example.com,Buenos Aires,Argentina,bronce,2024-05-26
8784,Sergio Silva,sergio.silva8784@example.com,Cali,Colombia,platino,2024-12-21
8785,Javier Perez,javier.perez8785@example.com,Buenos Aires,Argentina,plata,2023-12-24
8786,Lucia Vargas,lucia.vargas8786@example.com,Cali,Colombia,plata,2024-11-27
8787,Laura Martinez,laura.martinez8787@example.com,Guadalajara,Mexico,bronce,2024-12-18
8788,Andres Sanchez,andres.sanchez8788@example.com,Lima,Peru,platino,2023-11-04
8789,Ana Lopez,ana.lopez8789@example.com,Buenos Aires,Argentina,bronce,2023-02-15
8790,Miguel Moreno,miguel.moreno8790@example.com,Buenos Aires,Argentina,bronce,2024-08-28
8791,Lucia Sanchez,lucia.sanchez8791@example.com,Quito,Ecuador,oro,2023-11-24
8792,Sofia Rojas,sofia.rojas8792@example.com,Valencia,Espana,bronce,2024-06-11
8793,Carmen Gomez,carmen.gomez8793@example.com,Guadalajara,Mexico,plata,2022-09-05
8794,Carlos Vargas,carlos.vargas8794@example.com,Guadalajara,Mexico,bronce,2024-11-06
8795,Sofia Mendoza,sofia.mendoza8795@example.com,Buenos Aires,Argentina,bronce,2023-04-15
8796,Sergio Mendoza,sergio.mendoza8796@example.com,Barcelona,Espana,plata,2024-08-14
8797,Elena Garcia,elena.garcia8797@example.com,Santiago,Chile,bronce,2023-02-15
8798,Carlos Herrera,carlos.herrera8798@example.com,Valencia,Espana,plata,2024-09-12
8799,Paula Navarro,paula.navarro8799@example.com,Medellin,Colombia,bronce,2024-01-07
8800,Sergio Rojas,sergio.rojas8800@example.com,Buenos Aires,Argentina,bronce,2022-09-09
8801,Andres Lopez,andres.lopez8801@example.com,Bogota,Colombia,plata,2022-06-12
8802,Sergio Rojas,sergio.rojas8802@example.com,Barcelona,Espana,bronce,2022-06-23
8803,Sergio Castro,sergio.castro8803@example.com,Buenos Aires,Argentina,plata,2023-02-15
8804,Marta Rojas,marta.rojas8804@example.com,Bogota,Colombia,bronce,2022-02-18
8805,Lucia Diaz,lucia.diaz8805@example.com,Santiago,Chile,bronce,2023-08-24
8806,Ana Ramirez,ana.ramirez8806@example.com,Lima,Peru,bronce,2023-12-23
8807,Pablo Rojas,pablo.rojas8807@example.com,Medellin,Colombia,plata,2024-03-26
8808,Javier Torres,javier.torres8808@example.com,Buenos Aires,Argentina,bronce,2024-10-19
8809,Sergio Herrera,sergio.herrera8809@example.com,Valencia,Espana,bronce,2024-05-26
8810,Diego Moreno,diego.moreno8810@example.com,Quito,Ecuador,platino,2024-12-24
8811,Julia Gomez,julia.gomez8811@example.com,Valencia,Espana,bronce,2023-10-24
8812,Pablo Castro,pablo.castro8812@example.com,Lima,Peru,plata,2024-07-22
8813,Pablo Herrera,pablo.herrera8813@example.com,Santiago,Chile,bronce,2024-04-28
8814,Julia Torres,julia.torres8814@example.com,Bogota,Colombia,bronce,2024-06-28
8815,Diego Moreno,diego.moreno8815@example.com,Santiago,Chile,bronce,2023-03-26
8816,Miguel Martinez,miguel.martinez8816@example.com,Guadalajara,Mexico,bronce,2023-07-23
8817,Miguel Fernandez,miguel.fernandez8817@example.com,Buenos Aires,Argentina,plata,2024-09-27
8818,Ruben Moreno,ruben.moreno8818@example.com,Medellin,Colombia,bronce,2023-05-10
8819,Sergio Mendoza,sergio.mendoza8819@example.com,Valencia,Espana,bronce,2023-10-26
8820,Carlos Castro,carlos.castro8820@example.com,Buenos Aires,Argentina,plata,2023-12-03
8821,Diego Rojas,diego.rojas8821@example.com,Madrid,Espana,plata,2022-07-22
8822,Miguel Gomez,miguel.gomez8822@example.com,Medellin,Colombia,bronce,2022-01-25
8823,Carmen Moreno,carmen.moreno8823@example.com,Barcelona,Espana,bronce,2024-02-01
8824,Luis Fernandez,luis.fernandez8824@example.com,Madrid,Espana,bronce,2024-05-19
8825,Marta Rodriguez,marta.rodriguez8825@example.com,Madrid,Espana,oro,2023-09-30
8826,Marta Sanchez,marta.sanchez8826@example.com,Barcelona,Espana,plata,2023-12-21
8827,Laura Castro,laura.castro8827@example.com,Quito,Ecuador,plata,2022-03-15
8828,Carlos Navarro,carlos.navarro8828@example.com,Santiago,Chile,bronce,2022-07-06
8829,Carmen Torres,carmen.torres8829@example.com,Quito,Ecuador,bronce,2024-03-18
8830,Javier Mendoza,javier.mendoza8830@example.com,Barcelona,Espana,bronce,2023-11-28
8831,Julia Herrera,julia.herrera8831@example.com,Quito,Ecuador,bronce,2022-08-05
8832,Sergio Vargas,sergio.vargas8832@example.com,Guadalajara,Mexico,bronce,2023-10-19
8833,Alberto Silva,alberto.silva8833@example.com,Santiago,Chile,bronce,2022-02-08
8834,Lucia Diaz,lucia.diaz8834@example.com,Lima,Peru,bronce,2024-05-12
8835,Julia Diaz,julia.diaz8835@example.com,Bogota,Colombia,bronce,2022-01-30
8836,Ana Moreno,ana.moreno8836@example.com,Buenos Aires,Argentina,bronce,2024-07-06
8837,Javier Castro,javier.castro8837@example.com,Guadalajara,Mexico,bronce,2022-09-02
8838,Ana Ramirez,ana.ramirez8838@example.com,Medellin,Colombia,plata,2022-10-05
8839,Andres Diaz,andres.diaz8839@example.com,Cali,Colombia,plata,2024-10-10
8840,Lucia Navarro,lucia.navarro8840@example.com,Valencia,Espana,bronce,2024-06-10
8841,Javier Rodriguez,javier.rodriguez8841@example.com,Valencia,Espana,plata,2023-01-04
8842,Elena Rodriguez,elena.rodriguez8842@example.com,Quito,Ecuador,bronce,2022-07-19
8843,Carmen Torres,carmen.torres8843@example.com,Buenos Aires,Argentina,bronce,2022-05-01
8844,Carlos Garcia,carlos.garcia8844@example.com,Ciudad de Mexico,Mexico,oro,2023-03-08
8845,Lucia Gomez,lucia.gomez8845@example.com,Buenos Aires,Argentina,bronce,2023-09-29
8846,Carmen Vargas,carmen.vargas8846@example.com,Medellin,Colombia,plata,2023-06-24
8847,Laura Diaz,laura.diaz8847@example.com,Valencia,Espana,bronce,2024-09-08
8848,Laura Sanchez,laura.sanchez8848@example.com,Quito,Ecuador,bronce,2024-05-31
8849,Miguel Perez,miguel.perez8849@example.com,Quito,Ecuador,bronce,2022-10-13
8850,Pablo Castro,pablo.castro8850@example.com,Valencia,Espana,bronce,2024-09-13
8851,Javier Navarro,javier.navarro8851@example.com,Santiago,Chile,bronce,2023-05-21
8852,Miguel Herrera,miguel.herrera8852@example.com,Cali,Colombia,bronce,2022-01-19
8853,Lucia Ramirez,lucia.ramirez8853@example.com,Buenos Aires,Argentina,bronce,2024-07-21
8854,Carlos Martinez,carlos.martinez8854@example.com,Barcelona,Espana,bronce,2024-03-18
8855,Pablo Sanchez,pablo.sanchez8855@example.com,Cali,Colombia,bronce,2023-01-25
8856,Maria Diaz,maria.diaz8856@example.com,Barcelona,Espana,bronce,2024-08-18
8857,Maria Sanchez,maria.sanchez8857@example.com,Santiago,Chile,bronce,2024-09-18
8858,Laura Rojas,laura.rojas8858@example.com,Medellin,Colombia,bronce,2024-11-10
8859,Javier Fernandez,javier.fernandez8859@example.com,Bogota,Colombia,plata,2024-09-26
8860,Ana Silva,ana.silva8860@example.com,Buenos Aires,Argentina,platino,2022-10-21
8861,Alberto Perez,alberto.perez8861@example.com,Quito,Ecuador,bronce,2023-09-03
8862,Elena Torres,elena.torres8862@example.com,Medellin,Colombia,bronce,2022-07-09
8863,Paula Moreno,paula.moreno8863@example.com,Buenos Aires,Argentina,oro,2024-01-17
8864,Julia Sanchez,julia.sanchez8864@example.com,Buenos Aires,Argentina,plata,2023-07-01
8865,Paula Herrera,paula.herrera8865@example.com,Cali,Colombia,platino,2024-08-20
8866,Paula Vargas,paula.vargas8866@example.com,Santiago,Chile,plata,2024-09-13
8867,Maria Castro,maria.castro8867@example.com,Barcelona,Espana,plata,2022-12-15
8868,Miguel Torres,miguel.torres8868@example.com,Lima,Peru,bronce,2022-12-12
8869,Marta Ortiz,marta.ortiz8869@example.com,Medellin,Colombia,bronce,2022-02-05
8870,Pablo Herrera,pablo.herrera8870@example.com,Madrid,Espana,plata,2023-07-08
8871,Ana Lopez,ana.lopez8871@example.com,Quito,Ecuador,bronce,2023-02-26
8872,Pablo Vargas,pablo.vargas8872@example.com,Santiago,Chile,plata,2024-12-26
8873,Paula Ortiz,paula.ortiz8873@example.com,Santiago,Chile,platino,2024-06-14
8874,Paula Perez,paula.perez8874@example.com,Barcelona,Espana,bronce,2023-05-15
8875,Miguel Ramirez,miguel.ramirez8875@example.com,Santiago,Chile,bronce,2023-09-14
8876,Laura Herrera,laura.herrera8876@example.com,Buenos Aires,Argentina,oro,2023-11-19
8877,Elena Perez,elena.perez8877@example.com,Lima,Peru,oro,2024-09-15
8878,Javier Ramirez,javier.ramirez8878@example.com,Medellin,Colombia,oro,2024-12-26
8879,Elena Vargas,elena.vargas8879@example.com,Quito,Ecuador,plata,2023-04-03
8880,Elena Lopez,elena.lopez8880@example.com,Buenos Aires,Argentina,platino,2023-02-07
8881,Diego Lopez,diego.lopez8881@example.com,Bogota,Colombia,bronce,2024-02-20
8882,Ana Vargas,ana.vargas8882@example.com,Valencia,Espana,bronce,2022-10-26
8883,Javier Lopez,javier.lopez8883@example.com,Lima,Peru,bronce,2022-06-03
8884,Elena Ortiz,elena.ortiz8884@example.com,Guadalajara,Mexico,bronce,2022-11-06
8885,Carlos Ramirez,carlos.ramirez8885@example.com,Barcelona,Espana,oro,2022-12-13
8886,Ruben Moreno,ruben.moreno8886@example.com,Barcelona,Espana,bronce,2023-11-07
8887,Andres Fernandez,andres.fernandez8887@example.com,Santiago,Chile,plata,2024-03-16
8888,Julia Perez,julia.perez8888@example.com,Valencia,Espana,bronce,2022-06-28
8889,Pablo Torres,pablo.torres8889@example.com,Valencia,Espana,plata,2022-02-19
8890,Maria Moreno,maria.moreno8890@example.com,Guadalajara,Mexico,bronce,2022-06-30
8891,Julia Fernandez,julia.fernandez8891@example.com,Lima,Peru,bronce,2024-09-24
8892,Diego Perez,diego.perez8892@example.com,Medellin,Colombia,bronce,2022-10-12
8893,Andres Martinez,andres.martinez8893@example.com,Guadalajara,Mexico,bronce,2023-08-02
8894,Miguel Ramirez,miguel.ramirez8894@example.com,Buenos Aires,Argentina,bronce,2023-08-16
8895,Diego Rojas,diego.rojas8895@example.com,Guadalajara,Mexico,plata,2022-11-01
8896,Diego Ramirez,diego.ramirez8896@example.com,Buenos Aires,Argentina,bronce,2024-07-13
8897,Javier Perez,javier.perez8897@example.com,Valencia,Espana,platino,2022-03-13
8898,Pablo Sanchez,pablo.sanchez8898@example.com,Guadalajara,Mexico,oro,2023-08-03
8899,Marta Fernandez,marta.fernandez8899@example.com,Madrid,Espana,bronce,2023-03-29
8900,Ana Gomez,ana.gomez8900@example.com,Buenos Aires,Argentina,bronce,2024-05-06
8901,Maria Sanchez,maria.sanchez8901@example.com,Santiago,Chile,bronce,2022-08-04
8902,Paula Ortiz,paula.ortiz8902@example.com,Santiago,Chile,bronce,2024-11-14
8903,Pablo Gomez,pablo.gomez8903@example.com,Madrid,Espana,bronce,2024-05-17
8904,Alberto Perez,alberto.perez8904@example.com,Lima,Peru,oro,2024-03-21
8905,Carmen Castro,carmen.castro8905@example.com,Cali,Colombia,oro,2023-06-26
8906,Andres Silva,andres.silva8906@example.com,Madrid,Espana,bronce,2023-12-05
8907,Ruben Torres,ruben.torres8907@example.com,Ciudad de Mexico,Mexico,plata,2022-08-16
8908,Andres Rojas,andres.rojas8908@example.com,Ciudad de Mexico,Mexico,oro,2022-01-09
8909,Elena Rodriguez,elena.rodriguez8909@example.com,Medellin,Colombia,bronce,2024-03-27
8910,Lucia Ramirez,lucia.ramirez8910@example.com,Buenos Aires,Argentina,oro,2023-05-07
8911,Laura Rodriguez,laura.rodriguez8911@example.com,Ciudad de Mexico,Mexico,platino,2023-01-21
8912,Elena Martinez,elena.martinez8912@example.com,Valencia,Espana,platino,2022-10-21
8913,Andres Vargas,andres.vargas8913@example.com,Guadalajara,Mexico,plata,2023-11-11
8914,Maria Sanchez,maria.sanchez8914@example.com,Bogota,Colombia,bronce,2023-07-16
8915,Andres Garcia,andres.garcia8915@example.com,Barcelona,Espana,bronce,2024-01-10
8916,Pablo Lopez,pablo.lopez8916@example.com,Bogota,Colombia,platino,2024-11-07
8917,Elena Herrera,elena.herrera8917@example.com,Lima,Peru,bronce,2024-07-03
8918,Ana Vargas,ana.vargas8918@example.com,Ciudad de Mexico,Mexico,bronce,2022-12-17
8919,Marta Fernandez,marta.fernandez8919@example.com,Bogota,Colombia,bronce,2022-09-22
8920,Paula Navarro,paula.navarro8920@example.com,Medellin,Colombia,bronce,2022-06-26
8921,Marta Fernandez,marta.fernandez8921@example.com,Lima,Peru,bronce,2023-09-16
8922,Sofia Mendoza,sofia.mendoza8922@example.com,Guadalajara,Mexico,oro,2024-06-23
8923,Andres Gomez,andres.gomez8923@example.com,Santiago,Chile,bronce,2022-10-05
8924,Sofia Garcia,sofia.garcia8924@example.com,Guadalajara,Mexico,bronce,2024-12-20
8925,Miguel Martinez,miguel.martinez8925@example.com,Quito,Ecuador,bronce,2023-04-16
8926,Elena Perez,elena.perez8926@example.com,Guadalajara,Mexico,plata,2024-05-04
8927,Laura Lopez,laura.lopez8927@example.com,Medellin,Colombia,plata,2022-11-23
8928,Alberto Lopez,alberto.lopez8928@example.com,Bogota,Colombia,oro,2022-06-01
8929,Andres Fernandez,andres.fernandez8929@example.com,Madrid,Espana,oro,2023-07-16
8930,Carlos Navarro,carlos.navarro8930@example.com,Santiago,Chile,bronce,2023-08-27
8931,Ruben Sanchez,ruben.sanchez8931@example.com,Quito,Ecuador,oro,2023-06-08
8932,Carlos Sanchez,carlos.sanchez8932@example.com,Guadalajara,Mexico,bronce,2023-03-20
8933,Pablo Navarro,pablo.navarro8933@example.com,Cali,Colombia,plata,2023-12-13
8934,Carlos Sanchez,carlos.sanchez8934@example.com,Barcelona,Espana,plata,2023-11-25
8935,Miguel Silva,miguel.silva8935@example.com,Guadalajara,Mexico,bronce,2022-06-15
8936,Andres Castro,andres.castro8936@example.com,Valencia,Espana,bronce,2024-01-03
8937,Alberto Ortiz,alberto.ortiz8937@example.com,Guadalajara,Mexico,plata,2022-12-31
8938,Alberto Vargas,alberto.vargas8938@example.com,Bogota,Colombia,bronce,2024-06-02
8939,Ruben Vargas,ruben.vargas8939@example.com,Lima,Peru,plata,2023-06-30
8940,Laura Sanchez,laura.sanchez8940@example.com,Quito,Ecuador,bronce,2022-09-20
8941,Luis Vargas,luis.vargas8941@example.com,Valencia,Espana,plata,2022-07-17
8942,Julia Rojas,julia.rojas8942@example.com,Bogota,Colombia,oro,2024-11-22
8943,Julia Navarro,julia.navarro8943@example.com,Quito,Ecuador,bronce,2024-02-26
8944,Javier Rodriguez,javier.rodriguez8944@example.com,Madrid,Espana,bronce,2022-08-24
8945,Ana Lopez,ana.lopez8945@example.com,Ciudad de Mexico,Mexico,plata,2023-07-04
8946,Carmen Garcia,carmen.garcia8946@example.com,Barcelona,Espana,bronce,2022-05-16
8947,Luis Herrera,luis.herrera8947@example.com,Cali,Colombia,bronce,2024-07-02
8948,Ana Rodriguez,ana.rodriguez8948@example.com,Madrid,Espana,plata,2024-06-26
8949,Julia Ortiz,julia.ortiz8949@example.com,Barcelona,Espana,bronce,2024-05-29
8950,Diego Fernandez,diego.fernandez8950@example.com,Medellin,Colombia,plata,2023-05-23
8951,Maria Perez,maria.perez8951@example.com,Madrid,Espana,bronce,2022-07-01
8952,Andres Navarro,andres.navarro8952@example.com,Santiago,Chile,bronce,2023-06-21
8953,Miguel Moreno,miguel.moreno8953@example.com,Ciudad de Mexico,Mexico,bronce,2023-07-13
8954,Lucia Ramirez,lucia.ramirez8954@example.com,Cali,Colombia,platino,2022-12-16
8955,Ruben Mendoza,ruben.mendoza8955@example.com,Cali,Colombia,bronce,2023-02-18
8956,Laura Herrera,laura.herrera8956@example.com,Lima,Peru,bronce,2022-02-20
8957,Carmen Castro,carmen.castro8957@example.com,Lima,Peru,bronce,2023-07-28
8958,Paula Gomez,paula.gomez8958@example.com,Madrid,Espana,plata,2022-07-31
8959,Sofia Navarro,sofia.navarro8959@example.com,Buenos Aires,Argentina,plata,2024-07-09
8960,Alberto Moreno,alberto.moreno8960@example.com,Cali,Colombia,bronce,2024-04-13
8961,Sofia Ortiz,sofia.ortiz8961@example.com,Santiago,Chile,bronce,2023-10-24
8962,Diego Navarro,diego.navarro8962@example.com,Santiago,Chile,bronce,2022-09-03
8963,Ruben Ramirez,ruben.ramirez8963@example.com,Buenos Aires,Argentina,plata,2024-01-02
8964,Carmen Fernandez,carmen.fernandez8964@example.com,Buenos Aires,Argentina,oro,2024-12-22
8965,Ruben Ortiz,ruben.ortiz8965@example.com,Valencia,Espana,plata,2023-11-22
8966,Sergio Navarro,sergio.navarro8966@example.com,Lima,Peru,plata,2024-05-10
8967,Marta Martinez,marta.martinez8967@example.com,Buenos Aires,Argentina,bronce,2024-09-12
8968,Laura Castro,laura.castro8968@example.com,Bogota,Colombia,plata,2024-07-18
8969,Miguel Castro,miguel.castro8969@example.com,Valencia,Espana,plata,2022-06-27
8970,Ruben Moreno,ruben.moreno8970@example.com,Ciudad de Mexico,Mexico,bronce,2024-08-14
8971,Carmen Navarro,carmen.navarro8971@example.com,Medellin,Colombia,oro,2024-04-18
8972,Javier Perez,javier.perez8972@example.com,Buenos Aires,Argentina,bronce,2024-02-27
8973,Elena Navarro,elena.navarro8973@example.com,Medellin,Colombia,plata,2022-09-07
8974,Sergio Castro,sergio.castro8974@example.com,Valencia,Espana,plata,2023-05-26
8975,Carlos Rodriguez,carlos.rodriguez8975@example.com,Medellin,Colombia,oro,2024-09-16
8976,Maria Ramirez,maria.ramirez8976@example.com,Santiago,Chile,bronce,2024-10-01
8977,Sergio Martinez,sergio.martinez8977@example.com,Santiago,Chile,oro,2022-05-07
8978,Javier Navarro,javier.navarro8978@example.com,Bogota,Colombia,bronce,2023-04-13
8979,Sergio Herrera,sergio.herrera8979@example.com,Santiago,Chile,bronce,2023-10-26
8980,Lucia Ortiz,lucia.ortiz8980@example.com,Barcelona,Espana,oro,2022-04-15
8981,Alberto Castro,alberto.castro8981@example.com,Quito,Ecuador,bronce,2022-09-27
8982,Lucia Fernandez,lucia.fernandez8982@example.com,Santiago,Chile,plata,2023-10-16
8983,Ruben Diaz,ruben.diaz8983@example.com,Madrid,Espana,bronce,2023-12-20
8984,Ruben Ortiz,ruben.ortiz8984@example.com,Buenos Aires,Argentina,oro,2022-04-26
8985,Laura Lopez,laura.lopez8985@example.com,Cali,Colombia,plata,2023-04-09
8986,Alberto Mendoza,alberto.mendoza8986@example.com,Lima,Peru,bronce,2023-12-19
8987,Marta Diaz,marta.diaz8987@example.com,Valencia,Espana,oro,2024-12-20
8988,Maria Vargas,maria.vargas8988@example.com,Lima,Peru,bronce,2024-12-28
8989,Ana Rojas,ana.rojas8989@example.com,Lima,Peru,plata,2022-12-07
8990,Javier Rodriguez,javier.rodriguez8990@example.com,Bogota,Colombia,plata,2024-01-10
8991,Ana Martinez,ana.martinez8991@example.com,Cali,Colombia,plata,2023-08-29
8992,Miguel Lopez,miguel.lopez8992@example.com,Guadalajara,Mexico,plata,2022-08-19
8993,Alberto Herrera,alberto.herrera8993@example.com,Valencia,Espana,oro,2023-07-10
8994,Diego Rodriguez,diego.rodriguez8994@example.com,Quito,Ecuador,plata,2022-05-31
8995,Ana Castro,ana.castro8995@example.com,Valencia,Espana,oro,2022-05-12
8996,Diego Martinez,diego.martinez8996@example.com,Valencia,Espana,bronce,2023-01-26
8997,Laura Herrera,laura.herrera8997@example.com,Ciudad de Mexico,Mexico,bronce,2022-10-14
8998,Ruben Navarro,ruben.navarro8998@example.com,Cali,Colombia,plata,2022-06-09
8999,Luis Diaz,luis.diaz8999@example.com,Madrid,Espana,bronce,2022-02-26
9000,Sergio Sanchez,sergio.sanchez9000@example.com,Lima,Peru,bronce,2023-09-16
9001,Sofia Diaz,sofia.diaz9001@example.com,Valencia,Espana,plata,2022-01-07
9002,Ana Rojas,ana.rojas9002@example.com,Barcelona,Espana,bronce,2024-05-07
9003,Andres Moreno,andres.moreno9003@example.com,Ciudad de Mexico,Mexico,bronce,2022-03-21
9004,Diego Castro,diego.castro9004@example.com,Quito,Ecuador,bronce,2023-12-22
9005,Sergio Vargas,sergio.vargas9005@example.com,Madrid,Espana,bronce,2022-06-12
9006,Carmen Castro,carmen.castro9006@example.com,Cali,Colombia,bronce,2023-11-07
9007,Sergio Sanchez,sergio.sanchez9007@example.com,Lima,Peru,bronce,2022-06-06
9008,Diego Sanchez,diego.sanchez9008@example.com,Lima,Peru,oro,2023-04-22
9009,Ana Ortiz,ana.ortiz9009@example.com,Valencia,Espana,bronce,2023-12-24
9010,Maria Vargas,maria.vargas9010@example.com,Guadalajara,Mexico,oro,2022-07-09
9011,Diego Mendoza,diego.mendoza9011@example.com,Lima,Peru,platino,2022-05-26
9012,Miguel Castro,miguel.castro9012@example.com,Buenos Aires,Argentina,bronce,2023-11-30
9013,Sergio Torres,sergio.torres9013@example.com,Guadalajara,Mexico,platino,2023-12-03
9014,Sofia Vargas,sofia.vargas9014@example.com,Santiago,Chile,bronce,2023-04-05
9015,Ruben Rojas,ruben.rojas9015@example.com,Cali,Colombia,plata,2022-05-15
9016,Carlos Lopez,carlos.lopez9016@example.com,Madrid,Espana,platino,2022-12-01
9017,Miguel Torres,miguel.torres9017@example.com,Guadalajara,Mexico,oro,2022-08-27
9018,Sergio Moreno,sergio.moreno9018@example.com,Guadalajara,Mexico,bronce,2023-12-23
9019,Maria Rodriguez,maria.rodriguez9019@example.com,Lima,Peru,bronce,2022-11-26
9020,Elena Rodriguez,elena.rodriguez9020@example.com,Quito,Ecuador,bronce,2023-02-19
9021,Sergio Lopez,sergio.lopez9021@example.com,Medellin,Colombia,oro,2022-10-14
9022,Pablo Vargas,pablo.vargas9022@example.com,Quito,Ecuador,bronce,2022-07-04
9023,Sergio Sanchez,sergio.sanchez9023@example.com,Madrid,Espana,bronce,2024-06-07
9024,Lucia Diaz,lucia.diaz9024@example.com,Quito,Ecuador,bronce,2023-06-14
9025,Ruben Martinez,ruben.martinez9025@example.com,Barcelona,Espana,bronce,2023-09-18
9026,Ruben Perez,ruben.perez9026@example.com,Guadalajara,Mexico,bronce,2022-11-13
9027,Alberto Garcia,alberto.garcia9027@example.com,Buenos Aires,Argentina,bronce,2022-04-06
9028,Maria Silva,maria.silva9028@example.com,Guadalajara,Mexico,plata,2024-03-14
9029,Pablo Torres,pablo.torres9029@example.com,Quito,Ecuador,bronce,2024-03-01
9030,Maria Lopez,maria.lopez9030@example.com,Ciudad de Mexico,Mexico,bronce,2022-02-21
9031,Laura Ramirez,laura.ramirez9031@example.com,Barcelona,Espana,bronce,2024-08-28
9032,Elena Ortiz,elena.ortiz9032@example.com,Guadalajara,Mexico,bronce,2024-07-22
9033,Carmen Silva,carmen.silva9033@example.com,Bogota,Colombia,plata,2024-07-18
9034,Sofia Mendoza,sofia.mendoza9034@example.com,Guadalajara,Mexico,bronce,2023-05-21
9035,Ruben Diaz,ruben.diaz9035@example.com,Medellin,Colombia,bronce,2024-01-30
9036,Javier Fernandez,javier.fernandez9036@example.com,Madrid,Espana,bronce,2022-01-18
9037,Carmen Gomez,carmen.gomez9037@example.com,Guadalajara,Mexico,bronce,2023-10-18
9038,Sergio Gomez,sergio.gomez9038@example.com,Barcelona,Espana,oro,2022-05-27
9039,Alberto Ortiz,alberto.ortiz9039@example.com,Bogota,Colombia,oro,2024-09-22
9040,Laura Martinez,laura.martinez9040@example.com,Guadalajara,Mexico,bronce,2024-11-01
9041,Marta Mendoza,marta.mendoza9041@example.com,Lima,Peru,bronce,2022-06-14
9042,Luis Ortiz,luis.ortiz9042@example.com,Bogota,Colombia,bronce,2023-08-12
9043,Lucia Silva,lucia.silva9043@example.com,Bogota,Colombia,plata,2023-10-11
9044,Sofia Castro,sofia.castro9044@example.com,Bogota,Colombia,bronce,2024-04-21
9045,Alberto Mendoza,alberto.mendoza9045@example.com,Ciudad de Mexico,Mexico,platino,2023-06-20
9046,Sergio Garcia,sergio.garcia9046@example.com,Valencia,Espana,bronce,2024-08-24
9047,Julia Silva,julia.silva9047@example.com,Ciudad de Mexico,Mexico,platino,2023-01-14
9048,Ruben Ramirez,ruben.ramirez9048@example.com,Santiago,Chile,bronce,2022-12-17
9049,Sofia Navarro,sofia.navarro9049@example.com,Madrid,Espana,bronce,2024-03-09
9050,Marta Rodriguez,marta.rodriguez9050@example.com,Quito,Ecuador,bronce,2023-08-22
9051,Ana Ortiz,ana.ortiz9051@example.com,Ciudad de Mexico,Mexico,bronce,2022-03-31
9052,Pablo Vargas,pablo.vargas9052@example.com,Guadalajara,Mexico,platino,2023-12-14
9053,Ana Martinez,ana.martinez9053@example.com,Guadalajara,Mexico,bronce,2022-11-02
9054,Marta Ramirez,marta.ramirez9054@example.com,Quito,Ecuador,bronce,2024-07-10
9055,Alberto Garcia,alberto.garcia9055@example.com,Guadalajara,Mexico,platino,2024-07-04
9056,Andres Rodriguez,andres.rodriguez9056@example.com,Lima,Peru,bronce,2023-04-05
9057,Paula Ramirez,paula.ramirez9057@example.com,Bogota,Colombia,bronce,2024-07-23
9058,Laura Silva,laura.silva9058@example.com,Valencia,Espana,bronce,2024-11-08
9059,Alberto Martinez,alberto.martinez9059@example.com,Guadalajara,Mexico,bronce,2024-03-09
9060,Pablo Perez,pablo.perez9060@example.com,Barcelona,Espana,oro,2023-10-27
9061,Andres Fernandez,andres.fernandez9061@example.com,Barcelona,Espana,bronce,2024-10-18
9062,Sergio Ramirez,sergio.ramirez9062@example.com,Valencia,Espana,plata,2024-08-14
9063,Carmen Garcia,carmen.garcia9063@example.com,Bogota,Colombia,bronce,2023-06-08
9064,Elena Castro,elena.castro9064@example.com,Barcelona,Espana,bronce,2022-04-02
9065,Carmen Torres,carmen.torres9065@example.com,Buenos Aires,Argentina,plata,2023-10-20
9066,Andres Navarro,andres.navarro9066@example.com,Ciudad de Mexico,Mexico,plata,2023-05-23
9067,Ruben Gomez,ruben.gomez9067@example.com,Valencia,Espana,plata,2023-02-05
9068,Diego Torres,diego.torres9068@example.com,Bogota,Colombia,bronce,2022-07-16
9069,Lucia Rodriguez,lucia.rodriguez9069@example.com,Quito,Ecuador,bronce,2024-02-24
9070,Lucia Ortiz,lucia.ortiz9070@example.com,Lima,Peru,plata,2024-09-25
9071,Maria Silva,maria.silva9071@example.com,Barcelona,Espana,plata,2023-10-17
9072,Luis Fernandez,luis.fernandez9072@example.com,Guadalajara,Mexico,bronce,2022-09-15
9073,Ana Torres,ana.torres9073@example.com,Bogota,Colombia,bronce,2022-01-02
9074,Andres Mendoza,andres.mendoza9074@example.com,Medellin,Colombia,plata,2024-02-20
9075,Sofia Perez,sofia.perez9075@example.com,Guadalajara,Mexico,bronce,2022-06-22
9076,Ruben Sanchez,ruben.sanchez9076@example.com,Quito,Ecuador,plata,2022-03-10
9077,Marta Sanchez,marta.sanchez9077@example.com,Ciudad de Mexico,Mexico,plata,2022-08-04
9078,Maria Moreno,maria.moreno9078@example.com,Quito,Ecuador,bronce,2022-08-08
9079,Maria Sanchez,maria.sanchez9079@example.com,Santiago,Chile,bronce,2023-01-07
9080,Miguel Rodriguez,miguel.rodriguez9080@example.com,Santiago,Chile,bronce,2022-12-17
9081,Julia Lopez,julia.lopez9081@example.com,Santiago,Chile,plata,2022-08-05
9082,Ana Navarro,ana.navarro9082@example.com,Santiago,Chile,oro,2024-05-06
9083,Carlos Mendoza,carlos.mendoza9083@example.com,Bogota,Colombia,bronce,2024-06-23
9084,Ana Navarro,ana.navarro9084@example.com,Quito,Ecuador,bronce,2022-10-03
9085,Sofia Perez,sofia.perez9085@example.com,Quito,Ecuador,bronce,2023-02-08
9086,Alberto Diaz,alberto.diaz9086@example.com,Guadalajara,Mexico,plata,2024-06-13
9087,Andres Torres,andres.torres9087@example.com,Buenos Aires,Argentina,bronce,2024-11-09
9088,Diego Ramirez,diego.ramirez9088@example.com,Lima,Peru,plata,2024-05-13
9089,Maria Garcia,maria.garcia9089@example.com,Barcelona,Espana,bronce,2023-08-29
9090,Miguel Vargas,miguel.vargas9090@example.com,Madrid,Espana,bronce,2024-12-22
9091,Lucia Garcia,lucia.garcia9091@example.com,Quito,Ecuador,bronce,2024-03-07
9092,Javier Perez,javier.perez9092@example.com,Ciudad de Mexico,Mexico,oro,2024-01-12
9093,Marta Perez,marta.perez9093@example.com,Buenos Aires,Argentina,plata,2022-02-02
9094,Alberto Rojas,alberto.rojas9094@example.com,Ciudad de Mexico,Mexico,bronce,2023-11-29
9095,Laura Mendoza,laura.mendoza9095@example.com,Ciudad de Mexico,Mexico,bronce,2022-11-12
9096,Javier Rojas,javier.rojas9096@example.com,Madrid,Espana,oro,2023-10-21
9097,Maria Diaz,maria.diaz9097@example.com,Bogota,Colombia,oro,2023-09-20
9098,Marta Ramirez,marta.ramirez9098@example.com,Barcelona,Espana,bronce,2022-05-01
9099,Diego Ramirez,diego.ramirez9099@example.com,Cali,Colombia,plata,2023-05-21
9100,Javier Martinez,javier.martinez9100@example.com,Madrid,Espana,oro,2023-07-16
9101,Laura Navarro,laura.navarro9101@example.com,Santiago,Chile,bronce,2022-02-22
9102,Luis Ortiz,luis.ortiz9102@example.com,Bogota,Colombia,bronce,2024-07-21
9103,Diego Sanchez,diego.sanchez9103@example.com,Buenos Aires,Argentina,bronce,2024-10-23
9104,Andres Martinez,andres.martinez9104@example.com,Madrid,Espana,bronce,2022-01-23
9105,Laura Lopez,laura.lopez9105@example.com,Madrid,Espana,plata,2022-05-12
9106,Ana Castro,ana.castro9106@example.com,Cali,Colombia,bronce,2022-05-19
9107,Diego Garcia,diego.garcia9107@example.com,Santiago,Chile,bronce,2023-04-29
9108,Andres Martinez,andres.martinez9108@example.com,Santiago,Chile,bronce,2023-10-20
9109,Elena Castro,elena.castro9109@example.com,Ciudad de Mexico,Mexico,plata,2022-09-22
9110,Javier Martinez,javier.martinez9110@example.com,Guadalajara,Mexico,bronce,2024-07-16
9111,Carlos Rodriguez,carlos.rodriguez9111@example.com,Buenos Aires,Argentina,bronce,2022-12-07
9112,Marta Garcia,marta.garcia9112@example.com,Buenos Aires,Argentina,bronce,2022-12-03
9113,Ruben Moreno,ruben.moreno9113@example.com,Buenos Aires,Argentina,oro,2023-10-06
9114,Sergio Fernandez,sergio.fernandez9114@example.com,Madrid,Espana,bronce,2024-08-12
9115,Lucia Perez,lucia.perez9115@example.com,Cali,Colombia,bronce,2022-09-30
9116,Marta Castro,marta.castro9116@example.com,Lima,Peru,plata,2023-01-05
9117,Miguel Lopez,miguel.lopez9117@example.com,Cali,Colombia,bronce,2023-01-06
9118,Ana Ramirez,ana.ramirez9118@example.com,Barcelona,Espana,plata,2023-05-25
9119,Miguel Torres,miguel.torres9119@example.com,Guadalajara,Mexico,bronce,2023-04-15
9120,Marta Rojas,marta.rojas9120@example.com,Bogota,Colombia,oro,2024-11-09
9121,Carmen Castro,carmen.castro9121@example.com,Ciudad de Mexico,Mexico,bronce,2022-06-10
9122,Alberto Rojas,alberto.rojas9122@example.com,Ciudad de Mexico,Mexico,bronce,2023-04-03
9123,Alberto Sanchez,alberto.sanchez9123@example.com,Buenos Aires,Argentina,bronce,2022-10-05
9124,Laura Martinez,laura.martinez9124@example.com,Quito,Ecuador,oro,2023-10-19
9125,Ana Ramirez,ana.ramirez9125@example.com,Buenos Aires,Argentina,oro,2024-05-05
9126,Javier Rodriguez,javier.rodriguez9126@example.com,Quito,Ecuador,bronce,2024-10-21
9127,Ruben Torres,ruben.torres9127@example.com,Madrid,Espana,bronce,2023-04-25
9128,Paula Castro,paula.castro9128@example.com,Santiago,Chile,bronce,2022-10-17
9129,Luis Silva,luis.silva9129@example.com,Cali,Colombia,bronce,2024-11-21
9130,Carlos Rojas,carlos.rojas9130@example.com,Buenos Aires,Argentina,bronce,2022-04-11
9131,Pablo Navarro,pablo.navarro9131@example.com,Barcelona,Espana,oro,2022-05-24
9132,Andres Vargas,andres.vargas9132@example.com,Ciudad de Mexico,Mexico,bronce,2024-11-15
9133,Alberto Diaz,alberto.diaz9133@example.com,Madrid,Espana,oro,2024-08-28
9134,Sergio Sanchez,sergio.sanchez9134@example.com,Guadalajara,Mexico,bronce,2023-09-06
9135,Laura Rojas,laura.rojas9135@example.com,Valencia,Espana,oro,2022-12-26
9136,Ana Silva,ana.silva9136@example.com,Barcelona,Espana,bronce,2024-11-23
9137,Carmen Gomez,carmen.gomez9137@example.com,Madrid,Espana,bronce,2024-11-15
9138,Pablo Rodriguez,pablo.rodriguez9138@example.com,Bogota,Colombia,plata,2024-08-07
9139,Julia Garcia,julia.garcia9139@example.com,Quito,Ecuador,bronce,2024-04-25
9140,Pablo Castro,pablo.castro9140@example.com,Quito,Ecuador,oro,2023-10-14
9141,Lucia Rojas,lucia.rojas9141@example.com,Madrid,Espana,plata,2023-02-12
9142,Elena Martinez,elena.martinez9142@example.com,Quito,Ecuador,platino,2023-06-01
9143,Luis Garcia,luis.garcia9143@example.com,Guadalajara,Mexico,oro,2023-08-18
9144,Ruben Rojas,ruben.rojas9144@example.com,Bogota,Colombia,bronce,2023-06-10
9145,Paula Fernandez,paula.fernandez9145@example.com,Quito,Ecuador,bronce,2024-08-01
9146,Carlos Diaz,carlos.diaz9146@example.com,Valencia,Espana,plata,2022-07-01
9147,Marta Perez,marta.perez9147@example.com,Valencia,Espana,bronce,2022-04-01
9148,Miguel Moreno,miguel.moreno9148@example.com,Valencia,Espana,bronce,2023-05-12
9149,Sofia Moreno,sofia.moreno9149@example.com,Barcelona,Espana,bronce,2022-08-15
9150,Paula Rodriguez,paula.rodriguez9150@example.com,Cali,Colombia,plata,2024-06-18
9151,Paula Rodriguez,paula.rodriguez9151@example.com,Barcelona,Espana,bronce,2024-07-17
9152,Carlos Vargas,carlos.vargas9152@example.com,Valencia,Espana,bronce,2024-12-18
9153,Elena Castro,elena.castro9153@example.com,Medellin,Colombia,platino,2023-02-27
9154,Paula Martinez,paula.martinez9154@example.com,Guadalajara,Mexico,oro,2024-11-17
9155,Julia Lopez,julia.lopez9155@example.com,Lima,Peru,bronce,2022-04-21
9156,Luis Rojas,luis.rojas9156@example.com,Madrid,Espana,bronce,2024-11-19
9157,Paula Torres,paula.torres9157@example.com,Guadalajara,Mexico,plata,2022-09-27
9158,Diego Martinez,diego.martinez9158@example.com,Barcelona,Espana,bronce,2022-01-21
9159,Pablo Castro,pablo.castro9159@example.com,Quito,Ecuador,plata,2024-06-22
9160,Luis Rodriguez,luis.rodriguez9160@example.com,Bogota,Colombia,plata,2023-07-19
9161,Andres Sanchez,andres.sanchez9161@example.com,Lima,Peru,bronce,2023-03-29
9162,Andres Moreno,andres.moreno9162@example.com,Santiago,Chile,bronce,2022-08-08
9163,Andres Sanchez,andres.sanchez9163@example.com,Bogota,Colombia,bronce,2023-04-01
9164,Sergio Rodriguez,sergio.rodriguez9164@example.com,Bogota,Colombia,bronce,2023-11-05
9165,Julia Navarro,julia.navarro9165@example.com,Bogota,Colombia,plata,2022-06-07
9166,Paula Sanchez,paula.sanchez9166@example.com,Cali,Colombia,bronce,2024-11-01
9167,Marta Ramirez,marta.ramirez9167@example.com,Cali,Colombia,platino,2024-03-03
9168,Alberto Silva,alberto.silva9168@example.com,Guadalajara,Mexico,plata,2024-08-17
9169,Andres Navarro,andres.navarro9169@example.com,Cali,Colombia,bronce,2022-02-18
9170,Andres Silva,andres.silva9170@example.com,Santiago,Chile,bronce,2024-08-06
9171,Lucia Gomez,lucia.gomez9171@example.com,Cali,Colombia,bronce,2024-08-06
9172,Sergio Mendoza,sergio.mendoza9172@example.com,Bogota,Colombia,bronce,2023-02-05
9173,Luis Garcia,luis.garcia9173@example.com,Bogota,Colombia,plata,2023-09-16
9174,Lucia Gomez,lucia.gomez9174@example.com,Buenos Aires,Argentina,bronce,2023-07-03
9175,Sofia Lopez,sofia.lopez9175@example.com,Barcelona,Espana,bronce,2024-06-23
9176,Julia Ramirez,julia.ramirez9176@example.com,Bogota,Colombia,bronce,2022-11-05
9177,Luis Mendoza,luis.mendoza9177@example.com,Bogota,Colombia,bronce,2024-10-03
9178,Carmen Herrera,carmen.herrera9178@example.com,Guadalajara,Mexico,plata,2023-08-30
9179,Carlos Navarro,carlos.navarro9179@example.com,Barcelona,Espana,platino,2022-01-01
9180,Ruben Martinez,ruben.martinez9180@example.com,Cali,Colombia,plata,2022-11-29
9181,Ruben Herrera,ruben.herrera9181@example.com,Buenos Aires,Argentina,platino,2022-06-06
9182,Laura Moreno,laura.moreno9182@example.com,Quito,Ecuador,plata,2024-06-04
9183,Ruben Torres,ruben.torres9183@example.com,Cali,Colombia,bronce,2023-03-25
9184,Diego Rodriguez,diego.rodriguez9184@example.com,Quito,Ecuador,oro,2023-05-24
9185,Alberto Martinez,alberto.martinez9185@example.com,Guadalajara,Mexico,bronce,2023-01-19
9186,Marta Ortiz,marta.ortiz9186@example.com,Santiago,Chile,bronce,2024-02-06
9187,Ana Perez,ana.perez9187@example.com,Valencia,Espana,oro,2024-12-23
9188,Laura Castro,laura.castro9188@example.com,Lima,Peru,plata,2024-08-13
9189,Sofia Ortiz,sofia.ortiz9189@example.com,Bogota,Colombia,oro,2024-12-19
9190,Laura Torres,laura.torres9190@example.com,Barcelona,Espana,bronce,2022-11-25
9191,Maria Sanchez,maria.sanchez9191@example.com,Madrid,Espana,plata,2023-12-29
9192,Alberto Torres,alberto.torres9192@example.com,Guadalajara,Mexico,bronce,2023-11-13
9193,Ruben Sanchez,ruben.sanchez9193@example.com,Guadalajara,Mexico,bronce,2022-11-28
9194,Sofia Lopez,sofia.lopez9194@example.com,Valencia,Espana,oro,2024-07-15
9195,Laura Silva,laura.silva9195@example.com,Lima,Peru,bronce,2024-10-03
9196,Carlos Gomez,carlos.gomez9196@example.com,Bogota,Colombia,plata,2024-11-07
9197,Julia Rojas,julia.rojas9197@example.com,Guadalajara,Mexico,oro,2024-12-17
9198,Elena Moreno,elena.moreno9198@example.com,Ciudad de Mexico,Mexico,oro,2022-06-28
9199,Ana Ramirez,ana.ramirez9199@example.com,Guadalajara,Mexico,bronce,2022-06-11
9200,Miguel Ramirez,miguel.ramirez9200@example.com,Buenos Aires,Argentina,bronce,2024-01-17
9201,Diego Lopez,diego.lopez9201@example.com,Quito,Ecuador,oro,2024-03-05
9202,Carmen Ramirez,carmen.ramirez9202@example.com,Buenos Aires,Argentina,plata,2023-04-22
9203,Elena Herrera,elena.herrera9203@example.com,Lima,Peru,bronce,2022-06-28
9204,Julia Lopez,julia.lopez9204@example.com,Lima,Peru,bronce,2022-11-09
9205,Carmen Sanchez,carmen.sanchez9205@example.com,Medellin,Colombia,bronce,2022-05-21
9206,Alberto Rojas,alberto.rojas9206@example.com,Ciudad de Mexico,Mexico,platino,2022-06-22
9207,Miguel Navarro,miguel.navarro9207@example.com,Valencia,Espana,bronce,2022-07-25
9208,Andres Fernandez,andres.fernandez9208@example.com,Quito,Ecuador,plata,2023-10-03
9209,Miguel Silva,miguel.silva9209@example.com,Quito,Ecuador,bronce,2023-07-16
9210,Andres Lopez,andres.lopez9210@example.com,Lima,Peru,bronce,2023-01-01
9211,Marta Vargas,marta.vargas9211@example.com,Buenos Aires,Argentina,plata,2023-08-18
9212,Elena Ortiz,elena.ortiz9212@example.com,Lima,Peru,oro,2024-01-02
9213,Julia Diaz,julia.diaz9213@example.com,Santiago,Chile,bronce,2022-04-17
9214,Ruben Ramirez,ruben.ramirez9214@example.com,Valencia,Espana,bronce,2022-11-04
9215,Ruben Lopez,ruben.lopez9215@example.com,Bogota,Colombia,plata,2022-08-09
9216,Laura Ramirez,laura.ramirez9216@example.com,Ciudad de Mexico,Mexico,bronce,2022-01-01
9217,Marta Vargas,marta.vargas9217@example.com,Cali,Colombia,bronce,2022-05-08
9218,Maria Navarro,maria.navarro9218@example.com,Buenos Aires,Argentina,plata,2024-04-20
9219,Maria Sanchez,maria.sanchez9219@example.com,Buenos Aires,Argentina,bronce,2024-08-16
9220,Alberto Fernandez,alberto.fernandez9220@example.com,Quito,Ecuador,plata,2022-06-26
9221,Carlos Castro,carlos.castro9221@example.com,Santiago,Chile,bronce,2024-04-20
9222,Ruben Ortiz,ruben.ortiz9222@example.com,Madrid,Espana,plata,2022-10-04
9223,Sofia Sanchez,sofia.sanchez9223@example.com,Medellin,Colombia,oro,2022-06-03
9224,Elena Rojas,elena.rojas9224@example.com,Bogota,Colombia,oro,2022-09-15
9225,Luis Mendoza,luis.mendoza9225@example.com,Guadalajara,Mexico,plata,2024-10-03
9226,Andres Castro,andres.castro9226@example.com,Medellin,Colombia,plata,2023-01-10
9227,Marta Diaz,marta.diaz9227@example.com,Quito,Ecuador,bronce,2024-03-22
9228,Diego Sanchez,diego.sanchez9228@example.com,Bogota,Colombia,bronce,2023-06-16
9229,Paula Perez,paula.perez9229@example.com,Cali,Colombia,bronce,2023-04-23
9230,Elena Rodriguez,elena.rodriguez9230@example.com,Santiago,Chile,plata,2024-06-08
9231,Pablo Lopez,pablo.lopez9231@example.com,Medellin,Colombia,bronce,2024-12-21
9232,Javier Diaz,javier.diaz9232@example.com,Madrid,Espana,bronce,2023-12-13
9233,Pablo Martinez,pablo.martinez9233@example.com,Bogota,Colombia,bronce,2024-07-19
9234,Maria Garcia,maria.garcia9234@example.com,Medellin,Colombia,plata,2022-06-09
9235,Diego Rojas,diego.rojas9235@example.com,Guadalajara,Mexico,bronce,2024-09-13
9236,Lucia Rodriguez,lucia.rodriguez9236@example.com,Buenos Aires,Argentina,bronce,2022-07-21
9237,Pablo Martinez,pablo.martinez9237@example.com,Ciudad de Mexico,Mexico,plata,2022-07-28
9238,Sofia Vargas,sofia.vargas9238@example.com,Medellin,Colombia,oro,2024-07-16
9239,Carmen Ortiz,carmen.ortiz9239@example.com,Ciudad de Mexico,Mexico,plata,2023-06-13
9240,Lucia Moreno,lucia.moreno9240@example.com,Barcelona,Espana,bronce,2022-10-01
9241,Javier Garcia,javier.garcia9241@example.com,Valencia,Espana,oro,2022-01-30
9242,Laura Lopez,laura.lopez9242@example.com,Guadalajara,Mexico,bronce,2022-08-28
9243,Carmen Moreno,carmen.moreno9243@example.com,Lima,Peru,bronce,2024-06-21
9244,Julia Moreno,julia.moreno9244@example.com,Ciudad de Mexico,Mexico,bronce,2022-01-04
9245,Sergio Fernandez,sergio.fernandez9245@example.com,Madrid,Espana,bronce,2024-10-04
9246,Carmen Ortiz,carmen.ortiz9246@example.com,Quito,Ecuador,plata,2024-04-27
9247,Julia Mendoza,julia.mendoza9247@example.com,Bogota,Colombia,bronce,2022-08-13
9248,Ruben Moreno,ruben.moreno9248@example.com,Buenos Aires,Argentina,oro,2024-03-19
9249,Lucia Moreno,lucia.moreno9249@example.com,Lima,Peru,plata,2023-07-22
9250,Maria Herrera,maria.herrera9250@example.com,Quito,Ecuador,bronce,2023-01-16
9251,Carmen Martinez,carmen.martinez9251@example.com,Barcelona,Espana,bronce,2023-07-08
9252,Carmen Moreno,carmen.moreno9252@example.com,Valencia,Espana,plata,2022-01-09
9253,Javier Ortiz,javier.ortiz9253@example.com,Guadalajara,Mexico,bronce,2024-08-22
9254,Paula Sanchez,paula.sanchez9254@example.com,Santiago,Chile,bronce,2024-05-10
9255,Ruben Garcia,ruben.garcia9255@example.com,Lima,Peru,bronce,2022-07-16
9256,Elena Fernandez,elena.fernandez9256@example.com,Ciudad de Mexico,Mexico,bronce,2022-04-19
9257,Diego Perez,diego.perez9257@example.com,Barcelona,Espana,bronce,2023-04-09
9258,Carlos Ortiz,carlos.ortiz9258@example.com,Buenos Aires,Argentina,oro,2023-05-20
9259,Carlos Diaz,carlos.diaz9259@example.com,Buenos Aires,Argentina,bronce,2024-04-25
9260,Javier Rojas,javier.rojas9260@example.com,Cali,Colombia,bronce,2024-07-08
9261,Miguel Navarro,miguel.navarro9261@example.com,Guadalajara,Mexico,plata,2022-03-11
9262,Javier Herrera,javier.herrera9262@example.com,Valencia,Espana,oro,2022-09-25
9263,Carlos Moreno,carlos.moreno9263@example.com,Santiago,Chile,plata,2023-10-05
9264,Sofia Navarro,sofia.navarro9264@example.com,Madrid,Espana,bronce,2023-02-20
9265,Carmen Rojas,carmen.rojas9265@example.com,Lima,Peru,platino,2024-12-20
9266,Elena Sanchez,elena.sanchez9266@example.com,Lima,Peru,bronce,2023-12-25
9267,Lucia Moreno,lucia.moreno9267@example.com,Buenos Aires,Argentina,bronce,2022-12-20
9268,Javier Gomez,javier.gomez9268@example.com,Santiago,Chile,plata,2024-01-08
9269,Marta Gomez,marta.gomez9269@example.com,Lima,Peru,bronce,2023-04-17
9270,Carmen Castro,carmen.castro9270@example.com,Barcelona,Espana,plata,2023-05-22
9271,Alberto Gomez,alberto.gomez9271@example.com,Ciudad de Mexico,Mexico,platino,2024-02-22
9272,Luis Garcia,luis.garcia9272@example.com,Guadalajara,Mexico,bronce,2023-04-20
9273,Ruben Navarro,ruben.navarro9273@example.com,Quito,Ecuador,bronce,2024-02-02
9274,Elena Vargas,elena.vargas9274@example.com,Buenos Aires,Argentina,bronce,2023-04-05
9275,Luis Rojas,luis.rojas9275@example.com,Guadalajara,Mexico,bronce,2023-10-13
9276,Andres Silva,andres.silva9276@example.com,Ciudad de Mexico,Mexico,plata,2023-06-17
9277,Carlos Castro,carlos.castro9277@example.com,Barcelona,Espana,platino,2023-09-21
9278,Carlos Castro,carlos.castro9278@example.com,Bogota,Colombia,plata,2023-01-15
9279,Alberto Herrera,alberto.herrera9279@example.com,Cali,Colombia,platino,2022-05-12
9280,Laura Perez,laura.perez9280@example.com,Lima,Peru,bronce,2022-10-08
9281,Lucia Silva,lucia.silva9281@example.com,Lima,Peru,bronce,2023-01-25
9282,Laura Moreno,laura.moreno9282@example.com,Guadalajara,Mexico,bronce,2022-12-13
9283,Maria Lopez,maria.lopez9283@example.com,Barcelona,Espana,plata,2023-04-07
9284,Ana Martinez,ana.martinez9284@example.com,Buenos Aires,Argentina,bronce,2023-06-08
9285,Ana Mendoza,ana.mendoza9285@example.com,Cali,Colombia,bronce,2022-10-03
9286,Diego Mendoza,diego.mendoza9286@example.com,Guadalajara,Mexico,bronce,2023-02-23
9287,Sofia Navarro,sofia.navarro9287@example.com,Cali,Colombia,bronce,2022-11-06
9288,Ana Martinez,ana.martinez9288@example.com,Buenos Aires,Argentina,plata,2023-10-04
9289,Elena Mendoza,elena.mendoza9289@example.com,Valencia,Espana,oro,2023-06-06
9290,Javier Mendoza,javier.mendoza9290@example.com,Barcelona,Espana,bronce,2023-11-23
9291,Pablo Herrera,pablo.herrera9291@example.com,Valencia,Espana,bronce,2023-04-18
9292,Alberto Torres,alberto.torres9292@example.com,Quito,Ecuador,bronce,2024-12-26
9293,Andres Ramirez,andres.ramirez9293@example.com,Madrid,Espana,bronce,2023-06-15
9294,Julia Diaz,julia.diaz9294@example.com,Bogota,Colombia,bronce,2023-11-05
9295,Carlos Garcia,carlos.garcia9295@example.com,Medellin,Colombia,plata,2023-04-30
9296,Laura Ramirez,laura.ramirez9296@example.com,Lima,Peru,plata,2024-03-15
9297,Sergio Sanchez,sergio.sanchez9297@example.com,Medellin,Colombia,plata,2023-09-04
9298,Elena Sanchez,elena.sanchez9298@example.com,Lima,Peru,oro,2022-04-18
9299,Paula Rodriguez,paula.rodriguez9299@example.com,Quito,Ecuador,bronce,2024-03-09
9300,Diego Torres,diego.torres9300@example.com,Guadalajara,Mexico,plata,2024-04-12
9301,Laura Garcia,laura.garcia9301@example.com,Medellin,Colombia,plata,2023-03-17
9302,Paula Silva,paula.silva9302@example.com,Guadalajara,Mexico,bronce,2023-07-12
9303,Pablo Mendoza,pablo.mendoza9303@example.com,Buenos Aires,Argentina,bronce,2022-01-12
9304,Paula Silva,paula.silva9304@example.com,Barcelona,Espana,bronce,2024-08-06
9305,Diego Gomez,diego.gomez9305@example.com,Santiago,Chile,bronce,2024-05-02
9306,Maria Lopez,maria.lopez9306@example.com,Cali,Colombia,bronce,2024-11-29
9307,Andres Ramirez,andres.ramirez9307@example.com,Lima,Peru,bronce,2023-10-19
9308,Maria Rojas,maria.rojas9308@example.com,Guadalajara,Mexico,oro,2022-09-10
9309,Andres Garcia,andres.garcia9309@example.com,Lima,Peru,oro,2022-11-14
9310,Sofia Mendoza,sofia.mendoza9310@example.com,Madrid,Espana,plata,2024-10-13
9311,Sergio Diaz,sergio.diaz9311@example.com,Madrid,Espana,plata,2022-02-17
9312,Ruben Silva,ruben.silva9312@example.com,Barcelona,Espana,platino,2024-01-06
9313,Sofia Rodriguez,sofia.rodriguez9313@example.com,Lima,Peru,bronce,2022-03-16
9314,Ruben Diaz,ruben.diaz9314@example.com,Quito,Ecuador,bronce,2024-03-20
9315,Maria Torres,maria.torres9315@example.com,Quito,Ecuador,plata,2023-09-29
9316,Maria Garcia,maria.garcia9316@example.com,Bogota,Colombia,oro,2023-06-02
9317,Alberto Moreno,alberto.moreno9317@example.com,Bogota,Colombia,plata,2024-02-06
9318,Pablo Ortiz,pablo.ortiz9318@example.com,Medellin,Colombia,bronce,2023-01-24
9319,Diego Ramirez,diego.ramirez9319@example.com,Santiago,Chile,plata,2023-09-20
9320,Carlos Fernandez,carlos.fernandez9320@example.com,Bogota,Colombia,bronce,2024-05-26
9321,Javier Castro,javier.castro9321@example.com,Ciudad de Mexico,Mexico,bronce,2023-05-17
9322,Andres Fernandez,andres.fernandez9322@example.com,Guadalajara,Mexico,bronce,2022-01-25
9323,Paula Fernandez,paula.fernandez9323@example.com,Medellin,Colombia,plata,2024-12-24
9324,Julia Herrera,julia.herrera9324@example.com,Cali,Colombia,bronce,2023-08-15
9325,Sofia Vargas,sofia.vargas9325@example.com,Guadalajara,Mexico,bronce,2023-04-16
9326,Diego Perez,diego.perez9326@example.com,Santiago,Chile,plata,2022-03-22
9327,Carlos Diaz,carlos.diaz9327@example.com,Valencia,Espana,bronce,2022-04-10
9328,Luis Silva,luis.silva9328@example.com,Ciudad de Mexico,Mexico,oro,2022-10-06
9329,Sofia Ramirez,sofia.ramirez9329@example.com,Barcelona,Espana,bronce,2024-10-07
9330,Pablo Rodriguez,pablo.rodriguez9330@example.com,Madrid,Espana,plata,2024-03-05
9331,Maria Mendoza,maria.mendoza9331@example.com,Guadalajara,Mexico,bronce,2023-03-29
9332,Sofia Moreno,sofia.moreno9332@example.com,Cali,Colombia,platino,2024-04-06
9333,Carmen Perez,carmen.perez9333@example.com,Bogota,Colombia,oro,2023-03-06
9334,Paula Navarro,paula.navarro9334@example.com,Madrid,Espana,bronce,2024-08-31
9335,Julia Navarro,julia.navarro9335@example.com,Quito,Ecuador,plata,2022-12-25
9336,Elena Navarro,elena.navarro9336@example.com,Santiago,Chile,plata,2024-02-23
9337,Miguel Fernandez,miguel.fernandez9337@example.com,Quito,Ecuador,bronce,2023-04-23
9338,Ruben Ortiz,ruben.ortiz9338@example.com,Barcelona,Espana,plata,2024-01-09
9339,Andres Silva,andres.silva9339@example.com,Madrid,Espana,oro,2022-07-24
9340,Javier Mendoza,javier.mendoza9340@example.com,Valencia,Espana,bronce,2024-10-31
9341,Andres Ramirez,andres.ramirez9341@example.com,Barcelona,Espana,oro,2022-11-10
9342,Carlos Perez,carlos.perez9342@example.com,Cali,Colombia,bronce,2023-08-12
9343,Sofia Sanchez,sofia.sanchez9343@example.com,Guadalajara,Mexico,oro,2024-01-23
9344,Elena Navarro,elena.navarro9344@example.com,Valencia,Espana,platino,2023-12-18
9345,Alberto Ramirez,alberto.ramirez9345@example.com,Medellin,Colombia,bronce,2023-08-31
9346,Ana Ortiz,ana.ortiz9346@example.com,Ciudad de Mexico,Mexico,bronce,2024-08-08
9347,Ruben Vargas,ruben.vargas9347@example.com,Bogota,Colombia,plata,2024-11-27
9348,Javier Ramirez,javier.ramirez9348@example.com,Cali,Colombia,oro,2024-04-16
9349,Ana Rodriguez,ana.rodriguez9349@example.com,Guadalajara,Mexico,bronce,2022-07-22
9350,Andres Diaz,andres.diaz9350@example.com,Quito,Ecuador,bronce,2024-04-23
9351,Andres Vargas,andres.vargas9351@example.com,Bogota,Colombia,plata,2023-07-06
9352,Maria Martinez,maria.martinez9352@example.com,Barcelona,Espana,bronce,2023-08-11
9353,Ana Lopez,ana.lopez9353@example.com,Lima,Peru,plata,2024-10-27
9354,Maria Vargas,maria.vargas9354@example.com,Ciudad de Mexico,Mexico,plata,2023-08-01
9355,Sofia Sanchez,sofia.sanchez9355@example.com,Cali,Colombia,platino,2024-07-20
9356,Maria Moreno,maria.moreno9356@example.com,Buenos Aires,Argentina,bronce,2023-12-12
9357,Marta Torres,marta.torres9357@example.com,Quito,Ecuador,oro,2022-04-06
9358,Luis Diaz,luis.diaz9358@example.com,Barcelona,Espana,plata,2024-02-07
9359,Sergio Martinez,sergio.martinez9359@example.com,Lima,Peru,oro,2023-06-26
9360,Ruben Diaz,ruben.diaz9360@example.com,Guadalajara,Mexico,bronce,2023-08-21
9361,Marta Ramirez,marta.ramirez9361@example.com,Guadalajara,Mexico,plata,2022-11-28
9362,Julia Vargas,julia.vargas9362@example.com,Lima,Peru,oro,2022-07-23
9363,Julia Perez,julia.perez9363@example.com,Bogota,Colombia,plata,2024-03-25
9364,Ana Garcia,ana.garcia9364@example.com,Santiago,Chile,bronce,2022-09-30
9365,Elena Ortiz,elena.ortiz9365@example.com,Ciudad de Mexico,Mexico,bronce,2022-04-13
9366,Sergio Navarro,sergio.navarro9366@example.com,Quito,Ecuador,bronce,2023-06-24
9367,Elena Ortiz,elena.ortiz9367@example.com,Cali,Colombia,bronce,2024-02-19
9368,Marta Perez,marta.perez9368@example.com,Buenos Aires,Argentina,plata,2022-08-12
9369,Sergio Castro,sergio.castro9369@example.com,Cali,Colombia,platino,2023-02-01
9370,Alberto Martinez,alberto.martinez9370@example.com,Medellin,Colombia,plata,2023-04-09
9371,Elena Ortiz,elena.ortiz9371@example.com,Medellin,Colombia,bronce,2024-10-08
9372,Elena Garcia,elena.garcia9372@example.com,Quito,Ecuador,bronce,2022-06-11
9373,Ana Torres,ana.torres9373@example.com,Lima,Peru,bronce,2024-10-02
9374,Javier Mendoza,javier.mendoza9374@example.com,Valencia,Espana,bronce,2022-06-10
9375,Javier Moreno,javier.moreno9375@example.com,Lima,Peru,oro,2023-09-26
9376,Diego Mendoza,diego.mendoza9376@example.com,Guadalajara,Mexico,bronce,2024-07-12
9377,Sofia Torres,sofia.torres9377@example.com,Barcelona,Espana,bronce,2024-09-17
9378,Ruben Rodriguez,ruben.rodriguez9378@example.com,Santiago,Chile,plata,2023-08-17
9379,Sergio Garcia,sergio.garcia9379@example.com,Barcelona,Espana,bronce,2023-06-24
9380,Marta Lopez,marta.lopez9380@example.com,Lima,Peru,bronce,2024-05-04
9381,Ana Rodriguez,ana.rodriguez9381@example.com,Cali,Colombia,bronce,2024-09-22
9382,Diego Diaz,diego.diaz9382@example.com,Lima,Peru,bronce,2022-01-13
9383,Marta Rodriguez,marta.rodriguez9383@example.com,Cali,Colombia,plata,2022-10-14
9384,Laura Lopez,laura.lopez9384@example.com,Barcelona,Espana,bronce,2022-11-09
9385,Sofia Diaz,sofia.diaz9385@example.com,Santiago,Chile,plata,2024-07-01
9386,Marta Moreno,marta.moreno9386@example.com,Buenos Aires,Argentina,bronce,2022-01-20
9387,Sergio Rojas,sergio.rojas9387@example.com,Bogota,Colombia,bronce,2022-05-18
9388,Ruben Rodriguez,ruben.rodriguez9388@example.com,Valencia,Espana,plata,2022-01-04
9389,Sofia Ortiz,sofia.ortiz9389@example.com,Lima,Peru,bronce,2024-11-09
9390,Miguel Ramirez,miguel.ramirez9390@example.com,Santiago,Chile,bronce,2022-02-05
9391,Miguel Gomez,miguel.gomez9391@example.com,Bogota,Colombia,bronce,2022-10-18
9392,Andres Fernandez,andres.fernandez9392@example.com,Buenos Aires,Argentina,bronce,2023-07-26
9393,Sofia Silva,sofia.silva9393@example.com,Valencia,Espana,bronce,2023-01-17
9394,Sofia Torres,sofia.torres9394@example.com,Valencia,Espana,platino,2022-04-10
9395,Carlos Sanchez,carlos.sanchez9395@example.com,Guadalajara,Mexico,bronce,2023-03-29
9396,Diego Diaz,diego.diaz9396@example.com,Santiago,Chile,bronce,2024-05-24
9397,Laura Rodriguez,laura.rodriguez9397@example.com,Quito,Ecuador,bronce,2022-11-13
9398,Lucia Lopez,lucia.lopez9398@example.com,Cali,Colombia,bronce,2023-07-20
9399,Ruben Gomez,ruben.gomez9399@example.com,Barcelona,Espana,plata,2023-05-30
9400,Sergio Sanchez,sergio.sanchez9400@example.com,Ciudad de Mexico,Mexico,plata,2022-09-26
9401,Diego Gomez,diego.gomez9401@example.com,Buenos Aires,Argentina,platino,2022-01-03
9402,Alberto Rodriguez,alberto.rodriguez9402@example.com,Quito,Ecuador,bronce,2024-07-07
9403,Alberto Castro,alberto.castro9403@example.com,Barcelona,Espana,bronce,2024-12-24
9404,Sofia Martinez,sofia.martinez9404@example.com,Guadalajara,Mexico,plata,2023-07-13
9405,Sergio Sanchez,sergio.sanchez9405@example.com,Ciudad de Mexico,Mexico,bronce,2024-06-28
9406,Elena Navarro,elena.navarro9406@example.com,Guadalajara,Mexico,bronce,2023-01-20
9407,Ruben Garcia,ruben.garcia9407@example.com,Barcelona,Espana,bronce,2024-10-29
9408,Miguel Perez,miguel.perez9408@example.com,Madrid,Espana,bronce,2023-09-14
9409,Javier Ramirez,javier.ramirez9409@example.com,Guadalajara,Mexico,oro,2024-05-26
9410,Maria Gomez,maria.gomez9410@example.com,Valencia,Espana,oro,2024-01-07
9411,Paula Gomez,paula.gomez9411@example.com,Guadalajara,Mexico,plata,2024-10-08
9412,Javier Martinez,javier.martinez9412@example.com,Madrid,Espana,bronce,2023-09-04
9413,Paula Diaz,paula.diaz9413@example.com,Santiago,Chile,plata,2024-07-16
9414,Luis Herrera,luis.herrera9414@example.com,Bogota,Colombia,plata,2024-10-18
9415,Lucia Vargas,lucia.vargas9415@example.com,Cali,Colombia,plata,2024-04-12
9416,Sofia Ortiz,sofia.ortiz9416@example.com,Medellin,Colombia,bronce,2023-01-23
9417,Sofia Rojas,sofia.rojas9417@example.com,Cali,Colombia,platino,2022-04-10
9418,Carlos Herrera,carlos.herrera9418@example.com,Ciudad de Mexico,Mexico,bronce,2023-03-25
9419,Luis Diaz,luis.diaz9419@example.com,Guadalajara,Mexico,plata,2024-01-29
9420,Elena Castro,elena.castro9420@example.com,Buenos Aires,Argentina,oro,2024-07-29
9421,Diego Vargas,diego.vargas9421@example.com,Quito,Ecuador,oro,2024-04-22
9422,Sergio Silva,sergio.silva9422@example.com,Valencia,Espana,oro,2023-11-30
9423,Diego Ramirez,diego.ramirez9423@example.com,Lima,Peru,bronce,2023-08-11
9424,Laura Diaz,laura.diaz9424@example.com,Guadalajara,Mexico,plata,2024-11-24
9425,Javier Rodriguez,javier.rodriguez9425@example.com,Bogota,Colombia,bronce,2022-09-25
9426,Carmen Mendoza,carmen.mendoza9426@example.com,Quito,Ecuador,plata,2024-05-17
9427,Sofia Diaz,sofia.diaz9427@example.com,Buenos Aires,Argentina,bronce,2023-08-27
9428,Julia Herrera,julia.herrera9428@example.com,Valencia,Espana,bronce,2023-07-16
9429,Sofia Rojas,sofia.rojas9429@example.com,Valencia,Espana,oro,2023-03-14
9430,Pablo Garcia,pablo.garcia9430@example.com,Guadalajara,Mexico,oro,2023-11-27
9431,Luis Rojas,luis.rojas9431@example.com,Buenos Aires,Argentina,bronce,2024-12-30
9432,Carlos Torres,carlos.torres9432@example.com,Madrid,Espana,bronce,2023-03-21
9433,Ruben Sanchez,ruben.sanchez9433@example.com,Guadalajara,Mexico,bronce,2022-05-04
9434,Elena Perez,elena.perez9434@example.com,Ciudad de Mexico,Mexico,bronce,2022-05-20
9435,Sofia Castro,sofia.castro9435@example.com,Quito,Ecuador,bronce,2022-07-13
9436,Pablo Rodriguez,pablo.rodriguez9436@example.com,Buenos Aires,Argentina,oro,2023-03-22
9437,Luis Castro,luis.castro9437@example.com,Lima,Peru,bronce,2022-01-05
9438,Lucia Silva,lucia.silva9438@example.com,Madrid,Espana,bronce,2022-11-05
9439,Elena Rodriguez,elena.rodriguez9439@example.com,Santiago,Chile,plata,2024-02-01
9440,Maria Garcia,maria.garcia9440@example.com,Medellin,Colombia,bronce,2024-01-13
9441,Sofia Rodriguez,sofia.rodriguez9441@example.com,Ciudad de Mexico,Mexico,bronce,2024-01-03
9442,Sofia Moreno,sofia.moreno9442@example.com,Lima,Peru,bronce,2024-01-03
9443,Carlos Silva,carlos.silva9443@example.com,Lima,Peru,bronce,2022-03-25
9444,Lucia Navarro,lucia.navarro9444@example.com,Valencia,Espana,bronce,2024-10-23
9445,Marta Garcia,marta.garcia9445@example.com,Valencia,Espana,plata,2022-11-23
9446,Javier Torres,javier.torres9446@example.com,Buenos Aires,Argentina,bronce,2022-03-29
9447,Alberto Garcia,alberto.garcia9447@example.com,Lima,Peru,oro,2024-06-07
9448,Carmen Fernandez,carmen.fernandez9448@example.com,Guadalajara,Mexico,oro,2023-05-27
9449,Sergio Gomez,sergio.gomez9449@example.com,Madrid,Espana,oro,2023-01-15
9450,Luis Castro,luis.castro9450@example.com,Barcelona,Espana,platino,2023-03-13
9451,Sergio Ortiz,sergio.ortiz9451@example.com,Buenos Aires,Argentina,oro,2023-10-01
9452,Elena Silva,elena.silva9452@example.com,Buenos Aires,Argentina,oro,2023-08-01
9453,Marta Rodriguez,marta.rodriguez9453@example.com,Lima,Peru,bronce,2022-01-16
9454,Paula Sanchez,paula.sanchez9454@example.com,Ciudad de Mexico,Mexico,bronce,2022-05-11
9455,Javier Perez,javier.perez9455@example.com,Cali,Colombia,plata,2024-11-03
9456,Javier Perez,javier.perez9456@example.com,Barcelona,Espana,oro,2023-06-23
9457,Luis Fernandez,luis.fernandez9457@example.com,Santiago,Chile,oro,2024-12-18
9458,Carmen Castro,carmen.castro9458@example.com,Quito,Ecuador,plata,2023-12-21
9459,Sergio Moreno,sergio.moreno9459@example.com,Madrid,Espana,oro,2024-03-18
9460,Sofia Ortiz,sofia.ortiz9460@example.com,Cali,Colombia,plata,2022-12-10
9461,Carlos Moreno,carlos.moreno9461@example.com,Medellin,Colombia,plata,2024-07-06
9462,Elena Perez,elena.perez9462@example.com,Buenos Aires,Argentina,bronce,2023-12-14
9463,Sofia Lopez,sofia.lopez9463@example.com,Santiago,Chile,bronce,2024-04-03
9464,Julia Fernandez,julia.fernandez9464@example.com,Valencia,Espana,bronce,2022-10-18
9465,Maria Herrera,maria.herrera9465@example.com,Quito,Ecuador,bronce,2023-10-05
9466,Elena Navarro,elena.navarro9466@example.com,Barcelona,Espana,bronce,2023-02-09
9467,Carmen Fernandez,carmen.fernandez9467@example.com,Santiago,Chile,bronce,2024-09-22
9468,Laura Lopez,laura.lopez9468@example.com,Buenos Aires,Argentina,oro,2024-09-20
9469,Ruben Garcia,ruben.garcia9469@example.com,Barcelona,Espana,bronce,2023-01-22
9470,Julia Rodriguez,julia.rodriguez9470@example.com,Buenos Aires,Argentina,plata,2022-01-28
9471,Miguel Castro,miguel.castro9471@example.com,Bogota,Colombia,bronce,2022-10-01
9472,Marta Vargas,marta.vargas9472@example.com,Bogota,Colombia,oro,2022-10-26
9473,Sergio Castro,sergio.castro9473@example.com,Barcelona,Espana,bronce,2022-01-22
9474,Andres Garcia,andres.garcia9474@example.com,Buenos Aires,Argentina,plata,2024-10-21
9475,Carlos Diaz,carlos.diaz9475@example.com,Santiago,Chile,plata,2023-05-26
9476,Ana Lopez,ana.lopez9476@example.com,Ciudad de Mexico,Mexico,bronce,2022-06-11
9477,Elena Gomez,elena.gomez9477@example.com,Santiago,Chile,plata,2023-10-30
9478,Maria Castro,maria.castro9478@example.com,Medellin,Colombia,plata,2023-03-12
9479,Javier Perez,javier.perez9479@example.com,Ciudad de Mexico,Mexico,oro,2022-07-11
9480,Carmen Rojas,carmen.rojas9480@example.com,Santiago,Chile,bronce,2023-05-13
9481,Pablo Perez,pablo.perez9481@example.com,Cali,Colombia,oro,2023-10-18
9482,Laura Ramirez,laura.ramirez9482@example.com,Guadalajara,Mexico,bronce,2023-12-16
9483,Ana Torres,ana.torres9483@example.com,Barcelona,Espana,bronce,2022-09-04
9484,Laura Fernandez,laura.fernandez9484@example.com,Ciudad de Mexico,Mexico,bronce,2023-11-01
9485,Diego Martinez,diego.martinez9485@example.com,Lima,Peru,bronce,2024-05-17
9486,Sergio Vargas,sergio.vargas9486@example.com,Santiago,Chile,bronce,2023-11-18
9487,Miguel Navarro,miguel.navarro9487@example.com,Bogota,Colombia,oro,2024-11-07
9488,Javier Castro,javier.castro9488@example.com,Ciudad de Mexico,Mexico,plata,2024-10-26
9489,Pablo Moreno,pablo.moreno9489@example.com,Guadalajara,Mexico,platino,2023-06-27
9490,Luis Silva,luis.silva9490@example.com,Quito,Ecuador,bronce,2023-03-07
9491,Laura Garcia,laura.garcia9491@example.com,Santiago,Chile,plata,2023-05-16
9492,Ana Herrera,ana.herrera9492@example.com,Santiago,Chile,bronce,2023-06-21
9493,Lucia Sanchez,lucia.sanchez9493@example.com,Santiago,Chile,bronce,2022-07-09
9494,Sofia Rojas,sofia.rojas9494@example.com,Medellin,Colombia,bronce,2024-11-21
9495,Pablo Navarro,pablo.navarro9495@example.com,Medellin,Colombia,plata,2023-09-15
9496,Carmen Mendoza,carmen.mendoza9496@example.com,Cali,Colombia,plata,2022-05-21
9497,Miguel Diaz,miguel.diaz9497@example.com,Cali,Colombia,bronce,2024-09-15
9498,Ruben Silva,ruben.silva9498@example.com,Quito,Ecuador,bronce,2024-11-04
9499,Julia Castro,julia.castro9499@example.com,Lima,Peru,bronce,2023-09-07
9500,Maria Martinez,maria.martinez9500@example.com,Lima,Peru,bronce,2024-11-04
9501,Julia Sanchez,julia.sanchez9501@example.com,Guadalajara,Mexico,plata,2024-11-29
9502,Carlos Navarro,carlos.navarro9502@example.com,Valencia,Espana,bronce,2024-11-10
9503,Laura Ortiz,laura.ortiz9503@example.com,Barcelona,Espana,oro,2024-11-21
9504,Lucia Mendoza,lucia.mendoza9504@example.com,Bogota,Colombia,platino,2022-03-15
9505,Ana Fernandez,ana.fernandez9505@example.com,Guadalajara,Mexico,bronce,2022-02-03
9506,Miguel Gomez,miguel.gomez9506@example.com,Medellin,Colombia,oro,2023-09-25
9507,Carlos Silva,carlos.silva9507@example.com,Guadalajara,Mexico,plata,2024-03-30
9508,Diego Garcia,diego.garcia9508@example.com,Lima,Peru,bronce,2024-07-06
9509,Paula Mendoza,paula.mendoza9509@example.com,Medellin,Colombia,oro,2023-12-04
9510,Julia Castro,julia.castro9510@example.com,Quito,Ecuador,bronce,2022-12-10
9511,Laura Castro,laura.castro9511@example.com,Ciudad de Mexico,Mexico,plata,2024-10-18
9512,Lucia Diaz,lucia.diaz9512@example.com,Santiago,Chile,plata,2023-10-09
9513,Diego Navarro,diego.navarro9513@example.com,Madrid,Espana,oro,2024-01-17
9514,Sofia Moreno,sofia.moreno9514@example.com,Bogota,Colombia,plata,2022-10-08
9515,Carmen Rodriguez,carmen.rodriguez9515@example.com,Quito,Ecuador,oro,2024-04-10
9516,Alberto Ramirez,alberto.ramirez9516@example.com,Lima,Peru,bronce,2022-05-22
9517,Sofia Mendoza,sofia.mendoza9517@example.com,Ciudad de Mexico,Mexico,platino,2024-08-11
9518,Luis Rodriguez,luis.rodriguez9518@example.com,Madrid,Espana,plata,2024-07-22
9519,Julia Moreno,julia.moreno9519@example.com,Madrid,Espana,plata,2024-01-18
9520,Julia Sanchez,julia.sanchez9520@example.com,Cali,Colombia,oro,2024-12-10
9521,Elena Ramirez,elena.ramirez9521@example.com,Lima,Peru,bronce,2024-09-23
9522,Lucia Mendoza,lucia.mendoza9522@example.com,Medellin,Colombia,bronce,2022-03-18
9523,Ruben Torres,ruben.torres9523@example.com,Lima,Peru,oro,2022-08-30
9524,Lucia Garcia,lucia.garcia9524@example.com,Ciudad de Mexico,Mexico,oro,2022-05-13
9525,Diego Garcia,diego.garcia9525@example.com,Barcelona,Espana,plata,2022-12-18
9526,Julia Moreno,julia.moreno9526@example.com,Ciudad de Mexico,Mexico,bronce,2023-10-07
9527,Paula Ortiz,paula.ortiz9527@example.com,Medellin,Colombia,bronce,2022-06-07
9528,Lucia Perez,lucia.perez9528@example.com,Valencia,Espana,bronce,2022-04-05
9529,Carlos Ortiz,carlos.ortiz9529@example.com,Buenos Aires,Argentina,bronce,2023-12-07
9530,Sofia Torres,sofia.torres9530@example.com,Valencia,Espana,oro,2023-11-23
9531,Andres Rodriguez,andres.rodriguez9531@example.com,Lima,Peru,plata,2023-02-06
9532,Javier Ramirez,javier.ramirez9532@example.com,Santiago,Chile,bronce,2024-02-27
9533,Lucia Navarro,lucia.navarro9533@example.com,Santiago,Chile,bronce,2023-10-11
9534,Andres Perez,andres.perez9534@example.com,Madrid,Espana,oro,2023-03-31
9535,Luis Navarro,luis.navarro9535@example.com,Quito,Ecuador,plata,2022-03-16
9536,Pablo Rojas,pablo.rojas9536@example.com,Cali,Colombia,bronce,2024-04-08
9537,Marta Fernandez,marta.fernandez9537@example.com,Buenos Aires,Argentina,bronce,2023-11-15
9538,Laura Rojas,laura.rojas9538@example.com,Valencia,Espana,bronce,2022-05-05
9539,Lucia Diaz,lucia.diaz9539@example.com,Santiago,Chile,bronce,2022-07-25
9540,Marta Rodriguez,marta.rodriguez9540@example.com,Bogota,Colombia,plata,2022-11-26
9541,Ana Mendoza,ana.mendoza9541@example.com,Buenos Aires,Argentina,bronce,2022-07-16
9542,Carmen Fernandez,carmen.fernandez9542@example.com,Bogota,Colombia,bronce,2024-06-03
9543,Javier Vargas,javier.vargas9543@example.com,Quito,Ecuador,bronce,2024-10-19
9544,Miguel Moreno,miguel.moreno9544@example.com,Buenos Aires,Argentina,bronce,2022-04-07
9545,Carmen Rodriguez,carmen.rodriguez9545@example.com,Cali,Colombia,plata,2022-09-20
9546,Ana Moreno,ana.moreno9546@example.com,Cali,Colombia,plata,2022-11-09
9547,Ana Fernandez,ana.fernandez9547@example.com,Madrid,Espana,bronce,2024-12-21
9548,Sofia Ramirez,sofia.ramirez9548@example.com,Bogota,Colombia,bronce,2023-11-12
9549,Julia Torres,julia.torres9549@example.com,Santiago,Chile,plata,2024-11-10
9550,Ana Herrera,ana.herrera9550@example.com,Santiago,Chile,oro,2022-09-28
9551,Sergio Lopez,sergio.lopez9551@example.com,Quito,Ecuador,bronce,2022-03-16
9552,Luis Martinez,luis.martinez9552@example.com,Barcelona,Espana,bronce,2023-06-11
9553,Diego Diaz,diego.diaz9553@example.com,Bogota,Colombia,oro,2024-06-13
9554,Sofia Martinez,sofia.martinez9554@example.com,Santiago,Chile,bronce,2024-07-05
9555,Diego Sanchez,diego.sanchez9555@example.com,Medellin,Colombia,platino,2023-06-02
9556,Luis Rojas,luis.rojas9556@example.com,Valencia,Espana,oro,2022-10-23
9557,Sergio Silva,sergio.silva9557@example.com,Bogota,Colombia,bronce,2022-02-21
9558,Javier Rojas,javier.rojas9558@example.com,Quito,Ecuador,bronce,2023-04-23
9559,Sergio Gomez,sergio.gomez9559@example.com,Lima,Peru,platino,2023-08-10
9560,Andres Silva,andres.silva9560@example.com,Madrid,Espana,bronce,2022-01-20
9561,Pablo Diaz,pablo.diaz9561@example.com,Lima,Peru,bronce,2024-10-20
9562,Elena Lopez,elena.lopez9562@example.com,Ciudad de Mexico,Mexico,bronce,2024-02-15
9563,Andres Herrera,andres.herrera9563@example.com,Lima,Peru,plata,2022-12-24
9564,Alberto Ramirez,alberto.ramirez9564@example.com,Guadalajara,Mexico,oro,2023-01-24
9565,Julia Fernandez,julia.fernandez9565@example.com,Buenos Aires,Argentina,plata,2023-01-27
9566,Julia Rojas,julia.rojas9566@example.com,Ciudad de Mexico,Mexico,bronce,2024-07-30
9567,Laura Moreno,laura.moreno9567@example.com,Buenos Aires,Argentina,plata,2024-03-03
9568,Pablo Sanchez,pablo.sanchez9568@example.com,Santiago,Chile,plata,2022-04-07
9569,Miguel Martinez,miguel.martinez9569@example.com,Ciudad de Mexico,Mexico,bronce,2022-12-02
9570,Alberto Ramirez,alberto.ramirez9570@example.com,Barcelona,Espana,plata,2024-05-06
9571,Alberto Rodriguez,alberto.rodriguez9571@example.com,Barcelona,Espana,plata,2023-01-26
9572,Ruben Castro,ruben.castro9572@example.com,Medellin,Colombia,bronce,2024-06-10
9573,Carlos Diaz,carlos.diaz9573@example.com,Cali,Colombia,platino,2023-07-10
9574,Elena Sanchez,elena.sanchez9574@example.com,Lima,Peru,bronce,2024-04-29
9575,Marta Vargas,marta.vargas9575@example.com,Madrid,Espana,bronce,2023-08-01
9576,Marta Fernandez,marta.fernandez9576@example.com,Lima,Peru,bronce,2024-03-15
9577,Miguel Fernandez,miguel.fernandez9577@example.com,Madrid,Espana,bronce,2023-04-18
9578,Maria Sanchez,maria.sanchez9578@example.com,Cali,Colombia,bronce,2022-09-18
9579,Maria Rojas,maria.rojas9579@example.com,Cali,Colombia,bronce,2024-08-23
9580,Andres Ortiz,andres.ortiz9580@example.com,Ciudad de Mexico,Mexico,plata,2023-04-02
9581,Diego Castro,diego.castro9581@example.com,Madrid,Espana,plata,2022-01-11
9582,Diego Sanchez,diego.sanchez9582@example.com,Santiago,Chile,bronce,2023-02-27
9583,Paula Silva,paula.silva9583@example.com,Barcelona,Espana,plata,2023-03-26
9584,Ana Martinez,ana.martinez9584@example.com,Santiago,Chile,plata,2022-09-21
9585,Sergio Perez,sergio.perez9585@example.com,Ciudad de Mexico,Mexico,bronce,2024-08-19
9586,Javier Garcia,javier.garcia9586@example.com,Lima,Peru,platino,2023-06-23
9587,Julia Silva,julia.silva9587@example.com,Quito,Ecuador,bronce,2023-02-10
9588,Alberto Garcia,alberto.garcia9588@example.com,Lima,Peru,bronce,2024-02-03
9589,Lucia Ramirez,lucia.ramirez9589@example.com,Cali,Colombia,bronce,2023-12-02
9590,Elena Lopez,elena.lopez9590@example.com,Medellin,Colombia,bronce,2023-06-09
9591,Laura Sanchez,laura.sanchez9591@example.com,Guadalajara,Mexico,bronce,2024-12-03
9592,Carlos Castro,carlos.castro9592@example.com,Guadalajara,Mexico,bronce,2024-12-03
9593,Alberto Silva,alberto.silva9593@example.com,Santiago,Chile,plata,2023-06-06
9594,Carlos Garcia,carlos.garcia9594@example.com,Cali,Colombia,oro,2024-02-16
9595,Sofia Lopez,sofia.lopez9595@example.com,Cali,Colombia,plata,2022-02-26
9596,Diego Perez,diego.perez9596@example.com,Barcelona,Espana,plata,2023-04-30
9597,Andres Ortiz,andres.ortiz9597@example.com,Valencia,Espana,plata,2023-04-29
9598,Paula Rodriguez,paula.rodriguez9598@example.com,Santiago,Chile,plata,2023-03-19
9599,Pablo Lopez,pablo.lopez9599@example.com,Quito,Ecuador,bronce,2024-07-09
9600,Sergio Diaz,sergio.diaz9600@example.com,Guadalajara,Mexico,bronce,2023-10-02
9601,Pablo Gomez,pablo.gomez9601@example.com,Medellin,Colombia,bronce,2023-05-31
9602,Sofia Garcia,sofia.garcia9602@example.com,Madrid,Espana,bronce,2023-04-18
9603,Carlos Ramirez,carlos.ramirez9603@example.com,Madrid,Espana,plata,2023-11-09
9604,Laura Castro,laura.castro9604@example.com,Buenos Aires,Argentina,bronce,2022-09-01
9605,Sofia Lopez,sofia.lopez9605@example.com,Guadalajara,Mexico,bronce,2022-09-27
9606,Ana Rojas,ana.rojas9606@example.com,Bogota,Colombia,bronce,2023-07-25
9607,Elena Rodriguez,elena.rodriguez9607@example.com,Valencia,Espana,plata,2022-12-16
9608,Diego Moreno,diego.moreno9608@example.com,Madrid,Espana,bronce,2024-01-07
9609,Diego Perez,diego.perez9609@example.com,Buenos Aires,Argentina,bronce,2024-09-14
9610,Paula Sanchez,paula.sanchez9610@example.com,Guadalajara,Mexico,bronce,2023-01-28
9611,Alberto Lopez,alberto.lopez9611@example.com,Bogota,Colombia,bronce,2023-09-25
9612,Marta Mendoza,marta.mendoza9612@example.com,Buenos Aires,Argentina,plata,2022-11-07
9613,Luis Ramirez,luis.ramirez9613@example.com,Lima,Peru,bronce,2024-05-18
9614,Sofia Rojas,sofia.rojas9614@example.com,Ciudad de Mexico,Mexico,bronce,2022-08-27
9615,Marta Sanchez,marta.sanchez9615@example.com,Bogota,Colombia,platino,2023-07-26
9616,Pablo Rodriguez,pablo.rodriguez9616@example.com,Madrid,Espana,bronce,2023-02-02
9617,Diego Garcia,diego.garcia9617@example.com,Santiago,Chile,plata,2024-04-17
9618,Sofia Diaz,sofia.diaz9618@example.com,Ciudad de Mexico,Mexico,plata,2022-09-25
9619,Sofia Gomez,sofia.gomez9619@example.com,Medellin,Colombia,bronce,2022-08-09
9620,Pablo Herrera,pablo.herrera9620@example.com,Madrid,Espana,bronce,2024-04-15
9621,Carlos Herrera,carlos.herrera9621@example.com,Santiago,Chile,bronce,2023-09-02
9622,Lucia Gomez,lucia.gomez9622@example.com,Quito,Ecuador,bronce,2023-12-01
9623,Laura Diaz,laura.diaz9623@example.com,Cali,Colombia,bronce,2024-05-19
9624,Andres Fernandez,andres.fernandez9624@example.com,Bogota,Colombia,plata,2022-11-11
9625,Ruben Rojas,ruben.rojas9625@example.com,Guadalajara,Mexico,bronce,2022-09-22
9626,Lucia Castro,lucia.castro9626@example.com,Lima,Peru,bronce,2024-12-22
9627,Miguel Rojas,miguel.rojas9627@example.com,Guadalajara,Mexico,plata,2022-05-03
9628,Julia Rodriguez,julia.rodriguez9628@example.com,Madrid,Espana,bronce,2023-12-09
9629,Andres Gomez,andres.gomez9629@example.com,Valencia,Espana,plata,2023-03-02
9630,Sofia Navarro,sofia.navarro9630@example.com,Barcelona,Espana,bronce,2022-06-06
9631,Ana Gomez,ana.gomez9631@example.com,Medellin,Colombia,plata,2024-11-09
9632,Ana Lopez,ana.lopez9632@example.com,Cali,Colombia,oro,2024-06-27
9633,Laura Lopez,laura.lopez9633@example.com,Ciudad de Mexico,Mexico,bronce,2022-09-01
9634,Laura Garcia,laura.garcia9634@example.com,Santiago,Chile,oro,2024-04-05
9635,Marta Herrera,marta.herrera9635@example.com,Barcelona,Espana,bronce,2024-04-20
9636,Lucia Garcia,lucia.garcia9636@example.com,Quito,Ecuador,bronce,2023-07-02
9637,Alberto Vargas,alberto.vargas9637@example.com,Bogota,Colombia,bronce,2024-11-13
9638,Lucia Fernandez,lucia.fernandez9638@example.com,Ciudad de Mexico,Mexico,bronce,2022-09-13
9639,Julia Rodriguez,julia.rodriguez9639@example.com,Valencia,Espana,oro,2022-03-21
9640,Pablo Mendoza,pablo.mendoza9640@example.com,Medellin,Colombia,bronce,2024-06-06
9641,Miguel Moreno,miguel.moreno9641@example.com,Santiago,Chile,bronce,2023-01-27
9642,Marta Silva,marta.silva9642@example.com,Madrid,Espana,oro,2022-05-17
9643,Sofia Ortiz,sofia.ortiz9643@example.com,Cali,Colombia,bronce,2024-11-26
9644,Javier Ortiz,javier.ortiz9644@example.com,Guadalajara,Mexico,plata,2023-04-03
9645,Diego Moreno,diego.moreno9645@example.com,Ciudad de Mexico,Mexico,bronce,2024-08-05
9646,Andres Ramirez,andres.ramirez9646@example.com,Medellin,Colombia,platino,2024-06-13
9647,Miguel Rojas,miguel.rojas9647@example.com,Medellin,Colombia,bronce,2022-11-29
9648,Marta Diaz,marta.diaz9648@example.com,Lima,Peru,plata,2024-05-27
9649,Alberto Lopez,alberto.lopez9649@example.com,Valencia,Espana,plata,2023-05-30
9650,Sofia Fernandez,sofia.fernandez9650@example.com,Cali,Colombia,platino,2023-11-21
9651,Javier Torres,javier.torres9651@example.com,Medellin,Colombia,platino,2022-11-10
9652,Sofia Garcia,sofia.garcia9652@example.com,Santiago,Chile,plata,2022-01-09
9653,Paula Silva,paula.silva9653@example.com,Santiago,Chile,bronce,2022-07-28
9654,Carlos Ortiz,carlos.ortiz9654@example.com,Lima,Peru,bronce,2022-12-31
9655,Alberto Diaz,alberto.diaz9655@example.com,Barcelona,Espana,oro,2023-08-23
9656,Sofia Torres,sofia.torres9656@example.com,Barcelona,Espana,plata,2024-07-23
9657,Paula Silva,paula.silva9657@example.com,Medellin,Colombia,oro,2022-07-13
9658,Sergio Torres,sergio.torres9658@example.com,Cali,Colombia,plata,2024-02-29
9659,Sergio Rojas,sergio.rojas9659@example.com,Madrid,Espana,bronce,2024-03-31
9660,Julia Ramirez,julia.ramirez9660@example.com,Lima,Peru,bronce,2024-06-06
9661,Carlos Perez,carlos.perez9661@example.com,Lima,Peru,bronce,2024-06-11
9662,Pablo Herrera,pablo.herrera9662@example.com,Cali,Colombia,plata,2022-03-10
9663,Luis Lopez,luis.lopez9663@example.com,Santiago,Chile,bronce,2022-08-27
9664,Javier Sanchez,javier.sanchez9664@example.com,Ciudad de Mexico,Mexico,bronce,2024-10-27
9665,Ana Rojas,ana.rojas9665@example.com,Guadalajara,Mexico,plata,2023-11-24
9666,Andres Moreno,andres.moreno9666@example.com,Lima,Peru,bronce,2022-09-08
9667,Carmen Navarro,carmen.navarro9667@example.com,Barcelona,Espana,bronce,2024-12-26
9668,Marta Moreno,marta.moreno9668@example.com,Valencia,Espana,bronce,2022-12-30
9669,Carlos Garcia,carlos.garcia9669@example.com,Cali,Colombia,bronce,2022-11-13
9670,Elena Silva,elena.silva9670@example.com,Lima,Peru,bronce,2024-07-09
9671,Andres Diaz,andres.diaz9671@example.com,Guadalajara,Mexico,plata,2024-11-17
9672,Paula Garcia,paula.garcia9672@example.com,Medellin,Colombia,oro,2023-03-21
9673,Ruben Vargas,ruben.vargas9673@example.com,Madrid,Espana,plata,2023-12-08
9674,Luis Lopez,luis.lopez9674@example.com,Guadalajara,Mexico,platino,2023-12-06
9675,Sofia Diaz,sofia.diaz9675@example.com,Bogota,Colombia,bronce,2022-09-05
9676,Ana Torres,ana.torres9676@example.com,Bogota,Colombia,bronce,2023-08-28
9677,Paula Rodriguez,paula.rodriguez9677@example.com,Quito,Ecuador,bronce,2022-03-02
9678,Maria Mendoza,maria.mendoza9678@example.com,Ciudad de Mexico,Mexico,plata,2024-08-06
9679,Paula Ramirez,paula.ramirez9679@example.com,Barcelona,Espana,bronce,2024-06-25
9680,Carlos Navarro,carlos.navarro9680@example.com,Madrid,Espana,oro,2022-06-20
9681,Ana Torres,ana.torres9681@example.com,Medellin,Colombia,plata,2023-10-29
9682,Ruben Vargas,ruben.vargas9682@example.com,Madrid,Espana,oro,2022-04-18
9683,Sofia Silva,sofia.silva9683@example.com,Cali,Colombia,bronce,2022-04-06
9684,Sofia Sanchez,sofia.sanchez9684@example.com,Medellin,Colombia,plata,2023-11-24
9685,Carmen Ortiz,carmen.ortiz9685@example.com,Lima,Peru,bronce,2024-05-22
9686,Javier Lopez,javier.lopez9686@example.com,Medellin,Colombia,bronce,2024-07-13
9687,Andres Navarro,andres.navarro9687@example.com,Bogota,Colombia,plata,2022-12-30
9688,Sofia Castro,sofia.castro9688@example.com,Guadalajara,Mexico,bronce,2024-10-07
9689,Javier Ramirez,javier.ramirez9689@example.com,Guadalajara,Mexico,oro,2023-08-14
9690,Miguel Sanchez,miguel.sanchez9690@example.com,Madrid,Espana,plata,2023-03-14
9691,Ana Vargas,ana.vargas9691@example.com,Barcelona,Espana,plata,2023-01-13
9692,Elena Vargas,elena.vargas9692@example.com,Valencia,Espana,bronce,2024-03-15
9693,Pablo Navarro,pablo.navarro9693@example.com,Santiago,Chile,bronce,2023-02-10
9694,Maria Silva,maria.silva9694@example.com,Valencia,Espana,bronce,2023-03-04
9695,Maria Torres,maria.torres9695@example.com,Quito,Ecuador,plata,2023-03-01
9696,Andres Fernandez,andres.fernandez9696@example.com,Cali,Colombia,bronce,2022-12-16
9697,Sofia Fernandez,sofia.fernandez9697@example.com,Quito,Ecuador,platino,2023-03-12
9698,Maria Fernandez,maria.fernandez9698@example.com,Valencia,Espana,platino,2022-01-27
9699,Marta Garcia,marta.garcia9699@example.com,Cali,Colombia,bronce,2024-08-15
9700,Sergio Garcia,sergio.garcia9700@example.com,Barcelona,Espana,plata,2022-10-01
9701,Ana Herrera,ana.herrera9701@example.com,Lima,Peru,bronce,2023-05-05
9702,Laura Perez,laura.perez9702@example.com,Guadalajara,Mexico,bronce,2022-07-06
9703,Miguel Diaz,miguel.diaz9703@example.com,Madrid,Espana,bronce,2023-08-11
9704,Marta Rojas,marta.rojas9704@example.com,Buenos Aires,Argentina,oro,2022-10-22
9705,Luis Castro,luis.castro9705@example.com,Lima,Peru,oro,2022-07-05
9706,Paula Fernandez,paula.fernandez9706@example.com,Buenos Aires,Argentina,bronce,2022-11-13
9707,Elena Herrera,elena.herrera9707@example.com,Santiago,Chile,bronce,2024-09-17
9708,Maria Lopez,maria.lopez9708@example.com,Bogota,Colombia,bronce,2024-07-29
9709,Ruben Torres,ruben.torres9709@example.com,Cali,Colombia,bronce,2024-05-14
9710,Luis Martinez,luis.martinez9710@example.com,Lima,Peru,bronce,2022-08-11
9711,Maria Ramirez,maria.ramirez9711@example.com,Guadalajara,Mexico,oro,2023-12-13
9712,Julia Rodriguez,julia.rodriguez9712@example.com,Guadalajara,Mexico,oro,2024-06-16
9713,Lucia Ortiz,lucia.ortiz9713@example.com,Santiago,Chile,bronce,2023-12-13
9714,Diego Rojas,diego.rojas9714@example.com,Guadalajara,Mexico,oro,2024-07-29
9715,Andres Sanchez,andres.sanchez9715@example.com,Barcelona,Espana,plata,2022-08-09
9716,Carmen Castro,carmen.castro9716@example.com,Valencia,Espana,plata,2023-05-23
9717,Carmen Gomez,carmen.gomez9717@example.com,Santiago,Chile,oro,2022-12-28
9718,Ana Ramirez,ana.ramirez9718@example.com,Valencia,Espana,bronce,2024-03-04
9719,Pablo Lopez,pablo.lopez9719@example.com,Guadalajara,Mexico,bronce,2022-05-20
9720,Javier Ramirez,javier.ramirez9720@example.com,Cali,Colombia,bronce,2022-12-15
9721,Paula Martinez,paula.martinez9721@example.com,Guadalajara,Mexico,plata,2024-02-09
9722,Lucia Lopez,lucia.lopez9722@example.com,Valencia,Espana,bronce,2022-01-20
9723,Maria Vargas,maria.vargas9723@example.com,Bogota,Colombia,bronce,2022-10-08
9724,Ruben Ramirez,ruben.ramirez9724@example.com,Buenos Aires,Argentina,bronce,2024-02-17
9725,Javier Perez,javier.perez9725@example.com,Valencia,Espana,bronce,2022-09-20
9726,Javier Rodriguez,javier.rodriguez9726@example.com,Bogota,Colombia,bronce,2023-10-27
9727,Julia Diaz,julia.diaz9727@example.com,Quito,Ecuador,bronce,2023-03-15
9728,Sergio Ortiz,sergio.ortiz9728@example.com,Barcelona,Espana,oro,2023-05-21
9729,Ruben Moreno,ruben.moreno9729@example.com,Ciudad de Mexico,Mexico,plata,2023-01-28
9730,Andres Rodriguez,andres.rodriguez9730@example.com,Barcelona,Espana,bronce,2024-09-11
9731,Julia Ortiz,julia.ortiz9731@example.com,Buenos Aires,Argentina,oro,2024-02-29
9732,Maria Diaz,maria.diaz9732@example.com,Barcelona,Espana,oro,2024-03-07
9733,Pablo Vargas,pablo.vargas9733@example.com,Ciudad de Mexico,Mexico,bronce,2024-05-16
9734,Javier Garcia,javier.garcia9734@example.com,Cali,Colombia,plata,2023-04-12
9735,Miguel Gomez,miguel.gomez9735@example.com,Buenos Aires,Argentina,bronce,2022-04-24
9736,Laura Herrera,laura.herrera9736@example.com,Madrid,Espana,bronce,2022-02-28
9737,Laura Gomez,laura.gomez9737@example.com,Ciudad de Mexico,Mexico,plata,2023-06-12
9738,Sofia Lopez,sofia.lopez9738@example.com,Ciudad de Mexico,Mexico,bronce,2024-08-17
9739,Julia Rodriguez,julia.rodriguez9739@example.com,Valencia,Espana,bronce,2023-06-13
9740,Carmen Ortiz,carmen.ortiz9740@example.com,Bogota,Colombia,bronce,2024-12-14
9741,Elena Silva,elena.silva9741@example.com,Buenos Aires,Argentina,bronce,2023-07-28
9742,Sofia Garcia,sofia.garcia9742@example.com,Ciudad de Mexico,Mexico,bronce,2023-11-26
9743,Lucia Ortiz,lucia.ortiz9743@example.com,Ciudad de Mexico,Mexico,oro,2022-03-27
9744,Laura Silva,laura.silva9744@example.com,Quito,Ecuador,bronce,2024-04-21
9745,Lucia Fernandez,lucia.fernandez9745@example.com,Medellin,Colombia,bronce,2024-08-31
9746,Andres Rojas,andres.rojas9746@example.com,Lima,Peru,plata,2023-07-09
9747,Laura Perez,laura.perez9747@example.com,Quito,Ecuador,bronce,2024-09-17
9748,Pablo Sanchez,pablo.sanchez9748@example.com,Ciudad de Mexico,Mexico,plata,2022-09-17
9749,Marta Moreno,marta.moreno9749@example.com,Valencia,Espana,bronce,2023-06-20
9750,Lucia Sanchez,lucia.sanchez9750@example.com,Cali,Colombia,bronce,2024-09-25
9751,Javier Fernandez,javier.fernandez9751@example.com,Madrid,Espana,bronce,2023-10-23
9752,Pablo Fernandez,pablo.fernandez9752@example.com,Buenos Aires,Argentina,bronce,2024-01-24
9753,Sergio Lopez,sergio.lopez9753@example.com,Bogota,Colombia,plata,2023-03-18
9754,Laura Silva,laura.silva9754@example.com,Quito,Ecuador,plata,2023-08-24
9755,Pablo Rojas,pablo.rojas9755@example.com,Guadalajara,Mexico,bronce,2023-02-11
9756,Andres Mendoza,andres.mendoza9756@example.com,Cali,Colombia,bronce,2024-01-17
9757,Elena Ramirez,elena.ramirez9757@example.com,Valencia,Espana,oro,2022-03-03
9758,Miguel Lopez,miguel.lopez9758@example.com,Barcelona,Espana,bronce,2023-07-15
9759,Ruben Perez,ruben.perez9759@example.com,Buenos Aires,Argentina,bronce,2024-10-15
9760,Miguel Fernandez,miguel.fernandez9760@example.com,Santiago,Chile,plata,2022-03-05
9761,Pablo Ortiz,pablo.ortiz9761@example.com,Bogota,Colombia,bronce,2023-05-09
9762,Maria Sanchez,maria.sanchez9762@example.com,Madrid,Espana,oro,2023-12-25
9763,Julia Rojas,julia.rojas9763@example.com,Bogota,Colombia,bronce,2022-04-03
9764,Pablo Martinez,pablo.martinez9764@example.com,Santiago,Chile,oro,2022-01-06
9765,Sergio Navarro,sergio.navarro9765@example.com,Ciudad de Mexico,Mexico,bronce,2022-06-30
9766,Carmen Castro,carmen.castro9766@example.com,Barcelona,Espana,bronce,2022-08-30
9767,Miguel Diaz,miguel.diaz9767@example.com,Barcelona,Espana,bronce,2024-08-20
9768,Elena Gomez,elena.gomez9768@example.com,Barcelona,Espana,platino,2022-06-20
9769,Marta Fernandez,marta.fernandez9769@example.com,Santiago,Chile,bronce,2023-12-03
9770,Ruben Sanchez,ruben.sanchez9770@example.com,Santiago,Chile,bronce,2023-01-08
9771,Maria Vargas,maria.vargas9771@example.com,Medellin,Colombia,oro,2023-08-10
9772,Paula Mendoza,paula.mendoza9772@example.com,Buenos Aires,Argentina,bronce,2024-09-21
9773,Paula Sanchez,paula.sanchez9773@example.com,Madrid,Espana,bronce,2024-07-28
9774,Maria Moreno,maria.moreno9774@example.com,Ciudad de Mexico,Mexico,bronce,2022-03-29
9775,Maria Vargas,maria.vargas9775@example.com,Bogota,Colombia,oro,2022-04-08
9776,Andres Herrera,andres.herrera9776@example.com,Santiago,Chile,bronce,2023-01-27
9777,Paula Herrera,paula.herrera9777@example.com,Cali,Colombia,bronce,2024-06-04
9778,Miguel Garcia,miguel.garcia9778@example.com,Lima,Peru,oro,2024-04-11
9779,Carmen Garcia,carmen.garcia9779@example.com,Ciudad de Mexico,Mexico,plata,2023-11-09
9780,Alberto Ortiz,alberto.ortiz9780@example.com,Cali,Colombia,bronce,2024-08-03
9781,Elena Lopez,elena.lopez9781@example.com,Quito,Ecuador,plata,2022-07-19
9782,Laura Vargas,laura.vargas9782@example.com,Quito,Ecuador,bronce,2024-03-17
9783,Alberto Herrera,alberto.herrera9783@example.com,Cali,Colombia,bronce,2024-11-27
9784,Javier Ramirez,javier.ramirez9784@example.com,Medellin,Colombia,bronce,2024-11-22
9785,Diego Garcia,diego.garcia9785@example.com,Guadalajara,Mexico,plata,2024-02-18
9786,Sofia Garcia,sofia.garcia9786@example.com,Valencia,Espana,plata,2024-02-02
9787,Lucia Rojas,lucia.rojas9787@example.com,Medellin,Colombia,bronce,2022-09-02
9788,Javier Mendoza,javier.mendoza9788@example.com,Lima,Peru,bronce,2024-03-26
9789,Andres Gomez,andres.gomez9789@example.com,Lima,Peru,bronce,2022-09-28
9790,Andres Ramirez,andres.ramirez9790@example.com,Medellin,Colombia,plata,2023-04-08
9791,Laura Ortiz,laura.ortiz9791@example.com,Medellin,Colombia,plata,2022-05-09
9792,Diego Silva,diego.silva9792@example.com,Lima,Peru,plata,2022-11-27
9793,Luis Ramirez,luis.ramirez9793@example.com,Valencia,Espana,platino,2022-03-25
9794,Laura Rojas,laura.rojas9794@example.com,Madrid,Espana,oro,2023-05-21
9795,Alberto Navarro,alberto.navarro9795@example.com,Madrid,Espana,platino,2022-03-21
9796,Lucia Herrera,lucia.herrera9796@example.com,Barcelona,Espana,plata,2024-04-20
9797,Carmen Diaz,carmen.diaz9797@example.com,Lima,Peru,bronce,2023-12-20
9798,Ruben Rojas,ruben.rojas9798@example.com,Madrid,Espana,plata,2023-12-14
9799,Marta Gomez,marta.gomez9799@example.com,Bogota,Colombia,bronce,2024-02-10
9800,Sergio Ortiz,sergio.ortiz9800@example.com,Guadalajara,Mexico,bronce,2024-04-25
9801,Marta Rodriguez,marta.rodriguez9801@example.com,Guadalajara,Mexico,bronce,2024-01-10
9802,Diego Sanchez,diego.sanchez9802@example.com,Santiago,Chile,bronce,2023-11-19
9803,Carmen Gomez,carmen.gomez9803@example.com,Quito,Ecuador,plata,2022-07-19
9804,Javier Sanchez,javier.sanchez9804@example.com,Medellin,Colombia,bronce,2024-03-13
9805,Ruben Vargas,ruben.vargas9805@example.com,Valencia,Espana,bronce,2023-06-18
9806,Carlos Moreno,carlos.moreno9806@example.com,Barcelona,Espana,oro,2022-06-20
9807,Ruben Mendoza,ruben.mendoza9807@example.com,Lima,Peru,plata,2023-06-11
9808,Ruben Ramirez,ruben.ramirez9808@example.com,Medellin,Colombia,bronce,2022-12-21
9809,Maria Castro,maria.castro9809@example.com,Lima,Peru,bronce,2022-08-06
9810,Marta Vargas,marta.vargas9810@example.com,Medellin,Colombia,bronce,2023-09-07
9811,Alberto Garcia,alberto.garcia9811@example.com,Santiago,Chile,oro,2024-09-06
9812,Pablo Moreno,pablo.moreno9812@example.com,Guadalajara,Mexico,bronce,2022-01-19
9813,Elena Garcia,elena.garcia9813@example.com,Buenos Aires,Argentina,oro,2022-05-28
9814,Ruben Ramirez,ruben.ramirez9814@example.com,Guadalajara,Mexico,bronce,2024-09-25
9815,Lucia Navarro,lucia.navarro9815@example.com,Bogota,Colombia,plata,2024-01-27
9816,Maria Herrera,maria.herrera9816@example.com,Barcelona,Espana,bronce,2022-09-20
9817,Laura Ramirez,laura.ramirez9817@example.com,Madrid,Espana,bronce,2023-02-09
9818,Andres Gomez,andres.gomez9818@example.com,Cali,Colombia,bronce,2022-04-07
9819,Diego Silva,diego.silva9819@example.com,Lima,Peru,bronce,2024-07-12
9820,Laura Mendoza,laura.mendoza9820@example.com,Guadalajara,Mexico,platino,2023-12-29
9821,Sergio Fernandez,sergio.fernandez9821@example.com,Buenos Aires,Argentina,plata,2022-09-12
9822,Maria Martinez,maria.martinez9822@example.com,Bogota,Colombia,bronce,2022-08-01
9823,Laura Vargas,laura.vargas9823@example.com,Cali,Colombia,plata,2024-01-27
9824,Diego Castro,diego.castro9824@example.com,Medellin,Colombia,bronce,2023-09-08
9825,Ana Ortiz,ana.ortiz9825@example.com,Barcelona,Espana,oro,2024-03-31
9826,Miguel Mendoza,miguel.mendoza9826@example.com,Guadalajara,Mexico,bronce,2022-09-30
9827,Julia Sanchez,julia.sanchez9827@example.com,Medellin,Colombia,bronce,2024-12-24
9828,Julia Perez,julia.perez9828@example.com,Medellin,Colombia,bronce,2022-07-01
9829,Ruben Navarro,ruben.navarro9829@example.com,Guadalajara,Mexico,bronce,2022-07-15
9830,Elena Gomez,elena.gomez9830@example.com,Madrid,Espana,oro,2024-03-15
9831,Luis Torres,luis.torres9831@example.com,Quito,Ecuador,bronce,2023-09-11
9832,Paula Gomez,paula.gomez9832@example.com,Valencia,Espana,bronce,2023-03-02
9833,Miguel Fernandez,miguel.fernandez9833@example.com,Buenos Aires,Argentina,oro,2024-03-17
9834,Marta Vargas,marta.vargas9834@example.com,Santiago,Chile,bronce,2023-09-22
9835,Maria Perez,maria.perez9835@example.com,Barcelona,Espana,bronce,2023-03-18
9836,Andres Diaz,andres.diaz9836@example.com,Valencia,Espana,plata,2022-08-25
9837,Pablo Fernandez,pablo.fernandez9837@example.com,Medellin,Colombia,bronce,2024-02-25
9838,Julia Martinez,julia.martinez9838@example.com,Santiago,Chile,oro,2023-08-28
9839,Maria Herrera,maria.herrera9839@example.com,Guadalajara,Mexico,plata,2024-09-06
9840,Sofia Mendoza,sofia.mendoza9840@example.com,Cali,Colombia,bronce,2023-04-07
9841,Alberto Torres,alberto.torres9841@example.com,Lima,Peru,bronce,2022-10-18
9842,Miguel Sanchez,miguel.sanchez9842@example.com,Cali,Colombia,bronce,2022-02-26
9843,Andres Castro,andres.castro9843@example.com,Lima,Peru,bronce,2022-10-24
9844,Carlos Ramirez,carlos.ramirez9844@example.com,Santiago,Chile,plata,2024-03-06
9845,Marta Vargas,marta.vargas9845@example.com,Valencia,Espana,plata,2022-11-11
9846,Javier Vargas,javier.vargas9846@example.com,Medellin,Colombia,bronce,2023-08-28
9847,Pablo Moreno,pablo.moreno9847@example.com,Madrid,Espana,plata,2022-08-24
9848,Ruben Garcia,ruben.garcia9848@example.com,Valencia,Espana,bronce,2024-10-12
9849,Andres Rodriguez,andres.rodriguez9849@example.com,Madrid,Espana,oro,2024-09-14
9850,Diego Rodriguez,diego.rodriguez9850@example.com,Barcelona,Espana,bronce,2024-06-03
9851,Carlos Lopez,carlos.lopez9851@example.com,Madrid,Espana,oro,2024-03-13
9852,Elena Navarro,elena.navarro9852@example.com,Buenos Aires,Argentina,bronce,2023-09-18
9853,Paula Moreno,paula.moreno9853@example.com,Medellin,Colombia,bronce,2022-01-10
9854,Laura Rojas,laura.rojas9854@example.com,Cali,Colombia,bronce,2022-02-17
9855,Andres Rojas,andres.rojas9855@example.com,Santiago,Chile,oro,2023-05-01
9856,Diego Garcia,diego.garcia9856@example.com,Santiago,Chile,oro,2024-04-03
9857,Elena Sanchez,elena.sanchez9857@example.com,Ciudad de Mexico,Mexico,plata,2022-05-23
9858,Marta Herrera,marta.herrera9858@example.com,Cali,Colombia,bronce,2023-08-25
9859,Miguel Torres,miguel.torres9859@example.com,Guadalajara,Mexico,plata,2024-11-11
9860,Javier Ramirez,javier.ramirez9860@example.com,Medellin,Colombia,bronce,2024-07-03
9861,Lucia Herrera,lucia.herrera9861@example.com,Cali,Colombia,plata,2023-08-28
9862,Sergio Rodriguez,sergio.rodriguez9862@example.com,Bogota,Colombia,bronce,2023-09-25
9863,Ruben Herrera,ruben.herrera9863@example.com,Valencia,Espana,oro,2022-03-10
9864,Carmen Rojas,carmen.rojas9864@example.com,Valencia,Espana,plata,2022-01-03
9865,Andres Diaz,andres.diaz9865@example.com,Guadalajara,Mexico,bronce,2022-12-12
9866,Sergio Torres,sergio.torres9866@example.com,Santiago,Chile,plata,2024-06-11
9867,Javier Rodriguez,javier.rodriguez9867@example.com,Cali,Colombia,bronce,2022-01-07
9868,Javier Sanchez,javier.sanchez9868@example.com,Barcelona,Espana,bronce,2024-05-25
9869,Diego Sanchez,diego.sanchez9869@example.com,Guadalajara,Mexico,bronce,2022-10-09
9870,Carmen Mendoza,carmen.mendoza9870@example.com,Lima,Peru,bronce,2022-04-19
9871,Carmen Martinez,carmen.martinez9871@example.com,Ciudad de Mexico,Mexico,bronce,2022-04-15
9872,Carlos Perez,carlos.perez9872@example.com,Madrid,Espana,plata,2024-01-19
9873,Sergio Martinez,sergio.martinez9873@example.com,Madrid,Espana,plata,2022-02-19
9874,Miguel Perez,miguel.perez9874@example.com,Ciudad de Mexico,Mexico,bronce,2023-07-31
9875,Ruben Garcia,ruben.garcia9875@example.com,Lima,Peru,platino,2024-10-20
9876,Marta Perez,marta.perez9876@example.com,Madrid,Espana,oro,2023-10-08
9877,Alberto Moreno,alberto.moreno9877@example.com,Santiago,Chile,bronce,2023-01-02
9878,Carmen Herrera,carmen.herrera9878@example.com,Santiago,Chile,bronce,2024-08-31
9879,Lucia Fernandez,lucia.fernandez9879@example.com,Madrid,Espana,oro,2022-03-21
9880,Carlos Moreno,carlos.moreno9880@example.com,Valencia,Espana,bronce,2022-10-01
9881,Miguel Castro,miguel.castro9881@example.com,Madrid,Espana,bronce,2022-07-07
9882,Ruben Ortiz,ruben.ortiz9882@example.com,Ciudad de Mexico,Mexico,oro,2022-01-15
9883,Miguel Silva,miguel.silva9883@example.com,Valencia,Espana,plata,2024-11-11
9884,Luis Sanchez,luis.sanchez9884@example.com,Lima,Peru,oro,2022-08-17
9885,Laura Vargas,laura.vargas9885@example.com,Barcelona,Espana,oro,2022-03-22
9886,Pablo Herrera,pablo.herrera9886@example.com,Guadalajara,Mexico,bronce,2024-09-29
9887,Carmen Gomez,carmen.gomez9887@example.com,Santiago,Chile,plata,2024-11-19
9888,Alberto Vargas,alberto.vargas9888@example.com,Valencia,Espana,oro,2022-08-20
9889,Julia Diaz,julia.diaz9889@example.com,Bogota,Colombia,bronce,2023-03-16
9890,Lucia Gomez,lucia.gomez9890@example.com,Santiago,Chile,bronce,2024-01-09
9891,Pablo Lopez,pablo.lopez9891@example.com,Barcelona,Espana,bronce,2023-04-13
9892,Paula Garcia,paula.garcia9892@example.com,Cali,Colombia,plata,2024-05-14
9893,Ana Moreno,ana.moreno9893@example.com,Bogota,Colombia,plata,2022-09-30
9894,Pablo Silva,pablo.silva9894@example.com,Madrid,Espana,oro,2024-06-09
9895,Diego Rojas,diego.rojas9895@example.com,Cali,Colombia,bronce,2023-09-04
9896,Sergio Sanchez,sergio.sanchez9896@example.com,Cali,Colombia,plata,2022-01-12
9897,Paula Garcia,paula.garcia9897@example.com,Medellin,Colombia,bronce,2023-11-11
9898,Andres Castro,andres.castro9898@example.com,Santiago,Chile,oro,2022-01-11
9899,Andres Lopez,andres.lopez9899@example.com,Barcelona,Espana,plata,2024-07-15
9900,Andres Ramirez,andres.ramirez9900@example.com,Cali,Colombia,plata,2024-12-18
9901,Pablo Navarro,pablo.navarro9901@example.com,Valencia,Espana,bronce,2022-06-18
9902,Laura Garcia,laura.garcia9902@example.com,Santiago,Chile,bronce,2023-08-01
9903,Javier Vargas,javier.vargas9903@example.com,Ciudad de Mexico,Mexico,bronce,2023-01-04
9904,Marta Navarro,marta.navarro9904@example.com,Buenos Aires,Argentina,oro,2022-03-11
9905,Carmen Gomez,carmen.gomez9905@example.com,Barcelona,Espana,bronce,2024-01-13
9906,Laura Silva,laura.silva9906@example.com,Cali,Colombia,oro,2022-01-30
9907,Ruben Silva,ruben.silva9907@example.com,Madrid,Espana,bronce,2022-01-27
9908,Alberto Torres,alberto.torres9908@example.com,Bogota,Colombia,bronce,2024-06-06
9909,Carmen Gomez,carmen.gomez9909@example.com,Quito,Ecuador,bronce,2022-11-06
9910,Laura Rojas,laura.rojas9910@example.com,Buenos Aires,Argentina,bronce,2024-09-17
9911,Julia Castro,julia.castro9911@example.com,Madrid,Espana,bronce,2023-10-13
9912,Laura Torres,laura.torres9912@example.com,Medellin,Colombia,bronce,2023-07-29
9913,Sofia Lopez,sofia.lopez9913@example.com,Lima,Peru,bronce,2023-03-25
9914,Ruben Moreno,ruben.moreno9914@example.com,Valencia,Espana,plata,2023-02-12
9915,Lucia Sanchez,lucia.sanchez9915@example.com,Santiago,Chile,bronce,2022-09-04
9916,Laura Martinez,laura.martinez9916@example.com,Bogota,Colombia,plata,2024-02-09
9917,Luis Rodriguez,luis.rodriguez9917@example.com,Cali,Colombia,plata,2023-10-26
9918,Miguel Diaz,miguel.diaz9918@example.com,Lima,Peru,bronce,2022-01-25
9919,Andres Martinez,andres.martinez9919@example.com,Buenos Aires,Argentina,bronce,2022-12-21
9920,Marta Gomez,marta.gomez9920@example.com,Bogota,Colombia,bronce,2024-09-11
9921,Laura Sanchez,laura.sanchez9921@example.com,Madrid,Espana,bronce,2023-06-24
9922,Carlos Torres,carlos.torres9922@example.com,Valencia,Espana,bronce,2022-10-08
9923,Marta Herrera,marta.herrera9923@example.com,Cali,Colombia,plata,2022-09-09
9924,Carlos Torres,carlos.torres9924@example.com,Barcelona,Espana,bronce,2022-07-29
9925,Luis Vargas,luis.vargas9925@example.com,Lima,Peru,oro,2024-07-31
9926,Diego Martinez,diego.martinez9926@example.com,Madrid,Espana,plata,2022-12-07
9927,Pablo Martinez,pablo.martinez9927@example.com,Ciudad de Mexico,Mexico,bronce,2022-11-22
9928,Laura Navarro,laura.navarro9928@example.com,Quito,Ecuador,plata,2022-03-11
9929,Laura Castro,laura.castro9929@example.com,Medellin,Colombia,bronce,2024-09-01
9930,Laura Garcia,laura.garcia9930@example.com,Ciudad de Mexico,Mexico,bronce,2023-03-03
9931,Elena Vargas,elena.vargas9931@example.com,Madrid,Espana,platino,2024-02-11
9932,Ana Garcia,ana.garcia9932@example.com,Buenos Aires,Argentina,bronce,2024-02-22
9933,Ana Rodriguez,ana.rodriguez9933@example.com,Quito,Ecuador,bronce,2023-01-19
9934,Miguel Fernandez,miguel.fernandez9934@example.com,Santiago,Chile,oro,2023-06-30
9935,Ana Rojas,ana.rojas9935@example.com,Barcelona,Espana,oro,2022-04-21
9936,Elena Castro,elena.castro9936@example.com,Medellin,Colombia,bronce,2024-01-02
9937,Pablo Herrera,pablo.herrera9937@example.com,Buenos Aires,Argentina,plata,2024-01-08
9938,Ana Lopez,ana.lopez9938@example.com,Santiago,Chile,plata,2022-08-23
9939,Carmen Lopez,carmen.lopez9939@example.com,Medellin,Colombia,plata,2022-08-03
9940,Carmen Ramirez,carmen.ramirez9940@example.com,Quito,Ecuador,bronce,2023-03-12
9941,Pablo Mendoza,pablo.mendoza9941@example.com,Valencia,Espana,oro,2024-01-29
9942,Carmen Moreno,carmen.moreno9942@example.com,Buenos Aires,Argentina,bronce,2023-07-23
9943,Paula Rojas,paula.rojas9943@example.com,Cali,Colombia,bronce,2022-03-09
9944,Luis Rodriguez,luis.rodriguez9944@example.com,Buenos Aires,Argentina,bronce,2023-09-19
9945,Carlos Mendoza,carlos.mendoza9945@example.com,Guadalajara,Mexico,bronce,2024-02-14
9946,Elena Navarro,elena.navarro9946@example.com,Cali,Colombia,bronce,2022-07-24
9947,Andres Vargas,andres.vargas9947@example.com,Santiago,Chile,bronce,2023-05-02
9948,Ruben Gomez,ruben.gomez9948@example.com,Lima,Peru,bronce,2024-06-03
9949,Julia Rojas,julia.rojas9949@example.com,Santiago,Chile,oro,2022-12-22
9950,Pablo Castro,pablo.castro9950@example.com,Barcelona,Espana,bronce,2022-04-09
9951,Sofia Ortiz,sofia.ortiz9951@example.com,Cali,Colombia,bronce,2024-10-10
9952,Sofia Martinez,sofia.martinez9952@example.com,Buenos Aires,Argentina,oro,2022-04-18
9953,Luis Ramirez,luis.ramirez9953@example.com,Lima,Peru,bronce,2022-03-09
9954,Diego Moreno,diego.moreno9954@example.com,Medellin,Colombia,plata,2022-10-01
9955,Lucia Gomez,lucia.gomez9955@example.com,Buenos Aires,Argentina,bronce,2024-04-02
9956,Laura Silva,laura.silva9956@example.com,Ciudad de Mexico,Mexico,plata,2023-12-18
9957,Sergio Rodriguez,sergio.rodriguez9957@example.com,Valencia,Espana,bronce,2022-09-15
9958,Paula Martinez,paula.martinez9958@example.com,Lima,Peru,bronce,2022-03-26
9959,Elena Herrera,elena.herrera9959@example.com,Cali,Colombia,plata,2024-11-10
9960,Julia Martinez,julia.martinez9960@example.com,Guadalajara,Mexico,bronce,2022-01-09
9961,Maria Diaz,maria.diaz9961@example.com,Bogota,Colombia,bronce,2024-10-09
9962,Julia Perez,julia.perez9962@example.com,Madrid,Espana,bronce,2023-06-02
9963,Sergio Rojas,sergio.rojas9963@example.com,Cali,Colombia,plata,2022-08-01
9964,Laura Garcia,laura.garcia9964@example.com,Buenos Aires,Argentina,bronce,2023-01-15
9965,Andres Fernandez,andres.fernandez9965@example.com,Bogota,Colombia,plata,2022-12-06
9966,Elena Navarro,elena.navarro9966@example.com,Quito,Ecuador,plata,2022-06-21
9967,Sergio Fernandez,sergio.fernandez9967@example.com,Santiago,Chile,bronce,2023-04-18
9968,Carlos Vargas,carlos.vargas9968@example.com,Guadalajara,Mexico,oro,2023-12-20
9969,Laura Navarro,laura.navarro9969@example.com,Santiago,Chile,oro,2023-06-02
9970,Elena Castro,elena.castro9970@example.com,Lima,Peru,bronce,2023-12-04
9971,Carlos Herrera,carlos.herrera9971@example.com,Buenos Aires,Argentina,bronce,2024-11-28
9972,Elena Navarro,elena.navarro9972@example.com,Santiago,Chile,bronce,2022-05-14
9973,Carmen Castro,carmen.castro9973@example.com,Buenos Aires,Argentina,oro,2024-03-20
9974,Carmen Silva,carmen.silva9974@example.com,Lima,Peru,bronce,2022-09-09
9975,Pablo Ramirez,pablo.ramirez9975@example.com,Barcelona,Espana,bronce,2022-01-21
9976,Carlos Silva,carlos.silva9976@example.com,Medellin,Colombia,oro,2023-02-04
9977,Laura Castro,laura.castro9977@example.com,Lima,Peru,plata,2023-03-07
9978,Julia Gomez,julia.gomez9978@example.com,Cali,Colombia,bronce,2024-12-20
9979,Javier Vargas,javier.vargas9979@example.com,Madrid,Espana,plata,2023-01-13
9980,Maria Gomez,maria.gomez9980@example.com,Lima,Peru,plata,2024-04-21
9981,Diego Fernandez,diego.fernandez9981@example.com,Guadalajara,Mexico,bronce,2024-10-20
9982,Ana Perez,ana.perez9982@example.com,Lima,Peru,bronce,2023-01-05
9983,Elena Torres,elena.torres9983@example.com,Madrid,Espana,plata,2022-07-16
9984,Ruben Gomez,ruben.gomez9984@example.com,Barcelona,Espana,bronce,2024-11-23
9985,Javier Castro,javier.castro9985@example.com,Ciudad de Mexico,Mexico,platino,2023-05-17
9986,Marta Fernandez,marta.fernandez9986@example.com,Valencia,Espana,bronce,2023-05-14
9987,Diego Torres,diego.torres9987@example.com,Ciudad de Mexico,Mexico,plata,2024-03-08
9988,Miguel Martinez,miguel.martinez9988@example.com,Medellin,Colombia,plata,2023-02-21
9989,Andres Fernandez,andres.fernandez9989@example.com,Valencia,Espana,bronce,2023-08-16
9990,Pablo Fernandez,pablo.fernandez9990@example.com,Santiago,Chile,bronce,2024-10-30
9991,Elena Navarro,elena.navarro9991@example.com,Madrid,Espana,platino,2022-02-23
9992,Laura Diaz,laura.diaz9992@example.com,Lima,Peru,plata,2024-03-17
9993,Julia Garcia,julia.garcia9993@example.com,Barcelona,Espana,bronce,2023-03-11
9994,Carlos Gomez,carlos.gomez9994@example.com,Ciudad de Mexico,Mexico,bronce,2023-08-23
9995,Alberto Moreno,alberto.moreno9995@example.com,Quito,Ecuador,bronce,2024-09-23
9996,Diego Lopez,diego.lopez9996@example.com,Barcelona,Espana,bronce,2023-10-20
9997,Alberto Lopez,alberto.lopez9997@example.com,Quito,Ecuador,bronce,2023-04-04
9998,Miguel Fernandez,miguel.fernandez9998@example.com,Bogota,Colombia,plata,2024-12-01
9999,Pablo Fernandez,pablo.fernandez9999@example.com,Buenos Aires,Argentina,bronce,2023-10-25
10000,Carmen Torres,carmen.torres10000@example.com,Lima,Peru,plata,2022-06-17
