producto_id,nombre,categoria,precio,coste,stock,activo
1,Zapatillas Eco 1,Electronica,110.92,64.83,269,True
2,Altavoz Basic 2,Ropa,57.55,33.75,230,True
3,Manual Plus 3,Juguetes,85.05,53.27,481,True
4,Batidora Max 4,Ropa,68.33,50.68,422,True
5,Teclado Eco 5,Hogar,393.24,256.91,300,True
6,Tablet Plus 6,Alimentacion,2.28,1.74,447,True
7,Sudadera Ultra 7,Hogar,351.08,276.4,164,True
8,Puzzle Classic 8,Electronica,245.38,139.59,56,True
9,Zapatillas Max 9,Ropa,37.08,26.98,280,False
10,Batidora Ultra 10,Electronica,816.04,466.22,31,True
11,Cafetera Basic 11,Libros,52.93,30.06,471,True
12,Raqueta Basic 12,Deportes,257.24,159.22,60,True
13,Cafetera Pro 13,Alimentacion,12.45,7.16,428,True
14,Sudadera Classic 14,Hogar,166.65,119.28,335,True
15,Manual Plus 15,Hogar,46.79,34.11,123,True
16,Raqueta Ultra 16,Libros,51.1,36.27,266,True
17,Camiseta Eco 17,Libros,55.34,38.4,271,True
18,Tablet Basic 18,Ropa,103.96,77.48,368,True
19,Sudadera Basic 19,Alimentacion,18.34,13.63,213,True
20,Mochila Mini 20,Juguetes,76.4,58.64,296,True
21,Teclado Mini 21,Libros,35.35,25.57,207,True
22,Manual Eco 22,Juguetes,12.83,8.2,47,True
23,Novela Plus 23,Deportes,245.74,167.39,355,True
24,Balon Max 24,Deportes,399.24,268.55,128,False
25,Puzzle Mini 25,Deportes,510.96,294.81,139,True
26,Teclado Basic 26,Juguetes,47.56,35.81,165,True
27,Sudadera Pro 27,Electronica,1237.94,963.38,283,True
28,Lampara Plus 28,Electronica,1147.53,913.55,353,True
29,Silla Basic 29,Deportes,558.65,341.89,407,True
30,Puzzle Basic 30,Libros,59.42,34.1,298,True
31,Cafetera Max 31,Hogar,26.28,15.18,198,True
32,Auriculares Mini 32,Libros,29.06,21.83,473,True
33,Puzzle Ultra 33,Electronica,1171.66,829.46,237,True
34,Monitor Plus 34,Hogar,331.03,244.64,72,True
35,Manual Max 35,Deportes,63.47,49.27,400,True
36,Zapatillas Max 36,Electronica,929.56,563.84,469,True
37,Mochila Max 37,Libros,54.41,34.88,145,True
38,Cafetera Classic 38,Deportes,147.83,110.59,110,True
39,Monitor Classic 39,Deportes,218.21,134.17,176,True
40,Monitor Classic 40,Deportes,245.99,166.41,171,True
41,Manual Max 41,Libros,26.7,17.65,96,True
42,Puzzle Mini 42,Libros,35.89,25.08,17,False
43,Silla Ultra 43,Libros,8.34,6.65,93,True
44,Cafetera Mini 44,Hogar,313.88,180.77,148,True
45,Tablet Basic 45,Libros,11.76,7.89,94,True
46,Raqueta Classic 46,Hogar,327.19,258.4,99,True
47,Balon Classic 47,Electronica,74.79,47.64,471,True
48,Cafetera Mini 48,Alimentacion,31.69,23.3,108,True
49,Tablet Eco 49,Hogar,148.55,116.21,410,True
50,Silla Max 50,Electronica,1000.99,610.76,286,True
51,Sudadera Basic 51,Ropa,33.44,19.07,218,True
52,Manual Pro 52,Alimentacion,21.94,12.48,390,True
53,Zapatillas Classic 53,Alimentacion,12.67,7.2,8,True
54,Altavoz Basic 54,Juguetes,7.44,4.74,372,True
55,Auriculares Plus 55,Hogar,292.8,170.28,208,True
56,Zapatillas Max 56,Libros,12.21,7.95,414,True
57,Silla Ultra 57,Juguetes,113.19,83.59,481,True
58,Auriculares Plus 58,Ropa,85.21,53.22,365,True
59,Puzzle Basic 59,Hogar,10.65,7.13,57,True
60,Novela Plus 60,Alimentacion,37.85,22.02,488,True
61,Zapatillas Plus 61,Electronica,242.54,175.74,379,True
62,Altavoz Pro 62,Alimentacion,33.52,21.1,9,True
63,Silla Max 63,Deportes,207.63,121.22,95,True
64,Sudadera Eco 64,Juguetes,71.19,56.15,493,True
65,Cafetera Max 65,Ropa,126.67,94.04,418,True
66,Tablet Plus 66,Libros,7.76,5.53,204,True
67,Auriculares Classic 67,Alimentacion,27.52,20.11,478,True
68,Manual Plus 68,Deportes,101.92,66.9,238,True
69,Auriculares Mini 69,Hogar,289.39,180.75,433,True
70,Batidora Eco 70,Electronica,283.02,191.04,288,True
71,Raqueta Ultra 71,Alimentacion,1.86,1.41,330,True
72,Monitor Plus 72,Alimentacion,7.06,5.58,4,True
73,Auriculares Classic 73,Libros,39.42,27.65,485,True
74,Auriculares Max 74,Electronica,1479.3,952.8,90,True
75,Monitor Eco 75,Alimentacion,38.83,28.33,106,True
76,Monitor Basic 76,Deportes,451.23,326.81,222,True
77,Manual Max 77,Hogar,331.59,202.89,377,True
78,Lampara Ultra 78,Ropa,132.1,87.04,384,True
79,Sudadera Classic 79,Alimentacion,21.61,12.61,313,True
80,Teclado Mini 80,Juguetes,32.83,21.36,435,True
81,Cafetera Basic 81,Libros,41.36,30.63,346,True
82,Mochila Pro 82,Juguetes,23.0,14.45,73,True
83,Novela Classic 83,Juguetes,101.06,71.58,391,True
84,Sudadera Mini 84,Libros,27.67,17.49,131,True
85,Lampara Basic 85,Ropa,45.84,26.9,259,True
86,Auriculares Mini 86,Electronica,1273.01,936.1,303,True
87,Lampara Mini 87,Electronica,211.23,147.3,196,True
88,Sudadera Classic 88,Hogar,390.18,295.12,180,True
89,Puzzle Basic 89,Juguetes,114.4,82.34,133,True
90,Tablet Mini 90,Electronica,932.74,703.56,148,True
91,Altavoz Plus 91,Electronica,1082.58,637.35,493,False
92,Monitor Eco 92,Alimentacion,2.45,1.72,191,True
93,Teclado Plus 93,Ropa,70.07,44.97,236,True
94,Auriculares Pro 94,Electronica,1332.69,981.69,350,True
95,Lampara Ultra 95,Alimentacion,1.45,1.01,124,True
96,Mochila Pro 96,Alimentacion,12.33,6.95,99,True
97,Auriculares Max 97,Deportes,222.0,151.71,105,True
98,Altavoz Basic 98,Electronica,1028.87,757.32,30,True
99,Mochila Classic 99,Libros,43.77,26.95,225,True
100,Raqueta Max 100,Alimentacion,3.54,2.53,1,True
101,Altavoz Basic 101,Alimentacion,9.48,7.21,189,True
102,Auriculares Classic 102,Libros,50.4,28.54,263,True
103,Balon Ultra 103,Alimentacion,8.48,5.89,129,True
104,Batidora Basic 104,Juguetes,39.38,30.4,125,True
105,Manual Plus 105,Hogar,73.28,42.62,300,True
106,Sudadera Eco 106,Libros,46.49,28.7,280,True
107,Lampara Mini 107,Libros,6.49,4.59,394,True
108,Silla Classic 108,Juguetes,41.12,28.63,440,True
109,Sudadera Mini 109,Deportes,326.4,244.26,124,True
110,Cafetera Pro 110,Juguetes,7.68,5.43,146,True
111,Silla Max 111,Libros,57.47,39.88,262,True
112,Mochila Pro 112,Hogar,349.02,231.39,91,True
113,Tablet Plus 113,Deportes,393.68,224.23,364,True
114,Lampara Plus 114,Alimentacion,18.13,12.65,0,True
115,Camiseta Plus 115,Juguetes,24.55,14.46,183,True
116,Tablet Basic 116,Libros,35.45,28.32,490,False
117,Batidora Max 117,Ropa,41.97,23.91,366,True
118,Silla Max 118,Hogar,258.83,147.26,258,True
119,Camiseta Classic 119,Hogar,66.78,49.87,1,True
120,Altavoz Max 120,Ropa,109.83,63.18,401,True
121,Camiseta Pro 121,Alimentacion,13.59,8.85,222,True
122,Batidora Eco 122,Deportes,308.66,241.33,429,True
123,Mochila Plus 123,Ropa,30.98,23.14,391,True
124,Lampara Basic 124,Alimentacion,10.99,6.68,497,True
125,Zapatillas Ultra 125,Ropa,71.93,44.08,58,True
126,Batidora Ultra 126,Juguetes,58.77,41.03,429,True
127,Sudadera Plus 127,Libros,59.99,40.29,355,True
128,Auriculares Basic 128,Ropa,55.63,32.22,147,True
129,Tablet Max 129,Alimentacion,4.29,2.53,422,False
130,Silla Max 130,Libros,33.83,25.4,282,True
131,Cafetera Classic 131,Alimentacion,13.55,8.62,329,True
132,Camiseta Pro 132,Electronica,1322.78,991.76,481,True
133,Silla Basic 133,Hogar,92.02,54.98,286,True
134,Tablet Mini 134,Ropa,129.5,90.63,316,True
135,Batidora Classic 135,Libros,41.5,28.07,432,True
136,Tablet Ultra 136,Juguetes,28.24,17.84,384,True
137,Auriculares Plus 137,Electronica,637.61,447.69,320,True
138,Silla Basic 138,Hogar,202.05,117.42,453,True
139,Auriculares Mini 139,Libros,33.7,25.75,455,True
140,Mochila Eco 140,Ropa,64.39,47.38,306,True
141,Mochila Max 141,Libros,37.15,23.1,49,True
142,Manual Max 142,Electronica,1089.27,757.08,346,True
143,Silla Basic 143,Deportes,311.12,241.29,166,True
144,Cafetera Mini 144,Electronica,923.53,605.44,294,True
145,Manual Pro 145,Alimentacion,34.52,22.12,188,False
146,Teclado Classic 146,Hogar,204.12,153.04,169,True
147,Mochila Basic 147,Hogar,172.36,94.85,487,True
148,Balon Pro 148,Electronica,409.24,295.3,124,True
149,Auriculares Pro 149,Hogar,61.23,36.98,80,True
150,Balon Max 150,Deportes,185.97,134.56,316,True
151,Silla Pro 151,Libros,27.34,18.03,322,True
152,Camiseta Plus 152,Alimentacion,30.81,17.1,490,True
153,Lampara Mini 153,Alimentacion,9.48,7.29,28,True
154,Novela Ultra 154,Electronica,1068.11,733.4,458,True
155,Balon Plus 155,Ropa,19.22,12.08,419,True
156,Raqueta Pro 156,Alimentacion,7.18,5.21,104,True
157,Zapatillas Basic 157,Hogar,137.27,92.52,409,True
158,Batidora Eco 158,Libros,30.84,17.23,421,True
159,Novela Max 159,Ropa,33.69,24.01,57,True
160,Zapatillas Mini 160,Hogar,53.69,42.54,10,True
161,Sudadera Max 161,Electronica,870.45,527.05,330,True
162,Raqueta Max 162,Ropa,66.5,50.92,294,True
163,Novela Ultra 163,Electronica,653.04,460.56,431,True
164,Novela Mini 164,Hogar,130.1,74.09,465,True
165,Raqueta Mini 165,Deportes,232.18,170.07,52,True
166,Raqueta Basic 166,Juguetes,27.8,18.36,479,True
167,Batidora Max 167,Deportes,173.29,129.7,426,True
168,Monitor Classic 168,Juguetes,68.28,48.41,301,True
169,Silla Mini 169,Electronica,807.32,444.59,180,True
170,Balon Mini 170,Ropa,136.64,79.47,315,True
171,Puzzle Pro 171,Libros,50.79,32.41,282,True
172,Balon Max 172,Electronica,60.3,40.43,194,True
173,Sudadera Mini 173,Libros,17.64,13.81,39,True
174,Zapatillas Basic 174,Hogar,356.2,269.11,361,True
175,Novela Ultra 175,Ropa,52.69,39.54,152,True
176,Batidora Eco 176,Libros,31.27,21.42,122,True
177,Zapatillas Ultra 177,Alimentacion,27.32,15.66,187,True
178,Puzzle Ultra 178,Electronica,837.87,617.05,16,True
179,Raqueta Pro 179,Deportes,17.85,10.2,195,True
180,Zapatillas Basic 180,Deportes,135.84,77.82,417,False
181,Manual Plus 181,Electronica,195.64,120.08,365,True
182,Novela Classic 182,Libros,14.22,11.1,30,True
183,Sudadera Classic 183,Electronica,263.68,194.46,165,True
184,Batidora Mini 184,Libros,39.25,22.34,332,True
185,Sudadera Basic 185,Hogar,168.56,131.43,465,True
186,Batidora Classic 186,Electronica,146.5,109.27,218,True
187,Novela Ultra 187,Electronica,169.32,118.68,494,True
188,Raqueta Plus 188,Deportes,570.96,332.15,21,True
189,Mochila Ultra 189,Hogar,70.36,44.33,455,False
190,Altavoz Max 190,Deportes,163.5,102.22,79,True
191,Novela Max 191,Alimentacion,23.4,16.61,364,True
192,Raqueta Basic 192,Juguetes,28.14,19.61,50,False
193,Lampara Ultra 193,Juguetes,29.32,18.16,494,False
194,Lampara Plus 194,Deportes,57.46,36.07,107,True
195,Puzzle Classic 195,Electronica,1472.19,1000.52,184,True
196,Altavoz Basic 196,Ropa,94.06,71.61,317,True
197,Raqueta Plus 197,Electronica,818.13,475.79,25,True
198,Camiseta Basic 198,Electronica,1338.57,979.08,285,True
199,Altavoz Basic 199,Ropa,92.41,73.83,146,True
200,Cafetera Ultra 200,Libros,19.47,14.36,216,True
201,Puzzle Classic 201,Juguetes,60.37,39.87,166,True
202,Manual Basic 202,Libros,31.27,22.92,421,True
203,Sudadera Basic 203,Hogar,165.25,126.44,228,False
204,Camiseta Basic 204,Juguetes,92.16,68.39,376,True
205,Teclado Mini 205,Alimentacion,5.28,2.92,20,True
206,Silla Eco 206,Libros,13.76,8.02,341,True
207,Lampara Plus 207,Juguetes,49.06,28.3,191,True
208,Lampara Ultra 208,Alimentacion,3.78,2.11,299,True
209,Novela Pro 209,Juguetes,118.58,86.4,423,True
210,Manual Mini 210,Alimentacion,20.34,12.55,348,True
211,Cafetera Pro 211,Ropa,15.12,11.04,176,False
212,Balon Eco 212,Ropa,94.32,67.58,113,True
213,Silla Pro 213,Hogar,314.63,214.23,443,False
214,Sudadera Basic 214,Hogar,169.01,95.48,129,True
215,Novela Eco 215,Deportes,296.11,185.46,17,True
216,Auriculares Eco 216,Alimentacion,28.32,15.77,149,True
217,Mochila Max 217,Hogar,101.19,78.68,5,True
218,Lampara Ultra 218,Libros,37.87,23.75,370,True
219,Mochila Mini 219,Electronica,964.87,553.58,444,True
220,Teclado Plus 220,Alimentacion,32.38,17.83,216,True
221,Lampara Classic 221,Deportes,536.28,376.94,306,True
222,Sudadera Basic 222,Deportes,565.42,398.76,479,True
223,Lampara Classic 223,Ropa,25.94,20.72,462,True
224,Teclado Classic 224,Alimentacion,32.83,20.43,20,True
225,Lampara Max 225,Ropa,103.91,58.36,34,True
226,Tablet Pro 226,Electronica,587.56,437.64,191,True
227,Manual Max 227,Deportes,554.84,347.41,139,True
228,Cafetera Plus 228,Libros,52.31,33.09,77,True
229,Sudadera Eco 229,Juguetes,94.5,73.42,75,True
230,Tablet Basic 230,Deportes,48.63,33.74,408,True
231,Camiseta Pro 231,Hogar,79.03,51.38,96,True
232,Balon Classic 232,Electronica,1381.58,1088.19,239,True
233,Auriculares Mini 233,Alimentacion,39.31,24.23,22,True
234,Novela Eco 234,Hogar,118.15,65.62,310,True
235,Tablet Mini 235,Ropa,47.39,28.8,370,True
236,Auriculares Classic 236,Hogar,248.02,139.15,298,True
237,Batidora Classic 237,Hogar,39.71,25.89,142,True
238,Mochila Mini 238,Electronica,913.21,692.0,39,True
239,Manual Pro 239,Ropa,145.55,115.54,200,True
240,Puzzle Mini 240,Alimentacion,12.58,9.12,391,True
241,Balon Classic 241,Hogar,299.67,234.2,59,True
242,Teclado Basic 242,Alimentacion,21.47,14.0,410,True
243,Puzzle Pro 243,Libros,20.8,13.01,456,True
244,Manual Plus 244,Alimentacion,17.09,10.06,303,True
245,Auriculares Mini 245,Libros,35.31,23.84,422,False
246,Auriculares Mini 246,Alimentacion,30.7,19.39,140,True
247,Tablet Eco 247,Deportes,331.37,191.16,310,True
248,Silla Classic 248,Juguetes,111.54,87.33,362,True
249,Puzzle Basic 249,Electronica,219.58,127.56,357,True
250,Cafetera Classic 250,Alimentacion,38.35,28.18,350,False
251,Mochila Mini 251,Electronica,848.44,481.08,97,True
252,Mochila Classic 252,Hogar,162.81,111.0,456,True
253,Batidora Plus 253,Juguetes,15.59,11.2,340,True
254,Silla Ultra 254,Hogar,125.54,76.41,58,True
255,Lampara Plus 255,Electronica,685.01,389.71,319,True
256,Manual Max 256,Alimentacion,37.55,26.22,454,True
257,Auriculares Classic 257,Deportes,457.51,320.59,11,True
258,Lampara Eco 258,Deportes,49.54,31.11,443,True
259,Raqueta Mini 259,Ropa,54.56,35.14,165,True
260,Puzzle Max 260,Juguetes,62.53,35.1,148,True
261,Camiseta Pro 261,Ropa,128.71,80.31,243,True
262,Monitor Basic 262,Deportes,469.21,361.6,358,True
263,Zapatillas Ultra 263,Electronica,363.4,215.43,51,True
264,Teclado Plus 264,Ropa,15.17,10.12,131,True
265,Novela Plus 265,Electronica,241.94,174.0,403,True
266,Mochila Pro 266,Hogar,206.28,154.86,117,False
267,Tablet Mini 267,Ropa,20.76,11.84,174,True
268,Sudadera Pro 268,Juguetes,35.22,24.58,320,True
269,Mochila Eco 269,Juguetes,99.81,70.55,125,True
270,Novela Plus 270,Deportes,250.14,149.92,25,True
271,Batidora Classic 271,Alimentacion,39.85,22.22,263,True
272,Camiseta Ultra 272,Ropa,115.35,87.79,48,True
273,Puzzle Pro 273,Deportes,169.98,112.19,193,True
274,Auriculares Eco 274,Libros,5.42,3.06,330,True
275,Tablet Basic 275,Hogar,215.61,149.74,369,True
276,Tablet Eco 276,Ropa,108.23,69.72,475,True
277,Tablet Basic 277,Alimentacion,19.32,11.01,435,True
278,Lampara Ultra 278,Deportes,545.31,339.06,17,False
279,Sudadera Max 279,Alimentacion,30.95,19.55,243,True
280,Puzzle Max 280,Libros,33.61,23.32,11,True
281,Manual Classic 281,Hogar,17.38,11.31,400,True
282,Auriculares Max 282,Deportes,212.87,122.77,37,False
283,Balon Basic 283,Ropa,78.21,55.44,388,True
284,Teclado Eco 284,Alimentacion,10.76,7.88,0,False
285,Manual Mini 285,Ropa,126.95,85.92,55,True
286,Lampara Pro 286,Deportes,263.32,149.0,464,True
287,Auriculares Plus 287,Libros,16.21,9.33,93,True
288,Monitor Eco 288,Alimentacion,31.38,24.67,237,True
289,Manual Basic 289,Deportes,370.85,221.52,260,True
290,Novela Mini 290,Juguetes,29.27,18.35,346,True
291,Teclado Pro 291,Electronica,822.48,593.73,467,True
292,Balon Plus 292,Alimentacion,28.09,21.01,208,True
293,Balon Eco 293,Hogar,184.89,143.8,301,True
294,Sudadera Mini 294,Juguetes,41.17,26.71,498,True
295,Lampara Plus 295,Deportes,418.46,333.96,54,False
296,Monitor Plus 296,Libros,42.8,24.65,239,True
297,Raqueta Classic 297,Electronica,74.56,56.41,151,True
298,Balon Eco 298,Deportes,151.96,93.92,469,True
299,Monitor Basic 299,Electronica,987.16,774.2,307,True
300,Balon Mini 300,Deportes,146.12,112.12,324,True
301,Balon Pro 301,Ropa,144.7,107.16,93,True
302,Silla Ultra 302,Hogar,73.49,51.51,473,True
303,Lampara Classic 303,Deportes,452.71,273.26,33,True
304,Teclado Eco 304,Hogar,399.35,265.76,247,False
305,Altavoz Classic 305,Electronica,552.54,308.7,349,True
306,Auriculares Eco 306,Electronica,924.53,672.46,439,True
307,Novela Eco 307,Ropa,23.01,13.32,136,True
308,Auriculares Pro 308,Juguetes,77.27,47.49,166,True
309,Sudadera Basic 309,Libros,59.31,36.25,18,True
310,Balon Ultra 310,Electronica,1460.65,1091.09,330,True
311,Manual Ultra 311,Deportes,255.89,166.37,98,True
312,Auriculares Eco 312,Libros,50.13,34.27,308,True
313,Camiseta Basic 313,Hogar,332.37,200.14,42,True
314,Balon Pro 314,Electronica,524.54,332.31,243,True
315,Teclado Pro 315,Hogar,330.87,224.32,239,True
316,Balon Pro 316,Electronica,285.49,170.88,250,True
317,Mochila Basic 317,Hogar,391.76,283.03,154,True
318,Mochila Classic 318,Deportes,520.54,344.76,85,False
319,Novela Mini 319,Juguetes,64.7,51.5,387,True
320,Lampara Basic 320,Alimentacion,16.03,9.8,453,True
321,Silla Plus 321,Libros,57.03,37.01,138,True
322,Mochila Classic 322,Ropa,18.1,14.14,227,True
323,Cafetera Max 323,Alimentacion,20.44,15.77,54,False
324,Balon Plus 324,Alimentacion,19.99,13.41,75,True
325,Mochila Plus 325,Ropa,62.15,36.1,176,True
326,Manual Max 326,Electronica,213.31,139.12,352,True
327,Cafetera Eco 327,Deportes,162.06,112.93,336,True
328,Auriculares Eco 328,Deportes,590.12,362.07,363,False
329,Zapatillas Eco 329,Libros,49.44,29.55,44,False
330,Auriculares Ultra 330,Hogar,336.93,230.08,22,True
331,Altavoz Plus 331,Deportes,313.08,185.97,137,True
332,Sudadera Max 332,Ropa,101.98,78.39,166,True
333,Mochila Mini 333,Deportes,310.43,176.5,257,True
334,Silla Plus 334,Electronica,1032.17,822.48,292,True
335,Batidora Classic 335,Deportes,520.13,356.02,94,True
336,Lampara Max 336,Electronica,401.76,319.76,410,True
337,Raqueta Max 337,Juguetes,114.45,84.45,373,True
338,Altavoz Ultra 338,Libros,55.25,32.5,155,True
339,Lampara Max 339,Alimentacion,17.35,10.53,322,True
340,Novela Max 340,Libros,58.72,33.87,149,True
341,Monitor Plus 341,Alimentacion,35.42,25.94,30,True
342,Cafetera Eco 342,Hogar,25.63,15.18,368,True
343,Batidora Pro 343,Electronica,111.07,80.93,43,True
344,Auriculares Max 344,Alimentacion,28.58,21.86,109,True
345,Manual Mini 345,Libros,48.1,31.41,151,True
346,Silla Plus 346,Libros,18.68,13.36,447,True
347,Mochila Eco 347,Ropa,78.82,60.99,293,True
348,Silla Plus 348,Ropa,84.57,62.44,395,True
349,Tablet Classic 349,Libros,29.51,17.2,454,True
350,Raqueta Basic 350,Ropa,17.82,11.1,446,True
351,Manual Mini 351,Electronica,367.4,251.27,304,True
352,Zapatillas Mini 352,Ropa,123.66,76.18,176,False
353,Puzzle Max 353,Ropa,18.38,12.43,201,True
354,Puzzle Classic 354,Juguetes,77.3,60.93,82,True
355,Silla Classic 355,Ropa,98.05,65.04,294,True
356,Tablet Pro 356,Deportes,574.55,353.59,292,True
357,Altavoz Eco 357,Libros,59.31,34.79,486,False
358,Manual Basic 358,Electronica,1420.31,1101.13,94,True
359,Mochila Classic 359,Libros,34.77,21.12,378,False
360,Monitor Classic 360,Hogar,26.29,15.73,133,True
361,Monitor Max 361,Alimentacion,11.81,8.12,39,True
362,Puzzle Plus 362,Ropa,75.52,50.25,200,True
363,Sudadera Mini 363,Ropa,13.56,8.77,481,True
364,Batidora Max 364,Ropa,13.27,9.22,231,True
365,Raqueta Ultra 365,Ropa,54.01,37.39,92,False
366,Sudadera Ultra 366,Libros,26.3,14.91,161,True
367,Altavoz Plus 367,Juguetes,72.64,47.49,347,True
368,Tablet Plus 368,Alimentacion,37.38,27.3,142,True
369,Zapatillas Classic 369,Alimentacion,16.26,10.49,115,True
370,Raqueta Max 370,Hogar,28.76,22.99,123,True
371,Camiseta Max 371,Libros,34.7,21.13,40,True
372,Batidora Classic 372,Ropa,58.83,39.66,345,True
373,Auriculares Eco 373,Juguetes,108.82,78.19,160,True
374,Auriculares Eco 374,Electronica,675.67,464.16,152,True
375,Lampara Max 375,Alimentacion,13.55,7.58,164,True
376,Novela Ultra 376,Ropa,110.79,75.16,347,True
377,Tablet Pro 377,Juguetes,62.74,49.67,437,True
378,Puzzle Basic 378,Libros,35.53,23.15,371,True
379,Puzzle Mini 379,Ropa,29.59,17.13,283,True
380,Batidora Plus 380,Alimentacion,15.63,8.68,357,True
381,Altavoz Classic 381,Hogar,28.11,18.36,113,True
382,Puzzle Classic 382,Juguetes,92.3,55.04,457,True
383,Raqueta Max 383,Alimentacion,10.58,8.03,306,True
384,Balon Classic 384,Electronica,224.75,177.12,477,True
385,Manual Ultra 385,Alimentacion,23.99,18.84,133,True
386,Mochila Mini 386,Alimentacion,23.6,15.19,73,True
387,Tablet Max 387,Ropa,52.84,35.07,357,True
388,Manual Pro 388,Juguetes,115.75,72.78,160,True
389,Altavoz Eco 389,Electronica,971.51,565.67,103,True
390,Camiseta Mini 390,Hogar,371.29,256.1,393,True
391,Zapatillas Pro 391,Juguetes,40.97,24.44,266,True
392,Sudadera Pro 392,Alimentacion,22.52,12.72,390,True
393,Tablet Mini 393,Electronica,649.61,495.24,121,True
394,Puzzle Eco 394,Libros,27.73,20.79,35,True
395,Raqueta Eco 395,Electronica,119.26,93.21,204,True
396,Balon Ultra 396,Juguetes,31.82,20.11,481,True
397,Altavoz Ultra 397,Alimentacion,34.9,26.79,292,True
398,Balon Max 398,Deportes,512.17,332.71,428,True
399,Cafetera Eco 399,Electronica,202.39,115.0,421,True
400,Novela Max 400,Hogar,17.08,11.35,449,True
401,Altavoz Basic 401,Deportes,74.7,51.43,229,True
402,Sudadera Ultra 402,Juguetes,79.18,52.1,102,True
403,Altavoz Max 403,Deportes,155.3,115.91,449,True
404,Monitor Classic 404,Deportes,461.14,294.19,250,True
405,Silla Max 405,Libros,5.32,4.15,160,True
406,Tablet Basic 406,Alimentacion,28.92,16.44,220,True
407,Monitor Mini 407,Juguetes,107.16,78.24,391,True
408,Raqueta Basic 408,Hogar,27.47,21.49,180,True
409,Cafetera Classic 409,Hogar,348.28,239.72,415,True
410,Zapatillas Ultra 410,Ropa,138.34,106.48,113,True
411,Auriculares Max 411,Hogar,218.98,158.31,158,True
412,Auriculares Basic 412,Juguetes,39.15,21.67,69,True
413,Tablet Basic 413,Alimentacion,22.95,16.47,435,True
414,Teclado Basic 414,Libros,22.08,15.77,435,True
415,Raqueta Mini 415,Alimentacion,37.4,20.57,103,True
416,Monitor Basic 416,Deportes,333.02,217.23,265,True
417,Balon Pro 417,Libros,48.93,27.39,395,False
418,Teclado Basic 418,Libros,38.55,24.03,300,True
419,Cafetera Eco 419,Ropa,48.95,39.0,322,True
420,Teclado Max 420,Juguetes,63.51,49.86,130,False
421,Cafetera Plus 421,Deportes,529.74,382.06,14,True
422,Manual Classic 422,Libros,26.06,16.72,467,True
423,Raqueta Plus 423,Hogar,143.12,92.9,456,True
424,Cafetera Mini 424,Ropa,143.81,80.47,468,True
425,Tablet Pro 425,Alimentacion,14.03,8.9,21,True
426,Sudadera Eco 426,Libros,52.27,39.0,335,False
427,Raqueta Basic 427,Electronica,308.51,209.74,125,True
428,Puzzle Pro 428,Deportes,478.16,319.97,160,True
429,Balon Ultra 429,Libros,38.84,22.25,206,True
430,Cafetera Ultra 430,Juguetes,20.58,16.05,116,True
431,Teclado Eco 431,Juguetes,14.23,8.83,297,False
432,Altavoz Max 432,Libros,21.41,13.82,297,True
433,Altavoz Plus 433,Electronica,1003.31,634.77,464,True
434,Silla Mini 434,Deportes,225.67,142.66,416,True
435,Raqueta Basic 435,Hogar,115.75,81.01,351,True
436,Batidora Max 436,Electronica,893.7,631.63,483,True
437,Altavoz Classic 437,Alimentacion,38.15,26.69,214,False
438,Tablet Ultra 438,Hogar,57.52,32.62,34,True
439,Raqueta Mini 439,Hogar,261.39,207.12,439,True
440,Tablet Basic 440,Ropa,137.56,100.21,167,True
441,Camiseta Pro 441,Deportes,331.54,255.51,223,False
442,Balon Mini 442,Libros,58.03,34.23,195,True
443,Monitor Eco 443,Ropa,92.9,72.74,455,True
444,Altavoz Mini 444,Juguetes,83.0,60.62,184,True
445,Silla Mini 445,Hogar,318.6,215.11,341,True
446,Novela Plus 446,Alimentacion,8.79,4.89,333,True
447,Monitor Pro 447,Juguetes,70.3,43.11,277,True
448,Silla Classic 448,Libros,38.78,29.46,273,True
449,Batidora Plus 449,Electronica,224.21,144.57,36,True
450,Silla Basic 450,Juguetes,58.47,42.07,445,True
451,Novela Eco 451,Libros,47.39,34.72,166,True
452,Mochila Pro 452,Libros,7.24,5.39,111,True
453,Cafetera Pro 453,Hogar,171.26,110.56,109,True
454,Silla Mini 454,Deportes,100.24,77.93,199,True
455,Mochila Pro 455,Ropa,32.96,20.54,311,False
456,Auriculares Eco 456,Libros,33.19,25.19,270,True
457,Novela Max 457,Ropa,12.19,8.0,417,True
458,Teclado Pro 458,Ropa,68.34,41.59,408,True
459,Raqueta Classic 459,Alimentacion,2.0,1.27,167,True
460,Altavoz Basic 460,Deportes,556.45,417.28,411,False
461,Balon Ultra 461,Libros,53.56,37.69,340,True
462,Altavoz Basic 462,Alimentacion,9.25,5.4,429,True
463,Balon Eco 463,Alimentacion,3.57,2.07,0,True
464,Altavoz Basic 464,Deportes,161.62,116.66,259,True
465,Novela Classic 465,Hogar,21.07,12.85,312,True
466,Novela Max 466,Electronica,1115.44,671.68,120,True
467,Balon Pro 467,Alimentacion,23.38,17.24,327,False
468,Tablet Pro 468,Deportes,333.15,210.11,363,True
469,Batidora Eco 469,Deportes,513.4,291.14,69,True
470,Mochila Eco 470,Alimentacion,32.56,21.37,477,True
471,Sudadera Plus 471,Ropa,66.06,45.73,472,True
472,Mochila Eco 472,Electronica,934.99,654.84,142,True
473,Altavoz Mini 473,Libros,29.3,16.54,99,True
474,Mochila Ultra 474,Alimentacion,25.34,16.81,99,True
475,Sudadera Ultra 475,Hogar,69.09,44.21,18,True
476,Silla Classic 476,Alimentacion,12.7,8.41,11,True
477,Puzzle Basic 477,Deportes,162.35,90.98,156,True
478,Cafetera Pro 478,Deportes,112.97,70.48,333,True
479,Novela Pro 479,Alimentacion,17.14,12.18,340,True
480,Mochila Pro 480,Ropa,111.16,64.64,272,True
481,Auriculares Plus 481,Juguetes,51.75,40.87,325,True
482,Manual Basic 482,Electronica,1474.82,1177.61,67,True
483,Lampara Classic 483,Libros,21.61,13.83,497,True
484,Lampara Plus 484,Electronica,1424.79,1026.19,99,True
485,Sudadera Basic 485,Electronica,330.65,234.38,183,True
486,Teclado Eco 486,Ropa,53.55,31.69,331,False
487,Raqueta Max 487,Ropa,31.3,20.25,63,True
488,Zapatillas Pro 488,Juguetes,33.88,26.94,218,False
489,Batidora Classic 489,Alimentacion,7.13,4.15,466,True
490,Lampara Ultra 490,Alimentacion,25.37,17.6,116,True
491,Batidora Mini 491,Libros,16.03,11.22,309,True
492,Manual Classic 492,Hogar,43.2,25.57,302,True
493,Novela Classic 493,Libros,19.65,13.44,38,True
494,Puzzle Basic 494,Deportes,411.86,320.99,26,True
495,Cafetera Mini 495,Deportes,265.75,153.85,73,True
496,Zapatillas Pro 496,Deportes,106.35,63.54,8,True
497,Novela Plus 497,Alimentacion,3.47,2.13,265,True
498,Cafetera Mini 498,Ropa,111.57,82.31,130,True
499,Auriculares Ultra 499,Alimentacion,28.46,19.76,299,True
500,Mochila Mini 500,Deportes,284.99,192.62,144,True
501,Novela Mini 501,Libros,34.03,25.45,175,True
502,Lampara Pro 502,Alimentacion,10.38,8.25,52,True
503,Mochila Eco 503,Juguetes,61.84,37.04,397,True
504,Balon Eco 504,Deportes,441.23,332.25,57,True
505,Novela Basic 505,Hogar,310.9,199.76,456,True
506,Camiseta Basic 506,Electronica,543.72,318.89,83,True
507,Tablet Max 507,Ropa,104.4,64.12,495,True
508,Cafetera Ultra 508,Libros,31.76,20.64,362,True
509,Cafetera Mini 509,Juguetes,90.54,70.15,411,True
510,Sudadera Ultra 510,Electronica,1051.63,704.17,403,True
511,Auriculares Classic 511,Deportes,453.96,319.4,222,True
512,Silla Basic 512,Alimentacion,7.43,4.15,90,True
513,Lampara Max 513,Juguetes,43.4,24.56,338,True
514,Cafetera Plus 514,Alimentacion,11.33,8.89,328,True
515,Zapatillas Classic 515,Alimentacion,18.44,14.01,403,True
516,Batidora Eco 516,Electronica,724.12,486.91,116,True
517,Tablet Eco 517,Libros,41.7,25.02,409,True
518,Zapatillas Eco 518,Deportes,348.22,195.02,440,False
519,Camiseta Plus 519,Deportes,354.23,281.2,365,True
520,Mochila Classic 520,Juguetes,78.53,43.3,134,True
521,Mochila Eco 521,Alimentacion,11.64,7.09,123,True
522,Zapatillas Eco 522,Deportes,147.29,106.19,64,True
523,Zapatillas Ultra 523,Libros,16.84,13.21,414,True
524,Zapatillas Mini 524,Deportes,470.98,272.82,219,True
525,Mochila Max 525,Libros,10.35,7.69,153,True
526,Mochila Ultra 526,Alimentacion,13.33,8.44,77,True
527,Mochila Mini 527,Juguetes,38.67,27.84,247,False
528,Camiseta Ultra 528,Hogar,240.85,138.29,99,True
529,Cafetera Pro 529,Alimentacion,37.04,28.38,417,True
530,Mochila Basic 530,Deportes,528.98,384.47,169,True
531,Silla Pro 531,Libros,10.8,8.52,222,True
532,Raqueta Plus 532,Electronica,833.3,562.98,330,False
533,Altavoz Basic 533,Deportes,36.76,28.38,349,True
534,Balon Eco 534,Ropa,120.52,82.57,58,True
535,Novela Classic 535,Electronica,593.34,402.4,38,True
536,Manual Pro 536,Juguetes,31.28,17.94,142,True
537,Camiseta Plus 537,Electronica,751.95,566.63,373,True
538,Lampara Pro 538,Juguetes,56.17,36.68,429,True
539,Zapatillas Pro 539,Juguetes,113.57,79.5,486,True
540,Mochila Pro 540,Libros,6.83,4.87,136,True
541,Balon Eco 541,Juguetes,114.35,85.04,381,True
542,Puzzle Classic 542,Electronica,389.84,270.49,84,True
543,Silla Ultra 543,Electronica,260.3,183.51,94,True
544,Novela Ultra 544,Juguetes,90.83,61.78,266,True
545,Teclado Basic 545,Hogar,213.81,150.41,48,True
546,Manual Mini 546,Ropa,135.18,89.36,16,True
547,Camiseta Eco 547,Libros,34.85,25.93,497,True
548,Camiseta Classic 548,Deportes,310.7,233.84,401,True
549,Monitor Max 549,Hogar,90.4,61.41,337,True
550,Zapatillas Ultra 550,Hogar,380.41,223.17,111,True
551,Manual Max 551,Juguetes,82.09,52.81,38,True
552,Puzzle Eco 552,Deportes,366.92,278.85,66,True
553,Batidora Pro 553,Alimentacion,31.81,24.79,210,True
554,Puzzle Max 554,Deportes,74.24,45.79,404,True
555,Zapatillas Basic 555,Libros,52.65,41.34,296,True
556,Sudadera Ultra 556,Ropa,79.07,48.96,421,True
557,Zapatillas Ultra 557,Electronica,1213.21,945.96,454,True
558,Sudadera Mini 558,Deportes,431.89,338.54,367,True
559,Manual Max 559,Juguetes,57.99,39.21,49,True
560,Auriculares Mini 560,Ropa,117.3,92.39,117,True
561,Lampara Classic 561,Alimentacion,29.11,20.01,168,True
562,Raqueta Max 562,Libros,5.2,3.35,263,True
563,Monitor Classic 563,Deportes,429.91,323.52,396,True
564,Batidora Mini 564,Deportes,312.64,180.43,484,True
565,Silla Plus 565,Hogar,337.39,203.84,491,True
566,Puzzle Max 566,Alimentacion,32.58,19.66,238,True
567,Cafetera Pro 567,Electronica,297.44,209.85,495,True
568,Camiseta Max 568,Electronica,81.55,59.3,474,True
569,Altavoz Plus 569,Juguetes,29.18,22.16,83,True
570,Tablet Plus 570,Electronica,1124.63,871.55,338,True
571,Lampara Plus 571,Deportes,524.74,403.4,219,True
572,Raqueta Pro 572,Hogar,283.22,204.06,422,True
573,Batidora Max 573,Libros,50.13,39.04,434,True
574,Silla Basic 574,Electronica,901.5,557.93,96,True
575,Sudadera Basic 575,Hogar,207.54,151.78,301,True
576,Camiseta Ultra 576,Deportes,582.66,331.63,463,True
577,Silla Classic 577,Ropa,19.44,11.3,333,False
578,Batidora Basic 578,Hogar,174.33,105.74,426,True
579,Monitor Eco 579,Electronica,453.18,260.88,361,True
580,Tablet Classic 580,Electronica,226.97,179.63,392,True
581,Zapatillas Eco 581,Hogar,246.18,164.09,423,True
582,Mochila Pro 582,Hogar,112.67,87.51,470,False
583,Batidora Mini 583,Electronica,721.3,482.66,99,True
584,Altavoz Pro 584,Deportes,94.9,68.79,394,True
585,Raqueta Eco 585,Alimentacion,16.21,10.22,191,True
586,Zapatillas Max 586,Libros,16.01,12.61,288,True
587,Raqueta Eco 587,Ropa,135.37,75.63,328,True
588,Balon Basic 588,Deportes,320.6,232.23,324,True
589,Novela Classic 589,Juguetes,97.35,76.67,98,True
590,Batidora Pro 590,Alimentacion,19.94,14.9,410,True
591,Novela Classic 591,Deportes,39.79,30.12,357,True
592,Auriculares Pro 592,Hogar,280.88,175.49,374,True
593,Auriculares Plus 593,Alimentacion,2.87,1.9,308,True
594,Monitor Eco 594,Deportes,246.1,143.73,295,True
595,Teclado Eco 595,Electronica,843.06,543.02,138,True
596,Raqueta Plus 596,Hogar,314.13,173.43,299,False
597,Lampara Plus 597,Deportes,540.68,402.64,140,True
598,Silla Eco 598,Juguetes,30.14,23.76,440,True
599,Camiseta Pro 599,Juguetes,81.98,59.45,25,True
600,Lampara Basic 600,Hogar,193.39,145.54,4,True
601,Altavoz Max 601,Juguetes,93.73,63.58,364,True
602,Teclado Pro 602,Alimentacion,37.65,22.51,358,True
603,Lampara Pro 603,Juguetes,67.23,49.09,279,True
604,Silla Pro 604,Juguetes,39.41,24.62,282,True
605,Teclado Mini 605,Juguetes,97.23,64.65,17,True
606,Silla Pro 606,Deportes,323.14,250.49,419,True
607,Lampara Basic 607,Libros,53.53,34.43,423,True
608,Zapatillas Mini 608,Deportes,346.15,215.42,102,False
609,Monitor Max 609,Alimentacion,37.55,20.95,7,True
610,Tablet Max 610,Ropa,10.49,7.61,262,True
611,Sudadera Ultra 611,Juguetes,90.5,54.64,126,True
612,Cafetera Eco 612,Electronica,552.48,392.18,63,True
613,Puzzle Max 613,Ropa,102.94,66.05,56,True
614,Batidora Mini 614,Alimentacion,37.75,28.2,329,True
615,Tablet Basic 615,Hogar,265.03,204.73,179,True
616,Monitor Basic 616,Juguetes,91.18,55.52,381,True
617,Novela Eco 617,Deportes,107.46,80.39,157,True
618,Lampara Mini 618,Electronica,297.25,174.84,311,True
619,Mochila Classic 619,Electronica,881.47,515.86,136,False
620,Tablet Ultra 620,Electronica,674.38,443.14,277,True
621,Cafetera Pro 621,Deportes,80.02,50.5,349,True
622,Cafetera Ultra 622,Ropa,111.42,88.78,171,True
623,Teclado Basic 623,Alimentacion,28.26,21.22,443,True
624,Sudadera Mini 624,Juguetes,17.35,13.4,319,True
625,Batidora Pro 625,Hogar,28.98,16.92,100,True
626,Zapatillas Basic 626,Deportes,236.61,172.37,449,True
627,Zapatillas Eco 627,Juguetes,78.52,55.05,249,True
628,Puzzle Eco 628,Libros,54.15,31.13,360,True
629,Raqueta Plus 629,Electronica,680.03,508.95,172,True
630,Novela Max 630,Electronica,171.95,131.27,11,True
631,Altavoz Ultra 631,Libros,51.23,39.88,281,False
632,Lampara Ultra 632,Alimentacion,5.87,4.61,254,True
633,Batidora Ultra 633,Electronica,974.22,562.08,361,True
634,Sudadera Basic 634,Hogar,171.25,131.96,368,False
635,Batidora Eco 635,Hogar,364.73,286.8,344,True
636,Zapatillas Basic 636,Ropa,108.1,78.12,252,True
637,Mochila Basic 637,Alimentacion,1.01,0.6,3,True
638,Mochila Classic 638,Alimentacion,15.54,10.1,295,True
639,Camiseta Pro 639,Ropa,33.6,19.24,474,True
640,Monitor Max 640,Juguetes,39.04,21.51,455,False
641,Lampara Max 641,Electronica,628.49,490.23,40,True
642,Cafetera Basic 642,Deportes,331.71,263.07,436,True
643,Silla Pro 643,Libros,48.91,38.14,72,True
644,Sudadera Basic 644,Alimentacion,4.37,2.68,40,True
645,Sudadera Ultra 645,Juguetes,56.84,40.09,13,False
646,Balon Eco 646,Electronica,1283.54,866.29,255,True
647,Zapatillas Eco 647,Ropa,69.37,46.76,88,True
648,Manual Basic 648,Electronica,802.98,527.62,311,True
649,Auriculares Eco 649,Electronica,1178.98,925.85,233,True
650,Silla Basic 650,Hogar,288.03,215.37,426,True
651,Batidora Plus 651,Alimentacion,20.89,15.91,105,True
652,Altavoz Classic 652,Hogar,387.17,216.29,132,True
653,Mochila Max 653,Juguetes,11.09,7.24,258,True
654,Batidora Pro 654,Libros,8.0,5.6,69,True
655,Lampara Eco 655,Alimentacion,17.67,12.63,229,True
656,Tablet Basic 656,Deportes,107.34,83.05,298,True
657,Puzzle Pro 657,Alimentacion,9.44,5.59,308,True
658,Raqueta Ultra 658,Ropa,29.31,16.78,233,True
659,Lampara Ultra 659,Juguetes,85.24,65.92,50,True
660,Mochila Basic 660,Juguetes,54.6,36.95,128,True
661,Raqueta Ultra 661,Deportes,502.99,344.45,35,True
662,Balon Basic 662,Ropa,43.55,33.64,471,True
663,Manual Eco 663,Hogar,253.14,186.68,290,False
664,Sudadera Eco 664,Electronica,359.49,263.39,158,True
665,Monitor Pro 665,Deportes,23.47,14.0,150,True
666,Altavoz Ultra 666,Ropa,105.83,74.65,27,True
667,Zapatillas Eco 667,Hogar,66.75,44.22,236,True
668,Puzzle Max 668,Juguetes,85.4,60.02,29,True
669,Balon Ultra 669,Hogar,279.36,193.85,350,True
670,Batidora Mini 670,Deportes,405.86,225.89,100,True
671,Balon Max 671,Deportes,361.3,229.78,50,True
672,Mochila Mini 672,Alimentacion,35.51,23.59,58,True
673,Puzzle Pro 673,Electronica,159.67,107.79,14,True
674,Lampara Eco 674,Juguetes,112.3,64.56,197,True
675,Balon Plus 675,Libros,8.63,6.69,29,True
676,Auriculares Eco 676,Juguetes,62.97,39.9,40,True
677,Teclado Eco 677,Juguetes,111.33,74.85,109,True
678,Cafetera Mini 678,Juguetes,37.39,26.77,280,True
679,Camiseta Eco 679,Deportes,505.17,368.66,110,True
680,Batidora Pro 680,Libros,37.63,24.25,204,True
681,Raqueta Classic 681,Ropa,130.29,75.87,214,True
682,Cafetera Eco 682,Alimentacion,2.89,1.74,298,True
683,Balon Pro 683,Hogar,226.82,134.11,23,True
684,Puzzle Basic 684,Libros,15.38,9.4,494,True
685,Sudadera Pro 685,Hogar,17.05,11.95,46,True
686,Zapatillas Basic 686,Ropa,105.83,72.38,495,True
687,Balon Plus 687,Alimentacion,30.24,17.91,142,True
688,Silla Classic 688,Hogar,297.16,214.07,208,True
689,Lampara Mini 689,Alimentacion,29.35,16.61,33,True
690,Teclado Pro 690,Juguetes,97.39,75.71,183,True
691,Teclado Plus 691,Ropa,74.68,51.64,449,True
692,Monitor Plus 692,Ropa,57.36,40.01,340,False
693,Raqueta Max 693,Electronica,1167.9,725.82,311,True
694,Cafetera Basic 694,Juguetes,82.31,55.8,183,True
695,Teclado Plus 695,Libros,16.0,10.51,462,True
696,Raqueta Eco 696,Alimentacion,17.98,14.16,389,True
697,Raqueta Eco 697,Ropa,33.87,19.27,126,True
698,Tablet Mini 698,Ropa,118.6,78.83,300,False
699,Manual Classic 699,Libros,18.59,13.9,198,False
700,Teclado Max 700,Ropa,96.42,66.16,99,True
701,Novela Mini 701,Ropa,112.42,77.72,327,True
702,Sudadera Mini 702,Hogar,396.73,308.58,207,True
703,Silla Plus 703,Alimentacion,17.89,11.52,48,True
704,Puzzle Max 704,Deportes,525.39,289.24,431,True
705,Teclado Ultra 705,Juguetes,82.07,64.13,303,True
706,Camiseta Classic 706,Libros,5.46,3.05,276,True
707,Manual Mini 707,Libros,26.52,19.87,499,True
708,Raqueta Mini 708,Ropa,63.96,37.41,354,True
709,Silla Mini 709,Ropa,24.99,13.87,489,True
710,Manual Basic 710,Deportes,270.7,172.89,354,True
711,Lampara Basic 711,Electronica,218.87,167.66,84,True
712,Zapatillas Classic 712,Deportes,503.7,281.69,241,True
713,Balon Max 713,Electronica,574.75,353.86,254,True
714,Cafetera Basic 714,Hogar,81.42,50.46,147,True
715,Silla Plus 715,Libros,38.1,21.86,154,True
716,Silla Max 716,Electronica,1293.49,741.35,298,True
717,Batidora Eco 717,Electronica,1405.64,1092.25,205,True
718,Lampara Basic 718,Hogar,358.77,259.69,56,True
719,Monitor Plus 719,Juguetes,106.67,66.97,290,True
720,Monitor Max 720,Juguetes,46.33,28.24,298,True
721,Camiseta Basic 721,Electronica,782.86,438.97,408,True
722,Auriculares Classic 722,Hogar,154.81,99.03,51,True
723,Auriculares Pro 723,Electronica,1387.28,867.44,228,False
724,Raqueta Mini 724,Electronica,184.6,143.85,450,True
725,Novela Plus 725,Alimentacion,22.62,13.69,132,True
726,Monitor Eco 726,Ropa,43.06,28.04,371,True
727,Silla Plus 727,Juguetes,103.09,74.28,171,True
728,Batidora Classic 728,Libros,23.66,14.91,90,True
729,Sudadera Classic 729,Deportes,520.26,387.83,355,True
730,Altavoz Plus 730,Juguetes,111.87,81.84,392,False
731,Lampara Pro 731,Hogar,77.07,43.07,457,True
732,Altavoz Basic 732,Ropa,115.1,87.93,362,True
733,Balon Ultra 733,Ropa,57.7,36.98,153,True
734,Camiseta Mini 734,Libros,27.18,15.6,364,True
735,Puzzle Pro 735,Hogar,117.01,84.78,16,False
736,Monitor Pro 736,Juguetes,76.68,56.5,167,True
737,Mochila Max 737,Juguetes,45.78,25.99,106,True
738,Balon Mini 738,Alimentacion,29.88,19.08,261,True
739,Puzzle Mini 739,Alimentacion,31.36,24.27,345,True
740,Lampara Pro 740,Libros,26.73,19.18,292,True
741,Teclado Classic 741,Juguetes,7.54,5.15,90,False
742,Zapatillas Plus 742,Libros,8.63,5.83,188,True
743,Manual Basic 743,Alimentacion,11.68,8.2,45,True
744,Puzzle Plus 744,Electronica,1433.12,1022.18,280,True
745,Novela Mini 745,Hogar,163.59,92.79,371,True
746,Cafetera Plus 746,Ropa,113.68,72.02,122,True
747,Novela Ultra 747,Libros,56.48,38.5,263,True
748,Lampara Basic 748,Alimentacion,14.33,10.5,437,False
749,Manual Pro 749,Electronica,863.87,635.54,57,True
750,Silla Pro 750,Hogar,342.41,240.16,480,True
751,Cafetera Max 751,Alimentacion,24.98,17.4,165,True
752,Altavoz Pro 752,Ropa,23.94,15.37,163,True
753,Cafetera Eco 753,Electronica,1165.89,884.53,357,True
754,Manual Mini 754,Libros,54.73,42.64,171,True
755,Lampara Eco 755,Alimentacion,30.98,23.59,203,True
756,Cafetera Max 756,Alimentacion,30.35,23.31,108,False
757,Teclado Basic 757,Juguetes,92.39,71.81,67,True
758,Puzzle Basic 758,Electronica,938.18,563.39,432,True
759,Lampara Pro 759,Electronica,409.32,277.71,48,True
760,Cafetera Pro 760,Alimentacion,36.52,24.97,81,True
761,Camiseta Eco 761,Libros,12.09,8.12,412,True
762,Monitor Plus 762,Hogar,332.65,253.52,399,True
763,Altavoz Ultra 763,Ropa,59.03,37.26,107,True
764,Tablet Plus 764,Alimentacion,27.28,16.1,416,True
765,Lampara Plus 765,Alimentacion,32.4,20.04,362,True
766,Lampara Max 766,Alimentacion,32.14,18.83,158,True
767,Auriculares Plus 767,Deportes,109.27,71.16,39,True
768,Batidora Pro 768,Juguetes,76.03,44.04,388,True
769,Tablet Pro 769,Electronica,361.12,206.52,340,True
770,Lampara Classic 770,Alimentacion,5.37,3.56,226,True
771,Mochila Pro 771,Hogar,210.29,147.26,137,True
772,Batidora Plus 772,Alimentacion,39.51,27.73,174,True
773,Balon Max 773,Electronica,1473.41,844.37,136,False
774,Raqueta Max 774,Alimentacion,23.36,18.52,446,True
775,Raqueta Ultra 775,Deportes,466.72,270.9,101,True
776,Raqueta Ultra 776,Deportes,161.06,115.18,226,True
777,Batidora Eco 777,Libros,17.34,13.39,320,True
778,Balon Plus 778,Deportes,428.32,330.32,27,True
779,Balon Classic 779,Alimentacion,31.65,21.46,250,True
780,Puzzle Pro 780,Electronica,1125.66,697.19,317,True
781,Teclado Plus 781,Libros,10.75,8.14,263,True
782,Puzzle Max 782,Hogar,148.95,104.73,329,True
783,Auriculares Plus 783,Electronica,114.06,85.29,244,True
784,Batidora Eco 784,Libros,48.24,31.36,317,True
785,Puzzle Pro 785,Libros,22.15,17.24,488,True
786,Mochila Mini 786,Electronica,673.12,526.65,180,True
787,Camiseta Basic 787,Juguetes,72.41,53.17,178,True
788,Novela Plus 788,Alimentacion,1.02,0.8,339,True
789,Cafetera Eco 789,Libros,24.48,16.24,44,True
790,Batidora Classic 790,Hogar,293.64,175.78,145,True
791,Tablet Eco 791,Electronica,464.79,331.85,83,True
792,Lampara Eco 792,Electronica,877.19,625.74,232,True
793,Auriculares Basic 793,Libros,58.74,39.52,60,True
794,Cafetera Ultra 794,Hogar,56.08,34.5,108,True
795,Monitor Eco 795,Ropa,46.09,32.54,212,True
796,Monitor Pro 796,Electronica,1041.75,620.04,306,True
797,Silla Max 797,Deportes,365.05,269.53,215,True
798,Raqueta Classic 798,Hogar,391.42,304.02,405,True
799,Teclado Mini 799,Ropa,12.91,7.64,399,True
800,Balon Basic 800,Libros,53.29,40.24,48,True
801,Teclado Ultra 801,Alimentacion,20.05,12.02,347,True
802,Altavoz Plus 802,Ropa,40.22,27.15,13,True
803,Raqueta Mini 803,Ropa,79.48,62.18,86,True
804,Teclado Eco 804,Juguetes,53.58,30.58,380,True
805,Silla Plus 805,Alimentacion,7.99,4.57,291,False
806,Mochila Classic 806,Ropa,39.15,30.92,161,True
807,Mochila Basic 807,Ropa,48.92,28.85,76,True
808,Lampara Plus 808,Libros,35.37,22.48,161,True
809,Mochila Classic 809,Juguetes,16.39,10.9,389,True
810,Altavoz Basic 810,Libros,9.89,5.46,282,True
811,Lampara Basic 811,Libros,23.25,13.88,65,True
812,Monitor Classic 812,Electronica,1075.57,814.32,243,True
813,Zapatillas Max 813,Hogar,391.54,266.14,100,False
814,Mochila Mini 814,Electronica,67.4,43.71,60,True
815,Camiseta Pro 815,Ropa,146.07,105.24,43,True
816,Teclado Ultra 816,Juguetes,84.52,53.35,380,True
817,Teclado Pro 817,Hogar,361.38,238.38,80,True
818,Sudadera Max 818,Libros,34.5,27.55,88,True
819,Monitor Basic 819,Ropa,73.74,54.83,433,True
820,Camiseta Max 820,Hogar,316.21,217.71,413,True
821,Raqueta Max 821,Hogar,224.93,153.33,251,True
822,Puzzle Classic 822,Libros,54.36,41.37,382,True
823,Auriculares Ultra 823,Juguetes,107.92,75.57,11,True
824,Lampara Pro 824,Ropa,83.32,52.89,83,True
825,Mochila Max 825,Alimentacion,23.38,15.3,176,True
826,Zapatillas Mini 826,Electronica,711.6,424.01,379,False
827,Manual Max 827,Libros,42.92,33.9,45,True
828,Monitor Eco 828,Hogar,276.12,196.89,330,True
829,Auriculares Eco 829,Alimentacion,26.37,17.13,35,True
830,Novela Classic 830,Juguetes,14.05,8.99,490,True
831,Manual Ultra 831,Electronica,1447.19,1124.1,104,True
832,Auriculares Eco 832,Ropa,55.66,35.63,355,True
833,Sudadera Classic 833,Juguetes,34.82,25.74,311,True
834,Manual Plus 834,Deportes,138.46,105.07,195,True
835,Balon Mini 835,Deportes,55.53,43.17,381,True
836,Balon Mini 836,Electronica,712.71,458.46,310,True
837,Manual Plus 837,Deportes,39.32,29.15,225,True
838,Cafetera Classic 838,Electronica,283.31,178.97,330,True
839,Novela Plus 839,Ropa,8.75,6.88,143,True
840,Camiseta Classic 840,Hogar,78.13,43.19,372,True
841,Tablet Pro 841,Libros,59.74,41.37,350,True
842,Silla Plus 842,Deportes,331.75,224.76,234,True
843,Balon Plus 843,Ropa,17.54,13.5,328,True
844,Altavoz Plus 844,Juguetes,70.75,42.74,413,True
845,Novela Max 845,Ropa,93.31,53.36,321,True
846,Raqueta Mini 846,Juguetes,68.89,52.47,143,True
847,Manual Max 847,Alimentacion,14.1,8.99,138,True
848,Cafetera Eco 848,Hogar,266.32,168.11,481,True
849,Monitor Pro 849,Juguetes,23.11,13.32,404,True
850,Raqueta Pro 850,Electronica,368.37,287.33,155,True
851,Puzzle Max 851,Libros,59.71,42.29,358,True
852,Lampara Basic 852,Hogar,172.08,124.42,18,False
853,Teclado Pro 853,Hogar,67.64,52.39,346,False
854,Tablet Pro 854,Juguetes,31.52,23.99,100,True
855,Teclado Plus 855,Hogar,292.41,193.85,155,True
856,Mochila Basic 856,Deportes,83.01,48.97,463,True
857,Manual Basic 857,Juguetes,47.0,33.75,69,True
858,Altavoz Plus 858,Juguetes,44.11,31.44,395,True
859,Altavoz Plus 859,Hogar,98.91,55.56,201,True
860,Raqueta Classic 860,Ropa,75.71,58.66,219,True
861,Mochila Ultra 861,Deportes,79.42,50.34,230,True
862,Camiseta Ultra 862,Libros,30.11,19.79,452,True
863,Tablet Ultra 863,Hogar,22.72,15.41,250,True
864,Puzzle Pro 864,Libros,58.37,45.41,123,True
865,Balon Max 865,Electronica,927.07,549.4,3,True
866,Manual Eco 866,Libros,9.13,5.86,116,True
867,Zapatillas Classic 867,Juguetes,28.55,19.28,79,True
868,Auriculares Max 868,Deportes,445.82,355.75,64,True
869,Puzzle Plus 869,Hogar,295.35,194.91,496,True
870,Balon Mini 870,Hogar,152.34,98.97,221,False
871,Cafetera Basic 871,Libros,13.16,10.31,499,True
872,Cafetera Classic 872,Ropa,84.1,60.16,257,True
873,Cafetera Plus 873,Alimentacion,11.78,6.96,109,True
874,Zapatillas Pro 874,Alimentacion,4.78,2.84,72,True
875,Silla Plus 875,Deportes,217.41,154.6,379,True
876,Camiseta Classic 876,Hogar,302.89,201.96,57,False
877,Manual Max 877,Juguetes,47.02,25.97,25,True
878,Raqueta Pro 878,Juguetes,11.61,7.69,195,True
879,Balon Plus 879,Hogar,56.95,44.7,157,True
880,Tablet Ultra 880,Alimentacion,24.26,17.88,116,False
881,Raqueta Pro 881,Hogar,213.64,147.34,256,True
882,Novela Classic 882,Deportes,409.79,245.38,287,True
883,Sudadera Mini 883,Hogar,232.98,147.69,217,True
884,Manual Mini 884,Deportes,305.88,244.45,262,False
885,Puzzle Mini 885,Libros,31.13,22.25,334,True
886,Teclado Basic 886,Electronica,1444.23,894.08,81,True
887,Balon Mini 887,Hogar,346.29,254.35,184,True
888,Silla Basic 888,Juguetes,50.27,28.8,6,False
889,Batidora Basic 889,Alimentacion,26.49,17.02,484,True
890,Teclado Pro 890,Alimentacion,1.8,1.09,322,True
891,Mochila Basic 891,Juguetes,9.37,7.25,401,True
892,Balon Basic 892,Alimentacion,13.42,9.85,386,True
893,Zapatillas Classic 893,Hogar,304.36,205.25,3,True
894,Cafetera Pro 894,Hogar,370.93,241.83,244,True
895,Novela Ultra 895,Ropa,104.98,80.27,434,True
896,Lampara Pro 896,Alimentacion,28.55,17.1,287,True
897,Sudadera Classic 897,Juguetes,10.63,6.05,298,True
898,Mochila Eco 898,Ropa,140.08,106.87,480,True
899,Monitor Eco 899,Electronica,175.85,134.37,374,True
900,Batidora Pro 900,Libros,57.08,34.86,383,True
901,Balon Mini 901,Ropa,28.12,16.84,399,True
902,Cafetera Max 902,Hogar,23.02,16.81,166,True
903,Raqueta Basic 903,Hogar,229.81,134.63,486,True
904,Cafetera Ultra 904,Hogar,54.32,38.32,425,True
905,Tablet Classic 905,Ropa,12.09,8.77,16,True
906,Puzzle Pro 906,Libros,41.73,29.44,274,True
907,Zapatillas Basic 907,Hogar,297.92,195.65,123,True
908,Manual Ultra 908,Deportes,186.37,140.53,260,True
909,Novela Pro 909,Alimentacion,21.81,17.07,404,True
910,Batidora Mini 910,Alimentacion,23.86,17.33,345,True
911,Camiseta Eco 911,Juguetes,25.18,16.49,399,True
912,Tablet Eco 912,Hogar,181.62,145.1,214,True
913,Tablet Plus 913,Hogar,258.42,171.17,38,True
914,Manual Max 914,Alimentacion,35.54,20.58,440,True
915,Zapatillas Pro 915,Ropa,67.48,40.19,39,True
916,Altavoz Ultra 916,Deportes,424.11,270.15,83,True
917,Batidora Eco 917,Ropa,79.24,46.97,361,True
918,Teclado Eco 918,Electronica,1075.27,800.62,210,True
919,Tablet Mini 919,Juguetes,96.16,53.23,238,True
920,Novela Eco 920,Hogar,216.92,141.32,32,True
921,Novela Max 921,Hogar,33.83,26.03,85,True
922,Zapatillas Mini 922,Juguetes,105.92,61.37,352,True
923,Altavoz Classic 923,Libros,38.05,26.41,283,True
924,Teclado Mini 924,Juguetes,74.87,58.66,135,True
925,Zapatillas Eco 925,Libros,33.02,18.75,200,True
926,Puzzle Plus 926,Electronica,302.26,192.67,212,True
927,Lampara Basic 927,Ropa,77.04,43.1,461,True
928,Lampara Max 928,Ropa,84.23,60.69,443,True
929,Cafetera Mini 929,Ropa,62.49,40.89,239,True
930,Puzzle Mini 930,Deportes,102.23,80.44,93,True
931,Sudadera Basic 931,Deportes,460.91,333.16,283,True
932,Sudadera Eco 932,Libros,30.11,21.09,1,True
933,Auriculares Ultra 933,Alimentacion,28.33,22.03,323,True
934,Balon Ultra 934,Libros,7.58,4.41,289,True
935,Altavoz Classic 935,Alimentacion,20.67,15.42,449,True
936,Manual Pro 936,Juguetes,15.34,11.24,218,True
937,Teclado Max 937,Juguetes,89.89,64.57,280,True
938,Raqueta Pro 938,Hogar,236.57,167.85,27,True
939,Silla Ultra 939,Libros,29.83,17.33,412,True
940,Sudadera Eco 940,Electronica,1460.62,1100.59,148,True
941,Mochila Max 941,Alimentacion,13.71,9.72,378,True
942,Monitor Mini 942,Hogar,174.93,129.95,119,True
943,Lampara Mini 943,Hogar,297.64,228.89,173,True
944,Tablet Plus 944,Alimentacion,21.48,14.73,130,True
945,Raqueta Mini 945,Electronica,1004.86,793.06,449,True
946,Auriculares Classic 946,Deportes,586.12,338.37,394,True
947,Manual Pro 947,Libros,43.26,23.84,352,True
948,Altavoz Mini 948,Hogar,68.78,43.5,152,True
949,Novela Pro 949,Ropa,37.73,22.79,366,True
950,Auriculares Mini 950,Juguetes,105.29,72.48,244,True
951,Balon Ultra 951,Libros,7.64,4.74,357,True
952,Monitor Mini 952,Libros,33.0,23.83,132,True
953,Zapatillas Eco 953,Deportes,544.98,428.54,269,True
954,Camiseta Plus 954,Ropa,118.22,87.76,475,True
955,Batidora Ultra 955,Libros,11.36,7.44,39,True
956,Raqueta Plus 956,Electronica,1123.67,894.86,387,True
957,Lampara Pro 957,Electronica,604.0,448.65,348,True
958,Tablet Pro 958,Juguetes,108.85,81.93,211,True
959,Batidora Mini 959,Hogar,233.39,140.31,454,True
960,Cafetera Max 960,Juguetes,69.01,49.81,363,False
961,Raqueta Basic 961,Electronica,62.63,35.55,263,True
962,Raqueta Pro 962,Hogar,107.37,65.37,157,True
963,Sudadera Pro 963,Alimentacion,17.1,9.48,343,True
964,Camiseta Mini 964,Hogar,292.33,212.32,41,True
965,Batidora Basic 965,Alimentacion,21.28,11.82,128,True
966,Manual Mini 966,Hogar,342.49,226.83,215,True
967,Raqueta Eco 967,Libros,6.89,4.91,112,True
968,Balon Basic 968,Libros,22.76,14.25,282,True
969,Cafetera Classic 969,Libros,37.87,24.31,435,True
970,Tablet Max 970,Ropa,101.54,77.89,174,True
971,Cafetera Max 971,Juguetes,63.77,49.44,203,True
972,Sudadera Ultra 972,Ropa,64.64,49.43,200,True
973,Tablet Ultra 973,Juguetes,15.09,11.13,362,True
974,Zapatillas Ultra 974,Ropa,106.87,66.19,357,True
975,Zapatillas Eco 975,Juguetes,109.12,62.05,117,True
976,Zapatillas Classic 976,Alimentacion,32.54,21.87,447,True
977,Zapatillas Max 977,Juguetes,86.24,67.36,323,True
978,Batidora Basic 978,Deportes,385.98,233.84,447,True
979,Mochila Basic 979,Ropa,117.63,70.86,437,True
980,Tablet Basic 980,Ropa,118.3,88.12,287,True
981,Batidora Mini 981,Ropa,8.99,6.27,351,True
982,Batidora Mini 982,Deportes,224.34,146.06,314,True
983,Manual Plus 983,Deportes,522.81,400.3,304,True
984,Altavoz Pro 984,Juguetes,103.14,71.75,266,True
985,Auriculares Ultra 985,Alimentacion,28.69,22.38,115,False
986,Manual Mini 986,Alimentacion,13.05,8.38,185,True
987,Altavoz Pro 987,Libros,48.89,32.32,352,True
988,Camiseta Basic 988,Alimentacion,10.03,5.7,369,True
989,Silla Plus 989,Alimentacion,9.74,6.25,233,True
990,Novela Max 990,Deportes,328.4,195.37,55,True
991,Manual Pro 991,Ropa,89.13,49.75,67,True
992,Puzzle Eco 992,Deportes,220.53,135.39,447,True
993,Puzzle Max 993,Electronica,925.47,622.52,62,True
994,Lampara Mini 994,Ropa,108.69,66.5,141,True
995,Tablet Classic 995,Ropa,33.59,19.39,31,True
996,Sudadera Pro 996,Juguetes,39.61,26.26,109,True
997,Teclado Max 997,Hogar,282.94,166.07,419,True
998,Silla Mini 998,Libros,56.0,32.0,136,True
999,Altavoz Pro 999,Ropa,133.59,105.54,417,True
1000,Batidora Mini 1000,Ropa,26.41,17.67,405,True
1001,Balon Max 1001,Electronica,876.1,657.58,350,True
1002,Novela Mini 1002,Deportes,483.1,286.33,134,True
1003,Monitor Eco 1003,Electronica,394.12,262.24,498,True
1004,Altavoz Classic 1004,Hogar,260.84,149.33,304,True
1005,Cafetera Basic 1005,Deportes,265.17,173.14,384,True
1006,Novela Mini 1006,Libros,41.45,31.36,171,True
1007,Cafetera Eco 1007,Ropa,12.56,9.71,331,True
1008,Puzzle Mini 1008,Hogar,132.05,89.76,328,True
1009,Balon Mini 1009,Alimentacion,12.99,8.07,298,True
1010,Lampara Eco 1010,Ropa,67.45,49.47,295,True
1011,Mochila Max 1011,Ropa,24.26,17.22,351,True
1012,Sudadera Mini 1012,Electronica,683.1,456.05,498,True
1013,Auriculares Eco 1013,Ropa,84.89,56.78,434,True
1014,Balon Classic 1014,Hogar,20.4,13.74,155,False
1015,Sudadera Ultra 1015,Ropa,50.73,32.2,444,False
1016,Puzzle Ultra 1016,Hogar,79.14,53.79,174,False
1017,Auriculares Eco 1017,Hogar,389.14,219.61,124,True
1018,Altavoz Basic 1018,Juguetes,21.71,15.04,99,True
1019,Auriculares Ultra 1019,Deportes,382.04,257.51,351,True
1020,Mochila Basic 1020,Libros,27.1,17.75,231,True
1021,Monitor Eco 1021,Libros,20.8,13.12,413,True
1022,Silla Mini 1022,Deportes,514.63,363.04,418,True
1023,Balon Max 1023,Deportes,403.49,270.84,269,True
1024,Silla Classic 1024,Ropa,96.08,55.27,105,True
1025,Altavoz Basic 1025,Hogar,46.53,29.95,55,True
1026,Puzzle Basic 1026,Alimentacion,11.1,6.32,480,True
1027,Zapatillas Plus 1027,Ropa,47.26,30.47,153,True
1028,Camiseta Classic 1028,Alimentacion,17.94,12.26,6,False
1029,Mochila Eco 1029,Juguetes,111.13,71.99,198,True
1030,Zapatillas Plus 1030,Libros,27.2,17.28,402,True
1031,Sudadera Classic 1031,Juguetes,44.07,27.34,45,True
1032,Silla Max 1032,Libros,8.9,5.74,345,True
1033,Batidora Plus 1033,Juguetes,50.5,28.65,207,False
1034,Mochila Classic 1034,Juguetes,12.92,10.32,452,True
1035,Silla Basic 1035,Libros,25.09,17.28,224,True
1036,Mochila Classic 1036,Juguetes,116.36,82.5,260,False
1037,Monitor Pro 1037,Juguetes,69.83,41.6,228,True
1038,Novela Eco 1038,Hogar,91.46,71.42,340,True
1039,Batidora Eco 1039,Alimentacion,12.67,8.78,35,True
1040,Puzzle Classic 1040,Deportes,349.09,228.16,24,True
1041,Auriculares Classic 1041,Electronica,77.96,56.78,291,True
1042,Puzzle Mini 1042,Hogar,360.83,225.91,197,False
1043,Auriculares Classic 1043,Juguetes,72.33,56.68,83,True
1044,Zapatillas Mini 1044,Juguetes,62.63,37.1,385,True
1045,Cafetera Eco 1045,Libros,44.39,33.66,374,True
1046,Tablet Mini 1046,Libros,16.01,12.67,54,True
1047,Manual Mini 1047,Alimentacion,1.84,1.24,92,True
1048,Novela Max 1048,Alimentacion,24.99,19.22,391,True
1049,Lampara Classic 1049,Juguetes,25.08,14.24,239,True
1050,Sudadera Pro 1050,Electronica,67.75,47.77,154,True
1051,Zapatillas Pro 1051,Juguetes,111.97,71.56,264,True
1052,Puzzle Basic 1052,Deportes,476.22,305.29,176,True
1053,Lampara Eco 1053,Juguetes,19.9,13.19,46,True
1054,Zapatillas Pro 1054,Juguetes,108.29,75.72,323,True
1055,Mochila Basic 1055,Libros,8.72,6.14,348,True
1056,Raqueta Basic 1056,Alimentacion,32.32,20.02,39,True
1057,Tablet Basic 1057,Hogar,171.64,110.88,124,False
1058,Lampara Pro 1058,Juguetes,65.55,40.14,312,False
1059,Puzzle Basic 1059,Ropa,102.9,72.87,378,False
1060,Manual Plus 1060,Hogar,48.52,27.92,456,False
1061,Auriculares Mini 1061,Juguetes,109.58,71.87,301,True
1062,Puzzle Eco 1062,Alimentacion,6.6,5.24,46,True
1063,Raqueta Plus 1063,Electronica,1415.3,1128.27,176,True
1064,Teclado Basic 1064,Alimentacion,4.57,3.11,126,True
1065,Batidora Eco 1065,Ropa,32.43,19.84,493,True
1066,Balon Plus 1066,Alimentacion,3.24,2.25,6,True
1067,Puzzle Ultra 1067,Electronica,626.79,421.28,187,True
1068,Batidora Basic 1068,Libros,37.5,21.02,258,True
1069,Monitor Classic 1069,Deportes,380.67,303.5,149,True
1070,Teclado Pro 1070,Juguetes,100.62,63.57,365,True
1071,Camiseta Mini 1071,Deportes,324.1,210.61,65,False
1072,Silla Ultra 1072,Electronica,789.66,535.7,463,True
1073,Camiseta Ultra 1073,Hogar,137.2,105.66,200,True
1074,Tablet Classic 1074,Hogar,263.93,197.89,184,True
1075,Batidora Max 1075,Alimentacion,36.43,21.91,461,True
1076,Zapatillas Ultra 1076,Electronica,565.19,412.09,74,True
1077,Puzzle Eco 1077,Juguetes,47.27,36.33,234,True
1078,Monitor Ultra 1078,Deportes,215.84,157.25,14,True
1079,Lampara Eco 1079,Deportes,148.04,86.57,255,True
1080,Teclado Classic 1080,Alimentacion,23.1,15.82,162,True
1081,Balon Plus 1081,Juguetes,18.93,14.38,370,True
1082,Cafetera Ultra 1082,Libros,50.91,30.49,256,True
1083,Novela Basic 1083,Juguetes,22.57,15.45,312,True
1084,Puzzle Pro 1084,Deportes,116.75,83.76,450,True
1085,Monitor Ultra 1085,Alimentacion,3.67,2.6,475,False
1086,Cafetera Basic 1086,Juguetes,50.09,28.88,108,True
1087,Novela Pro 1087,Alimentacion,30.55,18.92,251,True
1088,Manual Ultra 1088,Deportes,547.41,376.64,390,True
1089,Silla Eco 1089,Libros,28.89,17.4,63,True
1090,Teclado Ultra 1090,Deportes,152.55,96.63,240,True
1091,Mochila Max 1091,Alimentacion,29.3,19.16,278,True
1092,Lampara Mini 1092,Libros,42.85,23.71,433,True
1093,Lampara Pro 1093,Hogar,275.84,186.91,44,True
1094,Silla Basic 1094,Deportes,274.4,219.16,431,True
1095,Batidora Max 1095,Electronica,869.68,567.09,118,True
1096,Balon Classic 1096,Libros,8.41,5.2,428,True
1097,Altavoz Ultra 1097,Libros,18.75,11.5,327,True
1098,Monitor Eco 1098,Juguetes,111.74,75.85,200,True
1099,Tablet Classic 1099,Hogar,26.29,17.46,66,True
1100,Balon Classic 1100,Deportes,191.44,146.55,173,True
1101,Novela Pro 1101,Ropa,40.18,28.52,369,True
1102,Sudadera Eco 1102,Ropa,26.49,17.21,103,True
1103,Mochila Classic 1103,Alimentacion,37.05,23.95,334,True
1104,Monitor Basic 1104,Deportes,88.65,60.88,114,True
1105,Silla Basic 1105,Deportes,301.28,184.79,40,True
1106,Tablet Plus 1106,Alimentacion,33.74,22.12,308,True
1107,Teclado Classic 1107,Deportes,17.27,10.73,406,True
1108,Tablet Basic 1108,Ropa,23.41,15.89,480,True
1109,Batidora Ultra 1109,Deportes,215.01,147.64,250,True
1110,Novela Plus 1110,Juguetes,23.67,18.03,302,True
1111,Camiseta Ultra 1111,Deportes,121.86,74.68,340,True
1112,Altavoz Classic 1112,Libros,37.51,29.11,206,True
1113,Auriculares Pro 1113,Hogar,76.55,52.35,18,True
1114,Batidora Max 1114,Electronica,976.33,714.39,121,True
1115,Lampara Eco 1115,Electronica,1377.5,968.27,189,True
1116,Zapatillas Basic 1116,Deportes,149.22,113.0,325,True
1117,Teclado Ultra 1117,Juguetes,30.99,22.18,152,True
1118,Puzzle Plus 1118,Hogar,14.44,7.98,105,True
1119,Monitor Pro 1119,Alimentacion,1.57,1.02,452,True
1120,Monitor Eco 1120,Hogar,164.68,129.21,46,True
1121,Camiseta Pro 1121,Libros,31.9,21.15,394,True
1122,Mochila Basic 1122,Hogar,81.3,61.55,46,True
1123,Manual Basic 1123,Electronica,518.33,397.68,160,True
1124,Sudadera Pro 1124,Libros,12.72,8.05,425,True
1125,Balon Max 1125,Deportes,413.53,316.12,420,True
1126,Puzzle Mini 1126,Libros,26.61,17.15,191,True
1127,Raqueta Plus 1127,Alimentacion,29.64,16.49,8,True
1128,Zapatillas Basic 1128,Deportes,336.93,243.8,470,True
1129,Raqueta Mini 1129,Juguetes,49.63,37.47,444,True
1130,Cafetera Classic 1130,Deportes,381.42,252.84,248,False
1131,Batidora Plus 1131,Ropa,9.02,5.35,14,True
1132,Manual Pro 1132,Ropa,106.03,74.63,345,False
1133,Zapatillas Mini 1133,Ropa,60.69,44.58,391,False
1134,Teclado Ultra 1134,Alimentacion,21.03,15.01,413,True
1135,Novela Classic 1135,Deportes,321.19,205.22,365,True
1136,Camiseta Ultra 1136,Alimentacion,22.78,14.63,437,True
1137,Teclado Classic 1137,Hogar,283.93,195.14,255,True
1138,Monitor Basic 1138,Juguetes,19.5,11.67,81,True
1139,Novela Basic 1139,Electronica,759.02,578.03,344,True
1140,Manual Ultra 1140,Ropa,19.81,11.4,108,True
1141,Zapatillas Ultra 1141,Electronica,389.52,261.62,314,True
1142,Novela Max 1142,Alimentacion,8.38,6.41,75,True
1143,Lampara Max 1143,Ropa,93.02,63.47,19,True
1144,Monitor Max 1144,Juguetes,75.49,55.88,222,True
1145,Sudadera Pro 1145,Ropa,125.99,76.84,296,True
1146,Cafetera Classic 1146,Electronica,806.66,533.51,77,True
1147,Lampara Classic 1147,Ropa,113.74,82.83,392,False
1148,Novela Classic 1148,Ropa,134.25,103.65,325,True
1149,Puzzle Eco 1149,Deportes,93.12,66.19,400,True
1150,Teclado Basic 1150,Ropa,110.38,67.41,181,True
1151,Camiseta Max 1151,Libros,23.04,13.51,329,True
1152,Altavoz Ultra 1152,Juguetes,38.42,29.21,482,True
1153,Zapatillas Basic 1153,Hogar,385.56,265.46,91,True
1154,Batidora Basic 1154,Deportes,135.78,80.92,408,True
1155,Puzzle Classic 1155,Libros,55.3,37.13,314,True
1156,Auriculares Pro 1156,Hogar,331.25,192.65,362,True
1157,Manual Eco 1157,Juguetes,106.29,61.25,312,True
1158,Manual Basic 1158,Hogar,238.53,186.05,344,True
1159,Batidora Pro 1159,Alimentacion,23.8,16.33,389,True
1160,Monitor Ultra 1160,Deportes,250.51,153.37,19,True
1161,Altavoz Basic 1161,Ropa,64.93,50.02,15,True
1162,Auriculares Ultra 1162,Libros,51.79,41.42,41,True
1163,Novela Mini 1163,Libros,26.33,20.3,464,True
1164,Balon Eco 1164,Deportes,299.72,220.86,216,True
1165,Batidora Basic 1165,Libros,59.8,47.27,495,True
1166,Monitor Classic 1166,Hogar,148.18,88.81,457,True
1167,Altavoz Plus 1167,Juguetes,99.95,76.9,172,True
1168,Puzzle Mini 1168,Libros,20.25,12.95,47,True
1169,Silla Basic 1169,Hogar,19.78,11.04,421,False
1170,Camiseta Basic 1170,Alimentacion,24.14,13.47,210,True
1171,Batidora Ultra 1171,Alimentacion,19.69,11.75,148,True
1172,Lampara Basic 1172,Hogar,316.8,235.98,396,True
1173,Camiseta Eco 1173,Juguetes,7.47,5.78,241,False
1174,Manual Eco 1174,Deportes,56.28,32.75,159,True
1175,Altavoz Pro 1175,Juguetes,104.14,79.29,198,True
1176,Camiseta Plus 1176,Ropa,76.28,56.36,464,True
1177,Puzzle Basic 1177,Hogar,207.49,116.83,151,True
1178,Balon Pro 1178,Hogar,97.79,71.67,467,True
1179,Lampara Classic 1179,Electronica,1392.59,779.29,294,True
1180,Camiseta Pro 1180,Alimentacion,36.66,22.57,28,True
1181,Teclado Mini 1181,Ropa,81.37,55.55,56,True
1182,Altavoz Max 1182,Alimentacion,9.5,7.38,308,True
1183,Silla Plus 1183,Hogar,393.29,226.67,68,True
1184,Lampara Eco 1184,Ropa,134.73,85.83,72,True
1185,Cafetera Classic 1185,Alimentacion,21.34,14.81,231,True
1186,Monitor Ultra 1186,Ropa,96.95,71.26,220,True
1187,Manual Pro 1187,Juguetes,56.68,44.15,470,True
1188,Altavoz Mini 1188,Electronica,348.78,232.71,448,True
1189,Balon Mini 1189,Alimentacion,27.58,20.97,464,True
1190,Lampara Classic 1190,Libros,41.8,29.44,36,True
1191,Monitor Basic 1191,Juguetes,68.85,41.38,401,True
1192,Altavoz Mini 1192,Electronica,1230.95,855.38,468,True
1193,Balon Plus 1193,Alimentacion,18.62,11.7,305,True
1194,Puzzle Plus 1194,Deportes,518.64,376.49,497,True
1195,Monitor Ultra 1195,Hogar,94.64,58.78,401,True
1196,Sudadera Eco 1196,Hogar,385.1,237.11,335,True
1197,Novela Basic 1197,Electronica,347.37,273.15,202,True
1198,Teclado Basic 1198,Libros,13.81,10.73,178,True
1199,Teclado Ultra 1199,Hogar,245.33,162.64,197,True
1200,Manual Classic 1200,Alimentacion,4.63,3.43,125,True
1201,Teclado Basic 1201,Hogar,75.49,60.05,289,True
1202,Camiseta Eco 1202,Electronica,1107.1,633.43,216,True
1203,Auriculares Plus 1203,Juguetes,41.82,29.34,148,True
1204,Teclado Basic 1204,Juguetes,97.41,59.75,89,True
1205,Sudadera Mini 1205,Deportes,106.0,79.5,258,True
1206,Raqueta Ultra 1206,Juguetes,50.54,29.08,10,True
1207,Camiseta Max 1207,Juguetes,50.65,37.85,186,True
1208,Lampara Max 1208,Hogar,197.35,118.44,31,True
1209,Silla Max 1209,Ropa,66.28,44.01,167,True
1210,Zapatillas Classic 1210,Alimentacion,16.08,12.12,331,True
1211,Raqueta Classic 1211,Libros,23.06,13.07,318,True
1212,Puzzle Pro 1212,Libros,5.83,4.56,10,True
1213,Balon Mini 1213,Hogar,250.47,151.37,354,True
1214,Teclado Plus 1214,Deportes,291.99,197.15,150,True
1215,Monitor Ultra 1215,Hogar,155.58,114.14,237,True
1216,Lampara Classic 1216,Libros,16.63,9.66,338,True
1217,Lampara Max 1217,Hogar,357.64,251.13,18,True
1218,Mochila Max 1218,Ropa,41.78,28.36,87,True
1219,Altavoz Ultra 1219,Libros,55.65,38.76,82,True
1220,Balon Plus 1220,Electronica,365.03,261.22,166,True
1221,Camiseta Plus 1221,Libros,58.43,38.28,7,True
1222,Puzzle Eco 1222,Deportes,260.61,162.8,15,True
1223,Teclado Basic 1223,Deportes,326.64,194.67,256,True
1224,Raqueta Ultra 1224,Juguetes,40.77,31.99,56,True
1225,Auriculares Basic 1225,Juguetes,113.13,73.57,217,True
1226,Zapatillas Pro 1226,Alimentacion,12.02,7.46,112,True
1227,Manual Pro 1227,Hogar,294.78,166.0,497,True
1228,Balon Plus 1228,Deportes,26.99,19.91,63,True
1229,Raqueta Pro 1229,Electronica,860.14,586.56,240,True
1230,Silla Plus 1230,Hogar,299.21,178.85,236,True
1231,Altavoz Max 1231,Deportes,290.46,224.63,369,True
1232,Zapatillas Basic 1232,Electronica,982.81,769.98,63,True
1233,Silla Eco 1233,Deportes,464.31,357.6,482,True
1234,Auriculares Max 1234,Alimentacion,20.51,14.16,152,True
1235,Camiseta Pro 1235,Electronica,366.23,235.6,17,True
1236,Puzzle Plus 1236,Hogar,164.74,97.27,361,False
1237,Teclado Pro 1237,Hogar,295.0,190.07,271,True
1238,Lampara Ultra 1238,Alimentacion,11.57,8.13,326,True
1239,Zapatillas Max 1239,Juguetes,78.42,47.57,455,True
1240,Batidora Eco 1240,Hogar,67.83,45.17,191,True
1241,Puzzle Basic 1241,Libros,56.17,38.94,453,True
1242,Auriculares Max 1242,Electronica,924.33,677.4,465,True
1243,Auriculares Mini 1243,Juguetes,59.91,34.32,273,True
1244,Teclado Basic 1244,Hogar,326.49,250.34,393,True
1245,Camiseta Classic 1245,Libros,48.84,32.43,16,True
1246,Camiseta Max 1246,Deportes,71.93,50.03,303,True
1247,Monitor Basic 1247,Juguetes,41.7,32.74,40,True
1248,Balon Basic 1248,Ropa,73.12,43.29,218,True
1249,Puzzle Max 1249,Deportes,214.22,165.19,374,True
1250,Batidora Classic 1250,Alimentacion,13.37,10.04,30,True
1251,Manual Max 1251,Juguetes,46.8,37.37,203,True
1252,Batidora Basic 1252,Deportes,98.1,63.59,206,True
1253,Manual Max 1253,Alimentacion,5.66,3.29,119,True
1254,Manual Mini 1254,Electronica,427.45,236.61,272,True
1255,Altavoz Classic 1255,Libros,8.85,6.62,404,True
1256,Zapatillas Eco 1256,Libros,33.06,19.31,495,True
1257,Auriculares Mini 1257,Hogar,69.72,43.68,453,True
1258,Teclado Mini 1258,Ropa,17.59,14.02,475,True
1259,Altavoz Max 1259,Ropa,126.87,83.8,101,True
1260,Altavoz Classic 1260,Libros,37.31,22.68,56,True
1261,Camiseta Pro 1261,Libros,54.41,40.17,91,True
1262,Raqueta Mini 1262,Juguetes,118.12,72.98,489,True
1263,Mochila Eco 1263,Libros,37.64,25.7,109,True
1264,Teclado Eco 1264,Alimentacion,32.04,18.88,377,True
1265,Cafetera Classic 1265,Juguetes,25.03,16.65,202,True
1266,Teclado Plus 1266,Libros,43.41,25.05,340,True
1267,Monitor Basic 1267,Electronica,846.85,629.44,376,True
1268,Mochila Ultra 1268,Ropa,104.05,66.73,451,True
1269,Teclado Ultra 1269,Electronica,201.85,127.11,43,True
1270,Zapatillas Pro 1270,Deportes,562.45,449.09,162,True
1271,Raqueta Max 1271,Alimentacion,17.28,13.09,59,True
1272,Puzzle Max 1272,Ropa,118.16,81.35,199,False
1273,Auriculares Mini 1273,Juguetes,118.94,93.49,182,True
1274,Lampara Mini 1274,Deportes,525.89,317.03,435,True
1275,Manual Basic 1275,Libros,22.14,15.35,351,True
1276,Manual Eco 1276,Electronica,632.87,495.07,51,True
1277,Tablet Ultra 1277,Libros,40.68,28.17,222,True
1278,Novela Plus 1278,Hogar,219.83,137.83,354,True
1279,Balon Classic 1279,Deportes,255.03,192.02,370,False
1280,Raqueta Classic 1280,Alimentacion,26.48,15.48,404,True
1281,Manual Basic 1281,Hogar,364.72,214.46,112,True
1282,Monitor Pro 1282,Alimentacion,13.07,9.58,442,True
1283,Tablet Eco 1283,Juguetes,21.5,12.2,451,False
1284,Cafetera Classic 1284,Electronica,1029.84,579.45,109,True
1285,Monitor Ultra 1285,Ropa,91.72,59.14,330,True
1286,Altavoz Mini 1286,Alimentacion,36.32,23.59,339,True
1287,Auriculares Ultra 1287,Deportes,449.46,299.98,439,True
1288,Auriculares Basic 1288,Juguetes,51.87,38.13,42,True
1289,Zapatillas Pro 1289,Alimentacion,25.7,17.79,116,True
1290,Novela Pro 1290,Electronica,1300.43,947.22,430,True
1291,Balon Classic 1291,Juguetes,46.26,26.02,17,True
1292,Silla Classic 1292,Alimentacion,1.54,0.97,240,False
1293,Cafetera Mini 1293,Libros,39.45,31.23,146,True
1294,Mochila Pro 1294,Alimentacion,2.01,1.32,312,True
1295,Monitor Classic 1295,Libros,56.56,34.25,236,True
1296,Sudadera Classic 1296,Libros,14.25,11.37,425,True
1297,Camiseta Mini 1297,Electronica,592.68,386.92,38,True
1298,Batidora Max 1298,Juguetes,113.93,76.3,253,True
1299,Zapatillas Pro 1299,Juguetes,16.03,9.71,259,True
1300,Raqueta Plus 1300,Ropa,8.62,6.16,254,True
1301,Camiseta Basic 1301,Hogar,50.42,30.34,38,True
1302,Lampara Ultra 1302,Libros,59.23,41.61,232,True
1303,Teclado Classic 1303,Alimentacion,38.9,28.76,440,True
1304,Sudadera Max 1304,Juguetes,50.46,35.98,300,True
1305,Batidora Pro 1305,Juguetes,90.95,52.08,54,True
1306,Cafetera Max 1306,Deportes,445.52,253.92,358,True
1307,Puzzle Mini 1307,Ropa,22.17,16.86,464,False
1308,Teclado Ultra 1308,Ropa,41.39,32.12,402,True
1309,Balon Pro 1309,Juguetes,107.46,62.75,46,False
1310,Altavoz Plus 1310,Libros,14.11,9.08,14,True
1311,Camiseta Plus 1311,Juguetes,65.86,46.99,88,True
1312,Teclado Pro 1312,Juguetes,34.59,26.25,174,True
1313,Altavoz Plus 1313,Alimentacion,22.75,17.68,462,True
1314,Auriculares Mini 1314,Juguetes,29.21,21.17,216,True
1315,Batidora Basic 1315,Deportes,141.21,82.87,485,True
1316,Altavoz Eco 1316,Electronica,117.86,87.46,49,True
1317,Raqueta Ultra 1317,Deportes,594.25,454.46,380,True
1318,Auriculares Ultra 1318,Deportes,81.16,51.77,375,True
1319,Tablet Plus 1319,Alimentacion,17.21,11.59,479,True
1320,Teclado Eco 1320,Electronica,655.46,387.77,261,True
1321,Altavoz Ultra 1321,Juguetes,41.31,25.87,302,True
1322,Auriculares Eco 1322,Libros,48.67,37.35,0,True
1323,Mochila Mini 1323,Electronica,539.65,308.79,440,True
1324,Altavoz Basic 1324,Hogar,253.93,188.06,315,True
1325,Silla Pro 1325,Electronica,837.35,480.98,350,True
1326,Auriculares Classic 1326,Alimentacion,34.7,21.62,169,True
1327,Teclado Ultra 1327,Libros,50.07,34.83,38,True
1328,Zapatillas Max 1328,Libros,16.99,9.36,363,True
1329,Zapatillas Eco 1329,Deportes,453.82,326.23,366,True
1330,Lampara Classic 1330,Ropa,120.54,75.83,89,True
1331,Mochila Mini 1331,Hogar,368.48,271.62,412,True
1332,Zapatillas Mini 1332,Juguetes,115.84,91.95,0,True
1333,Puzzle Eco 1333,Electronica,1118.61,731.71,326,True
1334,Camiseta Ultra 1334,Hogar,185.47,103.4,43,True
1335,Camiseta Eco 1335,Alimentacion,12.43,9.47,375,True
1336,Altavoz Max 1336,Electronica,1303.76,806.56,220,False
1337,Sudadera Ultra 1337,Alimentacion,36.71,21.55,163,True
1338,Raqueta Pro 1338,Electronica,191.46,147.39,374,True
1339,Zapatillas Mini 1339,Deportes,339.28,206.33,401,True
1340,Altavoz Plus 1340,Libros,12.11,8.49,301,True
1341,Zapatillas Eco 1341,Electronica,414.79,254.47,366,True
1342,Batidora Ultra 1342,Alimentacion,15.94,11.61,7,True
1343,Raqueta Plus 1343,Alimentacion,13.14,9.36,410,True
1344,Camiseta Plus 1344,Hogar,289.24,195.9,295,True
1345,Cafetera Basic 1345,Hogar,40.8,28.1,78,True
1346,Lampara Pro 1346,Juguetes,76.36,46.34,241,False
1347,Zapatillas Classic 1347,Ropa,90.56,50.3,313,True
1348,Novela Eco 1348,Electronica,1191.43,893.78,398,True
1349,Cafetera Ultra 1349,Juguetes,17.92,13.84,259,True
1350,Zapatillas Basic 1350,Ropa,55.23,41.12,128,True
1351,Batidora Mini 1351,Ropa,106.99,77.78,127,True
1352,Cafetera Plus 1352,Libros,44.14,29.48,359,True
1353,Altavoz Max 1353,Libros,29.73,20.69,431,False
1354,Auriculares Eco 1354,Juguetes,59.18,42.78,315,True
1355,Novela Ultra 1355,Juguetes,116.04,64.58,399,True
1356,Batidora Pro 1356,Alimentacion,13.72,9.0,311,True
1357,Balon Classic 1357,Alimentacion,6.85,4.15,245,True
1358,Camiseta Pro 1358,Libros,57.41,36.81,202,True
1359,Puzzle Ultra 1359,Deportes,488.62,360.26,244,True
1360,Mochila Basic 1360,Deportes,153.68,98.49,6,True
1361,Balon Classic 1361,Libros,52.15,38.32,289,True
1362,Manual Eco 1362,Electronica,415.84,329.74,93,True
1363,Balon Classic 1363,Ropa,125.5,98.0,450,True
1364,Lampara Classic 1364,Hogar,255.14,193.12,422,True
1365,Auriculares Plus 1365,Deportes,297.31,226.92,247,True
1366,Monitor Basic 1366,Alimentacion,37.19,24.12,308,True
1367,Novela Pro 1367,Deportes,488.48,358.0,18,True
1368,Lampara Ultra 1368,Libros,12.15,8.71,289,True
1369,Teclado Pro 1369,Ropa,108.19,86.09,425,True
1370,Zapatillas Basic 1370,Ropa,120.11,83.32,262,True
1371,Silla Classic 1371,Libros,34.76,22.85,430,True
1372,Novela Ultra 1372,Hogar,117.67,89.35,38,True
1373,Teclado Max 1373,Alimentacion,10.14,7.48,487,True
1374,Manual Basic 1374,Electronica,1462.51,850.03,173,True
1375,Tablet Mini 1375,Hogar,180.35,126.08,13,False
1376,Altavoz Mini 1376,Juguetes,65.63,45.81,309,True
1377,Lampara Pro 1377,Electronica,917.34,649.39,307,False
1378,Batidora Ultra 1378,Ropa,22.29,17.51,62,True
1379,Auriculares Plus 1379,Ropa,19.54,13.69,173,True
1380,Batidora Ultra 1380,Alimentacion,8.73,6.7,460,True
1381,Sudadera Plus 1381,Hogar,35.48,22.69,94,True
1382,Camiseta Pro 1382,Deportes,540.61,305.09,36,True
1383,Mochila Mini 1383,Deportes,101.59,65.4,410,True
1384,Tablet Mini 1384,Juguetes,32.6,22.27,339,True
1385,Lampara Ultra 1385,Deportes,329.33,249.74,249,True
1386,Novela Basic 1386,Electronica,1349.5,955.39,150,True
1387,Camiseta Max 1387,Alimentacion,2.91,1.92,435,True
1388,Monitor Eco 1388,Hogar,94.23,62.71,431,True
1389,Batidora Mini 1389,Libros,44.45,35.52,0,True
1390,Manual Mini 1390,Hogar,212.48,124.37,413,True
1391,Puzzle Classic 1391,Electronica,912.05,548.49,236,True
1392,Novela Ultra 1392,Hogar,16.61,11.73,166,True
1393,Novela Classic 1393,Alimentacion,34.81,25.25,174,False
1394,Monitor Mini 1394,Alimentacion,23.57,15.29,231,True
1395,Lampara Basic 1395,Libros,50.89,28.4,286,True
1396,Raqueta Ultra 1396,Juguetes,115.9,78.87,479,True
1397,Puzzle Pro 1397,Alimentacion,29.55,17.32,12,True
1398,Silla Mini 1398,Ropa,12.4,6.99,303,True
1399,Auriculares Basic 1399,Juguetes,87.4,55.6,32,True
1400,Lampara Plus 1400,Deportes,344.63,201.23,3,False
1401,Novela Eco 1401,Hogar,50.38,33.24,151,True
1402,Silla Max 1402,Deportes,173.2,128.24,388,True
1403,Raqueta Ultra 1403,Electronica,294.82,165.62,172,True
1404,Puzzle Eco 1404,Libros,55.87,37.71,180,True
1405,Monitor Ultra 1405,Hogar,320.16,215.87,451,True
1406,Camiseta Eco 1406,Electronica,1066.24,586.91,137,True
1407,Auriculares Basic 1407,Libros,46.98,34.51,383,True
1408,Auriculares Ultra 1408,Ropa,93.38,53.45,416,True
1409,Raqueta Classic 1409,Deportes,515.33,403.51,323,True
1410,Zapatillas Eco 1410,Electronica,381.48,270.79,483,True
1411,Altavoz Eco 1411,Electronica,413.23,257.01,491,False
1412,Silla Ultra 1412,Alimentacion,24.08,18.81,31,True
1413,Camiseta Pro 1413,Libros,49.56,32.22,85,False
1414,Novela Basic 1414,Ropa,126.68,77.92,195,True
1415,Camiseta Eco 1415,Libros,58.69,37.92,333,True
1416,Mochila Max 1416,Juguetes,93.14,65.47,139,False
1417,Monitor Ultra 1417,Electronica,387.48,283.21,318,True
1418,Teclado Classic 1418,Alimentacion,10.0,7.15,448,True
1419,Altavoz Mini 1419,Libros,29.51,23.03,3,True
1420,Silla Basic 1420,Ropa,100.32,79.16,433,True
1421,Teclado Plus 1421,Hogar,210.07,125.89,243,True
1422,Camiseta Basic 1422,Electronica,147.84,115.04,450,True
1423,Balon Pro 1423,Hogar,197.94,114.15,340,True
1424,Mochila Ultra 1424,Ropa,124.03,97.89,21,True
1425,Raqueta Ultra 1425,Hogar,103.72,63.77,451,True
1426,Sudadera Basic 1426,Libros,39.93,24.61,25,True
1427,Camiseta Ultra 1427,Hogar,115.19,75.49,125,True
1428,Lampara Max 1428,Deportes,340.07,202.49,275,True
1429,Monitor Classic 1429,Deportes,425.07,321.75,451,True
1430,Monitor Ultra 1430,Electronica,350.47,203.69,83,True
1431,Auriculares Plus 1431,Hogar,298.42,196.9,269,True
1432,Auriculares Max 1432,Electronica,1030.95,800.83,56,True
1433,Balon Basic 1433,Libros,22.2,15.74,169,False
1434,Puzzle Classic 1434,Libros,54.22,38.05,130,True
1435,Sudadera Eco 1435,Electronica,1181.75,943.82,213,True
1436,Camiseta Classic 1436,Juguetes,65.89,36.61,354,True
1437,Camiseta Eco 1437,Juguetes,16.34,10.29,360,True
1438,Batidora Eco 1438,Electronica,688.9,400.43,335,True
1439,Cafetera Basic 1439,Electronica,528.28,314.93,13,True
1440,Batidora Classic 1440,Juguetes,36.66,22.14,392,False
1441,Lampara Ultra 1441,Ropa,99.39,70.24,323,True
1442,Auriculares Plus 1442,Ropa,138.89,85.84,31,True
1443,Novela Mini 1443,Libros,13.06,9.35,473,True
1444,Balon Basic 1444,Electronica,1125.37,826.6,383,True
1445,Silla Pro 1445,Deportes,378.7,246.34,345,True
1446,Manual Ultra 1446,Ropa,102.72,70.27,245,True
1447,Monitor Ultra 1447,Juguetes,102.51,59.77,397,True
1448,Silla Eco 1448,Juguetes,49.43,36.49,156,True
1449,Raqueta Ultra 1449,Ropa,90.3,59.13,362,True
1450,Novela Plus 1450,Libros,20.23,15.35,305,True
1451,Silla Plus 1451,Ropa,48.36,32.96,305,True
1452,Novela Plus 1452,Deportes,315.27,228.32,399,True
1453,Balon Basic 1453,Juguetes,7.82,5.0,86,True
1454,Silla Basic 1454,Hogar,106.76,68.64,51,True
1455,Batidora Pro 1455,Libros,13.34,8.79,277,True
1456,Sudadera Basic 1456,Ropa,25.02,17.74,403,True
1457,Teclado Eco 1457,Libros,26.15,17.69,126,True
1458,Auriculares Plus 1458,Ropa,22.82,17.14,284,False
1459,Tablet Max 1459,Alimentacion,7.02,3.96,478,False
1460,Silla Classic 1460,Ropa,102.96,79.81,310,True
1461,Teclado Pro 1461,Electronica,994.45,777.17,39,True
1462,Puzzle Mini 1462,Deportes,567.84,346.96,439,True
1463,Camiseta Pro 1463,Hogar,368.91,212.19,488,False
1464,Tablet Eco 1464,Deportes,526.26,364.68,354,True
1465,Manual Basic 1465,Alimentacion,27.95,15.82,305,True
1466,Auriculares Max 1466,Electronica,436.55,265.17,291,True
1467,Lampara Classic 1467,Electronica,308.33,208.71,311,True
1468,Puzzle Pro 1468,Ropa,142.82,100.47,168,True
1469,Zapatillas Eco 1469,Deportes,576.38,345.01,322,True
1470,Auriculares Max 1470,Electronica,781.43,612.0,255,True
1471,Mochila Max 1471,Libros,35.16,20.93,396,True
1472,Cafetera Eco 1472,Libros,5.3,3.12,418,True
1473,Manual Plus 1473,Libros,13.17,7.78,354,True
1474,Balon Mini 1474,Ropa,85.53,66.92,497,True
1475,Sudadera Basic 1475,Alimentacion,8.09,6.23,224,True
1476,Balon Plus 1476,Libros,31.33,17.49,378,True
1477,Batidora Max 1477,Alimentacion,32.0,23.41,171,True
1478,Manual Classic 1478,Electronica,1211.13,688.37,395,True
1479,Sudadera Eco 1479,Libros,52.39,29.8,133,True
1480,Batidora Mini 1480,Ropa,41.47,23.6,349,True
1481,Sudadera Basic 1481,Hogar,178.44,135.15,7,True
1482,Lampara Pro 1482,Hogar,254.47,167.15,383,True
1483,Sudadera Eco 1483,Hogar,236.62,163.09,145,True
1484,Manual Classic 1484,Electronica,1498.66,835.81,121,True
1485,Manual Basic 1485,Deportes,176.62,136.92,167,True
1486,Silla Basic 1486,Juguetes,15.06,11.98,211,True
1487,Balon Basic 1487,Deportes,241.9,147.27,64,True
1488,Batidora Classic 1488,Electronica,801.12,572.1,277,True
1489,Teclado Pro 1489,Libros,26.3,18.93,61,True
1490,Batidora Ultra 1490,Hogar,134.55,106.51,274,True
1491,Silla Max 1491,Alimentacion,11.03,7.4,184,True
1492,Altavoz Max 1492,Ropa,68.7,41.87,298,True
1493,Cafetera Ultra 1493,Electronica,1049.34,671.65,75,True
1494,Balon Max 1494,Ropa,29.14,20.69,486,True
1495,Auriculares Pro 1495,Juguetes,104.81,70.03,7,True
1496,Batidora Eco 1496,Alimentacion,26.0,14.82,427,False
1497,Novela Pro 1497,Ropa,23.25,17.48,175,True
1498,Cafetera Mini 1498,Alimentacion,1.92,1.47,413,False
1499,Auriculares Classic 1499,Hogar,30.03,20.11,298,False
1500,Balon Mini 1500,Ropa,20.83,14.18,415,True
1501,Raqueta Max 1501,Deportes,391.47,263.42,277,True
1502,Tablet Max 1502,Hogar,376.93,257.23,396,True
1503,Zapatillas Eco 1503,Ropa,26.93,15.5,327,True
1504,Silla Mini 1504,Deportes,181.33,119.39,339,True
1505,Batidora Mini 1505,Libros,52.62,34.83,285,True
1506,Silla Max 1506,Deportes,310.82,248.48,128,True
1507,Altavoz Mini 1507,Electronica,669.34,376.28,424,True
1508,Cafetera Max 1508,Deportes,291.84,183.29,427,True
1509,Tablet Mini 1509,Juguetes,18.43,12.42,361,True
1510,Lampara Basic 1510,Electronica,368.4,280.65,139,True
1511,Teclado Max 1511,Alimentacion,38.52,25.63,203,True
1512,Sudadera Mini 1512,Electronica,982.97,612.15,362,True
1513,Camiseta Basic 1513,Electronica,465.11,318.05,93,True
1514,Zapatillas Eco 1514,Electronica,1423.12,888.39,55,True
1515,Silla Plus 1515,Hogar,165.02,113.38,201,True
1516,Balon Max 1516,Ropa,28.0,20.23,273,True
1517,Tablet Plus 1517,Juguetes,116.08,79.25,446,True
1518,Batidora Ultra 1518,Libros,41.63,29.24,159,True
1519,Teclado Mini 1519,Libros,46.4,25.97,108,True
1520,Altavoz Mini 1520,Alimentacion,1.88,1.34,352,True
1521,Balon Plus 1521,Electronica,460.56,364.96,437,True
1522,Batidora Basic 1522,Hogar,378.72,254.84,427,True
1523,Zapatillas Classic 1523,Alimentacion,7.07,5.31,316,True
1524,Teclado Max 1524,Juguetes,105.7,72.64,7,True
1525,Balon Ultra 1525,Electronica,1167.18,847.37,326,True
1526,Zapatillas Max 1526,Hogar,157.62,98.9,57,True
1527,Auriculares Mini 1527,Ropa,133.91,106.02,393,True
1528,Raqueta Pro 1528,Electronica,1387.93,838.01,462,True
1529,Altavoz Pro 1529,Libros,52.68,31.07,305,True
1530,Tablet Plus 1530,Libros,27.41,15.39,119,True
1531,Silla Max 1531,Ropa,91.37,62.62,149,True
1532,Cafetera Mini 1532,Hogar,129.39,91.18,365,True
1533,Novela Max 1533,Ropa,26.45,18.84,379,True
1534,Puzzle Plus 1534,Alimentacion,36.18,21.46,406,True
1535,Sudadera Pro 1535,Juguetes,117.87,84.02,50,True
1536,Zapatillas Mini 1536,Alimentacion,3.28,1.94,370,True
1537,Silla Eco 1537,Deportes,417.33,308.3,480,True
1538,Mochila Classic 1538,Electronica,1426.41,882.68,16,True
1539,Cafetera Plus 1539,Electronica,931.48,610.6,215,False
1540,Balon Basic 1540,Hogar,28.37,18.21,367,True
1541,Camiseta Plus 1541,Deportes,23.72,15.23,264,True
1542,Auriculares Max 1542,Hogar,206.6,150.87,480,False
1543,Puzzle Basic 1543,Ropa,141.47,113.1,338,True
1544,Auriculares Basic 1544,Alimentacion,11.88,8.1,184,True
1545,Mochila Mini 1545,Electronica,557.97,362.83,311,True
1546,Cafetera Ultra 1546,Electronica,1204.19,750.72,355,False
1547,Mochila Eco 1547,Ropa,121.84,86.03,390,True
1548,Novela Max 1548,Juguetes,113.63,75.31,138,False
1549,Silla Max 1549,Juguetes,101.77,75.64,458,True
1550,Silla Eco 1550,Ropa,92.34,64.79,498,True
1551,Altavoz Plus 1551,Ropa,141.3,92.27,107,True
1552,Tablet Mini 1552,Libros,38.79,30.58,104,True
1553,Monitor Pro 1553,Alimentacion,24.46,13.52,192,True
1554,Lampara Mini 1554,Hogar,16.05,11.59,152,True
1555,Zapatillas Mini 1555,Alimentacion,18.76,12.24,93,True
1556,Batidora Eco 1556,Juguetes,11.85,6.88,83,True
1557,Teclado Plus 1557,Hogar,360.52,206.64,354,True
1558,Sudadera Classic 1558,Libros,5.58,3.97,477,True
1559,Auriculares Mini 1559,Libros,21.89,12.85,47,True
1560,Altavoz Classic 1560,Electronica,1492.85,1140.57,285,False
1561,Auriculares Pro 1561,Ropa,120.9,75.89,139,True
1562,Altavoz Ultra 1562,Hogar,305.49,194.28,123,True
1563,Tablet Pro 1563,Electronica,1083.68,774.86,286,True
1564,Sudadera Pro 1564,Deportes,44.98,27.21,67,True
1565,Manual Pro 1565,Libros,20.85,11.5,41,True
1566,Mochila Mini 1566,Deportes,482.1,318.89,437,True
1567,Cafetera Ultra 1567,Electronica,1348.55,919.67,223,True
1568,Cafetera Classic 1568,Juguetes,46.56,30.8,31,True
1569,Auriculares Ultra 1569,Electronica,426.15,283.18,438,True
1570,Altavoz Eco 1570,Ropa,41.5,29.73,321,True
1571,Batidora Basic 1571,Deportes,335.62,255.55,369,True
1572,Balon Ultra 1572,Alimentacion,12.37,7.93,305,True
1573,Lampara Classic 1573,Juguetes,9.41,7.03,236,True
1574,Batidora Plus 1574,Hogar,162.39,91.86,385,True
1575,Manual Ultra 1575,Ropa,86.63,58.05,172,True
1576,Monitor Eco 1576,Alimentacion,25.74,16.58,340,True
1577,Tablet Eco 1577,Hogar,143.75,95.81,441,True
1578,Puzzle Mini 1578,Alimentacion,13.24,7.58,418,True
1579,Sudadera Plus 1579,Deportes,181.07,105.87,277,True
1580,Monitor Classic 1580,Libros,39.28,24.49,19,True
1581,Teclado Classic 1581,Libros,20.6,12.74,7,True
1582,Cafetera Pro 1582,Alimentacion,36.76,23.76,215,True
1583,Camiseta Eco 1583,Libros,20.49,13.61,331,False
1584,Zapatillas Pro 1584,Ropa,120.31,72.82,40,True
1585,Cafetera Plus 1585,Libros,22.59,15.92,205,True
1586,Silla Plus 1586,Libros,39.91,25.7,202,True
1587,Zapatillas Ultra 1587,Libros,43.45,24.55,229,True
1588,Zapatillas Max 1588,Electronica,302.84,185.01,280,True
1589,Zapatillas Plus 1589,Alimentacion,15.82,10.92,139,True
1590,Batidora Mini 1590,Hogar,59.76,41.93,296,True
1591,Monitor Mini 1591,Libros,33.09,24.81,226,True
1592,Tablet Pro 1592,Deportes,547.01,334.43,462,True
1593,Batidora Plus 1593,Electronica,914.54,631.54,162,True
1594,Auriculares Mini 1594,Alimentacion,28.36,18.97,460,True
1595,Puzzle Pro 1595,Electronica,460.43,350.91,481,True
1596,Lampara Eco 1596,Alimentacion,19.26,14.11,154,True
1597,Monitor Max 1597,Alimentacion,29.89,17.43,203,True
1598,Batidora Ultra 1598,Libros,12.22,9.65,349,True
1599,Silla Ultra 1599,Alimentacion,5.75,3.67,229,True
1600,Puzzle Eco 1600,Juguetes,32.36,25.52,356,True
1601,Camiseta Max 1601,Alimentacion,10.24,6.36,129,True
1602,Camiseta Mini 1602,Juguetes,115.75,77.23,478,True
1603,Batidora Max 1603,Alimentacion,7.19,4.94,349,True
1604,Cafetera Max 1604,Juguetes,18.88,10.68,41,True
1605,Auriculares Max 1605,Alimentacion,6.37,4.64,121,True
1606,Altavoz Plus 1606,Electronica,344.22,198.33,308,True
1607,Puzzle Ultra 1607,Ropa,60.36,35.68,146,True
1608,Silla Ultra 1608,Deportes,130.33,81.14,203,True
1609,Monitor Classic 1609,Alimentacion,4.42,3.49,323,True
1610,Mochila Max 1610,Deportes,94.92,75.3,173,False
1611,Batidora Mini 1611,Deportes,476.96,320.67,452,True
1612,Auriculares Plus 1612,Juguetes,65.77,44.94,308,True
1613,Camiseta Classic 1613,Libros,46.02,27.75,209,True
1614,Manual Classic 1614,Libros,14.72,9.63,139,False
1615,Teclado Eco 1615,Alimentacion,12.9,10.27,147,True
1616,Sudadera Ultra 1616,Juguetes,118.0,88.23,17,True
1617,Silla Eco 1617,Libros,9.71,7.03,43,True
1618,Novela Basic 1618,Alimentacion,18.11,11.22,388,True
1619,Raqueta Classic 1619,Electronica,478.87,354.73,384,False
1620,Manual Ultra 1620,Deportes,19.29,15.27,43,True
1621,Puzzle Max 1621,Electronica,851.06,678.28,276,True
1622,Lampara Plus 1622,Juguetes,69.15,48.4,164,True
1623,Teclado Ultra 1623,Electronica,514.67,303.75,348,True
1624,Raqueta Max 1624,Deportes,291.27,230.4,297,True
1625,Puzzle Mini 1625,Juguetes,51.29,35.15,399,True
1626,Raqueta Basic 1626,Libros,30.53,17.08,311,True
1627,Manual Eco 1627,Electronica,1279.67,729.89,99,True
1628,Sudadera Pro 1628,Deportes,432.67,300.41,333,True
1629,Novela Ultra 1629,Juguetes,38.67,29.34,417,True
1630,Batidora Max 1630,Alimentacion,10.34,8.12,497,True
1631,Cafetera Basic 1631,Alimentacion,29.28,23.02,351,True
1632,Lampara Eco 1632,Juguetes,32.37,22.49,200,True
1633,Camiseta Eco 1633,Ropa,136.88,108.87,254,True
1634,Teclado Plus 1634,Juguetes,101.11,59.39,68,True
1635,Zapatillas Classic 1635,Hogar,108.48,62.23,318,True
1636,Lampara Pro 1636,Ropa,121.81,67.92,68,True
1637,Tablet Plus 1637,Hogar,84.63,62.93,130,True
1638,Altavoz Basic 1638,Deportes,29.54,23.02,255,False
1639,Raqueta Classic 1639,Alimentacion,38.48,29.24,239,True
1640,Balon Basic 1640,Alimentacion,30.69,24.09,191,True
1641,Auriculares Basic 1641,Alimentacion,20.07,13.79,323,True
1642,Novela Eco 1642,Alimentacion,33.89,25.1,456,True
1643,Auriculares Plus 1643,Electronica,159.94,101.43,461,True
1644,Auriculares Plus 1644,Alimentacion,29.85,22.14,255,True
1645,Monitor Basic 1645,Alimentacion,38.3,28.28,275,True
1646,Mochila Eco 1646,Juguetes,99.5,65.56,225,True
1647,Raqueta Ultra 1647,Electronica,675.93,379.16,448,True
1648,Balon Max 1648,Juguetes,46.13,28.44,431,True
1649,Raqueta Classic 1649,Libros,54.08,41.71,27,True
1650,Novela Plus 1650,Electronica,472.69,329.38,398,True
1651,Tablet Mini 1651,Hogar,375.6,244.62,14,True
1652,Zapatillas Ultra 1652,Juguetes,43.14,33.94,356,True
1653,Camiseta Pro 1653,Hogar,58.76,37.7,169,True
1654,Teclado Ultra 1654,Ropa,41.5,26.23,263,True
1655,Lampara Classic 1655,Libros,33.57,24.93,391,True
1656,Auriculares Ultra 1656,Alimentacion,6.11,3.9,117,True
1657,Lampara Plus 1657,Hogar,158.18,104.65,66,True
1658,Manual Max 1658,Electronica,1363.49,996.19,283,True
1659,Novela Mini 1659,Juguetes,17.61,11.58,418,True
1660,Puzzle Plus 1660,Alimentacion,24.97,15.75,57,True
1661,Zapatillas Max 1661,Juguetes,52.63,29.15,193,True
1662,Cafetera Eco 1662,Deportes,393.76,301.28,268,True
1663,Puzzle Mini 1663,Juguetes,62.33,42.49,113,True
1664,Tablet Classic 1664,Electronica,1321.22,1007.87,425,True
1665,Sudadera Ultra 1665,Libros,27.14,19.12,299,True
1666,Novela Max 1666,Libros,32.96,19.78,257,True
1667,Sudadera Max 1667,Libros,12.16,7.79,69,True
1668,Cafetera Ultra 1668,Libros,31.97,20.92,34,True
1669,Manual Pro 1669,Alimentacion,5.47,4.02,82,True
1670,Novela Max 1670,Juguetes,72.89,50.08,15,True
1671,Altavoz Plus 1671,Electronica,669.72,474.92,267,True
1672,Lampara Classic 1672,Libros,48.09,35.5,430,True
1673,Lampara Mini 1673,Juguetes,54.29,33.58,379,True
1674,Camiseta Plus 1674,Deportes,383.9,295.79,112,True
1675,Sudadera Ultra 1675,Libros,8.24,5.47,98,True
1676,Altavoz Max 1676,Electronica,1079.53,772.17,262,True
1677,Balon Mini 1677,Hogar,383.4,231.78,388,True
1678,Balon Max 1678,Alimentacion,18.46,11.23,388,True
1679,Mochila Ultra 1679,Electronica,64.28,47.17,260,True
1680,Lampara Ultra 1680,Alimentacion,24.54,15.65,126,True
1681,Novela Mini 1681,Hogar,66.62,51.23,241,True
1682,Sudadera Ultra 1682,Juguetes,59.88,42.89,368,True
1683,Raqueta Plus 1683,Hogar,22.66,16.23,439,True
1684,Teclado Ultra 1684,Electronica,692.08,446.44,37,True
1685,Zapatillas Plus 1685,Libros,53.1,41.19,387,True
1686,Cafetera Ultra 1686,Juguetes,22.3,17.53,374,True
1687,Puzzle Classic 1687,Electronica,772.57,474.73,106,True
1688,Batidora Max 1688,Hogar,109.01,73.98,31,True
1689,Raqueta Classic 1689,Ropa,45.07,35.01,154,True
1690,Camiseta Basic 1690,Alimentacion,26.09,15.01,138,True
1691,Mochila Max 1691,Ropa,114.26,71.34,56,True
1692,Lampara Mini 1692,Electronica,1316.26,1038.01,128,True
1693,Batidora Ultra 1693,Alimentacion,11.85,7.95,97,False
1694,Mochila Plus 1694,Electronica,152.63,120.25,445,True
1695,Zapatillas Eco 1695,Deportes,273.74,176.57,42,True
1696,Raqueta Pro 1696,Hogar,237.99,162.28,267,False
1697,Tablet Mini 1697,Hogar,298.44,198.02,163,True
1698,Altavoz Basic 1698,Juguetes,92.44,61.41,421,True
1699,Monitor Eco 1699,Electronica,1302.24,1015.0,237,True
1700,Sudadera Max 1700,Libros,6.71,4.86,291,True
1701,Puzzle Eco 1701,Deportes,588.88,463.11,197,True
1702,Teclado Max 1702,Juguetes,116.25,73.51,403,True
1703,Zapatillas Pro 1703,Hogar,23.86,19.05,333,True
1704,Silla Ultra 1704,Ropa,52.49,38.16,275,True
1705,Silla Classic 1705,Electronica,1160.04,676.1,198,True
1706,Cafetera Eco 1706,Alimentacion,19.66,12.84,224,True
1707,Balon Pro 1707,Alimentacion,1.18,0.72,126,True
1708,Batidora Pro 1708,Deportes,222.51,135.48,328,True
1709,Sudadera Plus 1709,Deportes,353.68,276.72,147,True
1710,Auriculares Plus 1710,Electronica,1325.39,1047.04,143,True
1711,Sudadera Pro 1711,Alimentacion,33.34,18.46,233,True
1712,Monitor Classic 1712,Juguetes,113.93,66.59,459,True
1713,Auriculares Ultra 1713,Electronica,728.5,451.28,219,True
1714,Teclado Mini 1714,Deportes,481.99,367.24,454,True
1715,Auriculares Classic 1715,Hogar,49.29,34.64,263,True
1716,Zapatillas Mini 1716,Libros,33.52,23.17,36,True
1717,Altavoz Basic 1717,Libros,55.41,38.76,291,True
1718,Batidora Pro 1718,Ropa,127.12,100.13,458,True
1719,Balon Ultra 1719,Deportes,398.53,246.67,441,True
1720,Tablet Classic 1720,Libros,13.21,7.67,90,True
1721,Mochila Ultra 1721,Hogar,81.01,56.87,133,True
1722,Teclado Mini 1722,Electronica,1034.05,819.19,340,True
1723,Auriculares Eco 1723,Ropa,54.23,39.45,218,True
1724,Novela Max 1724,Deportes,207.73,160.58,411,True
1725,Silla Basic 1725,Ropa,128.36,99.36,260,True
1726,Zapatillas Ultra 1726,Ropa,10.91,6.6,120,True
1727,Camiseta Plus 1727,Electronica,619.15,446.65,165,True
1728,Balon Plus 1728,Juguetes,33.92,25.97,56,True
1729,Manual Classic 1729,Juguetes,10.06,5.79,143,True
1730,Teclado Ultra 1730,Hogar,94.46,67.34,378,True
1731,Teclado Max 1731,Libros,15.13,9.35,111,True
1732,Camiseta Mini 1732,Hogar,206.74,156.18,221,True
1733,Raqueta Ultra 1733,Ropa,69.8,42.28,89,True
1734,Silla Max 1734,Ropa,74.98,48.24,243,True
1735,Silla Classic 1735,Alimentacion,35.24,25.34,482,True
1736,Batidora Pro 1736,Deportes,304.24,209.61,380,True
1737,Puzzle Max 1737,Libros,40.15,23.29,382,True
1738,Cafetera Max 1738,Hogar,262.52,159.17,126,True
1739,Cafetera Pro 1739,Alimentacion,21.16,16.32,153,True
1740,Cafetera Ultra 1740,Libros,21.76,17.35,48,True
1741,Novela Pro 1741,Electronica,1359.58,983.65,460,True
1742,Novela Ultra 1742,Ropa,70.22,38.79,478,True
1743,Raqueta Mini 1743,Deportes,349.11,256.89,169,True
1744,Zapatillas Max 1744,Ropa,87.4,62.12,349,True
1745,Camiseta Basic 1745,Juguetes,100.52,65.64,105,True
1746,Silla Classic 1746,Deportes,327.75,198.95,326,True
1747,Sudadera Ultra 1747,Deportes,282.29,166.95,47,True
1748,Auriculares Pro 1748,Ropa,73.33,41.86,166,True
1749,Lampara Ultra 1749,Juguetes,95.13,67.52,196,True
1750,Monitor Basic 1750,Libros,23.15,14.68,497,True
1751,Zapatillas Eco 1751,Libros,56.42,38.34,233,True
1752,Lampara Plus 1752,Libros,51.56,35.13,111,True
1753,Novela Ultra 1753,Libros,12.61,8.85,23,True
1754,Manual Mini 1754,Juguetes,42.85,29.94,89,True
1755,Balon Mini 1755,Hogar,363.19,246.89,121,True
1756,Manual Mini 1756,Deportes,177.85,104.71,159,True
1757,Camiseta Ultra 1757,Electronica,510.6,284.28,68,False
1758,Raqueta Mini 1758,Ropa,38.88,26.98,369,True
1759,Monitor Classic 1759,Ropa,15.72,10.31,193,True
1760,Puzzle Classic 1760,Hogar,196.6,128.29,118,True
1761,Raqueta Mini 1761,Deportes,456.59,300.22,262,True
1762,Batidora Max 1762,Deportes,401.1,231.99,156,True
1763,Tablet Plus 1763,Deportes,31.16,18.53,341,True
1764,Puzzle Plus 1764,Alimentacion,21.41,15.32,264,True
1765,Puzzle Eco 1765,Ropa,54.9,37.25,466,True
1766,Cafetera Eco 1766,Electronica,980.59,688.78,324,True
1767,Zapatillas Max 1767,Juguetes,52.78,30.74,183,True
1768,Lampara Max 1768,Hogar,392.41,295.69,74,True
1769,Tablet Ultra 1769,Alimentacion,33.31,21.42,50,True
1770,Manual Eco 1770,Libros,43.52,30.61,327,True
1771,Tablet Pro 1771,Hogar,211.11,140.69,16,True
1772,Raqueta Basic 1772,Libros,37.51,25.02,190,True
1773,Silla Plus 1773,Alimentacion,18.24,13.58,10,True
1774,Silla Max 1774,Alimentacion,31.99,18.48,173,True
1775,Camiseta Ultra 1775,Ropa,136.97,77.89,441,True
1776,Novela Max 1776,Electronica,1498.69,862.14,39,False
1777,Silla Max 1777,Electronica,918.3,733.56,487,True
1778,Sudadera Pro 1778,Alimentacion,27.59,21.57,486,True
1779,Teclado Pro 1779,Libros,26.99,19.57,431,False
1780,Tablet Classic 1780,Juguetes,7.96,5.27,346,True
1781,Mochila Mini 1781,Juguetes,86.47,49.4,89,True
1782,Zapatillas Pro 1782,Juguetes,112.55,85.0,49,True
1783,Mochila Max 1783,Deportes,517.88,309.36,459,True
1784,Mochila Classic 1784,Ropa,132.76,82.07,183,True
1785,Novela Ultra 1785,Hogar,166.83,126.82,224,True
1786,Camiseta Pro 1786,Ropa,109.32,67.16,40,True
1787,Camiseta Max 1787,Juguetes,79.14,60.24,29,True
1788,Zapatillas Mini 1788,Electronica,834.36,622.84,270,True
1789,Monitor Plus 1789,Hogar,69.13,52.49,202,True
1790,Silla Eco 1790,Juguetes,72.02,51.75,350,True
1791,Balon Plus 1791,Libros,21.42,13.67,417,True
1792,Auriculares Basic 1792,Hogar,284.4,202.86,28,True
1793,Balon Mini 1793,Electronica,1420.04,1075.36,485,True
1794,Balon Basic 1794,Hogar,293.79,216.63,461,True
1795,Auriculares Eco 1795,Electronica,426.32,326.35,286,True
1796,Mochila Plus 1796,Hogar,191.45,152.37,187,True
1797,Cafetera Eco 1797,Juguetes,70.83,51.18,83,True
1798,Sudadera Mini 1798,Alimentacion,29.32,22.93,117,False
1799,Zapatillas Eco 1799,Ropa,28.99,17.91,350,True
1800,Novela Basic 1800,Ropa,82.63,65.56,64,True
1801,Teclado Plus 1801,Juguetes,104.2,81.02,482,True
1802,Camiseta Basic 1802,Ropa,11.92,6.68,72,True
1803,Cafetera Ultra 1803,Hogar,293.76,204.93,377,True
1804,Mochila Ultra 1804,Juguetes,106.49,71.96,424,True
1805,Manual Basic 1805,Deportes,480.52,362.26,147,True
1806,Sudadera Eco 1806,Alimentacion,37.34,21.72,240,True
1807,Tablet Max 1807,Alimentacion,31.53,21.5,288,True
1808,Mochila Max 1808,Juguetes,65.54,44.26,399,True
1809,Teclado Mini 1809,Alimentacion,19.6,12.72,25,True
1810,Novela Pro 1810,Deportes,33.63,26.84,113,True
1811,Manual Ultra 1811,Deportes,25.88,17.72,74,True
1812,Lampara Eco 1812,Electronica,977.23,638.44,158,True
1813,Manual Plus 1813,Hogar,117.41,89.71,336,True
1814,Auriculares Basic 1814,Hogar,129.77,75.88,206,True
1815,Cafetera Basic 1815,Alimentacion,32.48,20.2,246,True
1816,Tablet Eco 1816,Hogar,53.4,33.09,227,False
1817,Lampara Ultra 1817,Libros,20.61,16.15,2,True
1818,Silla Plus 1818,Ropa,105.28,81.07,48,True
1819,Sudadera Max 1819,Juguetes,10.45,7.33,113,True
1820,Zapatillas Classic 1820,Ropa,81.81,51.53,22,True
1821,Cafetera Ultra 1821,Alimentacion,4.33,2.89,411,False
1822,Monitor Eco 1822,Deportes,460.57,319.08,497,True
1823,Batidora Pro 1823,Hogar,257.49,176.39,242,False
1824,Novela Eco 1824,Ropa,94.41,57.97,333,True
1825,Novela Max 1825,Ropa,39.42,22.97,28,True
1826,Raqueta Mini 1826,Juguetes,88.89,69.06,27,True
1827,Mochila Basic 1827,Ropa,50.84,36.11,302,True
1828,Batidora Classic 1828,Electronica,877.68,514.56,386,True
1829,Balon Classic 1829,Juguetes,17.4,13.88,464,True
1830,Altavoz Mini 1830,Alimentacion,4.75,3.1,180,True
1831,Puzzle Eco 1831,Hogar,85.66,62.81,209,True
1832,Camiseta Eco 1832,Juguetes,31.41,18.66,398,True
1833,Altavoz Classic 1833,Electronica,233.33,182.74,70,True
1834,Camiseta Mini 1834,Ropa,24.79,14.13,474,True
1835,Tablet Mini 1835,Electronica,1324.59,1045.04,148,True
1836,Manual Basic 1836,Ropa,86.76,63.49,13,True
1837,Puzzle Max 1837,Libros,39.22,23.8,395,True
1838,Mochila Mini 1838,Alimentacion,12.23,7.28,482,True
1839,Silla Pro 1839,Juguetes,13.27,10.08,240,True
1840,Altavoz Ultra 1840,Alimentacion,38.76,21.7,82,True
1841,Silla Plus 1841,Libros,7.97,4.61,75,True
1842,Cafetera Eco 1842,Ropa,124.81,89.64,148,True
1843,Sudadera Classic 1843,Alimentacion,26.94,15.34,266,True
1844,Lampara Mini 1844,Electronica,640.91,439.22,313,True
1845,Lampara Plus 1845,Juguetes,91.37,63.37,349,True
1846,Manual Ultra 1846,Alimentacion,30.82,17.09,357,True
1847,Manual Pro 1847,Electronica,1323.52,852.73,120,True
1848,Camiseta Ultra 1848,Libros,34.97,19.48,85,True
1849,Silla Basic 1849,Alimentacion,9.33,7.39,475,True
1850,Cafetera Classic 1850,Libros,36.49,22.03,68,True
1851,Puzzle Plus 1851,Alimentacion,4.87,3.52,254,True
1852,Silla Ultra 1852,Hogar,156.73,112.6,143,True
1853,Lampara Ultra 1853,Libros,38.57,28.66,365,True
1854,Puzzle Plus 1854,Juguetes,35.46,22.48,162,False
1855,Silla Mini 1855,Electronica,1304.37,777.53,50,True
1856,Novela Basic 1856,Deportes,585.99,400.01,159,True
1857,Batidora Classic 1857,Alimentacion,3.96,2.87,50,True
1858,Silla Eco 1858,Deportes,135.45,100.07,85,True
1859,Puzzle Max 1859,Juguetes,60.45,33.99,236,True
1860,Manual Basic 1860,Juguetes,11.29,8.33,485,True
1861,Novela Pro 1861,Hogar,46.24,26.73,101,True
1862,Monitor Ultra 1862,Ropa,135.89,92.56,399,True
1863,Raqueta Ultra 1863,Deportes,41.63,28.68,260,True
1864,Balon Mini 1864,Deportes,159.78,92.95,490,True
1865,Batidora Classic 1865,Libros,28.3,22.39,260,True
1866,Auriculares Plus 1866,Libros,6.13,4.35,51,True
1867,Batidora Eco 1867,Ropa,123.1,74.6,205,True
1868,Batidora Classic 1868,Libros,50.65,28.5,37,True
1869,Auriculares Eco 1869,Libros,26.71,19.87,110,True
1870,Mochila Ultra 1870,Alimentacion,8.87,6.74,267,True
1871,Mochila Ultra 1871,Juguetes,107.84,61.76,450,True
1872,Puzzle Classic 1872,Deportes,411.96,253.09,307,True
1873,Cafetera Plus 1873,Hogar,214.31,152.29,182,True
1874,Batidora Basic 1874,Ropa,63.72,41.72,317,True
1875,Tablet Classic 1875,Ropa,84.58,53.76,122,True
1876,Raqueta Max 1876,Ropa,43.43,28.49,46,True
1877,Camiseta Basic 1877,Alimentacion,18.53,12.53,366,True
1878,Manual Ultra 1878,Deportes,416.25,248.15,421,True
1879,Mochila Mini 1879,Alimentacion,17.04,11.03,306,True
1880,Altavoz Mini 1880,Electronica,1043.18,591.96,244,True
1881,Mochila Plus 1881,Libros,45.63,25.17,228,True
1882,Camiseta Classic 1882,Libros,46.45,36.87,184,True
1883,Raqueta Pro 1883,Juguetes,71.32,40.2,484,True
1884,Raqueta Classic 1884,Ropa,34.18,19.17,252,True
1885,Monitor Basic 1885,Deportes,424.83,328.18,435,True
1886,Teclado Basic 1886,Ropa,124.34,98.73,20,True
1887,Raqueta Plus 1887,Libros,10.19,7.76,176,True
1888,Monitor Max 1888,Hogar,359.43,210.23,107,True
1889,Mochila Pro 1889,Libros,56.77,40.3,58,True
1890,Mochila Ultra 1890,Deportes,405.92,293.98,499,True
1891,Balon Basic 1891,Juguetes,19.55,14.52,26,True
1892,Mochila Basic 1892,Electronica,997.85,576.98,276,True
1893,Manual Pro 1893,Hogar,148.87,96.42,108,False
1894,Novela Classic 1894,Libros,21.7,13.43,39,True
1895,Altavoz Pro 1895,Ropa,13.22,9.43,491,True
1896,Mochila Ultra 1896,Hogar,292.69,186.12,146,True
1897,Mochila Ultra 1897,Alimentacion,23.1,15.64,175,True
1898,Cafetera Mini 1898,Alimentacion,18.58,13.13,92,True
1899,Silla Max 1899,Electronica,613.6,470.3,343,True
1900,Manual Classic 1900,Deportes,255.93,199.68,462,True
1901,Tablet Max 1901,Libros,29.92,21.64,169,True
1902,Lampara Basic 1902,Juguetes,60.96,35.91,403,True
1903,Monitor Classic 1903,Hogar,48.1,37.14,204,True
1904,Zapatillas Max 1904,Juguetes,49.98,30.04,273,True
1905,Lampara Pro 1905,Libros,8.52,4.8,400,True
1906,Teclado Ultra 1906,Alimentacion,31.26,20.61,475,True
1907,Sudadera Plus 1907,Libros,33.72,24.32,304,True
1908,Lampara Mini 1908,Alimentacion,32.18,18.9,186,True
1909,Zapatillas Basic 1909,Electronica,672.51,420.21,234,True
1910,Manual Ultra 1910,Hogar,69.71,39.74,432,True
1911,Balon Mini 1911,Deportes,190.25,134.04,176,True
1912,Auriculares Pro 1912,Ropa,41.21,29.96,233,True
1913,Silla Eco 1913,Hogar,181.56,123.45,387,True
1914,Lampara Ultra 1914,Libros,48.39,31.99,424,True
1915,Puzzle Classic 1915,Alimentacion,5.55,4.23,223,True
1916,Balon Plus 1916,Deportes,249.06,163.08,450,True
1917,Teclado Max 1917,Libros,10.05,6.64,431,True
1918,Camiseta Max 1918,Libros,26.53,18.42,231,True
1919,Mochila Plus 1919,Ropa,90.72,65.86,138,True
1920,Novela Classic 1920,Libros,8.79,6.54,89,True
1921,Balon Ultra 1921,Juguetes,14.53,8.14,60,True
1922,Manual Basic 1922,Electronica,1109.24,846.12,96,True
1923,Mochila Mini 1923,Hogar,168.92,111.97,34,True
1924,Batidora Pro 1924,Hogar,147.04,114.17,144,True
1925,Puzzle Classic 1925,Juguetes,84.55,57.84,495,True
1926,Balon Max 1926,Libros,9.66,6.46,111,True
1927,Auriculares Ultra 1927,Libros,52.28,31.31,192,True
1928,Batidora Mini 1928,Libros,47.65,31.8,194,True
1929,Altavoz Mini 1929,Deportes,242.94,163.56,259,True
1930,Altavoz Basic 1930,Juguetes,59.96,46.39,253,True
1931,Sudadera Max 1931,Hogar,165.11,127.43,290,True
1932,Silla Pro 1932,Libros,48.19,32.36,43,True
1933,Mochila Ultra 1933,Juguetes,10.28,7.88,160,True
1934,Batidora Max 1934,Hogar,271.84,207.58,454,True
1935,Raqueta Classic 1935,Libros,21.64,17.03,488,True
1936,Cafetera Ultra 1936,Electronica,1180.34,755.89,1,True
1937,Auriculares Max 1937,Hogar,393.72,237.44,315,True
1938,Raqueta Basic 1938,Ropa,47.61,37.42,69,True
1939,Puzzle Plus 1939,Alimentacion,18.39,12.8,267,False
1940,Teclado Mini 1940,Ropa,85.76,57.17,4,True
1941,Novela Basic 1941,Deportes,337.36,220.25,378,True
1942,Raqueta Mini 1942,Juguetes,24.69,14.1,493,True
1943,Tablet Eco 1943,Juguetes,72.91,43.82,61,True
1944,Sudadera Eco 1944,Libros,44.82,27.92,205,True
1945,Silla Max 1945,Electronica,1418.84,975.92,97,True
1946,Batidora Pro 1946,Alimentacion,29.29,19.89,98,True
1947,Batidora Basic 1947,Hogar,245.29,168.2,396,True
1948,Lampara Eco 1948,Deportes,151.45,86.19,59,True
1949,Sudadera Max 1949,Juguetes,18.06,9.98,62,True
1950,Monitor Basic 1950,Ropa,98.08,65.3,185,True
1951,Raqueta Mini 1951,Libros,39.39,23.57,154,True
1952,Raqueta Max 1952,Deportes,506.02,391.11,487,True
1953,Manual Max 1953,Hogar,183.98,121.01,197,True
1954,Cafetera Mini 1954,Hogar,77.1,49.19,274,True
1955,Teclado Basic 1955,Juguetes,32.39,22.22,51,True
1956,Manual Pro 1956,Electronica,740.78,523.84,177,True
1957,Zapatillas Plus 1957,Ropa,52.31,29.84,103,False
1958,Mochila Pro 1958,Deportes,120.46,88.58,182,True
1959,Altavoz Plus 1959,Ropa,23.31,13.62,151,True
1960,Silla Basic 1960,Ropa,66.55,43.04,58,True
1961,Cafetera Ultra 1961,Alimentacion,14.16,9.05,277,True
1962,Raqueta Pro 1962,Electronica,1449.65,1003.58,258,True
1963,Novela Basic 1963,Alimentacion,34.4,24.85,259,True
1964,Raqueta Plus 1964,Juguetes,27.73,20.8,212,True
1965,Batidora Eco 1965,Alimentacion,30.38,20.71,262,True
1966,Novela Max 1966,Libros,31.41,18.5,364,False
1967,Teclado Mini 1967,Alimentacion,37.12,26.87,130,True
1968,Raqueta Mini 1968,Electronica,931.9,624.09,95,False
1969,Sudadera Max 1969,Juguetes,30.05,20.95,338,True
1970,Camiseta Pro 1970,Libros,15.78,10.43,68,True
1971,Sudadera Classic 1971,Alimentacion,38.72,25.33,175,True
1972,Lampara Plus 1972,Electronica,1381.5,1002.06,290,True
1973,Lampara Eco 1973,Deportes,297.47,202.59,292,True
1974,Monitor Classic 1974,Deportes,344.91,264.53,371,True
1975,Novela Ultra 1975,Electronica,843.29,620.54,235,True
1976,Camiseta Eco 1976,Libros,46.99,31.44,248,False
1977,Batidora Plus 1977,Deportes,292.57,176.58,22,True
1978,Cafetera Mini 1978,Deportes,86.74,48.09,395,True
1979,Balon Basic 1979,Libros,22.84,13.73,118,True
1980,Silla Max 1980,Juguetes,71.22,44.18,420,True
1981,Tablet Plus 1981,Libros,24.31,14.09,322,True
1982,Altavoz Pro 1982,Ropa,123.52,88.6,458,True
1983,Zapatillas Plus 1983,Alimentacion,37.97,23.98,437,True
1984,Silla Basic 1984,Hogar,104.38,58.2,189,True
1985,Sudadera Pro 1985,Ropa,134.26,88.51,196,True
1986,Batidora Mini 1986,Deportes,433.69,323.57,452,True
1987,Mochila Ultra 1987,Ropa,91.35,58.0,441,True
1988,Novela Mini 1988,Ropa,26.52,20.57,354,True
1989,Raqueta Pro 1989,Alimentacion,17.03,13.0,461,True
1990,Lampara Max 1990,Hogar,398.19,307.54,312,True
1991,Manual Ultra 1991,Deportes,394.29,282.69,12,True
1992,Puzzle Max 1992,Deportes,361.13,271.44,276,True
1993,Monitor Pro 1993,Electronica,101.64,65.79,185,True
1994,Manual Max 1994,Hogar,135.15,97.75,9,True
1995,Manual Pro 1995,Hogar,200.38,121.43,277,True
1996,Tablet Pro 1996,Deportes,390.37,234.68,280,True
1997,Batidora Ultra 1997,Ropa,129.71,101.94,365,True
1998,Camiseta Pro 1998,Libros,30.19,20.75,389,True
1999,Novela Plus 1999,Ropa,46.97,26.68,161,True
2000,Novela Classic 2000,Juguetes,38.78,23.24,494,True
